bootstrap_draw,total_event_copies,captured__primary_31_60__multi_horizon,captured__primary_31_60__direct_60_day,capture_rate_difference__primary_31_60,captured__secondary_1_60__multi_horizon,captured__secondary_1_60__direct_60_day,capture_rate_difference__secondary_1_60
0,778,294,234,0.07712082262210801,507,322,0.23778920308483298
1,630,243,199,0.06984126984126987,370,276,0.14920634920634923
2,727,287,219,0.09353507565336999,505,301,0.28060522696011
3,655,256,191,0.09923664122137404,398,276,0.18625954198473282
4,805,287,215,0.08944099378881987,492,317,0.21739130434782605
5,646,260,197,0.09752321981424145,402,274,0.19814241486068107
6,662,250,190,0.09063444108761332,421,270,0.2280966767371601
7,739,274,221,0.07171853856562921,481,306,0.2368064952638701
8,750,301,210,0.1213333333333333,496,295,0.268
9,671,265,186,0.11773472429210136,437,282,0.23099850968703434
10,626,243,184,0.09424920127795527,391,252,0.22204472843450473
11,704,281,218,0.08948863636363641,450,316,0.19034090909090906
12,698,259,198,0.08739255014326647,454,285,0.24212034383954156
13,706,264,203,0.08640226628895181,450,307,0.20254957507082155
14,670,242,214,0.04179104477611939,416,300,0.1731343283582089
15,723,287,226,0.08437067773167356,462,316,0.20193637621023508
16,734,279,209,0.09536784741144416,451,274,0.24114441416893734
17,650,259,209,0.07692307692307693,439,304,0.20769230769230768
18,757,279,225,0.071334214002642,456,320,0.17965653896961686
19,616,236,183,0.08603896103896108,359,242,0.1899350649350649
20,732,270,199,0.09699453551912568,444,278,0.22677595628415304
21,687,251,191,0.0873362445414847,448,285,0.23726346433770013
22,667,263,216,0.07046476761619191,434,286,0.2218890554722639
23,697,265,206,0.08464849354375897,446,280,0.2381635581061693
24,646,264,201,0.0975232198142415,415,270,0.2244582043343653
25,711,280,236,0.06188466947960619,468,312,0.21940928270042187
26,702,268,213,0.07834757834757838,475,293,0.25925925925925924
27,658,244,188,0.08510638297872342,413,278,0.20516717325227962
28,671,250,197,0.07898658718330848,428,293,0.2011922503725782
29,685,235,197,0.055474452554744536,424,267,0.22919708029197078
30,698,261,212,0.07020057306590255,431,304,0.18194842406876788
31,796,298,217,0.10175879396984927,541,291,0.314070351758794
32,646,265,211,0.08359133126934987,430,276,0.238390092879257
33,754,290,231,0.07824933687002655,465,322,0.1896551724137931
34,748,284,219,0.08689839572192515,461,310,0.20187165775401072
35,629,230,169,0.0969793322734499,392,245,0.23370429252782193
36,767,276,210,0.08604954367666234,460,292,0.2190352020860496
37,705,282,233,0.06950354609929082,432,309,0.17446808510638295
38,719,282,242,0.05563282336578579,432,329,0.1432545201668985
39,678,240,189,0.0752212389380531,428,259,0.24926253687315636
40,677,282,229,0.07828655834564252,436,306,0.19202363367799113
41,674,252,186,0.09792284866468842,417,260,0.23293768545994065
42,704,264,206,0.08238636363636365,429,285,0.20454545454545453
43,657,260,203,0.0867579908675799,418,285,0.2024353120243531
44,690,263,217,0.06666666666666665,424,300,0.17971014492753629
45,674,265,207,0.08605341246290799,424,281,0.21216617210682487
46,705,261,205,0.07943262411347518,432,302,0.18439716312056736
47,795,320,257,0.07924528301886796,505,340,0.2075471698113207
48,678,268,203,0.09587020648967554,448,286,0.23893805309734512
49,722,278,239,0.05401662049861494,483,319,0.22714681440443218
50,679,259,217,0.061855670103092786,438,303,0.1988217967599411
51,643,247,180,0.10419906687402797,405,239,0.2581648522550544
52,640,251,200,0.07968750000000002,413,277,0.21249999999999997
53,739,277,203,0.10013531799729364,451,280,0.23139377537212447
54,736,280,232,0.06521739130434784,445,309,0.18478260869565222
55,739,273,239,0.04600811907983765,446,318,0.17320703653585923
56,745,284,231,0.07114093959731549,486,325,0.21610738255033562
57,651,283,216,0.10291858678955451,429,300,0.1981566820276498
58,663,269,221,0.07239819004524889,459,314,0.2187028657616893
59,700,266,188,0.11142857142857143,419,264,0.22142857142857136
60,750,267,180,0.11599999999999999,441,282,0.21199999999999997
61,598,222,163,0.09866220735785952,347,225,0.20401337792642132
62,654,259,193,0.1009174311926605,428,268,0.24464831804281345
63,684,251,189,0.09064327485380114,420,287,0.19444444444444448
64,649,256,172,0.12942989214175654,379,250,0.19876733436055466
65,788,292,236,0.07106598984771573,502,361,0.17893401015228422
66,711,263,170,0.1308016877637131,451,254,0.2770745428973277
67,790,305,233,0.0911392405063291,490,310,0.22784810126582278
68,725,275,203,0.09931034482758616,484,296,0.25931034482758614
69,604,232,194,0.06291390728476826,370,266,0.1721854304635762
70,691,263,206,0.08248914616497832,433,315,0.17076700434153402
71,712,281,219,0.08707865168539325,455,302,0.2148876404494382
72,674,261,199,0.09198813056379823,449,279,0.25222551928783377
73,597,236,197,0.06532663316582915,365,276,0.14907872696817415
74,746,252,193,0.07908847184986595,442,274,0.2252010723860589
75,677,233,189,0.06499261447562776,385,272,0.1669128508124077
76,692,282,225,0.08236994219653176,443,299,0.20809248554913296
77,732,292,255,0.050546448087431695,477,348,0.17622950819672134
78,710,275,201,0.10422535211267603,476,288,0.2647887323943662
79,669,270,221,0.07324364723467863,427,293,0.20029895366218237
80,650,261,206,0.08461538461538459,413,289,0.1907692307692308
81,691,267,195,0.10419681620839366,468,310,0.22865412445730826
82,721,277,235,0.058252427184465994,465,311,0.2135922330097088
83,697,273,212,0.08751793400286945,424,299,0.17934002869440457
84,682,286,209,0.11290322580645162,439,295,0.21114369501466274
85,697,263,204,0.08464849354375897,431,317,0.163558106169297
86,611,233,177,0.09165302782324058,376,256,0.19639934533551556
87,712,266,209,0.0800561797752809,423,303,0.1685393258426966
88,726,268,222,0.06336088154269975,455,291,0.22589531680440766
89,738,312,236,0.10298102981029811,519,325,0.26287262872628725
90,726,280,199,0.11157024793388431,478,301,0.24380165289256195
91,674,252,210,0.06231454005934717,406,271,0.20029673590504454
92,771,287,234,0.06874189364461741,485,319,0.21530479896238652
93,729,281,234,0.06447187928669412,443,309,0.18381344307270236
94,670,255,185,0.10447761194029848,407,254,0.2283582089552239
95,634,266,212,0.08517350157728709,426,290,0.21451104100946378
96,617,257,208,0.0794165316045381,396,281,0.1863857374392221
97,703,268,228,0.05689900426742528,437,298,0.19772403982930298
98,675,279,202,0.11407407407407405,446,284,0.24
99,670,251,183,0.10149253731343283,420,261,0.2373134328358209
100,775,294,225,0.08903225806451609,495,327,0.21677419354838706
101,686,258,194,0.0932944606413994,440,283,0.22886297376093295
102,713,272,209,0.08835904628330993,460,305,0.21739130434782605
103,723,302,248,0.07468879668049794,464,328,0.18810511756569853
104,812,317,214,0.12684729064039407,538,306,0.28571428571428575
105,683,272,221,0.07467057101024893,433,309,0.18155197657393857
106,727,264,197,0.09215955983493812,444,297,0.20220082530949102
107,652,259,199,0.09202453987730058,404,271,0.20398773006134968
108,708,255,216,0.05508474576271183,466,317,0.21045197740112992
109,733,271,205,0.09004092769440653,459,294,0.2251023192360163
110,731,295,239,0.07660738714090287,453,319,0.18331053351573184
111,693,267,217,0.07215007215007213,442,291,0.21789321789321792
112,697,258,178,0.11477761836441897,427,257,0.2439024390243903
113,764,306,209,0.12696335078534032,511,303,0.27225130890052357
114,735,294,225,0.09387755102040818,451,325,0.17142857142857143
115,667,256,184,0.10794602698650674,427,272,0.23238380809595205
116,722,261,190,0.09833795013850416,452,264,0.26038781163434904
117,678,267,195,0.10619469026548672,449,294,0.22861356932153387
118,657,256,202,0.0821917808219178,411,275,0.20700152207001526
119,707,282,226,0.07920792079207922,464,329,0.19094766619519093
120,642,253,193,0.09345794392523366,377,260,0.18224299065420563
121,711,262,227,0.049226441631504914,428,315,0.15893108298171593
122,766,301,214,0.11357702349869453,527,293,0.30548302872062666
123,748,298,222,0.10160427807486627,513,319,0.25935828877005346
124,627,251,182,0.11004784688995217,396,243,0.2440191387559808
125,755,292,217,0.09933774834437087,516,305,0.27947019867549666
126,723,254,183,0.09820193637621022,474,267,0.2863070539419087
127,707,252,170,0.11598302687411596,452,245,0.2927864214992928
128,747,274,237,0.04953145917001339,511,302,0.2797858099062918
129,657,252,188,0.0974124809741248,384,267,0.1780821917808219
130,587,225,187,0.06473594548551959,385,266,0.20272572402044287
131,679,250,192,0.08541973490427102,431,265,0.24447717231222382
132,811,306,227,0.09741060419235509,534,325,0.2577065351418003
133,768,299,249,0.06510416666666669,481,314,0.21744791666666669
134,602,238,174,0.10631229235880396,394,260,0.2225913621262458
135,602,223,180,0.0714285714285714,372,265,0.17774086378737547
136,707,278,200,0.1103253182461103,480,287,0.272984441301273
137,738,282,231,0.06910569105691061,462,317,0.19647696476964766
138,776,295,206,0.11469072164948452,505,289,0.27835051546391754
139,675,255,200,0.08148148148148149,412,275,0.20296296296296296
140,703,270,205,0.09246088193456614,427,287,0.19914651493598867
141,690,262,221,0.05942028985507247,444,297,0.2130434782608695
142,732,263,222,0.05601092896174864,486,321,0.22540983606557374
143,745,294,240,0.0724832214765101,497,331,0.22281879194630871
144,663,257,191,0.09954751131221723,420,272,0.22322775263951733
145,714,269,214,0.07703081232492998,454,281,0.24229691876750697
146,653,241,199,0.06431852986217457,405,266,0.21286370597243492
147,603,231,193,0.06301824212271973,386,263,0.20398009950248752
148,611,221,192,0.04746317512274961,361,262,0.1620294599018003
149,696,263,197,0.09482758620689657,405,281,0.17816091954022983
150,699,276,194,0.11731044349070097,421,286,0.19313304721030045
151,609,224,176,0.0788177339901478,381,266,0.18883415435139572
152,745,284,212,0.09664429530201346,473,293,0.2416107382550336
153,784,300,232,0.086734693877551,521,312,0.26658163265306123
154,672,251,222,0.04315476190476192,410,300,0.16369047619047622
155,651,268,202,0.10138248847926262,413,274,0.21351766513056836
156,642,235,200,0.0545171339563863,404,269,0.21028037383177567
157,711,282,234,0.06751054852320676,456,314,0.19971870604782005
158,676,267,211,0.08284023668639057,419,297,0.18047337278106507
159,680,251,199,0.07647058823529412,436,304,0.19411764705882356
160,685,257,202,0.08029197080291972,427,274,0.2233576642335766
161,707,264,207,0.08062234794908063,428,276,0.21499292786421503
162,674,261,197,0.09495548961424333,437,270,0.24777448071216618
163,678,266,222,0.06489675516224186,399,294,0.15486725663716816
164,741,293,217,0.10256410256410259,493,308,0.24966261808367068
165,740,274,190,0.11351351351351352,467,268,0.2689189189189189
166,664,240,185,0.0828313253012048,406,262,0.2168674698795181
167,676,273,208,0.09615384615384615,426,290,0.2011834319526627
168,708,265,198,0.09463276836158196,473,294,0.2528248587570622
169,796,295,229,0.08291457286432163,504,321,0.22989949748743715
170,729,269,208,0.08367626886145407,457,298,0.21810699588477367
171,720,290,236,0.07500000000000001,437,319,0.16388888888888886
172,698,266,210,0.08022922636103152,440,290,0.21489971346704867
173,638,265,214,0.07993730407523514,413,306,0.1677115987460815
174,728,295,238,0.0782967032967033,498,346,0.20879120879120883
175,681,272,199,0.10719530102790015,435,267,0.24669603524229072
176,679,249,196,0.0780559646539028,427,271,0.22974963181148744
177,702,289,220,0.09829059829059833,444,300,0.20512820512820512
178,731,272,186,0.11764705882352938,428,257,0.23392612859097134
179,661,267,212,0.08320726172465959,435,295,0.21180030257186083
180,700,293,226,0.09571428571428575,436,313,0.17571428571428577
181,743,253,203,0.06729475100942128,469,283,0.25033647375504714
182,654,256,207,0.07492354740061163,407,290,0.17889908256880732
183,704,250,209,0.058238636363636354,456,291,0.234375
184,720,252,179,0.10138888888888886,446,259,0.25972222222222224
185,675,270,195,0.11111111111111116,443,265,0.26370370370370366
186,813,303,215,0.10824108241082409,537,303,0.28782287822878233
187,694,265,213,0.0749279538904899,450,309,0.20317002881844387
188,693,256,193,0.09090909090909088,419,252,0.24098124098124096
189,750,267,201,0.08799999999999997,487,271,0.288
190,684,268,188,0.11695906432748537,430,253,0.2587719298245614
191,688,270,224,0.06686046511627902,417,290,0.1845930232558139
192,635,235,191,0.06929133858267716,391,288,0.16220472440944878
193,701,270,211,0.08416547788873041,429,293,0.19400855920114118
194,704,258,198,0.08522727272727271,436,305,0.18607954545454541
195,619,246,184,0.1001615508885299,407,250,0.2536348949919225
196,712,277,205,0.10112359550561795,463,301,0.22752808988764045
197,727,269,183,0.1182943603851444,452,277,0.2407152682255846
198,709,267,187,0.11283497884344151,455,283,0.24259520451339917
199,752,275,214,0.08111702127659576,474,300,0.2313829787234043
200,724,271,187,0.11602209944751385,458,273,0.255524861878453
201,774,287,218,0.08914728682170542,499,310,0.24418604651162784
202,699,251,176,0.1072961373390558,420,241,0.2560801144492132
203,790,287,225,0.07848101265822782,487,328,0.2012658227848101
204,673,246,208,0.05646359583952448,419,273,0.21693907875185736
205,689,270,183,0.1262699564586357,442,287,0.22496371552975325
206,673,243,212,0.04606240713224369,410,299,0.16493313521545316
207,720,273,222,0.0708333333333333,460,309,0.2097222222222222
208,692,258,212,0.06647398843930635,439,305,0.19364161849710976
209,659,274,220,0.08194233687405156,435,306,0.1957511380880122
210,688,263,204,0.08575581395348836,452,281,0.24854651162790692
211,686,269,193,0.11078717201166183,468,280,0.2740524781341108
212,700,282,221,0.08714285714285713,450,314,0.19428571428571434
213,751,305,202,0.13715046604527298,524,314,0.27962716378162455
214,718,251,195,0.07799442896935932,447,275,0.23955431754874656
215,734,294,236,0.07901907356948229,481,338,0.19482288828337868
216,728,289,240,0.06730769230769229,503,320,0.25137362637362637
217,627,242,199,0.0685805422647528,400,288,0.17862838915470497
218,720,258,223,0.048611111111111105,424,318,0.14722222222222225
219,656,227,187,0.06097560975609756,405,293,0.1707317073170732
220,754,284,208,0.10079575596816975,471,297,0.23076923076923078
221,749,264,202,0.08277703604806408,456,282,0.23230974632843787
222,694,271,193,0.1123919308357349,473,266,0.2982708933717579
223,767,291,217,0.09647979139504564,467,286,0.23598435462842238
224,718,287,214,0.10167130919220058,451,311,0.19498607242339827
225,677,253,208,0.06646971935007384,405,281,0.1831610044313146
226,690,273,207,0.09565217391304348,440,277,0.23623188405797096
227,685,260,216,0.06423357664233575,429,300,0.18832116788321163
228,680,244,196,0.07058823529411767,415,277,0.2029411764705883
229,685,254,211,0.06277372262773723,436,277,0.23211678832116794
230,728,274,194,0.10989010989010989,453,281,0.23626373626373626
231,726,252,212,0.05509641873278237,462,314,0.20385674931129477
232,666,243,186,0.0855855855855856,404,262,0.21321321321321318
233,773,295,224,0.09184993531694696,504,314,0.24579560155239327
234,676,240,187,0.07840236686390528,432,277,0.22928994082840243
235,721,268,223,0.062413314840499334,431,326,0.14563106796116498
236,790,276,214,0.07848101265822782,520,289,0.2924050632911392
237,701,270,240,0.04279600570613412,441,324,0.16690442225392293
238,736,271,219,0.07065217391304346,465,315,0.20380434782608692
239,628,239,196,0.06847133757961787,376,277,0.1576433121019108
240,663,267,214,0.07993966817496229,418,303,0.17345399698340874
241,767,319,237,0.10691003911342895,489,344,0.18904823989569752
242,679,251,190,0.08983799705449191,427,279,0.21796759941089838
243,613,239,188,0.0831973898858075,403,268,0.22022838499184344
244,690,259,195,0.0927536231884058,409,277,0.1913043478260869
245,870,311,215,0.11034482758620687,586,340,0.2827586206896551
246,694,268,209,0.08501440922190201,447,271,0.2536023054755043
247,625,233,176,0.0912,399,263,0.21759999999999996
248,774,302,225,0.0994832041343669,517,309,0.268733850129199
249,720,285,209,0.10555555555555551,487,304,0.2541666666666667
250,739,263,210,0.07171853856562921,443,296,0.1989174560216509
251,773,282,227,0.07115135834411379,484,326,0.20439844760672704
252,747,269,214,0.07362784471218203,466,299,0.22356091030789826
253,702,290,229,0.0868945868945869,445,312,0.1894586894586895
254,648,223,172,0.07870370370370366,370,237,0.20524691358024688
255,667,241,208,0.04947526236881561,398,294,0.15592203898050971
256,700,280,231,0.07,424,305,0.17000000000000004
257,675,240,179,0.09037037037037038,380,258,0.18074074074074076
258,645,256,191,0.10077519379844962,400,264,0.21085271317829457
259,652,230,205,0.03834355828220859,402,296,0.16257668711656442
260,772,285,232,0.06865284974093261,513,326,0.24222797927461143
261,657,270,197,0.1111111111111111,436,262,0.2648401826484018
262,662,251,196,0.08308157099697888,426,293,0.20090634441087613
263,702,263,198,0.09259259259259262,428,282,0.20797720797720798
264,675,236,182,0.08000000000000002,392,239,0.22666666666666668
265,702,256,219,0.05270655270655272,434,306,0.18233618233618232
266,623,255,191,0.1027287319422151,385,274,0.17817014446227925
267,711,260,216,0.06188466947960619,448,296,0.2137834036568214
268,618,235,183,0.08414239482200647,400,267,0.215210355987055
269,741,273,207,0.08906882591093113,451,293,0.21322537112010792
270,644,238,186,0.08074534161490682,416,259,0.24378881987577639
271,634,253,191,0.09779179810725552,403,263,0.22082018927444802
272,647,236,184,0.08037094281298296,395,280,0.17774343122102015
273,701,286,220,0.09415121255349501,464,317,0.20970042796005706
274,705,298,243,0.07801418439716312,461,329,0.18723404255319143
275,709,263,194,0.09732016925246822,463,268,0.27503526093088854
276,664,253,192,0.0918674698795181,422,268,0.2319277108433735
277,638,246,196,0.07836990595611287,409,255,0.24137931034482757
278,710,284,219,0.09154929577464793,421,312,0.15352112676056334
279,691,267,217,0.0723589001447178,426,290,0.19681620839363245
280,660,287,227,0.09090909090909094,461,318,0.21666666666666667
281,805,294,208,0.10683229813664596,501,302,0.24720496894409938
282,780,290,215,0.09615384615384615,498,301,0.2525641025641025
283,691,261,195,0.09551374819102754,445,272,0.25036179450072354
284,786,296,231,0.0826972010178117,540,327,0.27099236641221375
285,681,262,228,0.049926578560939794,412,308,0.15271659324522763
286,685,285,222,0.091970802919708,446,325,0.1766423357664234
287,630,236,185,0.08095238095238094,400,256,0.22857142857142854
288,712,258,185,0.10252808988764045,433,264,0.2373595505617977
289,671,248,192,0.08345752608047691,404,277,0.1892697466467958
290,674,270,202,0.10089020771513352,439,283,0.2314540059347181
291,749,263,220,0.05740987983978635,491,322,0.22563417890520693
292,632,221,176,0.07120253164556961,357,246,0.17563291139240506
293,638,218,180,0.0595611285266458,372,241,0.20532915360501575
294,705,291,236,0.07801418439716312,479,317,0.2297872340425532
295,732,282,209,0.09972677595628415,484,284,0.27322404371584696
296,719,259,217,0.05841446453407512,423,285,0.19193324061196104
297,608,235,186,0.08059210526315791,385,256,0.21217105263157898
298,615,233,167,0.10731707317073169,397,246,0.2455284552845528
299,718,293,225,0.09470752089136492,455,301,0.21448467966573814
300,644,243,192,0.07919254658385094,416,275,0.21894409937888198
301,593,219,200,0.03204047217537942,354,256,0.16526138279932545
302,639,247,197,0.07824726134585286,407,281,0.19718309859154926
303,654,251,188,0.09633027522935783,432,267,0.2522935779816514
304,748,283,196,0.11631016042780751,468,283,0.24732620320855608
305,744,279,199,0.10752688172043012,476,286,0.2553763440860215
306,734,265,225,0.05449591280653954,453,310,0.19482288828337868
307,659,236,203,0.05007587253414264,401,291,0.16691957511380878
308,685,259,190,0.10072992700729927,421,284,0.19999999999999996
309,716,272,249,0.03212290502793297,434,346,0.12290502793296093
310,734,265,186,0.10762942779291551,466,279,0.25476839237057225
311,704,255,222,0.046875,437,316,0.171875
312,621,245,196,0.07890499194847017,398,295,0.1658615136876006
313,740,282,194,0.11891891891891893,471,272,0.26891891891891895
314,724,267,186,0.111878453038674,469,270,0.27486187845303867
315,718,272,205,0.09331476323119775,458,306,0.21169916434540392
316,714,255,208,0.06582633053221287,457,285,0.2408963585434173
317,693,287,208,0.11399711399711399,460,294,0.23953823953823955
318,640,250,187,0.09843750000000001,406,287,0.18593750000000003
319,607,243,181,0.10214168039538712,389,257,0.21746293245469528
320,670,286,221,0.09701492537313433,435,309,0.1880597014925373
321,665,295,226,0.10375939849624055,441,310,0.1969924812030075
322,706,266,210,0.0793201133144476,451,292,0.22521246458923516
323,671,243,196,0.07004470938897167,410,284,0.18777943368107308
324,642,248,200,0.07476635514018692,384,272,0.1744548286604361
325,632,254,207,0.07436708860759489,395,275,0.189873417721519
326,648,241,190,0.07870370370370366,395,278,0.18055555555555558
327,769,283,218,0.08452535760728219,501,305,0.2548764629388817
328,742,320,258,0.0835579514824798,484,363,0.16307277628032352
329,617,236,209,0.04376012965964343,352,268,0.13614262560777962
330,644,254,211,0.06677018633540377,402,295,0.16614906832298137
331,741,273,225,0.06477732793522267,475,313,0.21862348178137658
332,725,298,237,0.08413793103448275,488,327,0.22206896551724142
333,658,238,195,0.06534954407294835,418,289,0.19604863221884494
334,755,272,196,0.10066225165562914,500,294,0.27284768211920535
335,638,249,192,0.08934169278996862,405,282,0.19278996865203768
336,808,309,250,0.07301980198019803,486,333,0.18935643564356436
337,848,313,243,0.08254716981132076,569,321,0.2924528301886793
338,711,269,213,0.0787623066104079,458,290,0.23628691983122369
339,658,248,183,0.09878419452887538,405,250,0.23556231003039507
340,712,261,213,0.06741573033707865,457,296,0.226123595505618
341,891,327,246,0.09090909090909088,585,344,0.27048260381593714
342,752,295,198,0.12898936170212766,511,277,0.31117021276595747
343,672,242,196,0.06845238095238093,412,272,0.20833333333333337
344,687,269,204,0.09461426491994174,440,295,0.21106259097525476
345,689,263,192,0.10304789550072568,425,275,0.21770682148040638
346,735,263,225,0.051700680272108834,457,305,0.20680272108843534
347,690,250,222,0.04057971014492756,403,292,0.16086956521739132
348,694,286,203,0.1195965417867435,440,280,0.23054755043227665
349,743,279,239,0.053835800807537026,478,327,0.20323014804845224
350,700,276,221,0.07857142857142857,439,291,0.2114285714285714
351,731,278,214,0.08755129958960328,457,310,0.20109439124487005
352,642,224,189,0.0545171339563863,358,257,0.15732087227414326
353,717,294,245,0.0683403068340307,438,317,0.16875871687587174
354,650,243,212,0.0476923076923077,404,296,0.1661538461538461
355,626,249,193,0.08945686900958466,423,255,0.2683706070287539
356,728,274,216,0.07967032967032966,430,292,0.18956043956043955
357,646,262,216,0.07120743034055732,440,308,0.20433436532507737
358,689,264,205,0.0856313497822932,454,291,0.23657474600870826
359,721,292,223,0.09570041608876562,488,302,0.25797503467406385
360,681,255,191,0.09397944199706315,414,267,0.21585903083700436
361,692,274,216,0.08381502890173409,459,300,0.2297687861271676
362,756,281,204,0.10185185185185186,450,299,0.1997354497354497
363,736,282,224,0.07880434782608692,454,306,0.20108695652173914
364,741,281,232,0.06612685560053982,473,315,0.21322537112010798
365,646,256,205,0.07894736842105265,417,294,0.1904024767801858
366,791,301,253,0.06068268015170669,463,341,0.1542351453855878
367,684,269,201,0.09941520467836257,429,309,0.175438596491228
368,691,248,184,0.09261939218523879,425,289,0.1968162083936324
369,815,286,232,0.06625766871165639,508,325,0.22453987730061348
370,739,267,217,0.06765899864682007,460,309,0.20433017591339647
371,668,272,210,0.09281437125748504,431,294,0.20508982035928142
372,633,218,202,0.025276461295418662,386,303,0.13112164296998424
373,732,274,221,0.07240437158469948,443,290,0.2090163934426229
374,796,286,225,0.07663316582914576,508,326,0.228643216080402
375,717,279,220,0.08228730822873082,461,308,0.21338912133891208
376,717,255,219,0.05020920502092047,461,309,0.21199442119944206
377,685,262,185,0.1124087591240876,461,281,0.26277372262773724
378,739,282,219,0.08525033829499323,479,301,0.24086603518267935
379,680,256,180,0.11176470588235293,442,260,0.26764705882352946
380,729,285,224,0.08367626886145402,471,316,0.2126200274348422
381,726,303,246,0.07851239669421489,491,346,0.1997245179063361
382,676,256,213,0.0636094674556213,423,318,0.15532544378698226
383,707,296,216,0.11315417256011318,427,289,0.19519094766619516
384,764,286,230,0.0732984293193717,481,330,0.19764397905759168
385,737,267,194,0.09905020352781546,486,263,0.30257801899592945
386,728,265,216,0.06730769230769229,428,277,0.20741758241758246
387,746,270,188,0.10991957104557643,465,286,0.23994638069705093
388,717,271,213,0.0808926080892608,448,306,0.19804741980474194
389,743,285,233,0.06998654104979812,464,331,0.17900403768506062
390,608,249,201,0.0789473684210526,417,270,0.24177631578947362
391,706,241,216,0.035410764872521205,414,302,0.1586402266288952
392,700,270,189,0.11571428571428571,473,270,0.29
393,723,281,191,0.12448132780082988,459,267,0.2655601659751037
394,667,259,200,0.08845577211394301,390,277,0.16941529235382308
395,772,273,223,0.0647668393782383,473,313,0.20725388601036265
396,648,231,183,0.07407407407407407,421,262,0.24537037037037035
397,727,275,233,0.05777166437414033,487,323,0.22558459422283356
398,662,265,208,0.08610271903323263,429,291,0.20845921450151056
399,668,265,191,0.11077844311377244,423,293,0.1946107784431138
400,591,220,189,0.05245346869712353,366,268,0.16582064297800336
401,698,282,216,0.09455587392550147,446,315,0.18767908309455594
402,691,256,204,0.07525325615050649,445,276,0.2445730824891461
403,703,262,193,0.0981507823613087,424,273,0.21479374110953053
404,610,241,212,0.04754098360655734,380,297,0.13606557377049183
405,801,281,212,0.08614232209737832,502,320,0.2272159800249688
406,704,277,203,0.10511363636363641,445,294,0.21448863636363635
407,711,265,191,0.10407876230661045,441,283,0.2222222222222222
408,599,222,189,0.05509181969949917,389,265,0.20701168614357257
409,723,257,218,0.053941908713692976,452,304,0.20470262793914246
410,685,240,192,0.07007299270072992,424,280,0.21021897810218976
411,673,264,189,0.11144130757800891,430,254,0.2615156017830609
412,710,270,208,0.08732394366197183,456,292,0.23098591549295777
413,734,285,234,0.0694822888283379,444,336,0.14713896457765674
414,778,288,225,0.08097686375321334,529,303,0.29048843187660667
415,678,244,188,0.08259587020648967,417,276,0.20796460176991144
416,686,275,225,0.07288629737609326,430,297,0.1938775510204081
417,640,237,159,0.12187499999999998,395,237,0.246875
418,777,287,228,0.07593307593307591,519,320,0.25611325611325614
419,720,260,211,0.06805555555555554,437,313,0.17222222222222217
420,664,273,207,0.0993975903614458,427,285,0.21385542168674698
421,764,283,210,0.09554973821989532,464,301,0.2133507853403141
422,681,247,209,0.05580029368575623,407,281,0.18502202643171806
423,709,281,226,0.077574047954866,433,305,0.1805359661495064
424,693,294,222,0.10389610389610393,475,328,0.2121212121212121
425,735,268,198,0.09523809523809523,475,321,0.20952380952380956
426,714,254,202,0.07282913165266108,439,285,0.21568627450980393
427,772,273,198,0.09715025906735747,484,300,0.2383419689119171
428,725,299,233,0.0910344827586207,461,313,0.20413793103448274
429,649,255,193,0.09553158705701076,422,268,0.23728813559322032
430,719,264,225,0.05424200278164121,438,304,0.18636995827538244
431,723,262,201,0.08437067773167356,464,294,0.23513139695712315
432,733,288,238,0.06821282401091405,463,311,0.20736698499317868
433,646,263,210,0.08204334365325078,430,296,0.20743034055727555
434,788,298,218,0.10152284263959394,494,293,0.25507614213197977
435,762,284,235,0.06430446194225725,507,346,0.21128608923884518
436,729,256,185,0.09739368998628256,446,259,0.25651577503429357
437,662,257,194,0.09516616314199394,399,274,0.18882175226586106
438,608,224,169,0.09046052631578944,374,252,0.20065789473684215
439,736,272,208,0.08695652173913043,486,297,0.25679347826086957
440,698,283,224,0.08452722063037249,440,287,0.21919770773638964
441,661,260,198,0.09379727685325268,419,269,0.22692889561270801
442,766,284,196,0.11488250652741516,492,269,0.29112271540469975
443,588,231,177,0.09183673469387754,371,251,0.20408163265306123
444,664,254,184,0.10542168674698793,411,275,0.20481927710843378
445,770,274,216,0.07532467532467535,496,312,0.23896103896103893
446,661,249,179,0.10590015128593044,417,254,0.24659606656580935
447,647,241,203,0.0587326120556414,413,285,0.19783616692426587
448,725,265,219,0.06344827586206897,448,317,0.1806896551724138
449,683,265,208,0.08345534407027816,413,277,0.19912152269399713
450,741,270,235,0.04723346828609987,456,321,0.18218623481781382
451,691,262,228,0.04920405209840811,405,300,0.15195369030390737
452,800,285,219,0.08250000000000002,472,319,0.19124999999999998
453,679,261,216,0.06627393225331374,439,289,0.2209131075110457
454,723,270,212,0.08022130013831258,436,293,0.1977869986168741
455,710,271,202,0.09718309859154928,440,290,0.21126760563380276
456,637,245,199,0.07221350078492939,418,295,0.19309262166405022
457,778,289,237,0.06683804627249357,483,334,0.19151670951156807
458,714,266,193,0.10224089635854344,471,283,0.26330532212885155
459,696,280,214,0.09482758620689657,452,307,0.20833333333333337
460,749,297,232,0.08678237650200266,469,327,0.18958611481975962
461,671,261,196,0.09687034277198214,392,256,0.20268256333830104
462,646,240,188,0.08049535603715174,387,273,0.17647058823529416
463,699,253,183,0.10014306151645208,434,264,0.2432045779685264
464,741,279,200,0.10661268556005399,422,275,0.19838056680161947
465,778,296,224,0.09254498714652953,476,310,0.21336760925449877
466,714,268,212,0.0784313725490196,497,283,0.29971988795518206
467,740,286,228,0.07837837837837835,465,308,0.21216216216216216
468,714,288,219,0.09663865546218486,471,321,0.21008403361344535
469,711,262,189,0.10267229254571031,461,270,0.26863572433192684
470,619,251,192,0.09531502423263327,396,266,0.21001615508885296
471,644,245,211,0.052795031055900665,398,298,0.15527950310559008
472,687,255,208,0.06841339155749632,420,305,0.16739446870451236
473,748,294,227,0.08957219251336901,488,315,0.23128342245989308
474,719,272,214,0.08066759388038941,453,300,0.2127955493741308
475,601,242,210,0.0532445923460898,393,283,0.1830282861896838
476,708,268,208,0.0847457627118644,436,282,0.2175141242937853
477,734,269,221,0.06539509536784743,459,300,0.21662125340599453
478,749,288,240,0.06408544726301735,466,310,0.2082777036048064
479,653,248,194,0.08269525267993877,384,253,0.20061255742725886
480,634,243,188,0.08675078864353314,384,273,0.17507886435331232
481,644,237,162,0.11645962732919257,410,244,0.25776397515527955
482,708,256,189,0.09463276836158191,432,279,0.21610169491525427
483,767,285,214,0.09256844850065188,509,314,0.25423728813559315
484,701,281,231,0.07132667617689015,460,313,0.20970042796005706
485,767,283,211,0.09387222946544976,518,290,0.2972620599739244
486,637,246,202,0.0690737833594976,406,278,0.20094191522762944
487,682,247,211,0.0527859237536657,404,306,0.14369501466275664
488,691,260,205,0.07959479015918958,438,289,0.21562952243125905
489,774,289,238,0.06589147286821706,503,335,0.21705426356589147
490,768,285,189,0.125,508,290,0.2838541666666667
491,767,261,223,0.049543676662320735,483,309,0.22685788787483707
492,588,222,166,0.09523809523809523,396,250,0.24829931972789115
493,719,277,191,0.1196105702364395,452,279,0.2406119610570236
494,755,280,209,0.09403973509933777,481,299,0.2410596026490066
495,674,248,189,0.08753709198813053,432,264,0.24925816023738878
496,725,304,246,0.08000000000000002,468,349,0.16413793103448276
497,595,226,171,0.09243697478991597,374,236,0.2319327731092437
498,715,254,203,0.07132867132867132,430,294,0.19020979020979017
499,643,236,174,0.0964230171073095,392,256,0.21150855365474341
500,683,253,199,0.07906295754026355,433,262,0.2503660322108346
501,739,262,213,0.06630581867388363,462,317,0.19621109607577802
502,703,255,185,0.09957325746799434,445,282,0.2318634423897582
503,722,264,221,0.059556786703601095,456,317,0.19252077562326864
504,701,265,243,0.031383737517831634,453,320,0.1897289586305278
505,784,287,188,0.12627551020408162,505,290,0.274234693877551
506,639,243,195,0.07511737089201875,390,261,0.2018779342723005
507,635,260,221,0.06141732283464568,420,312,0.17007874015748037
508,760,288,218,0.09210526315789475,513,300,0.2802631578947369
509,708,254,183,0.10028248587570626,422,258,0.23163841807909608
510,777,280,229,0.06563706563706562,505,324,0.2329472329472329
511,695,282,221,0.0877697841726619,474,325,0.21438848920863307
512,722,258,200,0.08033240997229912,430,266,0.22714681440443213
513,728,289,209,0.10989010989010989,493,311,0.25000000000000006
514,825,301,225,0.09212121212121216,547,326,0.26787878787878794
515,711,255,204,0.07172995780590719,415,272,0.2011251758087202
516,682,254,180,0.10850439882697949,417,264,0.2243401759530792
517,709,285,220,0.09167842031029616,480,308,0.2425952045133991
518,738,281,188,0.12601626016260165,484,282,0.27371273712737126
519,731,233,201,0.04377564979480164,471,287,0.2517099863201094
520,639,275,221,0.08450704225352113,441,304,0.21439749608763692
521,617,234,199,0.05672609400324152,369,274,0.15397082658022693
522,678,250,199,0.0752212389380531,423,287,0.20058997050147492
523,712,256,222,0.04775280898876405,451,305,0.20505617977528084
524,658,250,197,0.08054711246200608,420,278,0.21580547112462012
525,713,264,209,0.07713884992987374,437,290,0.20617110799438992
526,721,278,216,0.08599167822468795,492,284,0.28848821081830794
527,689,262,218,0.06386066763425258,446,304,0.20609579100145142
528,647,250,208,0.06491499227202474,408,297,0.17156105100463676
529,679,261,203,0.08541973490427102,438,268,0.25036818851251846
530,638,252,208,0.06896551724137934,403,276,0.19905956112852669
531,688,276,226,0.07267441860465118,443,318,0.18168604651162795
532,716,258,179,0.11033519553072624,454,273,0.25279329608938544
533,664,262,204,0.08734939759036148,434,291,0.21536144578313254
534,712,253,173,0.11235955056179775,460,243,0.30477528089887646
535,740,267,221,0.06216216216216214,457,301,0.21081081081081082
536,702,264,203,0.0868945868945869,446,273,0.24643874643874647
537,766,287,207,0.1044386422976501,478,287,0.2493472584856397
538,750,277,218,0.07866666666666666,484,303,0.2413333333333333
539,654,249,197,0.07951070336391436,418,291,0.1941896024464832
540,656,246,209,0.05640243902439024,396,291,0.16006097560975607
541,699,266,204,0.0886981402002861,422,262,0.22889842632331897
542,763,262,200,0.08125819134993445,468,298,0.2228047182175622
543,679,271,236,0.05154639175257736,426,316,0.16200294550810013
544,710,278,238,0.056338028169014065,470,339,0.18450704225352116
545,713,267,236,0.043478260869565244,434,320,0.1598877980364657
546,734,280,199,0.11035422343324253,437,287,0.20435967302452313
547,667,261,211,0.0749625187406297,433,315,0.17691154422788608
548,662,250,205,0.06797583081571001,412,284,0.19335347432024175
549,707,267,207,0.08486562942008485,464,291,0.2446958981612447
550,657,252,204,0.0730593607305936,423,281,0.21613394216133947
551,653,251,173,0.11944869831546706,422,245,0.27105666156202146
552,662,232,198,0.051359516616314216,427,288,0.2099697885196375
553,769,306,241,0.08452535760728219,495,328,0.21716514954486338
554,758,290,233,0.07519788918205805,501,308,0.25461741424802115
555,739,286,230,0.0757780784844384,448,307,0.1907983761840325
556,581,234,184,0.08605851979345952,356,268,0.15146299483648884
557,816,288,236,0.06372549019607843,504,318,0.22794117647058826
558,620,231,194,0.05967741935483867,387,263,0.19999999999999996
559,678,277,225,0.07669616519174038,440,288,0.22418879056047203
560,658,236,198,0.05775075987841943,421,282,0.21124620060790272
561,689,270,206,0.09288824383164007,448,287,0.23367198838896952
562,680,262,204,0.08529411764705885,435,277,0.23235294117647054
563,667,238,187,0.07646176911544228,408,251,0.2353823088455772
564,767,272,209,0.08213820078226858,464,297,0.21773142112125166
565,727,305,220,0.11691884456671253,500,308,0.26409903713892713
566,670,248,181,0.09999999999999998,400,261,0.2074626865671641
567,707,272,250,0.031117397454031137,436,332,0.14710042432814707
568,647,262,203,0.0911901081916538,402,287,0.17774343122102015
569,705,258,202,0.07943262411347513,446,298,0.20992907801418442
570,817,303,233,0.08567931456548344,546,335,0.2582619339045288
571,723,277,232,0.06224066390041494,483,328,0.21438450899031808
572,707,264,209,0.07779349363507782,468,300,0.2376237623762376
573,758,284,218,0.0870712401055409,506,312,0.2559366754617414
574,720,271,214,0.07916666666666666,443,284,0.22083333333333338
575,732,279,210,0.0942622950819672,435,286,0.20355191256830607
576,682,273,211,0.09090909090909088,422,283,0.2038123167155425
577,706,266,192,0.10481586402266285,437,277,0.22662889518413598
578,689,276,223,0.07692307692307687,455,288,0.24238026124818574
579,731,274,216,0.079343365253078,470,310,0.2188782489740082
580,597,203,170,0.055276381909547756,356,251,0.1758793969849246
581,658,240,171,0.10486322188449848,413,247,0.2522796352583586
582,683,283,199,0.12298682284040996,451,299,0.2225475841874085
583,710,263,198,0.09154929577464788,437,271,0.23380281690140842
584,758,283,201,0.10817941952506593,465,279,0.2453825857519789
585,679,272,197,0.11045655375552282,443,268,0.2577319587628866
586,714,264,188,0.10644257703081234,447,283,0.2296918767507003
587,726,262,197,0.08953168044077131,468,271,0.27134986225895313
588,731,271,190,0.11080711354309164,473,305,0.22982216142270867
589,712,271,200,0.0997191011235955,429,289,0.196629213483146
590,668,251,217,0.050898203592814384,411,300,0.1661676646706587
591,703,258,225,0.04694167852062586,445,297,0.21052631578947373
592,659,264,203,0.09256449165402125,408,288,0.18209408194233684
593,679,248,169,0.11634756995581735,413,249,0.24153166421207656
594,698,296,228,0.09742120343839539,460,304,0.22349570200573066
595,733,258,205,0.0723055934515689,450,274,0.24010914051841742
596,668,252,202,0.07485029940119758,396,287,0.16317365269461082
597,711,289,218,0.09985935302390997,440,320,0.16877637130801693
598,750,286,246,0.053333333333333344,488,336,0.2026666666666666
599,662,257,197,0.09063444108761326,436,276,0.24169184290030205
600,756,278,201,0.10185185185185186,488,289,0.2632275132275132
601,694,255,185,0.10086455331412103,424,281,0.2060518731988472
602,616,225,210,0.0243506493506494,389,295,0.15259740259740256
603,733,293,217,0.10368349249658937,494,306,0.25648021828103684
604,671,259,222,0.05514157973174372,458,322,0.20268256333830104
605,628,232,169,0.1003184713375796,381,249,0.21019108280254778
606,738,303,222,0.1097560975609756,492,329,0.2208672086720867
607,731,270,205,0.08891928864569087,435,279,0.213406292749658
608,723,268,235,0.04564315352697096,451,321,0.17980636237897651
609,684,271,212,0.08625730994152048,455,287,0.24561403508771934
610,616,215,169,0.07467532467532467,370,244,0.20454545454545453
611,760,289,208,0.10657894736842105,463,300,0.21447368421052626
612,650,248,188,0.09230769230769231,410,253,0.24153846153846154
613,816,309,220,0.1090686274509804,554,319,0.2879901960784314
614,637,237,189,0.07535321821036106,411,287,0.1946624803767661
615,636,249,194,0.08647798742138368,406,270,0.21383647798742134
616,797,289,221,0.0853199498117942,490,326,0.20577164366373896
617,675,267,201,0.0977777777777778,429,288,0.20888888888888885
618,775,290,225,0.08387096774193548,505,326,0.23096774193548386
619,688,249,183,0.09593023255813954,407,271,0.19767441860465124
620,763,279,235,0.05766710353866317,489,338,0.19790301441677588
621,760,269,198,0.09342105263157896,493,292,0.2644736842105263
622,734,277,223,0.07356948228882837,435,308,0.173024523160763
623,820,296,249,0.0573170731707317,535,348,0.22804878048780491
624,629,250,183,0.10651828298887123,405,259,0.2321144674085851
625,672,253,202,0.07589285714285715,459,278,0.26934523809523814
626,641,253,202,0.0795631825273011,405,253,0.23712948517940713
627,666,259,214,0.0675675675675676,426,319,0.1606606606606607
628,786,280,216,0.08142493638676845,500,302,0.2519083969465649
629,712,284,231,0.074438202247191,460,315,0.20365168539325845
630,730,282,230,0.07123287671232881,451,296,0.21232876712328763
631,718,260,196,0.08913649025069637,439,286,0.21309192200557103
632,768,315,244,0.09244791666666669,521,339,0.23697916666666663
633,699,253,190,0.09012875536480691,442,287,0.22174535050071537
634,717,267,177,0.12552301255230122,438,236,0.28172942817294283
635,659,258,213,0.06828528072837636,423,270,0.23216995447647948
636,648,251,201,0.0771604938271605,412,281,0.20216049382716056
637,721,266,191,0.10402219140083219,458,276,0.25242718446601947
638,706,258,187,0.10056657223796034,439,262,0.25070821529745047
639,721,273,202,0.0984743411927878,452,285,0.23162274618585305
640,763,277,231,0.0602883355176933,473,340,0.17431192660550454
641,711,272,223,0.06891701828410685,456,300,0.21940928270042198
642,716,253,188,0.0907821229050279,449,259,0.26536312849162014
643,666,264,194,0.10510510510510512,427,306,0.1816816816816817
644,686,238,201,0.053935860058309026,402,273,0.18804664723032072
645,709,259,198,0.0860366713681241,432,286,0.20592383638928075
646,752,283,223,0.07978723404255317,475,300,0.23271276595744683
647,648,259,187,0.1111111111111111,435,274,0.24845679012345678
648,701,250,207,0.061340941512125546,437,292,0.20684736091298145
649,692,254,185,0.09971098265895956,467,300,0.2413294797687861
650,714,289,230,0.0826330532212885,462,317,0.20308123249299725
651,689,240,204,0.05224963715529751,418,296,0.17706821480406387
652,610,242,196,0.07540983606557378,385,277,0.17704918032786887
653,735,288,219,0.09387755102040812,472,311,0.21904761904761905
654,650,255,204,0.07846153846153847,391,279,0.17230769230769233
655,638,278,204,0.11598746081504702,411,287,0.19435736677115983
656,766,294,222,0.09399477806788509,498,315,0.2389033942558747
657,658,243,206,0.05623100303951367,431,273,0.24012158054711252
658,751,272,219,0.07057256990679095,454,302,0.20239680426098539
659,636,246,204,0.06603773584905664,385,289,0.15094339622641512
660,668,243,191,0.07784431137724551,422,301,0.18113772455089822
661,741,282,223,0.07962213225371118,504,329,0.23616734143049928
662,668,260,184,0.11377245508982037,409,259,0.22455089820359286
663,655,234,171,0.0961832061068702,396,253,0.21832061068702285
664,690,283,195,0.127536231884058,436,273,0.23623188405797108
665,772,286,215,0.09196891191709844,539,332,0.2681347150259068
666,698,271,204,0.0959885386819484,459,292,0.23925501432664759
667,721,276,220,0.07766990291262138,447,312,0.1872399445214979
668,617,208,180,0.04538087520259321,342,252,0.14586709886547805
669,739,271,220,0.06901217861975645,453,300,0.2070365358592693
670,655,255,214,0.06259541984732825,412,299,0.17251908396946558
671,752,248,196,0.06914893617021273,450,290,0.21276595744680854
672,734,266,240,0.035422343324250705,470,334,0.18528610354223435
673,674,243,168,0.1112759643916914,407,245,0.24035608308605344
674,690,248,191,0.08260869565217394,443,289,0.22318840579710147
675,694,231,184,0.06772334293948129,415,268,0.21181556195965423
676,649,271,218,0.08166409861325113,414,299,0.17719568567026195
677,721,254,198,0.07766990291262138,440,292,0.20527045769764213
678,681,267,197,0.10279001468428778,414,290,0.1820851688693098
679,732,270,198,0.09836065573770492,454,300,0.2103825136612022
680,684,234,180,0.07894736842105265,410,278,0.19298245614035092
681,621,242,182,0.09661835748792269,408,262,0.23510466988727863
682,657,261,202,0.0898021308980213,426,268,0.2404870624048706
683,666,248,174,0.1111111111111111,430,268,0.24324324324324326
684,624,256,196,0.09615384615384615,405,274,0.20993589743589747
685,635,229,181,0.07559055118110236,408,266,0.22362204724409446
686,663,242,199,0.06485671191553544,407,284,0.1855203619909503
687,558,211,179,0.0573476702508961,357,268,0.15949820788530467
688,681,256,222,0.049926578560939794,456,305,0.22173274596182085
689,608,240,157,0.13651315789473684,382,231,0.24835526315789475
690,694,261,203,0.08357348703170026,445,294,0.21757925072046114
691,622,255,215,0.06430868167202575,401,287,0.1832797427652733
692,741,289,220,0.09311740890688258,474,299,0.2361673414304994
693,718,272,197,0.1044568245125348,480,331,0.20752089136490254
694,689,238,187,0.07402031930333819,443,283,0.23222060957910018
695,700,268,199,0.09857142857142853,453,289,0.23428571428571426
696,731,286,255,0.042407660738714104,490,343,0.20109439124487
697,703,259,197,0.08819345661450922,437,292,0.20625889046941676
698,803,288,213,0.0933997509339975,515,303,0.2640099626400996
699,809,300,232,0.08405438813349814,531,310,0.27317676143386893
700,692,285,238,0.06791907514450862,468,317,0.21820809248554918
701,693,273,203,0.101010101010101,442,315,0.1832611832611833
702,622,225,179,0.07395498392282956,368,268,0.16077170418006426
703,705,266,198,0.09645390070921983,407,278,0.18297872340425525
704,649,246,197,0.07550077041602465,402,286,0.1787365177195686
705,703,268,200,0.096728307254623,449,282,0.23755334281650076
706,748,299,245,0.07219251336898397,464,331,0.1778074866310161
707,655,251,202,0.07480916030534351,403,271,0.20152671755725193
708,764,279,205,0.09685863874345552,493,294,0.2604712041884817
709,662,264,213,0.07703927492447132,443,293,0.2265861027190333
710,666,242,205,0.05555555555555558,423,279,0.21621621621621617
711,761,296,233,0.08278580814717479,526,336,0.24967148488830493
712,670,249,199,0.07462686567164178,434,290,0.2149253731343284
713,742,263,193,0.09433962264150947,458,271,0.25202156334231807
714,625,240,188,0.0832,408,253,0.24800000000000005
715,732,258,214,0.06010928961748635,490,322,0.22950819672131145
716,648,240,165,0.1157407407407407,415,249,0.2561728395061728
717,743,271,202,0.09286675639300135,452,279,0.23283983849259754
718,683,265,202,0.09224011713030744,452,286,0.2430453879941435
719,697,269,213,0.08034433285509324,448,286,0.2324246771879483
720,707,283,209,0.10466760961810467,470,283,0.26449787835926447
721,703,276,216,0.085348506401138,430,285,0.20625889046941676
722,674,277,203,0.1097922848664688,446,287,0.23590504451038574
723,774,318,242,0.09819121447028423,495,347,0.19121447028423777
724,661,266,208,0.08774583963691374,413,279,0.20272314674735248
725,737,253,203,0.06784260515603796,464,293,0.23202170963364993
726,704,236,189,0.06676136363636359,416,264,0.21590909090909094
727,645,242,187,0.0852713178294574,404,262,0.22015503875968995
728,727,285,229,0.07702888583218709,484,332,0.20907840440165065
729,709,243,166,0.10860366713681244,444,252,0.27080394922425954
730,711,255,200,0.07735583684950775,463,271,0.270042194092827
731,644,247,173,0.11490683229813664,420,249,0.26552795031055904
732,706,254,208,0.06515580736543913,449,274,0.24787535410764866
733,717,285,200,0.11854951185495116,481,292,0.26359832635983266
734,720,273,211,0.08611111111111108,460,291,0.23472222222222217
735,672,251,189,0.09226190476190477,443,264,0.2663690476190476
736,730,295,224,0.09726027397260273,491,323,0.2301369863013698
737,722,255,218,0.051246537396121894,422,289,0.18421052631578944
738,667,268,204,0.09595202398800601,417,283,0.20089955022488754
739,714,263,218,0.06302521008403361,459,331,0.17927170868347342
740,694,272,207,0.09365994236311237,465,293,0.24783861671469737
741,682,258,186,0.1055718475073314,404,260,0.2111436950146628
742,704,269,212,0.08096590909090906,402,289,0.16051136363636365
743,715,266,217,0.06853146853146858,461,312,0.20839160839160836
744,763,297,224,0.09567496723460023,486,313,0.22673656618610755
745,687,279,217,0.09024745269286755,449,292,0.22852983988355174
746,668,249,194,0.08233532934131738,429,276,0.22904191616766473
747,680,240,183,0.08382352941176474,421,265,0.22941176470588237
748,670,252,202,0.07462686567164178,438,290,0.2208955223880597
749,706,283,217,0.09348441926345613,465,290,0.24787535410764877
750,628,273,199,0.11783439490445863,419,272,0.2340764331210191
751,798,308,241,0.0839598997493734,541,329,0.26566416040100255
752,730,277,211,0.0904109589041096,461,286,0.2397260273972603
753,703,254,192,0.08819345661450922,418,283,0.19203413940256048
754,713,263,208,0.0771388499298738,437,292,0.20336605890603088
755,730,266,213,0.07260273972602738,429,309,0.1643835616438356
756,822,322,266,0.06812652068126523,555,371,0.22384428223844283
757,775,296,219,0.09935483870967743,484,303,0.23354838709677417
758,704,269,193,0.10795454545454541,446,268,0.2528409090909091
759,659,245,190,0.08345978755690436,416,280,0.20637329286798178
760,672,231,189,0.0625,401,277,0.18452380952380953
761,636,251,201,0.0786163522012579,401,285,0.18238993710691825
762,711,266,220,0.06469760900140648,449,317,0.18565400843881857
763,747,276,216,0.08032128514056225,454,318,0.18206157965194109
764,659,249,194,0.08345978755690442,404,286,0.17905918057663123
765,712,251,194,0.0800561797752809,448,280,0.23595505617977525
766,610,235,203,0.05245901639344258,384,275,0.178688524590164
767,677,271,205,0.0974889217134417,458,273,0.27326440177252587
768,711,254,194,0.08438818565400846,419,284,0.18987341772151894
769,733,258,194,0.08731241473397,483,292,0.26057298772169174
770,735,265,202,0.08571428571428574,443,294,0.20272108843537417
771,692,273,222,0.07369942196531792,439,296,0.20664739884393057
772,661,265,201,0.09682299546142209,434,273,0.24357034795763993
773,678,248,210,0.05604719764011801,422,296,0.18584070796460178
774,736,277,189,0.11956521739130432,487,289,0.2690217391304348
775,753,294,218,0.10092961487383795,509,325,0.24435590969455506
776,737,280,211,0.09362279511533245,491,297,0.2632293080054274
777,688,292,202,0.13081395348837205,471,288,0.26598837209302323
778,708,287,232,0.07768361581920907,467,304,0.23022598870056493
779,645,250,215,0.05426356589147291,419,283,0.21085271317829457
780,688,274,231,0.0625,438,305,0.1933139534883721
781,708,269,223,0.06497175141242939,419,304,0.16242937853107348
782,714,231,185,0.06442577030812324,405,265,0.196078431372549
783,735,283,209,0.1006802721088435,468,297,0.23265306122448975
784,705,264,190,0.10496453900709218,426,264,0.2297872340425532
785,694,266,199,0.09654178674351588,449,282,0.24063400576368876
786,743,263,201,0.08344549125168238,485,295,0.25572005383580076
787,644,244,198,0.0714285714285714,386,288,0.15217391304347822
788,705,251,186,0.09219858156028371,466,277,0.26808510638297867
789,675,264,190,0.10962962962962963,441,273,0.24888888888888888
790,650,238,188,0.07692307692307693,410,271,0.21384615384615385
791,709,254,200,0.07616361071932298,435,283,0.21438645980253884
792,686,278,226,0.07580174927113703,425,304,0.17638483965014579
793,684,266,178,0.1286549707602339,461,259,0.29532163742690054
794,683,266,196,0.10248901903367497,417,282,0.1976573938506589
795,672,255,208,0.06994047619047616,427,288,0.20684523809523808
796,645,260,240,0.031007751937984496,401,292,0.16899224806201546
797,743,280,220,0.08075370121130548,457,288,0.22745625841184386
798,752,284,222,0.08244680851063829,508,290,0.28989361702127653
799,663,266,194,0.1085972850678733,453,277,0.2654600301659125
800,693,252,182,0.101010101010101,450,282,0.24242424242424243
801,770,252,197,0.07142857142857145,497,292,0.26623376623376627
802,750,306,212,0.1253333333333333,527,287,0.32
803,630,259,203,0.08888888888888885,411,274,0.21746031746031746
804,824,302,215,0.10558252427184467,525,300,0.27305825242718446
805,668,251,161,0.13473053892215567,421,247,0.2604790419161677
806,712,277,226,0.07162921348314605,446,296,0.2106741573033708
807,677,261,184,0.11373707533234856,418,235,0.27031019202363366
808,613,237,172,0.10603588907014683,392,252,0.22838499184339311
809,666,258,213,0.06756756756756754,413,289,0.18618618618618615
810,666,241,186,0.08258258258258261,413,266,0.2207207207207207
811,717,293,238,0.0767085076708508,440,324,0.16178521617852165
812,757,275,235,0.05284015852047558,479,333,0.19286657859973583
813,746,281,196,0.113941018766756,487,286,0.26943699731903487
814,625,256,198,0.0928,417,281,0.21760000000000002
815,618,245,178,0.10841423948220064,388,261,0.20550161812297735
816,680,242,178,0.09411764705882353,439,288,0.2220588235294118
817,628,249,180,0.10987261146496818,395,246,0.2372611464968153
818,670,240,202,0.056716417910447736,401,271,0.19402985074626866
819,650,262,229,0.05076923076923073,422,306,0.1784615384615385
820,726,248,166,0.11294765840220386,452,239,0.2933884297520661
821,682,283,207,0.11143695014662758,457,313,0.21114369501466274
822,693,272,204,0.09812409812409811,436,280,0.2251082251082251
823,665,267,233,0.05112781954887219,442,320,0.18345864661654143
824,698,259,218,0.05873925501432664,444,302,0.2034383954154727
825,712,263,184,0.11095505617977525,436,271,0.2317415730337079
826,676,237,177,0.08875739644970415,427,272,0.22928994082840232
827,714,298,233,0.09103641456582634,468,320,0.2072829131652661
828,764,309,248,0.07984293193717279,509,342,0.218586387434555
829,663,258,192,0.09954751131221717,429,277,0.2292609351432881
830,724,255,215,0.05524861878453041,456,284,0.2375690607734806
831,763,291,221,0.09174311926605505,510,294,0.2830930537352555
832,715,283,232,0.07132867132867132,467,322,0.2027972027972028
833,675,269,224,0.06666666666666665,438,293,0.2148148148148148
834,613,244,182,0.10114192495921692,391,275,0.18923327895595426
835,746,279,194,0.11394101876675605,465,297,0.22520107238605896
836,649,257,197,0.09244992295839755,401,280,0.1864406779661017
837,624,251,187,0.10256410256410259,389,270,0.1907051282051282
838,660,262,231,0.046969696969696995,450,319,0.19848484848484843
839,693,269,202,0.0966810966810967,431,295,0.19624819624819623
840,754,272,215,0.0755968169761273,528,307,0.2931034482758621
841,757,307,243,0.08454425363276091,500,317,0.2417437252311757
842,727,261,200,0.08390646492434667,451,296,0.21320495185694638
843,694,275,201,0.10662824207492799,467,275,0.276657060518732
844,691,275,208,0.09696092619392183,440,282,0.2286541244573082
845,747,284,205,0.10575635876840694,486,292,0.2597054886211513
846,714,289,232,0.07983193277310924,459,325,0.18767507002801126
847,593,228,178,0.08431703204047214,348,242,0.17875210792580104
848,811,303,243,0.07398273736128236,514,335,0.22071516646115913
849,720,265,197,0.09444444444444444,439,286,0.21250000000000008
850,783,301,258,0.05491698595146871,503,332,0.21839080459770122
851,761,275,227,0.06307490144546646,483,318,0.21681997371879103
852,643,239,194,0.0699844479004666,399,259,0.2177293934681182
853,744,284,214,0.09408602150537632,463,297,0.2231182795698925
854,606,246,181,0.10726072607260728,397,273,0.2046204620462046
855,589,251,192,0.100169779286927,381,239,0.24108658743633277
856,732,263,219,0.06010928961748635,472,319,0.20901639344262302
857,700,272,221,0.07285714285714284,432,304,0.18285714285714283
858,666,256,177,0.11861861861861861,427,264,0.24474474474474478
859,767,283,225,0.07561929595827899,523,305,0.2842242503259452
860,667,251,193,0.08695652173913043,445,277,0.2518740629685157
861,677,266,209,0.08419497784342689,415,304,0.16395864106351554
862,689,254,188,0.09579100145137881,445,279,0.2409288824383164
863,703,281,196,0.12091038406827881,426,288,0.19630156472261734
864,651,258,189,0.10599078341013823,438,270,0.25806451612903225
865,687,247,187,0.0873362445414847,441,278,0.23726346433770018
866,657,240,183,0.0867579908675799,392,250,0.2161339421613394
867,725,246,191,0.07586206896551723,452,270,0.25103448275862067
868,770,287,209,0.10129870129870133,475,324,0.19610389610389617
869,689,269,200,0.10014513788098695,443,283,0.23222060957910018
870,662,241,176,0.09818731117824775,414,238,0.26586102719033233
871,676,241,191,0.07396449704142011,410,261,0.22041420118343197
872,651,242,196,0.07066052227342551,395,277,0.1812596006144393
873,687,263,218,0.06550218340611358,472,278,0.28238719068413387
874,612,240,203,0.06045751633986929,378,270,0.17647058823529416
875,711,255,193,0.08720112517580875,415,287,0.18002812939521806
876,620,244,198,0.0741935483870968,395,270,0.20161290322580644
877,649,230,193,0.057010785824345156,383,262,0.1864406779661017
878,787,296,217,0.10038119440914867,501,312,0.2401524777636595
879,745,273,199,0.09932885906040267,448,281,0.22416107382550332
880,693,262,199,0.09090909090909088,437,295,0.20490620490620493
881,725,262,206,0.0772413793103448,437,285,0.20965517241379306
882,776,317,229,0.11340206185567009,533,320,0.27448453608247425
883,677,254,198,0.08271787296898081,414,286,0.18906942392909898
884,688,250,231,0.027616279069767435,423,317,0.15406976744186046
885,651,242,209,0.05069124423963134,378,272,0.16282642089093707
886,610,242,200,0.06885245901639347,400,274,0.20655737704918026
887,711,284,231,0.07454289732770747,467,328,0.19549929676511957
888,622,256,183,0.11736334405144694,394,257,0.22025723472668812
889,630,238,193,0.0714285714285714,411,282,0.20476190476190476
890,742,290,229,0.08221024258760107,464,335,0.17385444743935313
891,644,252,216,0.05590062111801242,397,294,0.15993788819875782
892,728,274,228,0.06318681318681318,470,317,0.2101648351648352
893,704,286,217,0.09801136363636365,475,302,0.24573863636363635
894,651,226,194,0.04915514592933945,395,281,0.1751152073732719
895,694,265,207,0.08357348703170026,452,279,0.24927953890489912
896,625,224,182,0.06719999999999998,382,258,0.19839999999999997
897,764,270,221,0.06413612565445026,473,297,0.23036649214659688
898,663,253,197,0.08446455505279032,412,274,0.20814479638009054
899,668,244,186,0.08682634730538924,425,288,0.20508982035928142
900,671,247,192,0.08196721311475408,433,285,0.2205663189269747
901,727,286,240,0.06327372764786798,513,337,0.24209078404401646
902,744,275,192,0.11155913978494625,472,279,0.2594086021505376
903,683,272,207,0.09516837481698392,435,287,0.21669106881405564
904,628,243,196,0.07484076433121023,422,285,0.21815286624203817
905,716,279,199,0.11173184357541899,471,291,0.2513966480446927
906,688,269,224,0.065406976744186,419,289,0.18895348837209297
907,687,280,211,0.10043668122270744,459,294,0.24017467248908297
908,669,244,206,0.056801195814648764,438,297,0.21076233183856502
909,703,266,218,0.06827880512091039,448,295,0.2176386913229018
910,767,288,217,0.09256844850065188,492,307,0.24119947848761408
911,738,269,216,0.07181571815718157,461,296,0.22357723577235772
912,750,279,214,0.08666666666666667,468,305,0.21733333333333332
913,677,264,197,0.09896602658788778,441,273,0.24815361890694243
914,731,280,215,0.08891928864569082,464,295,0.23119015047879615
915,862,317,221,0.11136890951276102,545,332,0.24709976798143846
916,677,262,219,0.06351550960118169,446,308,0.2038404726735598
917,687,247,201,0.06695778748180492,411,284,0.18486171761280928
918,699,257,177,0.11444921316165951,425,273,0.2174535050071531
919,697,269,200,0.09899569583931134,457,280,0.25394548063127687
920,647,258,177,0.12519319938176193,412,256,0.24111282843894905
921,767,273,213,0.07822685788787481,455,310,0.18904823989569752
922,672,284,234,0.07440476190476192,443,317,0.1875
923,735,271,188,0.11292517006802721,451,282,0.22993197278911565
924,730,286,203,0.11369863013698628,473,290,0.2506849315068493
925,663,261,197,0.09653092006033182,411,268,0.21568627450980393
926,706,289,234,0.07790368271954673,468,316,0.2152974504249292
927,720,259,207,0.07222222222222224,452,306,0.20277777777777778
928,661,254,194,0.0907715582450832,416,292,0.18759455370650535
929,665,253,170,0.12481203007518799,432,252,0.27067669172932335
930,701,256,195,0.08701854493580602,434,279,0.2211126961483595
931,657,265,208,0.0867579908675799,418,280,0.2100456621004566
932,724,270,187,0.11464088397790057,482,284,0.27348066298342544
933,642,248,199,0.07632398753894082,400,269,0.2040498442367601
934,724,266,193,0.10082872928176795,454,306,0.20441988950276246
935,654,252,191,0.09327217125382264,406,275,0.20030581039755352
936,760,283,215,0.08947368421052632,480,298,0.23947368421052628
937,658,249,179,0.10638297872340424,414,265,0.2264437689969605
938,724,287,227,0.08287292817679559,452,323,0.17817679558011046
939,744,273,210,0.08467741935483869,475,296,0.24059139784946237
940,698,262,187,0.10744985673352436,443,251,0.2750716332378223
941,680,250,187,0.09264705882352942,444,271,0.25441176470588234
942,704,276,221,0.078125,447,301,0.2073863636363636
943,683,254,218,0.0527086383601757,391,290,0.14787701317715957
944,784,294,258,0.04591836734693877,523,335,0.23979591836734693
945,732,280,213,0.09153005464480873,495,293,0.2759562841530055
946,663,221,173,0.07239819004524883,400,259,0.21266968325791852
947,727,293,222,0.09766162310866577,440,308,0.1815680880330124
948,704,265,186,0.11221590909090906,461,285,0.24999999999999994
949,678,270,216,0.07964601769911506,432,300,0.19469026548672563
950,731,281,189,0.12585499316005472,459,279,0.24623803009575923
951,636,238,195,0.06761006289308175,387,271,0.18238993710691825
952,731,275,197,0.10670314637482903,447,289,0.21614227086183307
953,713,252,187,0.09116409537166897,430,273,0.22019635343618515
954,625,246,205,0.06559999999999999,413,272,0.22560000000000008
955,734,282,223,0.0803814713896458,445,311,0.1825613079019074
956,672,248,189,0.08779761904761907,435,255,0.2678571428571429
957,728,285,228,0.0782967032967033,460,296,0.22527472527472525
958,727,265,208,0.07840440165061896,406,276,0.17881705639614853
959,728,258,199,0.08104395604395609,446,267,0.24587912087912095
960,742,277,226,0.06873315363881405,444,304,0.18867924528301888
961,767,301,230,0.09256844850065188,466,329,0.17861799217731422
962,656,284,204,0.12195121951219512,435,284,0.23018292682926828
963,725,279,218,0.08413793103448275,432,314,0.16275862068965513
964,676,270,196,0.10946745562130178,421,285,0.20118343195266275
965,704,275,230,0.06392045454545453,458,311,0.20880681818181812
966,697,287,225,0.08895265423242465,430,301,0.18507890961262558
967,771,267,207,0.07782101167315175,492,301,0.24773022049286636
968,663,253,195,0.08748114630467568,417,287,0.196078431372549
969,687,251,193,0.08442503639010185,413,261,0.22125181950509465
970,612,251,196,0.08986928104575165,423,258,0.2696078431372549
971,715,266,194,0.10069930069930072,446,270,0.24615384615384617
972,600,228,184,0.07333333333333336,368,272,0.15999999999999998
973,689,243,183,0.08708272859216254,434,269,0.23947750362844705
974,721,289,228,0.0846047156726768,432,314,0.16366158113730928
975,678,287,220,0.0988200589970501,453,285,0.24778761061946908
976,769,283,217,0.08582574772431734,468,292,0.22886866059817945
977,737,254,180,0.10040705563093621,477,267,0.2849389416553596
978,687,250,211,0.05676855895196509,465,321,0.20960698689956336
979,712,275,235,0.0561797752808989,446,316,0.1825842696629214
980,665,263,204,0.0887218045112782,418,281,0.20601503759398493
981,739,262,198,0.08660351826792967,497,287,0.28416779431664413
982,688,275,195,0.11627906976744184,467,293,0.25290697674418605
983,737,265,198,0.09090909090909088,454,288,0.2252374491180461
984,636,253,182,0.1116352201257862,403,269,0.21069182389937108
985,631,253,196,0.09033280507131536,382,259,0.1949286846275753
986,773,294,229,0.08408796895213455,511,318,0.24967658473479953
987,717,273,206,0.09344490934449096,485,311,0.24267782426778245
988,612,237,170,0.10947712418300654,373,248,0.20424836601307195
989,655,249,178,0.10839694656488552,424,278,0.22290076335877862
990,766,286,207,0.10313315926892946,492,299,0.2519582245430809
991,674,287,220,0.09940652818991097,432,283,0.22106824925816027
992,658,253,183,0.10638297872340424,426,268,0.2401215805471124
993,768,290,197,0.12109375,483,281,0.2630208333333333
994,775,290,226,0.08258064516129032,541,330,0.2722580645161291
995,738,284,209,0.1016260162601626,482,298,0.24932249322493227
996,667,270,200,0.10494752623688153,408,271,0.20539730134932532
997,626,235,177,0.09265175718849838,410,263,0.23482428115015969
998,622,250,208,0.067524115755627,401,292,0.17524115755627007
999,775,309,230,0.10193548387096774,517,358,0.20516129032258068
1000,712,249,197,0.07303370786516855,404,282,0.1713483146067416
1001,702,237,179,0.08262108262108264,430,243,0.26638176638176636
1002,704,243,195,0.06818181818181818,439,277,0.2301136363636363
1003,728,258,205,0.07280219780219782,452,291,0.22115384615384615
1004,663,252,214,0.057315233785821984,373,275,0.14781297134238308
1005,698,285,233,0.07449856733524357,442,330,0.160458452722063
1006,699,279,207,0.10300429184549359,432,317,0.16452074391988558
1007,706,283,209,0.10481586402266291,469,311,0.2237960339943343
1008,687,249,192,0.08296943231441051,436,279,0.22852983988355163
1009,674,245,195,0.0741839762611276,401,290,0.16468842729970323
1010,650,235,183,0.08000000000000002,391,262,0.19846153846153852
1011,788,311,240,0.09010152284263956,526,343,0.232233502538071
1012,767,305,236,0.08996088657105605,512,318,0.25293350717079527
1013,657,262,199,0.0958904109589041,407,279,0.19482496194824966
1014,645,237,199,0.05891472868217057,387,268,0.18449612403100774
1015,709,292,251,0.05782792665726377,425,339,0.12129760225669955
1016,703,266,233,0.04694167852062592,442,309,0.18918918918918914
1017,700,239,213,0.037142857142857144,432,280,0.21714285714285708
1018,708,244,199,0.0635593220338983,412,282,0.18361581920903952
1019,661,235,189,0.06959152798789708,417,282,0.20423600605143716
1020,640,246,198,0.07500000000000001,435,277,0.246875
1021,712,258,207,0.07162921348314605,431,298,0.18679775280898875
1022,708,279,215,0.0903954802259887,495,316,0.2528248587570622
1023,645,237,191,0.07131782945736437,418,273,0.2248062015503876
1024,736,263,223,0.05434782608695654,491,322,0.22961956521739135
1025,714,257,184,0.10224089635854344,448,256,0.2689075630252101
1026,653,279,222,0.08728943338437983,434,290,0.22052067381316998
1027,748,291,253,0.050802139037433136,458,345,0.15106951871657753
1028,745,272,187,0.11409395973154363,484,279,0.2751677852348993
1029,770,291,233,0.07532467532467535,500,335,0.2142857142857143
1030,729,259,210,0.0672153635116598,460,311,0.20438957475994513
1031,660,247,185,0.09393939393939399,430,275,0.2348484848484848
1032,649,239,165,0.11402157164869031,391,252,0.21417565485362094
1033,705,257,219,0.05390070921985818,447,303,0.2042553191489362
1034,734,256,201,0.07493188010899182,465,275,0.25885558583106266
1035,690,251,209,0.060869565217391286,442,287,0.2246376811594203
1036,702,279,224,0.07834757834757833,462,327,0.1923076923076923
1037,732,268,217,0.069672131147541,476,308,0.2295081967213114
1038,717,262,198,0.0892608089260809,482,296,0.25941422594142255
1039,659,253,167,0.13050075872534145,444,262,0.27617602427921095
1040,728,262,198,0.08791208791208793,448,295,0.2101648351648352
1041,708,252,194,0.08192090395480228,447,278,0.2387005649717514
1042,618,232,179,0.08576051779935273,397,247,0.2427184466019417
1043,665,245,181,0.0962406015037594,442,252,0.28571428571428575
1044,650,261,228,0.05076923076923073,412,332,0.12307692307692308
1045,650,235,190,0.0692307692307692,384,263,0.18615384615384623
1046,808,320,229,0.11262376237623767,536,316,0.2722772277227723
1047,658,276,215,0.09270516717325228,417,292,0.1899696048632219
1048,656,237,196,0.0625,401,282,0.1814024390243903
1049,689,266,180,0.1248185776487663,424,258,0.24092888243831645
1050,719,290,242,0.06675938803894299,474,332,0.1974965229485396
1051,688,259,207,0.07558139534883723,433,301,0.19186046511627908
1052,649,247,189,0.08936825885978428,432,264,0.2588597842835131
1053,643,245,198,0.07309486780715396,410,269,0.21928460342146194
1054,775,275,204,0.09161290322580645,476,306,0.21935483870967737
1055,691,280,232,0.06946454413892905,434,296,0.19971056439942114
1056,680,265,205,0.08823529411764708,424,275,0.21911764705882353
1057,655,254,197,0.08702290076335878,406,273,0.2030534351145038
1058,649,255,186,0.10631741140215717,397,262,0.2080123266563944
1059,576,247,182,0.11284722222222221,383,258,0.2170138888888889
1060,709,270,221,0.0691114245416079,429,293,0.19181946403385042
1061,648,261,196,0.10030864197530864,434,256,0.27469135802469136
1062,670,266,239,0.04029850746268654,421,333,0.13134328358208952
1063,739,298,235,0.08525033829499323,497,303,0.2625169147496617
1064,701,295,203,0.13124108416547792,460,275,0.26390870185449355
1065,694,279,181,0.14121037463976943,444,268,0.25360230547550433
1066,796,298,226,0.09045226130653267,470,321,0.18718592964824116
1067,705,245,197,0.06808510638297871,424,275,0.21134751773049643
1068,740,270,201,0.09324324324324323,474,289,0.25
1069,640,259,200,0.09218749999999998,402,281,0.18906250000000002
1070,747,279,226,0.07095046854082998,473,319,0.20615796519410978
1071,721,273,215,0.08044382801664357,463,288,0.2427184466019418
1072,663,231,188,0.06485671191553544,424,288,0.20512820512820507
1073,676,250,191,0.08727810650887574,404,261,0.21153846153846162
1074,760,289,234,0.07236842105263158,499,314,0.24342105263157893
1075,704,280,223,0.08096590909090906,466,297,0.24005681818181823
1076,662,258,201,0.08610271903323258,406,267,0.2099697885196375
1077,606,223,173,0.08250825082508251,369,245,0.2046204620462046
1078,735,283,221,0.08435374149659863,463,329,0.18231292517006797
1079,695,249,193,0.08057553956834534,414,269,0.2086330935251799
1080,635,238,182,0.08818897637795275,381,271,0.17322834645669288
1081,743,292,230,0.08344549125168232,494,313,0.243606998654105
1082,773,312,216,0.1241914618369987,520,326,0.2509702457956015
1083,667,252,168,0.1259370314842579,401,235,0.24887556221889057
1084,697,273,212,0.08751793400286945,460,313,0.21090387374461972
1085,699,283,213,0.10014306151645208,450,304,0.20886981402002863
1086,690,235,172,0.09130434782608696,415,246,0.24492753623188407
1087,822,293,237,0.06812652068126523,518,332,0.22627737226277372
1088,718,263,206,0.07938718662952648,427,293,0.18662952646239556
1089,679,244,209,0.0515463917525773,434,298,0.20029455081001468
1090,632,242,193,0.07753164556962022,422,271,0.2389240506329114
1091,762,281,192,0.11679790026246717,510,283,0.29790026246719165
1092,668,258,205,0.07934131736526945,420,283,0.20508982035928142
1093,723,251,191,0.0829875518672199,454,279,0.2420470262793914
1094,670,246,219,0.040298507462686595,414,294,0.17910447761194037
1095,710,270,214,0.07887323943661972,443,311,0.1859154929577464
1096,636,266,210,0.08805031446540884,402,291,0.17452830188679241
1097,701,250,200,0.07132667617689015,435,282,0.21825962910128394
1098,644,254,199,0.08540372670807456,402,270,0.20496894409937888
1099,697,271,214,0.0817790530846485,436,303,0.19081779053084647
1100,684,263,222,0.05994152046783624,432,304,0.1871345029239766
1101,741,294,222,0.09716599190283404,471,325,0.19703103913630232
1102,631,252,201,0.080824088748019,404,270,0.21236133122028528
1103,688,270,209,0.08866279069767441,446,297,0.21656976744186052
1104,734,271,211,0.08174386920980925,471,297,0.23705722070844687
1105,650,239,181,0.08923076923076922,386,239,0.2261538461538461
1106,729,289,232,0.07818930041152261,485,326,0.21810699588477367
1107,703,274,201,0.1038406827880512,454,279,0.2489331436699858
1108,674,276,232,0.06528189910979226,462,320,0.21068249258160238
1109,729,266,197,0.09465020576131689,459,284,0.24005486968449935
1110,667,284,213,0.1064467766116941,452,292,0.23988005997001494
1111,649,241,209,0.04930662557781207,386,275,0.17103235747303547
1112,706,251,184,0.09490084985835695,442,279,0.2308781869688385
1113,683,270,230,0.05856515373352855,423,325,0.14348462664714495
1114,698,299,226,0.10458452722063033,463,306,0.22492836676217765
1115,705,245,190,0.07801418439716312,436,281,0.21985815602836878
1116,689,264,199,0.09433962264150941,442,295,0.21335268505079824
1117,739,290,239,0.06901217861975645,496,346,0.20297699594046015
1118,715,260,208,0.07272727272727275,469,298,0.23916083916083913
1119,686,276,201,0.10932944606413991,451,262,0.2755102040816326
1120,654,270,196,0.11314984709480125,410,284,0.19266055045871566
1121,686,271,210,0.08892128279883382,449,299,0.21865889212827988
1122,655,276,193,0.12671755725190836,447,264,0.2793893129770993
1123,681,255,206,0.07195301027900147,433,278,0.22760646108663724
1124,650,253,203,0.07692307692307693,433,278,0.2384615384615385
1125,706,287,220,0.09490084985835695,453,303,0.2124645892351274
1126,754,274,208,0.08753315649867377,465,285,0.23872679045092837
1127,709,265,204,0.0860366713681241,445,286,0.22425952045133996
1128,679,260,194,0.09720176730486013,411,255,0.22974963181148744
1129,746,283,215,0.09115281501340478,477,286,0.25603217158176944
1130,699,251,194,0.08154506437768239,401,257,0.20600858369098712
1131,658,259,211,0.07294832826747721,450,310,0.21276595744680848
1132,768,288,236,0.06770833333333331,517,304,0.27734375000000006
1133,694,275,214,0.08789625360230546,448,309,0.20028818443804036
1134,735,280,229,0.06938775510204082,467,329,0.1877551020408163
1135,700,254,199,0.07857142857142857,443,283,0.2285714285714286
1136,616,243,207,0.05844155844155846,415,288,0.20616883116883117
1137,721,278,207,0.0984743411927878,466,313,0.21220527045769771
1138,707,266,228,0.05374823196605377,450,319,0.1852899575671853
1139,691,286,209,0.11143270622286544,451,294,0.22720694645441392
1140,651,235,191,0.06758832565284173,396,256,0.21505376344086025
1141,679,252,203,0.07216494845360827,421,285,0.20029455081001474
1142,758,280,214,0.0870712401055409,478,290,0.24802110817941952
1143,766,288,221,0.08746736292428198,531,341,0.24804177545691902
1144,600,243,207,0.06000000000000005,373,288,0.14166666666666672
1145,680,251,205,0.06764705882352945,412,277,0.19852941176470584
1146,661,233,169,0.09682299546142209,400,237,0.2465960665658094
1147,724,274,205,0.09530386740331487,479,310,0.23342541436464087
1148,606,231,170,0.10066006600660066,387,251,0.22442244224422442
1149,715,284,198,0.12027972027972028,474,300,0.2433566433566433
1150,740,274,202,0.0972972972972973,452,298,0.2081081081081081
1151,650,234,195,0.06,417,263,0.2369230769230769
1152,668,266,223,0.06437125748502992,426,326,0.14970059880239517
1153,737,285,212,0.09905020352781546,455,323,0.17910447761194026
1154,695,273,205,0.09784172661870505,441,302,0.19999999999999996
1155,708,267,216,0.07203389830508472,456,308,0.20903954802259883
1156,651,260,213,0.07219662058371734,409,293,0.17818740399385558
1157,678,269,216,0.07817109144542772,438,313,0.18436578171091444
1158,722,271,229,0.05817174515235457,455,337,0.1634349030470914
1159,733,277,211,0.09004092769440653,468,299,0.23055934515688942
1160,674,267,207,0.08902077151335314,444,297,0.21810089020771511
1161,683,269,213,0.08199121522693997,428,286,0.20790629575402636
1162,749,296,224,0.09612817089452608,495,333,0.21628838451268362
1163,640,244,182,0.09687499999999999,393,256,0.21406249999999993
1164,681,265,187,0.1145374449339207,459,273,0.27312775330396477
1165,649,258,189,0.10631741140215711,425,262,0.25115562403697994
1166,698,269,212,0.08166189111747851,454,307,0.21060171919770776
1167,633,244,212,0.050552922590837324,412,295,0.18483412322274878
1168,658,246,196,0.07598784194528879,431,287,0.21884498480243164
1169,727,281,229,0.07152682255845944,463,329,0.18431911966987619
1170,750,302,241,0.08133333333333331,488,317,0.22799999999999992
1171,740,299,215,0.11351351351351352,503,323,0.2432432432432433
1172,750,276,219,0.07600000000000001,483,296,0.24933333333333335
1173,716,266,236,0.04189944134078216,454,323,0.18296089385474856
1174,772,303,227,0.0984455958549223,501,312,0.24481865284974091
1175,653,225,180,0.06891271056661563,397,260,0.20980091883614094
1176,675,283,200,0.122962962962963,450,288,0.23999999999999994
1177,698,253,197,0.08022922636103152,412,286,0.18051575931232094
1178,669,245,187,0.0866965620328849,413,284,0.19282511210762338
1179,576,232,199,0.057291666666666685,344,266,0.13541666666666663
1180,651,229,174,0.08448540706605223,404,258,0.2242703533026114
1181,747,293,239,0.07228915662650603,489,330,0.21285140562249
1182,651,249,195,0.0829493087557604,405,281,0.19047619047619047
1183,673,282,221,0.09063893016344726,437,291,0.21693907875185736
1184,769,290,220,0.09102730819245769,513,307,0.26788036410923277
1185,656,236,195,0.0625,414,274,0.2134146341463415
1186,705,271,235,0.05106382978723406,442,314,0.1815602836879433
1187,668,251,199,0.07784431137724551,429,284,0.21706586826347307
1188,683,252,198,0.07906295754026355,447,278,0.2474377745241581
1189,750,302,213,0.1186666666666667,514,313,0.268
1190,719,277,230,0.06536856745479835,460,332,0.17802503477051457
1191,671,271,217,0.0804769001490313,441,301,0.2086438152011923
1192,789,280,220,0.0760456273764259,527,298,0.2902408111533587
1193,628,261,206,0.08757961783439494,415,304,0.17675159235668791
1194,663,255,208,0.07088989441930621,426,284,0.2141779788838613
1195,716,258,201,0.07960893854748602,465,280,0.25837988826815644
1196,732,273,213,0.08196721311475413,483,297,0.2540983606557377
1197,656,253,213,0.06097560975609756,403,292,0.16920731707317077
1198,678,273,231,0.0619469026548673,457,332,0.18436578171091444
1199,706,241,164,0.10906515580736542,431,256,0.24787535410764866
1200,641,251,192,0.0920436817472699,429,265,0.2558502340093604
1201,689,244,204,0.058055152394775045,428,276,0.22060957910014517
1202,631,243,204,0.06180665610142627,396,278,0.18700475435816166
1203,727,272,192,0.11004126547455301,493,264,0.3149931224209078
1204,666,251,192,0.08858858858858859,413,269,0.21621621621621617
1205,714,267,189,0.1092436974789916,466,282,0.257703081232493
1206,745,275,219,0.07516778523489936,478,305,0.23221476510067113
1207,587,222,188,0.057921635434412255,343,255,0.14991482112436116
1208,666,252,209,0.06456456456456461,417,291,0.18918918918918926
1209,672,272,208,0.09523809523809523,455,311,0.2142857142857143
1210,745,281,217,0.08590604026845639,483,301,0.2442953020134228
1211,631,261,199,0.09825673534072904,400,273,0.20126782884310612
1212,659,280,203,0.11684370257966614,418,268,0.22761760242792106
1213,753,308,229,0.10491367861885792,494,324,0.22576361221779545
1214,639,246,185,0.09546165884194052,393,284,0.17057902973395933
1215,676,275,219,0.08284023668639057,437,283,0.22781065088757402
1216,695,252,212,0.057553956834532405,449,282,0.2402877697841726
1217,757,293,241,0.06869220607661825,493,336,0.20739762219286662
1218,667,274,221,0.07946026986506749,427,295,0.19790104947526238
1219,702,270,209,0.0868945868945869,460,275,0.26353276353276356
1220,638,235,172,0.09874608150470215,365,232,0.20846394984326022
1221,810,310,212,0.12098765432098763,559,313,0.3037037037037037
1222,644,240,197,0.06677018633540371,419,281,0.2142857142857143
1223,672,283,224,0.08779761904761907,416,301,0.17113095238095238
1224,637,223,177,0.07221350078492939,362,224,0.216640502354788
1225,655,253,198,0.08396946564885499,420,280,0.21374045801526714
1226,728,299,216,0.114010989010989,485,322,0.22390109890109888
1227,726,255,193,0.08539944903581265,414,274,0.1928374655647383
1228,746,288,243,0.060321715817694355,489,316,0.23190348525469168
1229,710,280,207,0.10281690140845068,456,283,0.24366197183098592
1230,699,276,213,0.09012875536480686,456,295,0.23032904148783973
1231,718,263,199,0.08913649025069642,452,278,0.24233983286908084
1232,771,252,220,0.041504539559014286,483,320,0.2114137483787289
1233,665,258,189,0.1037593984962406,447,270,0.2661654135338346
1234,766,275,230,0.058746736292428214,467,340,0.16579634464751958
1235,694,261,217,0.06340057636887608,441,308,0.19164265129683
1236,707,276,210,0.09335219236209336,452,290,0.2291371994342291
1237,742,268,226,0.0566037735849057,462,318,0.1940700808625337
1238,770,299,242,0.07402597402597405,493,326,0.21688311688311696
1239,687,253,204,0.07132459970887917,407,275,0.19213973799126638
1240,658,257,197,0.09118541033434646,398,282,0.17629179331306993
1241,645,244,213,0.048062015503875954,410,281,0.2
1242,651,242,208,0.05222734254992323,419,278,0.21658986175115202
1243,729,266,212,0.07407407407407407,458,319,0.19067215363511653
1244,627,229,176,0.08452950558213718,381,239,0.226475279106858
1245,582,208,175,0.05670103092783507,350,258,0.15807560137457044
1246,735,256,169,0.11836734693877549,487,277,0.28571428571428575
1247,655,262,211,0.07786259541984736,408,293,0.17557251908396948
1248,644,250,190,0.09316770186335405,407,270,0.21273291925465837
1249,692,252,200,0.0751445086705202,443,290,0.22109826589595377
1250,687,273,208,0.09461426491994174,449,286,0.23726346433770018
1251,736,302,210,0.125,499,280,0.2975543478260869
1252,726,267,195,0.09917355371900827,414,278,0.18732782369146006
1253,718,278,241,0.05153203342618384,425,329,0.1337047353760446
1254,749,294,231,0.08411214953271029,493,322,0.22830440587449935
1255,640,261,208,0.08281250000000001,394,269,0.1953125
1256,754,289,233,0.07427055702917773,485,325,0.2122015915119364
1257,689,277,212,0.09433962264150941,445,298,0.21335268505079824
1258,697,279,213,0.0946915351506456,436,294,0.20373027259684356
1259,675,277,206,0.10518518518518521,443,301,0.21037037037037032
1260,674,268,219,0.07270029673590506,446,310,0.20178041543026703
1261,628,249,195,0.08598726114649685,400,283,0.1863057324840764
1262,721,275,210,0.09015256588072124,448,281,0.23162274618585293
1263,678,258,195,0.09292035398230086,433,262,0.2522123893805309
1264,650,246,184,0.0953846153846154,391,252,0.2138461538461539
1265,685,247,169,0.11386861313868613,451,253,0.28905109489051095
1266,765,271,211,0.0784313725490196,483,322,0.21045751633986925
1267,587,238,182,0.09540034071550252,355,257,0.1669505962521295
1268,731,267,192,0.10259917920656636,443,272,0.23392612859097128
1269,634,236,188,0.07570977917981075,412,286,0.19873817034700308
1270,820,292,211,0.09878048780487803,504,289,0.2621951219512195
1271,662,224,186,0.057401812688821774,410,259,0.22809667673716005
1272,761,292,234,0.07621550591327203,466,324,0.1865965834428383
1273,703,272,227,0.06401137980085347,404,305,0.14082503556187764
1274,658,238,195,0.06534954407294835,384,293,0.1382978723404255
1275,732,271,226,0.061475409836065587,440,297,0.1953551912568306
1276,646,245,185,0.09287925696594429,386,270,0.17956656346749228
1277,828,279,230,0.05917874396135264,505,332,0.2089371980676329
1278,600,237,186,0.08500000000000002,377,246,0.21833333333333332
1279,682,281,210,0.10410557184750735,451,287,0.24046920821114365
1280,737,275,212,0.08548168249660787,454,301,0.20759837177747625
1281,670,232,178,0.08059701492537313,400,273,0.1895522388059701
1282,601,232,169,0.10482529118136441,378,248,0.21630615640599
1283,703,282,237,0.06401137980085347,470,341,0.18349928876244664
1284,641,241,175,0.10296411856474258,371,246,0.19500780031201248
1285,722,253,228,0.03462603878116344,427,317,0.1523545706371191
1286,606,240,181,0.09735973597359737,392,247,0.23927392739273923
1287,808,300,228,0.08910891089108913,505,319,0.23019801980198018
1288,710,241,188,0.07464788732394367,446,278,0.23661971830985923
1289,752,294,218,0.10106382978723405,487,324,0.2167553191489362
1290,812,295,235,0.07389162561576351,487,306,0.22290640394088673
1291,711,280,215,0.09142053445850912,441,285,0.21940928270042193
1292,643,224,168,0.08709175738724728,384,237,0.22861586314152416
1293,757,261,194,0.08850726552179655,488,265,0.2945838837516513
1294,672,246,208,0.05654761904761901,413,292,0.18005952380952384
1295,729,277,226,0.06995884773662553,478,317,0.22085048010973934
1296,685,249,220,0.04233576642335768,452,321,0.19124087591240868
1297,652,248,197,0.07822085889570557,380,279,0.15490797546012264
1298,673,240,198,0.06240713224368499,402,300,0.15156017830609209
1299,784,272,213,0.07525510204081631,509,297,0.27040816326530615
1300,768,257,185,0.09375000000000003,480,275,0.2669270833333333
1301,669,278,228,0.07473841554559046,425,322,0.15396113602391626
1302,733,293,218,0.1023192360163711,450,324,0.17189631650750337
1303,673,278,216,0.09212481426448732,444,298,0.21693907875185736
1304,681,244,200,0.06461086637298091,411,274,0.2011747430249633
1305,650,247,197,0.07692307692307693,407,286,0.18615384615384617
1306,777,301,261,0.05148005148005147,492,358,0.1724581724581724
1307,883,305,239,0.07474518686296716,534,338,0.22197055492638734
1308,690,248,180,0.09855072463768116,433,255,0.2579710144927536
1309,682,270,242,0.04105571847507328,434,319,0.1686217008797654
1310,695,261,183,0.11223021582733816,446,261,0.26618705035971224
1311,642,239,213,0.04049844236760125,397,287,0.17133956386292837
1312,793,288,238,0.06305170239596469,527,341,0.2345523329129886
1313,607,228,177,0.08401976935749589,386,246,0.23064250411861614
1314,726,299,230,0.0950413223140496,486,312,0.23966942148760328
1315,627,235,198,0.05901116427432218,378,300,0.12440191387559812
1316,713,251,190,0.08555399719495094,435,281,0.2159887798036465
1317,606,252,201,0.08415841584158412,403,275,0.21122112211221122
1318,741,269,202,0.09041835357624828,489,307,0.24561403508771928
1319,730,272,193,0.10821917808219178,449,274,0.23972602739726023
1320,672,249,207,0.0625,398,277,0.18005952380952384
1321,729,256,201,0.07544581618655688,445,283,0.2222222222222222
1322,677,244,207,0.05465288035450516,435,311,0.1831610044313146
1323,839,295,219,0.0905840286054827,504,314,0.22646007151370678
1324,650,253,193,0.09230769230769231,414,278,0.20923076923076922
1325,674,260,209,0.07566765578635015,435,298,0.20326409495548964
1326,621,231,177,0.08695652173913043,397,276,0.19484702093397743
1327,677,270,212,0.08567208271787297,422,281,0.20827178729689805
1328,736,284,203,0.11005434782608697,478,291,0.2540760869565218
1329,678,265,210,0.0811209439528024,430,306,0.1828908554572271
1330,733,290,223,0.09140518417462484,493,315,0.242837653478854
1331,681,254,193,0.08957415565345084,436,284,0.22320117474302492
1332,700,285,208,0.10999999999999999,425,276,0.2128571428571428
1333,703,261,183,0.11095305832147939,458,262,0.2788051209103841
1334,694,262,204,0.08357348703170031,436,275,0.2319884726224784
1335,717,260,204,0.07810320781032076,451,292,0.22175732217573224
1336,750,270,201,0.09199999999999997,456,292,0.21866666666666668
1337,649,247,185,0.09553158705701081,407,290,0.18027734976887516
1338,791,304,240,0.08091024020227561,500,334,0.20986093552465235
1339,595,229,190,0.065546218487395,365,261,0.1747899159663866
1340,644,238,194,0.06832298136645959,407,255,0.2360248447204969
1341,611,229,197,0.05237315875613746,380,272,0.176759410801964
1342,726,242,189,0.0730027548209366,436,280,0.2148760330578512
1343,769,270,188,0.10663198959687903,492,288,0.26527958387516254
1344,765,290,225,0.08496732026143788,498,322,0.2300653594771242
1345,736,294,233,0.0828804347826087,513,330,0.2486413043478261
1346,728,271,223,0.06593406593406592,442,313,0.17719780219780212
1347,743,280,211,0.09286675639300135,477,291,0.2503364737550471
1348,674,269,208,0.09050445103857568,428,286,0.21068249258160243
1349,697,261,216,0.06456241032998566,435,314,0.17360114777618368
1350,771,291,243,0.0622568093385214,500,325,0.2269779507133593
1351,666,243,218,0.037537537537537524,421,304,0.1756756756756757
1352,728,269,211,0.07967032967032966,467,308,0.21840659340659346
1353,651,264,231,0.05069124423963134,420,310,0.16897081413210446
1354,666,252,186,0.09909909909909914,428,252,0.2642642642642642
1355,605,235,189,0.07603305785123965,380,267,0.18677685950413225
1356,677,268,193,0.1107828655834564,435,281,0.22747415066469717
1357,705,261,184,0.10921985815602836,436,272,0.2326241134751773
1358,652,244,190,0.08282208588957057,427,286,0.21625766871165641
1359,662,249,205,0.06646525679758308,421,290,0.19788519637462232
1360,615,241,201,0.06504065040650403,383,284,0.1609756097560976
1361,679,256,178,0.11487481590574372,387,266,0.17820324005891014
1362,683,263,204,0.08638360175695459,408,295,0.1654465592972182
1363,714,249,194,0.07703081232492998,460,295,0.23109243697478998
1364,673,256,209,0.06983655274888556,447,293,0.22882615156017827
1365,692,226,195,0.04479768786127164,420,275,0.20953757225433522
1366,578,230,180,0.08650519031141868,377,262,0.19896193771626297
1367,647,259,199,0.09273570324574965,397,285,0.1731066460587326
1368,650,242,196,0.07076923076923075,399,287,0.17230769230769227
1369,626,248,169,0.12619808306709263,384,227,0.2507987220447284
1370,723,272,216,0.07745504840940526,431,297,0.18533886583679116
1371,691,258,206,0.07525325615050654,449,296,0.22141823444283648
1372,654,247,186,0.09327217125382259,406,264,0.21712538226299694
1373,687,269,194,0.10917030567685587,435,284,0.21979621542940325
1374,715,262,206,0.07832167832167836,451,298,0.21398601398601397
1375,692,241,196,0.06502890173410403,400,278,0.17630057803468213
1376,657,243,221,0.0334855403348554,419,301,0.17960426179604266
1377,603,224,188,0.05970149253731338,392,270,0.20232172470978443
1378,800,307,244,0.07874999999999999,494,346,0.18500000000000005
1379,788,269,206,0.07994923857868019,489,300,0.23984771573604063
1380,788,303,238,0.08248730964467005,533,332,0.25507614213197966
1381,678,254,196,0.08554572271386429,430,275,0.22861356932153387
1382,726,265,205,0.08264462809917356,454,284,0.23415977961432505
1383,711,286,230,0.07876230661040784,450,300,0.21097046413502113
1384,659,233,182,0.07738998482549314,397,245,0.23065250379362673
1385,714,300,215,0.11904761904761907,484,308,0.24649859943977592
1386,663,255,191,0.09653092006033187,443,265,0.2684766214177978
1387,760,276,195,0.10657894736842105,483,302,0.23815789473684212
1388,700,242,172,0.09999999999999998,441,265,0.25142857142857145
1389,764,279,210,0.09031413612565448,507,290,0.2840314136125655
1390,635,241,195,0.07244094488188974,400,288,0.1763779527559055
1391,671,236,176,0.08941877794336811,393,255,0.20566318926974664
1392,726,322,248,0.10192837465564736,478,347,0.18044077134986225
1393,775,300,227,0.09419354838709676,494,315,0.23096774193548392
1394,688,288,228,0.08720930232558144,453,292,0.23401162790697672
1395,765,278,215,0.08235294117647057,504,301,0.265359477124183
1396,605,246,204,0.0694214876033058,373,285,0.1454545454545455
1397,718,287,228,0.08217270194986076,443,320,0.17130919220055713
1398,651,254,176,0.11981566820276496,398,278,0.18433179723502302
1399,657,261,201,0.091324200913242,408,270,0.2100456621004566
1400,692,273,215,0.08381502890173409,445,305,0.2023121387283237
1401,706,250,226,0.033994334277620386,447,320,0.17988668555240794
1402,701,278,206,0.10271041369472178,442,297,0.20684736091298145
1403,644,254,207,0.07298136645962733,412,280,0.20496894409937888
1404,674,230,186,0.06528189910979232,401,272,0.19139465875370915
1405,776,277,223,0.06958762886597941,461,308,0.19716494845360827
1406,711,257,177,0.11251758087201125,469,259,0.29535864978902954
1407,592,233,183,0.08445945945945948,400,255,0.2449324324324324
1408,720,290,215,0.10416666666666669,443,308,0.18750000000000006
1409,645,259,216,0.06666666666666665,390,285,0.16279069767441856
1410,715,264,213,0.07132867132867132,428,286,0.19860139860139858
1411,672,275,225,0.07440476190476192,445,313,0.1964285714285714
1412,660,275,234,0.06212121212121213,423,309,0.17272727272727267
1413,705,282,206,0.10780141843971636,453,308,0.20567375886524825
1414,664,256,205,0.07680722891566266,420,308,0.1686746987951807
1415,679,281,214,0.09867452135493371,435,297,0.20324005891016206
1416,745,262,199,0.08456375838926172,478,309,0.22684563758389265
1417,720,287,224,0.08750000000000002,474,293,0.2513888888888889
1418,737,272,210,0.08412483039348712,470,290,0.24423337856173677
1419,649,259,224,0.05392912172573189,418,316,0.15716486902927573
1420,691,265,205,0.08683068017366136,442,302,0.20260492040520978
1421,691,256,204,0.07525325615050649,410,291,0.1722141823444283
1422,626,249,197,0.08306709265175721,380,288,0.14696485623003197
1423,700,271,231,0.057142857142857106,431,312,0.17000000000000004
1424,773,265,242,0.029754204398447615,454,309,0.18758085381630019
1425,658,246,173,0.11094224924012158,415,233,0.27659574468085113
1426,722,271,216,0.0761772853185596,480,293,0.25900277008310246
1427,783,295,187,0.13793103448275862,502,266,0.30140485312899107
1428,665,243,201,0.06315789473684208,379,272,0.1609022556390977
1429,750,289,230,0.07866666666666672,485,316,0.22533333333333327
1430,625,234,192,0.06720000000000004,379,296,0.13280000000000003
1431,742,286,226,0.0808625336927224,451,314,0.18463611859838275
1432,734,263,211,0.07084468664850135,491,308,0.24931880108991833
1433,633,236,179,0.0900473933649289,401,273,0.20221169036334907
1434,675,265,209,0.08296296296296296,421,282,0.20592592592592585
1435,695,259,202,0.08201438848920861,456,293,0.23453237410071948
1436,656,249,196,0.08079268292682928,406,278,0.1951219512195122
1437,606,236,185,0.08415841584158418,371,253,0.19471947194719474
1438,718,279,218,0.08495821727019498,484,300,0.2562674094707521
1439,680,257,190,0.09852941176470587,451,275,0.2588235294117647
1440,740,292,219,0.0986486486486487,499,298,0.2716216216216216
1441,649,234,184,0.07704160246533126,382,260,0.1879815100154083
1442,684,284,219,0.09502923976608185,444,289,0.22660818713450293
1443,632,235,198,0.05854430379746833,431,274,0.24841772151898733
1444,738,284,232,0.07046070460704607,456,288,0.22764227642276424
1445,776,302,223,0.10180412371134023,539,334,0.2641752577319587
1446,759,268,209,0.07773386034255597,480,316,0.2160737812911726
1447,700,257,193,0.09142857142857147,447,269,0.2542857142857143
1448,674,242,214,0.041543026706231445,425,299,0.1869436201780415
1449,724,281,215,0.09116022099447513,504,321,0.2527624309392265
1450,664,251,199,0.07831325301204817,418,286,0.19879518072289148
1451,660,254,191,0.09545454545454546,406,259,0.22272727272727272
1452,837,300,227,0.08721624850657106,532,314,0.2604540023894863
1453,619,260,215,0.0726978998384491,408,291,0.18901453957996767
1454,757,293,191,0.13474240422721268,480,275,0.27080581241743723
1455,728,300,230,0.09615384615384615,485,326,0.21840659340659335
1456,638,253,227,0.040752351097178674,414,292,0.19122257053291541
1457,676,247,200,0.06952662721893488,433,278,0.22928994082840237
1458,707,300,221,0.11173974540311171,466,294,0.2432814710042433
1459,673,259,180,0.11738484398216942,430,263,0.2481426448736998
1460,775,310,241,0.08903225806451615,530,344,0.24
1461,662,249,187,0.09365558912386707,423,247,0.2658610271903323
1462,709,267,220,0.06629055007052187,470,325,0.20451339915373762
1463,705,286,224,0.08794326241134748,435,313,0.17304964539007095
1464,652,247,191,0.08588957055214724,389,272,0.17944785276073622
1465,611,228,181,0.07692307692307693,371,269,0.1669394435351882
1466,678,249,198,0.0752212389380531,427,288,0.20501474926253693
1467,628,220,168,0.08280254777070062,370,237,0.2117834394904458
1468,715,258,176,0.11468531468531468,439,247,0.2685314685314685
1469,670,262,208,0.08059701492537313,430,293,0.20447761194029845
1470,815,292,234,0.07116564417177912,492,341,0.18527607361963183
1471,669,237,175,0.09267563527653216,409,244,0.24663677130044837
1472,622,232,173,0.09485530546623794,405,262,0.229903536977492
1473,694,263,195,0.09798270893371758,435,283,0.21902017291066284
1474,671,262,202,0.08941877794336811,433,292,0.21013412816691507
1475,729,270,203,0.09190672153635115,466,272,0.2661179698216736
1476,714,272,235,0.05182072829131651,456,299,0.21988795518207277
1477,767,261,192,0.08996088657105605,481,267,0.2790091264667536
1478,774,288,214,0.09560723514211888,492,300,0.24806201550387597
1479,589,247,202,0.07640067911714771,413,293,0.20373514431239387
1480,647,243,195,0.07418856259659967,422,271,0.2333848531684699
1481,741,280,206,0.09986504723346828,484,289,0.26315789473684204
1482,742,286,224,0.0835579514824798,447,307,0.18867924528301888
1483,680,235,223,0.017647058823529405,391,292,0.14558823529411763
1484,685,272,221,0.07445255474452556,429,294,0.1970802919708029
1485,651,251,205,0.07066052227342551,416,304,0.17204301075268813
1486,798,275,232,0.053884711779448646,487,330,0.1967418546365915
1487,682,277,218,0.08651026392961875,474,292,0.2668621700879766
1488,669,245,194,0.07623318385650224,419,287,0.1973094170403587
1489,675,264,204,0.0888888888888889,433,268,0.2444444444444444
1490,741,277,231,0.06207827260458837,485,335,0.20242914979757082
1491,639,260,215,0.07042253521126757,411,311,0.15649452269170577
1492,650,235,196,0.06,415,281,0.20615384615384613
1493,694,262,198,0.09221902017291067,449,260,0.2723342939481268
1494,736,283,208,0.10190217391304351,466,276,0.25815217391304346
1495,784,303,222,0.10331632653061223,538,318,0.28061224489795916
1496,682,272,183,0.13049853372434017,431,255,0.25806451612903225
1497,683,282,225,0.08345534407027821,448,311,0.20058565153733532
1498,721,295,214,0.11234396671289876,489,323,0.2302357836338419
1499,605,218,166,0.08595041322314051,346,242,0.17190082644628102
1500,621,254,207,0.07568438003220612,413,275,0.22222222222222215
1501,672,276,214,0.09226190476190477,438,299,0.20684523809523814
1502,678,272,229,0.06342182890855458,462,318,0.2123893805309734
1503,654,256,217,0.059633027522935755,421,278,0.21865443425076453
1504,755,246,202,0.058278145695364214,451,285,0.21986754966887417
1505,696,264,224,0.05747126436781608,471,320,0.21695402298850575
1506,707,281,234,0.0664780763790665,438,331,0.1513437057991513
1507,725,288,226,0.08551724137931033,461,314,0.20275862068965517
1508,714,264,199,0.09103641456582634,472,295,0.24789915966386555
1509,780,275,200,0.0961538461538462,481,284,0.2525641025641026
1510,796,293,233,0.07537688442211055,500,335,0.20728643216080406
1511,595,216,182,0.057142857142857106,346,255,0.1529411764705883
1512,736,279,203,0.1032608695652174,459,286,0.23505434782608692
1513,684,293,219,0.108187134502924,452,310,0.20760233918128657
1514,683,252,215,0.05417276720351394,419,298,0.17715959004392384
1515,755,271,223,0.06357615894039736,474,311,0.2158940397350994
1516,663,257,176,0.12217194570135748,417,271,0.22021116138763197
1517,598,228,187,0.068561872909699,376,259,0.19565217391304351
1518,647,257,169,0.13601236476043277,417,262,0.23956723338485314
1519,700,262,206,0.08000000000000002,465,286,0.25571428571428567
1520,636,249,218,0.04874213836477992,403,293,0.1729559748427673
1521,681,284,205,0.11600587371512483,469,282,0.2745961820851689
1522,698,270,185,0.12177650429799425,441,283,0.22636103151862458
1523,733,253,201,0.07094133697135063,438,299,0.189631650750341
1524,673,256,201,0.08172362555720653,446,282,0.24368499257057946
1525,682,278,219,0.0865102639296188,460,297,0.2390029325513196
1526,645,239,186,0.08217054263565887,417,243,0.2697674418604651
1527,718,280,203,0.10724233983286907,479,302,0.24651810584958223
1528,758,294,210,0.11081794195250655,522,322,0.2638522427440634
1529,721,272,164,0.14979195561719832,451,249,0.2801664355062414
1530,659,266,221,0.06828528072837631,434,302,0.20030349013657062
1531,696,254,193,0.08764367816091956,446,290,0.2241379310344827
1532,757,311,255,0.07397622192866576,505,342,0.21532364597093795
1533,680,269,218,0.07499999999999996,438,300,0.2029411764705883
1534,673,252,176,0.11292719167904902,445,267,0.26448736998514116
1535,683,245,209,0.0527086383601757,426,267,0.23279648609077597
1536,799,292,202,0.11264080100125157,509,319,0.23779724655819773
1537,691,276,222,0.07814761215629523,451,304,0.21273516642547036
1538,685,240,218,0.03211678832116788,413,316,0.14160583941605837
1539,727,268,222,0.06327372764786798,475,322,0.21045392022008247
1540,659,255,200,0.08345978755690442,433,260,0.2625189681335357
1541,773,263,224,0.05045278137128073,464,323,0.18240620957309184
1542,727,294,207,0.11966987620357639,482,282,0.2751031636863824
1543,663,274,216,0.08748114630467568,431,281,0.22624434389140274
1544,702,255,200,0.07834757834757833,456,287,0.24074074074074076
1545,720,250,182,0.09444444444444444,444,257,0.25972222222222224
1546,770,284,238,0.05974025974025976,518,307,0.274025974025974
1547,673,264,203,0.09063893016344726,434,275,0.23625557206537895
1548,733,285,259,0.035470668485675316,479,348,0.17871759890859484
1549,591,243,216,0.045685279187817285,382,293,0.1505922165820643
1550,673,262,201,0.09063893016344726,436,281,0.23031203566121844
1551,711,256,198,0.08157524613220818,435,281,0.21659634317862164
1552,793,296,211,0.10718789407313994,531,305,0.2849936948297604
1553,660,254,202,0.0787878787878788,406,279,0.1924242424242424
1554,746,268,201,0.08981233243967829,466,310,0.20911528150134046
1555,634,240,170,0.11041009463722395,369,244,0.19716088328075715
1556,705,258,206,0.07375886524822695,428,305,0.17446808510638295
1557,669,248,189,0.08819133034379673,423,268,0.23168908819133038
1558,702,289,198,0.12962962962962965,470,288,0.2592592592592593
1559,685,263,215,0.07007299270072992,429,307,0.17810218978102188
1560,734,286,253,0.04495912806539509,478,339,0.18937329700272476
1561,748,295,225,0.0935828877005348,497,300,0.26336898395721925
1562,580,209,173,0.06206896551724139,348,259,0.15344827586206894
1563,617,238,191,0.07617504051863855,383,260,0.19935170178282013
1564,728,275,216,0.08104395604395603,473,310,0.22390109890109894
1565,681,270,240,0.0440528634361233,456,322,0.19676945668135093
1566,714,259,212,0.06582633053221287,441,303,0.19327731092436978
1567,703,272,220,0.07396870554765289,445,324,0.17211948790896164
1568,827,294,233,0.07376058041112454,536,337,0.24062877871825872
1569,681,262,215,0.06901615271659323,444,299,0.21292217327459612
1570,669,260,207,0.07922272047832585,423,299,0.18535127055306433
1571,632,253,218,0.055379746835443056,384,299,0.13449367088607594
1572,723,268,207,0.08437067773167362,456,302,0.21300138312586442
1573,697,282,232,0.07173601147776187,469,314,0.22238163558106167
1574,752,269,182,0.11569148936170215,469,292,0.23537234042553196
1575,691,250,186,0.09261939218523879,423,258,0.23878437047756873
1576,617,233,158,0.12155591572123176,402,230,0.27876823338735823
1577,693,270,209,0.08802308802308806,470,316,0.22222222222222227
1578,728,278,210,0.09340659340659341,458,288,0.23351648351648352
1579,662,262,192,0.10574018126888213,415,268,0.2220543806646526
1580,796,280,216,0.08040201005025127,503,301,0.2537688442211055
1581,715,259,191,0.09510489510489506,445,266,0.25034965034965034
1582,725,283,240,0.05931034482758624,453,307,0.20137931034482764
1583,739,290,237,0.07171853856562921,484,330,0.2083897158322056
1584,736,280,213,0.09103260869565222,496,295,0.27309782608695654
1585,686,250,203,0.06851311953352768,451,310,0.2055393586005831
1586,822,330,272,0.07055961070559613,541,385,0.18978102189781026
1587,743,272,238,0.04576043068640645,477,335,0.19111709286675638
1588,653,252,181,0.10872894333843797,408,255,0.2343032159264931
1589,654,244,182,0.09480122324159024,393,243,0.22935779816513757
1590,690,257,179,0.11304347826086952,426,269,0.22753623188405797
1591,619,252,188,0.1033925686591276,373,256,0.1890145395799676
1592,631,223,173,0.07923930269413632,373,243,0.20602218700475433
1593,686,288,214,0.10787172011661811,440,297,0.2084548104956268
1594,680,248,235,0.019117647058823517,415,337,0.11470588235294121
1595,671,252,196,0.08345752608047691,418,283,0.20119225037257826
1596,650,258,201,0.08769230769230768,401,283,0.18153846153846154
1597,660,250,167,0.12575757575757573,416,247,0.256060606060606
1598,753,292,216,0.10092961487383795,495,293,0.2682602921646746
1599,823,302,236,0.08019441069258809,543,348,0.23693803159173749
1600,676,270,210,0.08875739644970415,443,301,0.2100591715976331
1601,676,273,209,0.09467455621301774,453,277,0.26035502958579887
1602,665,265,205,0.09022556390977443,425,291,0.20150375939849624
1603,663,248,199,0.07390648567119157,394,263,0.19758672699849172
1604,733,294,214,0.10914051841746247,488,307,0.2469304229195089
1605,692,276,204,0.10404624277456648,450,292,0.22832369942196534
1606,626,265,202,0.10063897763578278,402,299,0.16453674121405754
1607,624,255,198,0.09134615384615385,384,265,0.19070512820512825
1608,659,245,183,0.094081942336874,390,265,0.18968133535660092
1609,707,270,211,0.08345120226308345,429,305,0.17538896746817534
1610,708,263,185,0.11016949152542371,442,250,0.27118644067796605
1611,709,289,222,0.09449929478138219,475,288,0.2637517630465444
1612,736,281,201,0.10869565217391303,448,269,0.2432065217391305
1613,627,242,193,0.07814992025518341,407,271,0.21690590111642744
1614,702,272,201,0.10113960113960113,472,285,0.26638176638176636
1615,663,253,202,0.07692307692307693,425,288,0.20663650075414786
1616,641,235,195,0.062402496099843996,377,277,0.15600624024961002
1617,673,246,208,0.05646359583952448,403,291,0.16641901931649328
1618,620,246,196,0.08064516129032262,387,290,0.1564516129032258
1619,782,297,199,0.12531969309462915,519,296,0.2851662404092072
1620,748,280,203,0.10294117647058826,468,285,0.24465240641711222
1621,567,214,173,0.07231040564373897,333,234,0.17460317460317465
1622,655,249,193,0.08549618320610686,410,278,0.20152671755725193
1623,743,271,215,0.0753701211305518,470,320,0.20188425302826374
1624,688,289,217,0.1046511627906977,449,299,0.21802325581395354
1625,696,252,204,0.06896551724137934,435,278,0.22557471264367818
1626,686,265,221,0.0641399416909621,426,289,0.1997084548104956
1627,698,271,198,0.10458452722063039,425,292,0.19054441260744986
1628,787,294,221,0.09275730622617534,503,312,0.24269377382465057
1629,735,278,223,0.07482993197278914,472,321,0.20544217687074828
1630,664,250,197,0.07981927710843373,396,283,0.17018072289156622
1631,698,272,210,0.08882521489971346,445,307,0.19770773638968475
1632,645,246,203,0.06666666666666671,440,297,0.22170542635658913
1633,712,277,198,0.11095505617977525,441,277,0.2303370786516854
1634,747,287,213,0.09906291834002678,485,294,0.2556894243641231
1635,732,287,220,0.09153005464480873,447,309,0.18852459016393436
1636,709,275,201,0.10437235543018336,439,290,0.2101551480959098
1637,691,267,221,0.06657018813314042,444,315,0.18668596237337198
1638,677,259,219,0.05908419497784345,436,316,0.17725258493353024
1639,765,274,193,0.10588235294117648,477,278,0.2601307189542484
1640,803,306,216,0.11207970112079702,531,301,0.286425902864259
1641,706,254,185,0.09773371104815864,435,265,0.2407932011331445
1642,726,296,204,0.12672176308539945,471,271,0.2754820936639118
1643,693,274,211,0.09090909090909094,433,294,0.20057720057720058
1644,641,286,220,0.10296411856474258,418,309,0.17004680187207483
1645,790,282,233,0.0620253164556962,486,333,0.1936708860759493
1646,662,238,204,0.051359516616314216,414,279,0.20392749244712993
1647,645,260,205,0.08527131782945735,403,280,0.19069767441860463
1648,644,246,176,0.10869565217391303,406,257,0.2313664596273292
1649,628,241,175,0.10509554140127392,390,230,0.25477707006369427
1650,729,273,229,0.06035665294924558,463,325,0.18930041152263372
1651,785,275,187,0.11210191082802545,502,262,0.3057324840764331
1652,691,271,190,0.11722141823444288,439,257,0.2633863965267728
1653,662,268,202,0.09969788519637462,436,278,0.2386706948640483
1654,653,253,204,0.07503828483920366,403,304,0.15160796324655434
1655,735,288,232,0.0761904761904762,471,334,0.18639455782312925
1656,584,216,178,0.06506849315068491,354,264,0.1541095890410959
1657,667,251,182,0.103448275862069,407,261,0.21889055472263869
1658,766,300,219,0.10574412532637079,510,301,0.27284595300261094
1659,760,288,240,0.06315789473684214,514,344,0.22368421052631576
1660,662,247,195,0.0785498489425982,404,271,0.20090634441087618
1661,697,270,208,0.08895265423242471,441,291,0.2152080344332855
1662,712,262,175,0.12219101123595508,457,257,0.2808988764044944
1663,753,290,199,0.12084993359893759,459,306,0.20318725099601592
1664,701,277,212,0.09272467902995718,449,296,0.21825962910128388
1665,710,282,236,0.06478873239436622,453,304,0.20985915492957752
1666,736,272,203,0.09375,470,285,0.2513586956521739
1667,750,268,199,0.09200000000000003,485,291,0.2586666666666666
1668,658,244,175,0.10486322188449848,429,262,0.2537993920972644
1669,789,290,239,0.06463878326996197,485,320,0.20912547528517111
1670,689,246,198,0.06966618287373005,436,285,0.21915820029027572
1671,692,271,245,0.037572254335260125,447,330,0.16907514450867056
1672,666,260,198,0.09309309309309305,409,277,0.19819819819819817
1673,704,241,192,0.06960227272727276,453,266,0.26562499999999994
1674,707,256,186,0.09900990099009904,432,287,0.20509193776520507
1675,748,297,200,0.1296791443850267,468,276,0.2566844919786096
1676,645,240,201,0.06046511627906975,391,296,0.1472868217054264
1677,702,271,215,0.07977207977207978,449,290,0.22649572649572652
1678,723,274,234,0.05532503457814658,465,321,0.19917012448132787
1679,733,289,249,0.05457025920873121,434,336,0.13369713506139158
1680,762,255,177,0.10236220472440946,475,265,0.27559055118110243
1681,637,269,183,0.13500784929356358,421,252,0.2653061224489796
1682,734,278,224,0.07356948228882831,481,304,0.24114441416893728
1683,657,263,196,0.1019786910197869,429,281,0.22526636225266367
1684,698,252,193,0.08452722063037249,391,270,0.17335243553008595
1685,719,287,199,0.12239221140472878,458,274,0.25591098748261476
1686,705,278,211,0.09503546099290783,464,304,0.22695035460992902
1687,720,251,191,0.08333333333333331,472,274,0.275
1688,674,275,209,0.09792284866468842,413,289,0.18397626112759646
1689,720,260,199,0.0847222222222222,450,291,0.22083333333333333
1690,693,281,201,0.11544011544011545,426,290,0.19624819624819617
1691,635,255,204,0.08031496062992127,414,276,0.21732283464566932
1692,758,299,235,0.08443271767810029,485,322,0.2150395778364116
1693,747,274,205,0.09236947791164657,471,289,0.2436412315930388
1694,619,232,181,0.08239095315024231,387,236,0.24394184168012917
1695,652,263,203,0.09202453987730064,452,285,0.2561349693251534
1696,678,256,202,0.07964601769911506,422,289,0.19616519174041297
1697,657,263,204,0.0898021308980213,420,286,0.2039573820395738
1698,821,307,248,0.07186358099878193,479,323,0.19001218026796585
1699,711,263,195,0.0956399437412096,475,295,0.25316455696202533
1700,715,291,230,0.08531468531468533,470,336,0.18741258741258737
1701,758,257,196,0.08047493403693934,457,278,0.23614775725593667
1702,654,261,194,0.10244648318042815,427,272,0.2370030581039756
1703,752,266,185,0.10771276595744683,479,267,0.2819148936170213
1704,678,255,189,0.09734513274336282,437,284,0.2256637168141593
1705,648,237,176,0.09413580246913583,407,263,0.2222222222222222
1706,693,249,204,0.0649350649350649,449,280,0.24386724386724384
1707,814,302,230,0.08845208845208846,525,307,0.26781326781326786
1708,620,243,186,0.09193548387096773,393,279,0.1838709677419355
1709,659,227,181,0.06980273141122917,393,258,0.20485584218512898
1710,678,242,200,0.06194690265486724,410,271,0.20501474926253688
1711,690,285,214,0.10289855072463766,462,303,0.23043478260869565
1712,712,283,227,0.07865168539325845,475,311,0.23033707865168546
1713,661,267,207,0.0907715582450832,429,283,0.22087745839636913
1714,659,254,198,0.08497723823975722,440,285,0.23520485584218515
1715,666,244,200,0.06606606606606608,390,280,0.16516516516516516
1716,758,282,238,0.05804749340369397,475,334,0.18601583113456466
1717,706,256,201,0.07790368271954679,432,285,0.20821529745042494
1718,730,280,217,0.08630136986301368,478,293,0.25342465753424653
1719,710,271,228,0.060563380281690116,449,323,0.1774647887323944
1720,821,292,199,0.11327649208282584,569,305,0.3215590742996346
1721,760,284,226,0.07631578947368423,486,320,0.21842105263157896
1722,657,227,183,0.0669710806697108,417,260,0.23896499238964997
1723,615,235,183,0.08455284552845532,359,243,0.18861788617886177
1724,779,286,203,0.10654685494223365,461,303,0.20282413350449296
1725,639,238,168,0.10954616588419402,409,268,0.22065727699530518
1726,705,251,196,0.07801418439716312,443,278,0.23404255319148937
1727,682,245,168,0.11290322580645162,400,267,0.1950146627565983
1728,690,262,211,0.07391304347826089,464,274,0.27536231884057966
1729,701,267,205,0.0884450784593438,465,304,0.2296718972895863
1730,704,251,205,0.06534090909090906,426,292,0.19034090909090906
1731,636,264,215,0.07704402515723274,413,291,0.1918238993710692
1732,712,250,189,0.0856741573033708,440,267,0.2429775280898876
1733,695,266,201,0.09352517985611508,443,279,0.23597122302158274
1734,679,241,190,0.07511045655375553,416,299,0.17231222385861567
1735,764,271,202,0.09031413612565448,490,293,0.25785340314136124
1736,707,269,230,0.055162659123055124,415,297,0.16690240452616684
1737,662,230,185,0.06797583081570996,402,274,0.19335347432024175
1738,657,233,174,0.0898021308980213,401,231,0.25875190258751907
1739,655,246,213,0.05038167938931298,394,300,0.14351145038167945
1740,635,242,164,0.12283464566929136,417,232,0.2913385826771654
1741,725,263,200,0.08689655172413796,463,296,0.23034482758620684
1742,714,272,211,0.08543417366946776,444,295,0.20868347338935578
1743,654,238,177,0.09327217125382264,410,257,0.2339449541284404
1744,784,282,230,0.06632653061224486,505,327,0.22704081632653061
1745,711,274,194,0.11251758087201125,457,295,0.22784810126582278
1746,689,289,204,0.12336719883889696,444,280,0.23802612481857766
1747,694,260,185,0.10806916426512969,433,261,0.24783861671469737
1748,669,254,203,0.07623318385650224,437,286,0.22571001494768317
1749,697,252,201,0.07317073170731708,442,294,0.21233859397417504
1750,648,220,176,0.06790123456790126,403,259,0.2222222222222222
1751,673,252,215,0.054977711738484425,389,282,0.15898959881129265
1752,786,304,250,0.06870229007633588,514,336,0.22646310432569977
1753,656,263,206,0.08689024390243905,440,301,0.21189024390243905
1754,732,290,236,0.07377049180327866,469,327,0.19398907103825136
1755,772,297,228,0.0893782383419689,509,337,0.2227979274611399
1756,739,262,200,0.08389715832205685,448,271,0.23951285520974291
1757,707,271,191,0.11315417256011318,467,291,0.24893917963224899
1758,686,266,209,0.08309037900874633,451,298,0.22303206997084546
1759,691,267,178,0.1287988422575977,497,271,0.3270622286541244
1760,687,276,199,0.11208151382823872,428,276,0.2212518195050946
1761,670,242,195,0.07014925373134329,401,266,0.20149253731343286
1762,809,300,218,0.10135970333745364,542,329,0.2632880098887516
1763,793,302,205,0.12232030264817151,497,297,0.25220680958385877
1764,810,277,239,0.046913580246913555,496,335,0.19876543209876546
1765,716,276,216,0.08379888268156421,462,272,0.2653631284916201
1766,734,283,224,0.08038147138964574,440,316,0.16893732970027248
1767,625,209,181,0.04479999999999995,368,252,0.1856
1768,677,247,184,0.09305760709010336,394,272,0.1802067946824224
1769,696,264,205,0.08477011494252873,432,302,0.18678160919540232
1770,694,273,191,0.1181556195965418,402,261,0.20317002881844376
1771,705,262,189,0.10354609929078012,458,245,0.30212765957446813
1772,678,262,203,0.08702064896755163,433,292,0.20796460176991144
1773,669,273,191,0.12257100149476835,408,279,0.19282511210762332
1774,686,257,223,0.04956268221574345,427,302,0.18221574344023328
1775,778,292,222,0.08997429305912596,514,316,0.25449871465295626
1776,743,274,201,0.09825033647375508,468,303,0.22207267833109018
1777,710,271,207,0.09014084507042253,462,292,0.23943661971830987
1778,780,285,209,0.09743589743589742,486,311,0.22435897435897434
1779,771,293,240,0.06874189364461736,479,354,0.16212710765239952
1780,674,237,203,0.05044510385756673,414,273,0.20919881305637983
1781,704,273,215,0.08238636363636359,469,322,0.20880681818181812
1782,756,271,240,0.041005291005291045,486,335,0.19973544973544977
1783,723,279,219,0.08298755186721996,447,303,0.19917012448132781
1784,697,275,212,0.09038737446197992,440,292,0.21233859397417498
1785,624,242,185,0.09134615384615385,369,269,0.16025641025641024
1786,759,298,227,0.09354413702239789,495,320,0.23056653491436102
1787,732,281,216,0.08879781420765026,472,307,0.2254098360655738
1788,697,260,204,0.08034433285509329,455,273,0.26111908177905313
1789,728,286,247,0.05357142857142855,471,324,0.20192307692307698
1790,668,266,189,0.1152694610778443,438,259,0.26796407185628746
1791,668,269,234,0.05239520958083832,445,305,0.20958083832335328
1792,715,272,214,0.0811188811188811,472,309,0.22797202797202798
1793,747,288,206,0.1097724230254351,473,277,0.26238286479250333
1794,751,292,217,0.09986684420772307,481,308,0.23035952063914777
1795,673,252,175,0.11441307578008914,413,252,0.23922734026745918
1796,592,211,166,0.07601351351351349,381,241,0.23648648648648646
1797,774,269,235,0.043927648578811374,494,328,0.21447028423772607
1798,725,274,220,0.07448275862068965,433,296,0.18896551724137928
1799,683,258,212,0.06734992679355783,441,299,0.20790629575402642
1800,786,287,226,0.07760814249363868,490,303,0.23791348600508905
1801,732,263,210,0.07240437158469948,476,299,0.24180327868852453
1802,799,321,243,0.09762202753441801,529,334,0.2440550688360451
1803,715,270,212,0.0811188811188811,478,318,0.22377622377622375
1804,783,293,200,0.11877394636015326,519,291,0.29118773946360155
1805,643,224,168,0.08709175738724728,380,245,0.20995334370139973
1806,634,244,190,0.08517350157728704,401,274,0.2003154574132492
1807,674,253,184,0.10237388724035612,406,277,0.19139465875370926
1808,849,331,236,0.11189634864546527,569,312,0.3027090694935218
1809,687,248,203,0.06550218340611358,418,294,0.1804949053857351
1810,722,261,205,0.07756232686980608,441,287,0.21329639889196683
1811,661,257,198,0.08925869894099853,432,286,0.22087745839636908
1812,706,271,211,0.08498583569405099,417,304,0.16005665722379608
1813,736,279,221,0.07880434782608697,448,323,0.1698369565217392
1814,688,258,190,0.09883720930232559,454,263,0.2776162790697674
1815,721,292,201,0.1262135922330097,480,306,0.2413314840499307
1816,703,274,221,0.07539118065433859,423,302,0.1721194879089616
1817,705,274,201,0.10354609929078012,450,279,0.24255319148936172
1818,693,269,216,0.07647907647907648,426,282,0.20779220779220775
1819,667,257,194,0.09445277361319343,412,276,0.2038980509745128
1820,742,257,218,0.052560646900269514,444,324,0.16172506738544473
1821,690,265,214,0.07391304347826083,407,289,0.17101449275362318
1822,725,270,245,0.03448275862068967,470,328,0.19586206896551722
1823,717,265,211,0.07531380753138078,465,288,0.24686192468619245
1824,724,299,217,0.11325966850828728,459,302,0.21685082872928174
1825,639,252,197,0.08607198748043815,410,270,0.21909233176838816
1826,734,279,219,0.08174386920980925,472,284,0.25613079019073565
1827,691,267,196,0.10274963820549932,424,291,0.19247467438494936
1828,739,294,221,0.0987821380243572,470,303,0.2259810554803789
1829,604,209,180,0.04801324503311255,372,248,0.20529801324503316
1830,623,227,177,0.08025682182985555,390,258,0.21187800963081865
1831,678,247,206,0.060471976401179905,402,294,0.15929203539823011
1832,666,277,207,0.10510510510510512,452,287,0.24774774774774777
1833,754,284,209,0.09946949602122013,487,282,0.2718832891246684
1834,705,270,222,0.06808510638297871,425,285,0.19858156028368795
1835,778,290,173,0.15038560411311055,476,277,0.2557840616966581
1836,749,292,240,0.06942590120160214,479,334,0.19359145527369825
1837,717,271,199,0.10041841004184099,496,275,0.3082287308228731
1838,700,234,195,0.055714285714285716,414,276,0.19714285714285712
1839,628,253,186,0.106687898089172,401,288,0.1799363057324841
1840,721,293,219,0.10263522884882109,465,314,0.20943134535367552
1841,659,222,171,0.0773899848254932,403,252,0.22913505311077387
1842,678,266,200,0.09734513274336282,443,282,0.2374631268436579
1843,736,274,208,0.08967391304347827,462,288,0.2364130434782608
1844,654,253,192,0.09327217125382259,427,268,0.2431192660550459
1845,698,267,233,0.04871060171919772,439,332,0.15329512893982805
1846,758,269,234,0.04617414248021107,474,317,0.20712401055408974
1847,671,241,176,0.09687034277198209,417,264,0.22801788375558874
1848,781,274,221,0.06786171574903971,509,327,0.23303457106274006
1849,670,265,201,0.09552238805970148,404,284,0.17910447761194032
1850,707,265,226,0.05516265912305518,441,316,0.1768033946251768
1851,740,284,210,0.10000000000000003,474,298,0.23783783783783785
1852,693,264,200,0.09235209235209235,445,278,0.24098124098124096
1853,685,279,228,0.07445255474452556,423,301,0.17810218978102194
1854,701,284,209,0.10699001426533522,451,289,0.23109843081312414
1855,739,279,216,0.08525033829499323,474,313,0.21786197564276055
1856,720,264,207,0.07916666666666666,459,288,0.23749999999999993
1857,651,224,170,0.0829493087557604,412,242,0.2611367127496159
1858,691,259,212,0.06801736613603471,443,295,0.2141823444283647
1859,677,261,200,0.0901033973412112,411,300,0.16395864106351554
1860,698,251,212,0.055873925501432664,457,318,0.19914040114613185
1861,710,266,207,0.08309859154929577,453,284,0.23802816901408452
1862,634,251,195,0.08832807570977919,410,287,0.19400630914826494
1863,854,331,267,0.07494145199063229,539,362,0.20725995316159251
1864,683,271,194,0.11273792093704244,431,290,0.20644216691068812
1865,677,261,227,0.05022156573116687,432,317,0.16986706056129985
1866,719,264,195,0.09596662030598058,470,290,0.25034770514603616
1867,751,260,210,0.06657789613848203,448,295,0.203728362183755
1868,674,270,215,0.08160237388724034,435,306,0.1913946587537092
1869,722,264,197,0.09279778393351801,438,286,0.21052631578947367
1870,689,263,194,0.10014513788098689,435,275,0.23222060957910012
1871,727,268,217,0.07015130674002751,469,310,0.21870701513067398
1872,675,249,225,0.03555555555555556,431,308,0.18222222222222217
1873,660,236,176,0.09090909090909094,425,242,0.2772727272727273
1874,738,291,231,0.08130081300813008,475,311,0.2222222222222222
1875,635,251,206,0.07086614173228345,401,268,0.20944881889763783
1876,706,287,213,0.10481586402266291,464,316,0.20963172804532582
1877,707,280,240,0.05657708628005659,457,329,0.18104667609618103
1878,686,267,220,0.06851311953352768,444,315,0.18804664723032066
1879,637,246,214,0.050235478806907374,421,291,0.20408163265306123
1880,637,245,182,0.09890109890109894,425,263,0.25431711145996866
1881,662,280,235,0.06797583081570996,434,317,0.1767371601208459
1882,640,233,197,0.05625000000000002,386,282,0.16250000000000003
1883,710,274,209,0.09154929577464788,461,314,0.20704225352112676
1884,682,246,187,0.0865102639296188,429,284,0.21260997067448678
1885,702,267,210,0.08119658119658119,452,305,0.20940170940170943
1886,741,273,256,0.022941970310391357,472,346,0.1700404858299595
1887,675,243,152,0.1348148148148148,408,227,0.26814814814814814
1888,763,303,236,0.08781127129750982,479,311,0.22018348623853212
1889,726,266,182,0.11570247933884298,488,242,0.3388429752066116
1890,746,245,185,0.08042895442359249,466,257,0.28016085790884715
1891,704,263,200,0.08948863636363635,451,294,0.22301136363636365
1892,661,266,196,0.10590015128593039,433,284,0.22541603630862328
1893,679,244,196,0.07069219440353464,408,293,0.1693667157584683
1894,692,244,192,0.07514450867052025,433,287,0.21098265895953755
1895,774,292,241,0.06589147286821706,510,342,0.21705426356589141
1896,753,289,225,0.08499335989375828,471,310,0.2138114209827357
1897,699,269,188,0.11587982832618027,461,272,0.27038626609442057
1898,646,248,206,0.06501547987616096,403,270,0.20588235294117646
1899,647,235,188,0.07264296754250388,393,262,0.2024729520865533
1900,715,268,186,0.11468531468531468,471,293,0.24895104895104897
1901,685,247,193,0.07883211678832114,446,286,0.23357664233576647
1902,722,248,191,0.0789473684210526,446,275,0.23684210526315785
1903,735,283,213,0.09523809523809523,489,308,0.24625850340136052
1904,703,265,216,0.06970128022759603,442,297,0.20625889046941676
1905,698,259,208,0.07306590257879653,439,312,0.18194842406876788
1906,709,270,195,0.10578279266572638,451,274,0.24964739069111425
1907,720,252,211,0.05694444444444441,457,305,0.21111111111111108
1908,707,266,193,0.10325318246110327,448,276,0.2432814710042433
1909,688,238,182,0.08139534883720928,417,260,0.2281976744186046
1910,790,293,198,0.120253164556962,508,286,0.2810126582278481
1911,618,242,198,0.07119741100323623,416,278,0.22330097087378642
1912,675,266,173,0.13777777777777778,462,277,0.274074074074074
1913,648,247,216,0.04783950617283955,408,299,0.1682098765432099
1914,736,279,207,0.09782608695652173,486,292,0.26358695652173914
1915,725,285,211,0.10206896551724137,438,298,0.19310344827586207
1916,640,248,182,0.10312500000000002,382,263,0.18593750000000003
1917,691,242,175,0.09696092619392188,411,248,0.23589001447178004
1918,715,261,201,0.0839160839160839,468,307,0.22517482517482518
1919,704,247,225,0.03125,432,296,0.19318181818181818
1920,694,268,200,0.09798270893371758,453,295,0.2276657060518732
1921,681,262,232,0.04405286343612336,443,326,0.171806167400881
1922,622,252,209,0.06913183279742768,384,282,0.16398713826366562
1923,707,290,249,0.057991513437057995,474,337,0.1937765205091937
1924,715,250,199,0.07132867132867132,462,293,0.2363636363636364
1925,681,278,233,0.06607929515418504,424,296,0.18795888399412625
1926,672,247,200,0.06994047619047622,420,282,0.20535714285714285
1927,710,274,218,0.07887323943661972,455,311,0.2028169014084507
1928,722,280,232,0.06648199445983383,465,329,0.18836565096952906
1929,658,259,207,0.07902735562310031,430,281,0.2264437689969605
1930,702,270,217,0.07549857549857553,434,293,0.20085470085470086
1931,691,241,223,0.026049204052098374,409,300,0.15774240231548486
1932,633,249,207,0.06635071090047395,398,270,0.20221169036334913
1933,568,236,184,0.09154929577464788,378,271,0.18838028169014087
1934,734,285,206,0.10762942779291557,462,290,0.23433242506811985
1935,651,255,199,0.08602150537634412,442,275,0.25652841781874036
1936,685,255,218,0.05401459854014595,447,307,0.2043795620437956
1937,607,245,205,0.0658978583196046,373,275,0.16144975288303132
1938,663,230,190,0.0603318250377074,407,267,0.2111613876319759
1939,605,238,187,0.08429752066115703,379,257,0.20165289256198343
1940,639,246,192,0.08450704225352113,416,262,0.2410015649452269
1941,715,270,187,0.11608391608391605,472,259,0.29790209790209793
1942,620,239,181,0.09354838709677421,405,243,0.26129032258064516
1943,678,255,190,0.09587020648967548,409,278,0.19321533923303835
1944,701,282,206,0.108416547788873,449,274,0.24964336661911551
1945,741,284,214,0.09446693657219973,494,315,0.24156545209176783
1946,678,251,209,0.06194690265486724,413,285,0.1887905604719764
1947,801,322,234,0.10986267166042446,514,325,0.2359550561797753
1948,688,271,220,0.07412790697674415,423,288,0.1962209302325581
1949,603,235,199,0.05970149253731344,385,277,0.17910447761194026
1950,722,243,168,0.10387811634349031,442,250,0.2659279778393352
1951,639,249,180,0.107981220657277,392,259,0.20813771517996865
1952,662,255,218,0.0558912386706949,444,304,0.2114803625377643
1953,809,299,226,0.09023485784919655,525,325,0.24721878862793573
1954,729,263,216,0.06447187928669412,435,304,0.1796982167352537
1955,704,266,219,0.06676136363636365,453,297,0.22159090909090906
1956,675,253,207,0.06814814814814818,434,278,0.2311111111111111
1957,648,251,172,0.12191358024691357,402,268,0.2067901234567901
1958,669,242,190,0.07772795216741407,397,274,0.1838565022421525
1959,644,230,164,0.10248447204968947,387,244,0.22204968944099385
1960,661,241,178,0.09531013615733736,415,257,0.23903177004538578
1961,631,227,157,0.11093502377179079,368,239,0.2044374009508716
1962,671,245,205,0.05961251862891204,415,300,0.1713859910581222
1963,840,310,236,0.08809523809523812,547,319,0.27142857142857146
1964,729,273,201,0.09876543209876543,443,279,0.224965706447188
1965,698,259,195,0.09169054441260743,446,298,0.2120343839541548
1966,719,266,219,0.06536856745479835,478,293,0.25730180806675945
1967,627,244,185,0.09409888357256779,394,282,0.17862838915470491
1968,679,252,199,0.0780559646539028,416,295,0.1782032400589102
1969,742,265,194,0.09568733153638814,464,292,0.2318059299191375
1970,644,247,186,0.09472049689440992,401,257,0.22360248447204972
1971,670,264,204,0.08955223880597019,414,281,0.19850746268656722
1972,687,254,218,0.05240174672489084,427,295,0.19213973799126643
1973,699,266,203,0.09012875536480686,441,306,0.1931330472103004
1974,796,287,220,0.08417085427135679,497,304,0.24246231155778897
1975,789,306,221,0.10773130544993659,512,304,0.2636248415716096
1976,700,250,208,0.06,421,291,0.18571428571428572
1977,826,302,290,0.014527845036319598,514,394,0.1452784503631962
1978,754,285,217,0.09018567639257297,469,300,0.22413793103448276
1979,725,270,210,0.08275862068965517,462,291,0.23586206896551726
1980,661,259,191,0.10287443267776097,433,267,0.2511346444780635
1981,666,256,198,0.08708708708708707,393,275,0.17717717717717713
1982,667,236,198,0.05697151424287855,387,261,0.1889055472263868
1983,721,289,213,0.10540915395284328,460,292,0.23300970873786414
1984,644,240,180,0.09316770186335405,366,263,0.15993788819875776
1985,732,276,190,0.11748633879781417,467,279,0.2568306010928962
1986,673,269,200,0.10252600297176823,445,275,0.2526002971768202
1987,677,281,217,0.09453471196454949,434,294,0.20679468242245197
1988,704,243,187,0.07954545454545453,407,261,0.20738636363636365
1989,676,263,177,0.1272189349112426,438,287,0.22337278106508873
1990,657,265,210,0.0837138508371385,404,268,0.2070015220700152
1991,695,248,204,0.06330935251798564,450,287,0.23453237410071942
1992,695,247,196,0.07338129496402879,447,295,0.21870503597122304
1993,805,329,245,0.10434782608695653,550,353,0.2447204968944099
1994,692,273,230,0.06213872832369943,419,300,0.17196531791907516
1995,748,293,220,0.09759358288770054,501,329,0.22994652406417115
1996,762,275,200,0.09842519685039369,502,294,0.27296587926509186
1997,573,226,185,0.07155322862129143,379,258,0.21116928446771382
1998,652,256,191,0.09969325153374237,420,284,0.20858895705521469
1999,786,270,207,0.08015267175572521,499,292,0.26335877862595425
2000,760,288,187,0.1328947368421053,486,266,0.2894736842105263
2001,764,300,228,0.09424083769633512,498,316,0.23821989528795812
2002,663,267,208,0.08898944193061842,401,287,0.171945701357466
2003,710,243,166,0.10845070422535211,413,245,0.23661971830985917
2004,611,248,176,0.11783960720130932,404,255,0.24386252045826518
2005,724,289,228,0.08425414364640887,470,324,0.20165745856353584
2006,692,254,199,0.07947976878612717,451,277,0.2514450867052023
2007,668,258,196,0.09281437125748504,441,304,0.20508982035928142
2008,591,240,179,0.10321489001692047,379,246,0.22504230118443314
2009,784,297,230,0.08545918367346939,504,336,0.21428571428571436
2010,769,280,196,0.10923276983094926,501,286,0.2795838751625488
2011,695,273,201,0.10359712230215828,458,285,0.24892086330935248
2012,750,272,218,0.07200000000000001,467,302,0.22000000000000003
2013,799,290,230,0.07509386733416773,474,331,0.178973717146433
2014,607,201,160,0.06754530477759474,346,234,0.18451400329489293
2015,690,272,229,0.062318840579710155,464,312,0.22028985507246374
2016,700,269,196,0.10428571428571426,464,281,0.2614285714285714
2017,714,246,165,0.11344537815126049,443,263,0.25210084033613445
2018,710,283,211,0.10140845070422538,449,295,0.21690140845070427
2019,786,289,230,0.07506361323155214,514,311,0.2582697201017812
2020,676,283,202,0.11982248520710054,465,278,0.27662721893491127
2021,672,232,206,0.038690476190476164,404,285,0.17708333333333331
2022,701,283,231,0.07417974322396576,427,312,0.16405135520684738
2023,652,249,183,0.1012269938650307,413,261,0.2331288343558282
2024,686,264,227,0.053935860058309026,445,295,0.21865889212827988
2025,765,285,237,0.06274509803921569,489,316,0.22614379084967318
2026,677,250,200,0.07385524372230429,400,276,0.18316100443131467
2027,674,241,171,0.10385756676557867,420,245,0.25964391691394656
2028,760,316,239,0.10131578947368425,514,314,0.2631578947368421
2029,758,304,218,0.11345646437994722,474,304,0.22427440633245388
2030,724,266,208,0.08011049723756908,473,312,0.22237569060773477
2031,648,261,207,0.08333333333333337,435,310,0.1929012345679012
2032,735,257,197,0.08163265306122452,442,289,0.2081632653061224
2033,751,296,235,0.08122503328894809,470,325,0.1930758988015978
2034,724,300,188,0.15469613259668508,509,286,0.30801104972375687
2035,819,297,230,0.0818070818070818,526,341,0.22588522588522592
2036,753,273,200,0.09694555112881809,439,306,0.17662682602921648
2037,662,252,205,0.07099697885196377,406,271,0.20392749244712993
2038,709,251,226,0.03526093088857546,432,295,0.19322990126939354
2039,760,282,230,0.06842105263157894,486,330,0.20526315789473681
2040,699,277,202,0.1072961373390558,422,267,0.22174535050071525
2041,784,273,198,0.09566326530612246,441,291,0.19132653061224492
2042,634,283,221,0.09779179810725552,431,293,0.21766561514195581
2043,785,298,218,0.10191082802547774,526,306,0.28025477707006363
2044,727,243,211,0.04401650618982117,436,288,0.20357634112792294
2045,668,252,195,0.08532934131736525,432,292,0.20958083832335328
2046,631,231,177,0.08557844690966715,414,248,0.2630744849445325
2047,647,261,194,0.10355486862442037,418,263,0.23956723338485314
2048,689,257,211,0.06676342525399132,432,287,0.2104499274310595
2049,800,300,211,0.11125000000000002,500,296,0.255
2050,712,286,223,0.0884831460674157,474,331,0.2008426966292135
2051,747,276,206,0.09370816599732262,473,298,0.23427041499330653
2052,704,272,202,0.09943181818181818,453,295,0.22443181818181818
2053,764,298,226,0.09424083769633507,508,321,0.24476439790575916
2054,657,240,190,0.076103500761035,416,270,0.2222222222222222
2055,598,219,182,0.061872909698996614,369,252,0.19565217391304351
2056,711,274,190,0.11814345991561181,476,272,0.2869198312236287
2057,698,266,205,0.08739255014326647,448,292,0.2234957020057307
2058,818,342,263,0.0965770171149144,555,353,0.24694376528117357
2059,721,274,213,0.08460471567267686,451,287,0.22746185852981976
2060,776,296,220,0.09793814432989689,524,301,0.2873711340206186
2061,688,264,203,0.08866279069767441,444,280,0.23837209302325585
2062,855,299,220,0.09239766081871348,544,316,0.2666666666666667
2063,693,255,186,0.09956709956709953,456,263,0.2784992784992785
2064,660,252,200,0.0787878787878788,409,280,0.1954545454545455
2065,678,247,178,0.10176991150442477,428,269,0.23451327433628322
2066,694,263,216,0.06772334293948123,403,287,0.16714697406340057
2067,656,231,203,0.042682926829268275,383,275,0.16463414634146345
2068,736,260,202,0.07880434782608697,492,273,0.2975543478260869
2069,809,318,257,0.07540173053152038,512,350,0.2002472187886279
2070,642,246,222,0.03738317757009346,417,303,0.17757009345794394
2071,697,286,228,0.08321377331420376,456,306,0.21520803443328546
2072,677,258,223,0.051698670605613006,433,311,0.18020679468242246
2073,650,268,207,0.09384615384615386,416,288,0.19692307692307692
2074,722,276,199,0.10664819944598342,456,269,0.25900277008310246
2075,693,292,219,0.10533910533910534,443,286,0.22655122655122661
2076,637,242,186,0.08791208791208788,379,260,0.18681318681318682
2077,678,263,224,0.05752212389380529,439,307,0.19469026548672563
2078,673,273,202,0.10549777117384845,446,291,0.23031203566121838
2079,695,271,192,0.11366906474820143,440,264,0.2532374100719424
2080,669,259,218,0.0612855007473842,414,296,0.17638266068759345
2081,702,282,225,0.08119658119658119,452,303,0.21225071225071224
2082,683,255,201,0.07906295754026355,425,280,0.21229868228404103
2083,656,248,193,0.08384146341463417,418,293,0.19054878048780488
2084,672,282,235,0.06994047619047622,426,304,0.181547619047619
2085,768,301,255,0.059895833333333315,483,345,0.1796875
2086,674,252,215,0.054896142433234374,439,308,0.1943620178041543
2087,665,246,198,0.07218045112781957,402,283,0.1789473684210527
2088,679,263,218,0.06627393225331368,442,300,0.2091310751104566
2089,648,235,176,0.0910493827160494,404,262,0.21913580246913578
2090,735,263,223,0.054421768707483,432,298,0.18231292517006809
2091,766,274,198,0.09921671018276762,465,302,0.2127937336814621
2092,723,280,208,0.09958506224066394,454,308,0.20193637621023514
2093,684,271,214,0.08333333333333331,432,300,0.19298245614035087
2094,701,288,215,0.10413694721825961,446,291,0.2211126961483595
2095,687,260,214,0.06695778748180498,436,296,0.2037845705967976
2096,714,258,194,0.08963585434173671,439,273,0.23249299719887961
2097,660,273,193,0.12121212121212122,439,269,0.25757575757575757
2098,725,278,226,0.07172413793103449,464,330,0.18482758620689654
2099,714,247,208,0.05462184873949577,446,302,0.20168067226890757
2100,626,240,175,0.10383386581469645,383,263,0.19169329073482427
2101,692,264,212,0.0751445086705202,426,295,0.18930635838150295
2102,762,283,219,0.08398950131233596,484,306,0.2335958005249344
2103,775,306,243,0.08129032258064517,494,324,0.21935483870967742
2104,675,248,206,0.062222222222222234,428,308,0.1777777777777778
2105,645,249,186,0.09767441860465115,416,257,0.24651162790697673
2106,709,265,215,0.07052186177715092,456,308,0.20874471086036672
2107,746,294,221,0.09785522788203754,500,316,0.24664879356568364
2108,684,254,201,0.07748538011695905,425,285,0.2046783625730994
2109,662,235,178,0.08610271903323263,426,261,0.24924471299093653
2110,741,260,215,0.06072874493927122,453,290,0.21997300944669368
2111,691,262,210,0.07525325615050654,417,285,0.19102749638205496
2112,743,282,224,0.07806191117092864,499,311,0.253028263795424
2113,623,254,206,0.07704654895666135,416,286,0.2086677367576244
2114,707,258,196,0.08769448373408767,441,268,0.2446958981612447
2115,758,303,248,0.07255936675461738,490,326,0.21635883905013192
2116,708,270,216,0.07627118644067793,453,308,0.20480225988700562
2117,712,278,203,0.1053370786516854,443,292,0.2120786516853933
2118,715,256,210,0.06433566433566434,465,302,0.22797202797202792
2119,583,257,214,0.0737564322469983,403,283,0.20583190394511142
2120,812,310,232,0.0960591133004926,538,314,0.27586206896551724
2121,707,280,231,0.06930693069306931,439,310,0.1824611032531825
2122,733,274,200,0.10095497953615279,483,266,0.29604365620736706
2123,638,248,190,0.09090909090909088,404,281,0.19278996865203757
2124,808,282,244,0.047029702970297016,537,345,0.23762376237623767
2125,739,278,193,0.11502029769959404,463,280,0.24763193504736136
2126,626,232,186,0.07348242811501599,387,259,0.20447284345047922
2127,677,270,215,0.08124076809453468,421,290,0.1935007385524372
2128,703,280,211,0.0981507823613087,475,324,0.2147937411095306
2129,645,266,212,0.08372093023255817,425,301,0.19224806201550382
2130,689,249,202,0.06821480406386071,408,286,0.17706821480406387
2131,683,273,218,0.08052708638360173,428,297,0.19180087847730604
2132,712,274,216,0.08146067415730335,440,301,0.19522471910112354
2133,683,261,201,0.08784773060029283,425,278,0.21522693997071746
2134,670,283,208,0.11194029850746268,439,294,0.21641791044776126
2135,679,276,196,0.11782032400589104,402,272,0.1914580265095729
2136,697,279,223,0.08034433285509324,421,292,0.18507890961262552
2137,715,292,250,0.05874125874125874,470,324,0.20419580419580413
2138,709,251,171,0.11283497884344146,437,271,0.23413258110014107
2139,726,278,204,0.10192837465564736,479,292,0.2575757575757575
2140,736,267,202,0.08831521739130432,472,288,0.24999999999999994
2141,624,244,170,0.11858974358974361,407,268,0.2227564102564103
2142,724,272,207,0.08977900552486184,467,302,0.2279005524861879
2143,717,267,224,0.05997210599721059,480,304,0.24546722454672243
2144,698,266,224,0.06017191977077363,418,309,0.15616045845272208
2145,763,274,203,0.09305373525557009,460,299,0.21100917431192662
2146,748,281,218,0.08422459893048129,494,311,0.24465240641711228
2147,611,253,196,0.0932896890343699,394,280,0.1865793780687398
2148,748,266,208,0.07754010695187163,466,292,0.23262032085561501
2149,597,223,182,0.06867671691792293,371,280,0.15242881072026798
2150,740,282,234,0.06486486486486487,471,325,0.19729729729729734
2151,703,262,204,0.08250355618776672,444,285,0.2261735419630156
2152,693,259,211,0.0692640692640693,451,310,0.20346320346320346
2153,734,306,237,0.09400544959128065,503,334,0.23024523160762939
2154,686,267,216,0.07434402332361512,442,289,0.22303206997084546
2155,659,271,206,0.09863429438543247,440,290,0.22761760242792112
2156,673,263,214,0.07280832095096584,460,299,0.23922734026745918
2157,667,283,181,0.15292353823088456,430,274,0.23388305847076457
2158,725,293,229,0.08827586206896554,504,325,0.24689655172413794
2159,692,246,190,0.0809248554913295,453,287,0.23988439306358383
2160,756,281,199,0.10846560846560843,481,276,0.2711640211640212
2161,708,245,202,0.06073446327683618,426,273,0.21610169491525416
2162,696,292,217,0.10775862068965514,451,292,0.22844827586206895
2163,645,236,202,0.052713178294573615,399,279,0.18604651162790703
2164,714,269,216,0.07422969187675071,468,315,0.2142857142857143
2165,740,298,212,0.1162162162162162,475,282,0.2608108108108108
2166,743,274,217,0.07671601615074025,469,313,0.20995962314939437
2167,702,262,194,0.09686609686609687,460,282,0.2535612535612536
2168,689,266,167,0.14368650217706821,435,245,0.2757619738751814
2169,691,287,229,0.08393632416787267,440,328,0.16208393632416784
2170,704,262,209,0.07528409090909088,464,286,0.25284090909090906
2171,777,269,213,0.07207207207207206,492,302,0.24453024453024447
2172,717,271,198,0.101813110181311,456,274,0.25383542538354253
2173,677,265,198,0.09896602658788778,430,279,0.22304283604135894
2174,665,268,212,0.08421052631578946,416,304,0.16842105263157897
2175,700,232,198,0.04857142857142854,472,287,0.2642857142857143
2176,729,275,198,0.1056241426611797,465,278,0.2565157750342935
2177,640,244,212,0.04999999999999999,402,291,0.17343750000000002
2178,712,275,195,0.1123595505617978,451,255,0.27528089887640445
2179,684,254,193,0.08918128654970758,448,292,0.22807017543859648
2180,662,255,204,0.07703927492447132,420,281,0.2099697885196375
2181,718,256,217,0.05431754874651812,443,306,0.19080779944289694
2182,672,282,236,0.06845238095238099,435,318,0.1741071428571429
2183,647,246,211,0.054095826893353904,421,290,0.2024729520865533
2184,721,282,237,0.06241331484049928,462,339,0.1705963938973648
2185,732,282,217,0.08879781420765026,447,311,0.18579234972677588
2186,625,254,221,0.05279999999999996,389,291,0.15679999999999994
2187,749,304,215,0.11882510013351133,501,325,0.23497997329773035
2188,733,269,202,0.09140518417462479,484,298,0.25375170532060026
2189,702,271,205,0.09401709401709402,442,290,0.21652421652421655
2190,634,259,206,0.08359621451104104,417,293,0.19558359621451105
2191,719,276,218,0.08066759388038947,435,280,0.21557719054242003
2192,700,257,180,0.11000000000000004,435,261,0.2485714285714286
2193,683,249,195,0.07906295754026355,417,281,0.19912152269399713
2194,802,300,242,0.07231920199501246,518,337,0.2256857855361596
2195,643,253,203,0.07776049766718507,396,297,0.1539657853810264
2196,730,304,233,0.09726027397260273,508,315,0.26438356164383564
2197,640,239,172,0.10468749999999999,386,240,0.22812500000000002
2198,631,231,206,0.03961965134706813,391,288,0.16323296354992078
2199,665,229,169,0.09022556390977443,390,243,0.22105263157894733
2200,635,232,184,0.07559055118110236,380,265,0.18110236220472448
2201,703,262,206,0.07965860597439545,425,290,0.19203413940256048
2202,686,264,209,0.08017492711370261,410,282,0.1865889212827988
2203,709,271,211,0.08462623413258114,462,293,0.23836389280677006
2204,620,253,192,0.09838709677419355,407,270,0.2209677419354839
2205,727,286,227,0.08115543328748281,462,338,0.17056396148555714
2206,662,260,205,0.08308157099697888,417,272,0.2190332326283988
2207,635,255,210,0.07086614173228345,378,270,0.17007874015748026
2208,676,238,188,0.07396449704142016,443,286,0.23224852071005914
2209,657,253,181,0.1095890410958904,427,265,0.24657534246575347
2210,727,267,197,0.09628610729023385,447,294,0.21045392022008247
2211,666,248,192,0.08408408408408408,415,275,0.2102102102102102
2212,684,261,189,0.10526315789473684,432,268,0.23976608187134502
2213,736,289,215,0.10054347826086957,461,304,0.21331521739130438
2214,606,230,202,0.04620462046204621,379,275,0.17161716171617158
2215,712,259,218,0.057584269662921295,422,332,0.12640449438202245
2216,662,264,207,0.08610271903323263,424,302,0.18429003021148038
2217,719,283,237,0.06397774687065372,456,333,0.17107093184979139
2218,764,266,207,0.07722513089005234,448,293,0.2028795811518324
2219,744,293,237,0.07526881720430106,507,343,0.2204301075268817
2220,677,268,220,0.07090103397341208,438,307,0.19350073855243716
2221,746,289,223,0.08847184986595175,517,335,0.24396782841823056
2222,727,266,191,0.10316368638239337,448,270,0.24484181568088037
2223,669,264,221,0.06427503736920775,420,294,0.18834080717488794
2224,710,265,187,0.10985915492957748,442,276,0.23380281690140842
2225,685,271,231,0.05839416058394159,433,309,0.181021897810219
2226,604,232,188,0.07284768211920534,358,246,0.18543046357615894
2227,584,236,204,0.0547945205479452,363,275,0.1506849315068493
2228,723,276,198,0.10788381742738584,463,296,0.23098201936376206
2229,754,285,225,0.07957559681697612,512,315,0.26127320954907157
2230,662,230,183,0.07099697885196377,405,265,0.2114803625377643
2231,677,252,207,0.06646971935007384,421,308,0.16691285081240764
2232,665,254,196,0.08721804511278197,417,281,0.2045112781954887
2233,770,287,217,0.09090909090909094,468,301,0.21688311688311684
2234,692,272,188,0.12138728323699427,422,269,0.22109826589595377
2235,717,270,247,0.03207810320781029,453,331,0.17015341701534176
2236,655,262,192,0.1068702290076336,412,260,0.23206106870229004
2237,684,262,235,0.03947368421052633,414,332,0.11988304093567254
2238,788,301,230,0.09010152284263961,473,320,0.1941624365482234
2239,599,241,194,0.07846410684474125,394,262,0.22036727879799672
2240,694,250,200,0.07204610951008644,465,268,0.2838616714697406
2241,711,262,204,0.08157524613220818,464,274,0.2672292545710267
2242,695,271,206,0.09352517985611508,455,276,0.2575539568345324
2243,746,277,198,0.1058981233243968,465,274,0.2560321715817694
2244,793,304,210,0.11853720050441363,526,309,0.2736443883984868
2245,679,257,237,0.02945508100147276,429,309,0.1767304860088365
2246,671,247,195,0.07749627421758565,404,256,0.22056631892697465
2247,726,291,239,0.07162534435261708,467,327,0.1928374655647383
2248,750,256,188,0.09066666666666667,473,259,0.2853333333333334
2249,656,250,183,0.1021341463414634,408,257,0.23018292682926828
2250,689,273,229,0.06386066763425258,452,340,0.16255442670537007
2251,632,226,180,0.07278481012658228,376,258,0.1867088607594936
2252,648,260,205,0.08487654320987653,416,285,0.20216049382716045
2253,714,288,227,0.08543417366946782,457,316,0.19747899159663862
2254,718,285,249,0.05013927576601673,454,325,0.1796657381615599
2255,597,234,180,0.09045226130653267,365,260,0.17587939698492455
2256,651,241,193,0.07373271889400923,383,266,0.1797235023041474
2257,616,253,214,0.06331168831168832,401,308,0.15097402597402598
2258,684,258,206,0.07602339181286549,423,284,0.2032163742690059
2259,741,279,223,0.07557354925775978,464,302,0.21862348178137653
2260,758,292,221,0.09366754617414247,489,321,0.22163588390501326
2261,714,269,209,0.08403361344537813,457,291,0.2324929971988795
2262,718,283,220,0.08774373259052926,475,306,0.23537604456824512
2263,726,278,209,0.09504132231404955,489,307,0.25068870523415976
2264,661,248,189,0.08925869894099847,414,278,0.20574886535552195
2265,706,277,206,0.10056657223796034,456,278,0.25212464589235123
2266,707,270,222,0.06789250353606785,444,309,0.190947666195191
2267,646,233,183,0.07739938080495357,419,261,0.2445820433436533
2268,790,307,235,0.09113924050632916,536,350,0.23544303797468352
2269,739,289,237,0.07036535859269283,460,313,0.1989174560216509
2270,676,284,211,0.10798816568047337,427,282,0.21449704142011827
2271,671,243,206,0.05514157973174366,394,294,0.1490312965722802
2272,593,228,182,0.07757166947723437,390,259,0.2209106239460371
2273,620,243,189,0.08709677419354839,376,255,0.19516129032258062
2274,632,254,190,0.10126582278481011,397,259,0.21835443037974683
2275,676,286,230,0.08284023668639051,425,307,0.17455621301775154
2276,796,301,229,0.09045226130653267,520,329,0.23994974874371866
2277,655,255,184,0.10839694656488547,414,294,0.18320610687022898
2278,717,259,218,0.057182705718270554,453,301,0.21199442119944217
2279,711,273,224,0.06891701828410685,458,326,0.18565400843881863
2280,734,266,178,0.11989100817438694,462,266,0.26702997275204354
2281,651,231,196,0.05376344086021506,422,279,0.21966205837173586
2282,771,302,228,0.09597924773022048,496,326,0.22049286640726334
2283,714,263,185,0.1092436974789916,469,263,0.28851540616246496
2284,645,264,203,0.09457364341085273,413,305,0.16744186046511628
2285,670,250,179,0.10597014925373138,445,259,0.2776119402985075
2286,699,264,197,0.09585121602288987,445,266,0.2560801144492132
2287,712,274,216,0.08146067415730335,474,309,0.2317415730337079
2288,628,246,206,0.06369426751592361,380,286,0.14968152866242035
2289,714,262,215,0.06582633053221287,452,303,0.20868347338935572
2290,690,257,211,0.06666666666666665,418,286,0.19130434782608696
2291,679,252,186,0.09720176730486008,413,285,0.18851251840942557
2292,717,262,221,0.057182705718270554,442,294,0.2064156206415621
2293,698,272,220,0.07449856733524357,428,300,0.18338108882521492
2294,779,293,237,0.07188703465982027,507,331,0.2259306803594352
2295,767,274,212,0.08083441981747069,479,308,0.22294654498044336
2296,652,240,188,0.07975460122699385,409,280,0.19785276073619634
2297,658,273,224,0.07446808510638298,415,302,0.17173252279635265
2298,680,241,203,0.055882352941176494,441,284,0.23088235294117648
2299,623,247,198,0.0786516853932584,391,270,0.1942215088282504
2300,669,260,182,0.11659192825112108,431,235,0.29297458893871453
2301,677,268,211,0.08419497784342689,435,282,0.2259970457902511
2302,703,224,173,0.07254623044096728,423,257,0.23613086770981506
2303,779,277,204,0.09370988446726569,522,290,0.2978177150192554
2304,731,275,212,0.08618331053351574,456,293,0.22298221614227087
2305,702,275,193,0.11680911680911682,464,277,0.2663817663817663
2306,654,256,209,0.07186544342507645,404,269,0.20642201834862384
2307,728,279,215,0.08791208791208793,480,303,0.2431318681318681
2308,674,242,190,0.0771513353115727,450,278,0.2551928783382789
2309,697,237,175,0.08895265423242465,424,259,0.23672883787661403
2310,632,237,185,0.08227848101265822,369,246,0.19462025316455694
2311,625,257,192,0.10400000000000004,409,255,0.2464
2312,672,256,210,0.06845238095238093,449,300,0.2217261904761904
2313,630,220,180,0.06349206349206349,415,266,0.2365079365079365
2314,597,230,170,0.10050251256281412,376,251,0.20938023450586263
2315,709,240,175,0.09167842031029616,446,267,0.2524682651622003
2316,636,256,208,0.07547169811320759,434,290,0.2264150943396226
2317,684,274,221,0.07748538011695905,461,289,0.2514619883040935
2318,715,269,210,0.08251748251748253,425,294,0.1832167832167832
2319,731,274,207,0.09165526675786595,462,279,0.2503419972640219
2320,636,235,182,0.08333333333333331,390,258,0.2075471698113207
2321,707,256,167,0.1258840169731259,454,250,0.2885431400282885
2322,744,264,196,0.09139784946236562,477,288,0.2540322580645161
2323,738,273,208,0.08807588075880762,495,301,0.2628726287262873
2324,667,268,216,0.07796101949025491,446,298,0.2218890554722639
2325,685,262,191,0.10364963503649638,434,281,0.2233576642335766
2326,673,240,183,0.08469539375928681,400,259,0.20950965824665674
2327,764,299,241,0.07591623036649214,504,324,0.23560209424083772
2328,630,246,203,0.06825396825396823,395,281,0.18095238095238092
2329,605,240,196,0.07272727272727275,386,265,0.20000000000000007
2330,689,263,190,0.10595065312046442,423,276,0.21335268505079824
2331,803,294,215,0.09838107098381071,465,300,0.2054794520547945
2332,705,268,180,0.124822695035461,450,259,0.2709219858156029
2333,710,265,205,0.08450704225352113,459,296,0.22957746478873242
2334,808,305,245,0.07425742574257427,505,321,0.2277227722772277
2335,724,277,231,0.06353591160220995,455,321,0.18508287292817677
2336,723,262,196,0.09128630705394192,459,292,0.23098201936376206
2337,718,285,208,0.10724233983286907,459,298,0.22423398328690808
2338,685,264,187,0.1124087591240876,410,264,0.21313868613138692
2339,657,269,198,0.1080669710806697,427,267,0.24353120243531207
2340,591,252,201,0.0862944162436548,366,273,0.15736040609137053
2341,598,247,204,0.07190635451505017,365,266,0.165551839464883
2342,665,250,183,0.10075187969924809,423,259,0.2466165413533835
2343,749,282,196,0.11481975967957281,479,297,0.2429906542056075
2344,647,240,181,0.0911901081916538,416,267,0.2302936630602782
2345,674,284,211,0.10830860534124631,450,277,0.25667655786350146
2346,767,267,196,0.09256844850065188,483,269,0.27900912646675363
2347,616,267,198,0.11201298701298701,406,279,0.2061688311688311
2348,639,239,199,0.06259780907668233,403,293,0.17214397496087636
2349,803,321,236,0.10585305105853049,521,330,0.2378580323785804
2350,681,247,211,0.052863436123347984,410,288,0.17914831130690162
2351,678,274,207,0.09882005899705015,449,312,0.2020648967551622
2352,695,252,182,0.10071942446043164,439,267,0.24748201438848927
2353,719,273,198,0.1043115438108484,459,285,0.24200278164116829
2354,631,234,190,0.06973058637083995,406,254,0.24088748019017436
2355,597,226,174,0.08710217755443889,369,246,0.20603015075376885
2356,686,262,205,0.08309037900874638,428,289,0.20262390670553931
2357,720,258,203,0.0763888888888889,455,297,0.21944444444444444
2358,615,247,192,0.08943089430894308,398,259,0.22601626016260157
2359,648,266,223,0.06635802469135804,401,277,0.191358024691358
2360,684,256,214,0.06140350877192979,418,303,0.1681286549707603
2361,793,276,211,0.08196721311475408,516,301,0.2711223203026482
2362,740,292,213,0.10675675675675678,487,318,0.22837837837837843
2363,683,234,189,0.06588579795021965,419,283,0.19912152269399708
2364,666,236,178,0.08708708708708707,404,294,0.16516516516516516
2365,646,263,189,0.11455108359133126,410,271,0.21517027863777088
2366,682,255,219,0.0527859237536657,420,290,0.1906158357771261
2367,665,273,224,0.0736842105263158,441,312,0.19398496240601498
2368,681,241,181,0.08810572687224666,411,252,0.23348017621145378
2369,672,265,235,0.04464285714285715,453,324,0.19196428571428575
2370,707,268,201,0.09476661951909476,479,291,0.2659123055162659
2371,659,242,203,0.059180576631259474,411,277,0.20333839150227617
2372,725,269,217,0.07172413793103444,452,306,0.2013793103448276
2373,654,248,201,0.07186544342507645,376,272,0.15902140672782872
2374,653,256,208,0.0735068912710567,408,290,0.18070444104134764
2375,717,254,199,0.07670850767085075,477,284,0.26917712691771273
2376,649,257,225,0.04930662557781201,410,302,0.16640986132511554
2377,704,260,173,0.12357954545454547,418,262,0.22159090909090912
2378,747,281,216,0.08701472556894246,486,316,0.22757697456492637
2379,661,266,194,0.10892586989409986,433,266,0.25264750378214823
2380,682,248,207,0.060117302052785926,400,289,0.16275659824046923
2381,731,277,198,0.10807113543091651,468,281,0.25581395348837216
2382,748,280,219,0.08155080213903743,467,314,0.20454545454545459
2383,704,252,193,0.08380681818181818,438,267,0.2428977272727273
2384,657,288,224,0.0974124809741248,434,324,0.167427701674277
2385,698,263,220,0.061604584527220674,448,316,0.18911174785100293
2386,621,248,207,0.06602254428341386,378,295,0.13365539452495978
2387,717,268,217,0.07112970711297067,444,285,0.22175732217573219
2388,712,255,189,0.09269662921348315,424,285,0.1952247191011236
2389,764,302,210,0.12041884816753928,475,291,0.2408376963350785
2390,655,254,199,0.08396946564885499,414,286,0.19541984732824424
2391,714,250,179,0.09943977591036413,435,271,0.22969187675070024
2392,782,277,197,0.10230179028132991,495,292,0.25959079283887465
2393,707,263,208,0.07779349363507782,471,305,0.2347949080622348
2394,705,251,204,0.06666666666666671,414,275,0.19716312056737584
2395,731,276,208,0.09302325581395349,447,297,0.20519835841313266
2396,774,305,231,0.09560723514211888,511,328,0.23643410852713176
2397,649,242,215,0.04160246533127887,438,311,0.19568567026194145
2398,647,251,190,0.09428129829984544,411,271,0.21638330757341573
2399,685,265,200,0.09489051094890516,427,306,0.17664233576642335
2400,737,285,206,0.10719131614654004,480,303,0.2401628222523745
2401,688,261,207,0.07848837209302328,414,285,0.18749999999999994
2402,684,274,206,0.09941520467836257,444,283,0.23538011695906436
2403,681,240,209,0.04552129221732748,396,288,0.158590308370044
2404,724,258,190,0.09392265193370164,425,245,0.24861878453038677
2405,667,270,202,0.10194902548725637,458,295,0.24437781109445272
2406,756,293,222,0.0939153439153439,497,324,0.2288359788359789
2407,671,224,191,0.049180327868852514,383,268,0.17138599105812224
2408,742,300,230,0.09433962264150941,484,312,0.2318059299191375
2409,704,290,225,0.09232954545454547,450,312,0.19602272727272724
2410,621,239,215,0.03864734299516909,399,290,0.17552334943639286
2411,744,283,224,0.07930107526881719,469,313,0.2096774193548387
2412,652,273,186,0.1334355828220859,413,262,0.23159509202453987
2413,736,256,216,0.054347826086956486,463,320,0.19429347826086957
2414,722,282,231,0.0706371191135734,450,318,0.18282548476454297
2415,752,287,239,0.06382978723404259,502,327,0.23271276595744678
2416,703,281,212,0.0981507823613087,454,286,0.2389758179231864
2417,738,284,211,0.09891598915989158,459,290,0.22899728997289975
2418,736,261,203,0.07880434782608697,478,288,0.2581521739130435
2419,776,286,220,0.08505154639175261,520,295,0.2899484536082474
2420,600,235,176,0.09833333333333333,376,225,0.2516666666666667
2421,699,250,193,0.08154506437768239,425,276,0.2131616595135909
2422,624,215,186,0.046474358974358976,372,276,0.15384615384615385
2423,737,267,213,0.07327001356852103,463,312,0.20488466757123475
2424,676,243,173,0.1035502958579882,408,252,0.23076923076923073
2425,771,302,253,0.06355382619974059,481,347,0.17380025940337224
2426,718,279,212,0.0933147632311978,444,301,0.1991643454038997
2427,700,288,211,0.10999999999999999,477,311,0.2371428571428571
2428,640,223,194,0.04531250000000003,368,287,0.12656249999999997
2429,636,254,214,0.06289308176100633,398,293,0.16509433962264147
2430,738,278,213,0.08807588075880757,468,298,0.23035230352303526
2431,746,270,191,0.1058981233243968,476,266,0.2815013404825737
2432,698,260,216,0.0630372492836676,419,289,0.1862464183381089
2433,816,313,244,0.0845588235294118,539,317,0.27205882352941174
2434,683,252,203,0.0717423133235725,427,280,0.2152269399707174
2435,630,258,196,0.0984126984126984,425,275,0.23809523809523814
2436,647,254,230,0.037094281298299836,415,285,0.20092735703245757
2437,711,247,186,0.08579465541490855,451,268,0.2573839662447257
2438,754,291,230,0.0809018567639257,477,337,0.18567639257294427
2439,774,286,231,0.07105943152454786,512,329,0.23643410852713181
2440,752,273,211,0.08244680851063829,489,298,0.25398936170212766
2441,752,267,214,0.07047872340425532,456,304,0.20212765957446815
2442,737,270,181,0.12075983717774763,470,260,0.28493894165535955
2443,676,272,218,0.07988165680473375,445,294,0.22337278106508873
2444,658,224,182,0.06382978723404253,404,275,0.196048632218845
2445,782,290,224,0.0843989769820972,520,320,0.2557544757033248
2446,619,247,211,0.05815831987075931,391,284,0.172859450726979
2447,701,263,217,0.06562054208273893,443,312,0.18687589158345225
2448,729,288,210,0.10699588477366251,453,280,0.23731138545953356
2449,647,241,192,0.07573415765069552,378,260,0.1823802163833076
2450,730,253,191,0.08493150684931511,447,280,0.22876712328767124
2451,664,251,216,0.052710843373493965,411,278,0.20030120481927716
2452,685,272,216,0.08175182481751825,435,301,0.19562043795620437
2453,674,262,202,0.08902077151335308,438,286,0.2255192878338279
2454,654,246,203,0.06574923547400613,405,281,0.18960244648318036
2455,641,246,188,0.09048361934477384,443,256,0.29173166926677063
2456,532,212,167,0.08458646616541349,325,243,0.15413533834586463
2457,708,273,195,0.11016949152542377,445,270,0.24717514124293782
2458,611,254,192,0.10147299509001634,377,266,0.1816693944353519
2459,703,270,213,0.08108108108108109,446,307,0.19772403982930298
2460,707,277,205,0.1018387553041018,464,308,0.22065063649222066
2461,726,294,227,0.09228650137741046,464,322,0.19559228650137744
2462,712,278,240,0.05337078651685395,497,339,0.2219101123595505
2463,656,237,188,0.07469512195121952,398,263,0.20579268292682923
2464,669,265,210,0.08221225710014946,422,307,0.17189835575485796
2465,722,268,210,0.08033240997229918,465,317,0.20498614958448746
2466,804,302,238,0.07960199004975127,540,347,0.24004975124378114
2467,762,283,204,0.10367454068241466,464,291,0.22703412073490814
2468,768,268,203,0.08463541666666663,486,302,0.23958333333333331
2469,745,262,174,0.11812080536912753,463,251,0.2845637583892618
2470,741,270,210,0.08097165991902833,465,303,0.21862348178137658
2471,688,254,200,0.07848837209302323,422,280,0.20639534883720928
2472,701,260,197,0.08987161198288163,417,279,0.1968616262482168
2473,734,278,198,0.10899182561307902,436,270,0.22615803814713897
2474,654,245,193,0.07951070336391436,398,266,0.20183486238532117
2475,649,233,182,0.07858243451463792,415,253,0.24961479198767328
2476,657,270,204,0.1004566210045662,436,278,0.2404870624048706
2477,626,262,215,0.07507987220447282,388,291,0.15495207667731625
2478,714,277,199,0.1092436974789916,452,297,0.2170868347338935
2479,756,279,218,0.0806878306878307,507,301,0.27248677248677244
2480,717,254,190,0.08926080892608085,445,287,0.22036262203626222
2481,694,262,186,0.10951008645533145,430,252,0.2564841498559078
2482,763,290,217,0.09567496723460023,488,309,0.2346002621231979
2483,711,296,224,0.10126582278481011,485,314,0.2405063291139241
2484,725,296,209,0.12000000000000005,473,311,0.22344827586206895
2485,710,269,215,0.07605633802816902,436,307,0.1816901408450704
2486,766,300,227,0.09530026109660578,482,319,0.21279373368146215
2487,742,293,260,0.0444743935309973,452,349,0.13881401617250672
2488,722,261,214,0.06509695290858725,454,296,0.21883656509695287
2489,683,260,203,0.08345534407027821,444,297,0.21522693997071746
2490,664,274,214,0.09036144578313254,438,314,0.18674698795180722
2491,664,250,182,0.10240963855421686,442,259,0.27560240963855415
2492,758,281,214,0.08839050131926124,525,313,0.2796833773087072
2493,787,297,229,0.08640406607369755,470,298,0.21855146124523506
2494,752,301,229,0.0957446808510638,469,302,0.2220744680851064
2495,712,257,192,0.0912921348314607,413,271,0.199438202247191
2496,708,291,217,0.10451977401129947,451,282,0.23870056497175146
2497,692,274,218,0.0809248554913295,445,301,0.20809248554913296
2498,610,239,188,0.0836065573770492,375,255,0.19672131147540983
2499,627,247,203,0.07017543859649122,397,290,0.17065390749601278
2500,708,257,194,0.08898305084745767,427,275,0.21468926553672318
2501,708,242,180,0.08757062146892658,453,287,0.23446327683615814
2502,663,258,215,0.06485671191553544,412,299,0.17043740573152338
2503,664,245,192,0.07981927710843373,393,270,0.18524096385542171
2504,740,277,230,0.06351351351351353,484,333,0.20405405405405402
2505,662,239,195,0.06646525679758308,434,275,0.24018126888217523
2506,655,253,199,0.08244274809160307,424,284,0.2137404580152672
2507,723,263,194,0.0954356846473029,462,293,0.23374827109266938
2508,665,298,213,0.12781954887218044,447,307,0.21052631578947367
2509,703,250,214,0.05120910384068278,441,305,0.19345661450924612
2510,701,255,188,0.09557774607703279,462,278,0.26248216833095583
2511,691,253,203,0.0723589001447178,407,288,0.1722141823444283
2512,728,288,232,0.07692307692307693,451,312,0.19093406593406598
2513,818,312,234,0.09535452322738386,561,331,0.2811735941320293
2514,693,252,215,0.05339105339105338,405,301,0.15007215007215002
2515,691,259,198,0.0882778581765557,455,270,0.26772793053545585
2516,632,244,213,0.04905063291139239,392,303,0.14082278481012656
2517,686,285,203,0.11953352769679298,477,307,0.24781341107871724
2518,637,244,186,0.09105180533751961,413,262,0.23704866562009425
2519,772,279,222,0.0738341968911917,493,316,0.22927461139896377
2520,689,258,206,0.07547169811320753,429,285,0.2089985486211901
2521,708,264,203,0.08615819209039549,439,276,0.23022598870056493
2522,698,261,212,0.07020057306590255,436,283,0.21919770773638964
2523,735,285,219,0.0897959183673469,490,328,0.2204081632653061
2524,708,273,184,0.12570621468926557,456,270,0.2627118644067796
2525,793,300,213,0.10970996216897855,507,323,0.2320302648171501
2526,706,274,227,0.06657223796033995,452,312,0.19830028328611898
2527,703,278,211,0.09530583214793742,439,308,0.18634423897581792
2528,633,245,209,0.056872037914691975,391,276,0.18167456556082145
2529,733,276,204,0.09822646657571626,459,288,0.233287858117326
2530,736,271,201,0.09510869565217389,477,303,0.23641304347826086
2531,651,242,215,0.04147465437788023,401,312,0.1367127496159754
2532,701,274,218,0.07988587731811703,446,299,0.20970042796005706
2533,612,239,192,0.07679738562091504,386,256,0.21241830065359474
2534,676,268,194,0.10946745562130178,434,267,0.24704142011834312
2535,618,237,198,0.06310679611650483,404,278,0.2038834951456311
2536,651,262,204,0.08909370199692784,416,278,0.21198156682027647
2537,790,308,224,0.10632911392405064,498,299,0.2518987341772152
2538,694,258,188,0.10086455331412109,416,258,0.22766570605187314
2539,705,275,221,0.07659574468085106,480,315,0.23404255319148937
2540,654,252,206,0.07033639143730891,403,266,0.20948012232415908
2541,723,275,215,0.0829875518672199,454,305,0.20608575380359612
2542,636,244,186,0.09119496855345915,429,270,0.25
2543,697,252,210,0.06025824964131998,426,302,0.17790530846484937
2544,727,272,233,0.053645116918844604,471,327,0.19807427785419535
2545,754,288,232,0.07427055702917768,485,321,0.2175066312997348
2546,768,282,217,0.08463541666666669,522,292,0.2994791666666667
2547,724,270,228,0.058011049723756924,450,314,0.18784530386740333
2548,702,273,189,0.11965811965811968,460,276,0.26210826210826216
2549,697,260,206,0.07747489239598282,424,292,0.1893830703012912
2550,589,222,187,0.05942275042444822,377,256,0.2054329371816639
2551,789,312,229,0.10519645120405574,502,317,0.23447401774397975
2552,656,242,177,0.09908536585365851,417,254,0.2484756097560975
2553,686,245,185,0.08746355685131196,421,269,0.22157434402332354
2554,770,312,240,0.09350649350649354,537,349,0.24415584415584413
2555,690,269,234,0.050724637681159424,446,336,0.15942028985507245
2556,705,266,207,0.08368794326241136,467,287,0.2553191489361702
2557,708,283,216,0.09463276836158191,446,301,0.20480225988700568
2558,664,254,210,0.06626506024096385,401,289,0.16867469879518066
2559,728,260,193,0.09203296703296704,464,275,0.2596153846153846
2560,664,233,176,0.08584337349397586,394,239,0.2334337349397591
2561,752,291,242,0.06515957446808512,448,312,0.18085106382978722
2562,624,232,210,0.03525641025641024,393,308,0.13621794871794868
2563,633,245,201,0.06951026856240128,400,285,0.1816745655608215
2564,667,259,215,0.06596701649175413,432,301,0.19640179910044975
2565,769,305,232,0.09492847854356307,509,331,0.23146944083224963
2566,762,295,225,0.0918635170603675,498,302,0.25721784776902884
2567,636,255,210,0.07075471698113212,425,302,0.19339622641509435
2568,780,293,231,0.07948717948717948,524,339,0.23717948717948711
2569,763,295,216,0.10353866317169069,478,311,0.21887287024901703
2570,714,285,217,0.09523809523809529,448,295,0.2142857142857143
2571,648,244,179,0.10030864197530864,376,253,0.18981481481481483
2572,665,258,213,0.06766917293233082,438,286,0.22857142857142854
2573,643,254,215,0.06065318818040433,383,295,0.13685847589424566
2574,698,249,195,0.07736389684813755,435,291,0.20630372492836674
2575,789,291,210,0.1026615969581749,521,302,0.2775665399239543
2576,742,275,208,0.09029649595687333,441,307,0.18059299191374661
2577,779,287,200,0.11168164313222079,529,290,0.30680359435173304
2578,654,250,203,0.07186544342507645,429,300,0.19724770642201828
2579,703,265,236,0.04125177809388336,433,313,0.1706970128022759
2580,652,247,211,0.05521472392638033,424,292,0.20245398773006135
2581,678,267,198,0.10176991150442477,411,278,0.19616519174041303
2582,681,274,199,0.1101321585903084,439,290,0.21879588839941266
2583,767,308,244,0.08344198174706646,516,340,0.22946544980443284
2584,772,279,201,0.10103626943005184,497,293,0.2642487046632124
2585,637,284,225,0.09262166405023547,423,320,0.16169544740973318
2586,712,256,208,0.06741573033707865,434,298,0.19101123595505615
2587,681,269,211,0.08516886930983847,450,279,0.2511013215859031
2588,805,306,244,0.0770186335403727,543,341,0.25093167701863356
2589,672,252,206,0.06845238095238093,417,286,0.19494047619047622
2590,659,255,181,0.11229135053110778,410,236,0.26403641881638845
2591,613,239,182,0.09298531810766719,415,254,0.26264274061990217
2592,760,289,255,0.044736842105263186,493,353,0.18421052631578944
2593,642,254,180,0.11526479750778817,398,257,0.21962616822429903
2594,817,321,242,0.09669522643818851,549,335,0.26193390452876375
2595,651,245,197,0.07373271889400923,408,263,0.22273425499231947
2596,655,250,196,0.08244274809160307,416,268,0.22595419847328246
2597,788,312,228,0.10659898477157365,545,330,0.27284263959390864
2598,702,286,215,0.10113960113960113,468,302,0.23646723646723644
2599,743,280,216,0.08613728129205922,494,298,0.2637954239569314
2600,747,295,223,0.09638554216867473,479,314,0.22088353413654616
2601,681,267,196,0.1042584434654919,461,285,0.2584434654919237
2602,629,225,176,0.07790143084260731,398,268,0.2066772655007949
2603,647,271,219,0.08037094281298302,418,294,0.19165378670788247
2604,718,279,207,0.10027855153203347,523,293,0.3203342618384401
2605,647,228,174,0.08346213292117466,370,250,0.18547140649149918
2606,660,286,250,0.054545454545454564,448,322,0.19090909090909097
2607,661,267,189,0.11800302571860816,419,269,0.22692889561270801
2608,673,236,179,0.08469539375928675,419,273,0.21693907875185736
2609,691,263,210,0.07670043415340089,425,300,0.1808972503617945
2610,711,271,193,0.10970464135021102,462,268,0.2728551336146272
2611,701,271,195,0.10841654778887305,441,277,0.2339514978601997
2612,684,272,218,0.0789473684210526,454,293,0.2353801169590643
2613,709,272,224,0.06770098730606489,464,290,0.2454160789844852
2614,732,274,209,0.08879781420765032,450,293,0.2144808743169399
2615,671,256,201,0.08196721311475408,410,299,0.16542473919523104
2616,745,277,234,0.05771812080536909,479,309,0.22818791946308725
2617,646,246,185,0.09442724458204338,401,257,0.22291021671826622
2618,753,256,198,0.07702523240371845,448,282,0.22045152722443562
2619,698,271,200,0.10171919770773641,452,295,0.2249283667621777
2620,664,272,201,0.10692771084337349,439,279,0.24096385542168675
2621,700,262,212,0.0714285714285714,441,291,0.2142857142857143
2622,784,300,220,0.10204081632653061,482,331,0.19260204081632654
2623,778,290,210,0.10282776349614398,533,309,0.28791773778920315
2624,667,243,200,0.0644677661169415,421,285,0.20389805097451275
2625,679,254,209,0.06627393225331368,440,294,0.21502209131075112
2626,695,277,207,0.10071942446043164,455,294,0.23165467625899283
2627,644,271,224,0.07298136645962733,441,313,0.19875776397515532
2628,689,250,199,0.07402031930333813,399,269,0.18867924528301888
2629,671,274,210,0.09538002980625931,425,273,0.2265275707898659
2630,682,267,208,0.08651026392961875,425,285,0.20527859237536655
2631,597,238,186,0.08710217755443883,390,280,0.18425460636515917
2632,726,260,184,0.1046831955922865,453,269,0.2534435261707989
2633,741,278,220,0.07827260458839402,484,315,0.22807017543859642
2634,692,252,188,0.09248554913294799,410,256,0.22254335260115604
2635,731,283,202,0.11080711354309164,462,285,0.24213406292749662
2636,752,285,221,0.08510638297872342,452,310,0.18882978723404253
2637,722,280,228,0.07202216066481998,473,320,0.2119113573407202
2638,708,233,189,0.062146892655367214,449,290,0.2245762711864407
2639,638,237,176,0.09561128526645768,375,255,0.18808777429467088
2640,727,299,200,0.1361760660247593,515,313,0.27785419532324623
2641,699,277,216,0.08726752503576535,449,280,0.24177396280400565
2642,689,278,216,0.08998548621190133,426,306,0.17416545718432508
2643,719,293,236,0.07927677329624477,470,322,0.20584144645340752
2644,681,244,189,0.08076358296622616,426,274,0.22320117474302492
2645,776,277,200,0.09922680412371138,505,294,0.2719072164948454
2646,693,278,221,0.08225108225108224,463,315,0.21356421356421357
2647,688,261,199,0.09011627906976744,415,271,0.20930232558139533
2648,699,259,205,0.07725321888412012,421,288,0.19027181688125894
2649,642,244,183,0.09501557632398755,400,249,0.23520249221183798
2650,684,262,201,0.08918128654970758,421,259,0.23684210526315785
2651,702,267,201,0.09401709401709402,472,261,0.30056980056980054
2652,721,265,190,0.10402219140083219,494,279,0.2981969486823856
2653,688,262,200,0.09011627906976744,445,288,0.22819767441860467
2654,794,279,212,0.08438287153652396,499,327,0.21662468513853905
2655,729,258,187,0.09739368998628256,447,288,0.21810699588477367
2656,745,283,238,0.06040268456375836,476,329,0.1973154362416108
2657,737,286,233,0.07191316146540028,485,321,0.2225237449118046
2658,701,263,214,0.06990014265335237,450,307,0.2039942938659059
2659,697,286,224,0.08895265423242471,480,317,0.2338593974175036
2660,691,269,221,0.06946454413892911,436,304,0.19102749638205502
2661,622,208,175,0.05305466237942119,371,259,0.18006430868167206
2662,601,242,182,0.09983361064891844,377,286,0.151414309484193
2663,711,240,196,0.06188466947960619,459,284,0.24613220815752462
2664,839,288,231,0.06793802145411204,509,299,0.2502979737783075
2665,682,281,220,0.0894428152492669,435,314,0.1774193548387097
2666,664,241,167,0.11144578313253012,395,243,0.22891566265060237
2667,705,273,232,0.058156028368794355,416,333,0.11773049645390066
2668,645,252,205,0.07286821705426355,410,284,0.19534883720930235
2669,696,260,222,0.05459770114942525,457,313,0.20689655172413796
2670,679,245,193,0.07658321060382917,390,284,0.15611192930780554
2671,645,247,207,0.06201550387596899,422,326,0.14883720930232558
2672,662,263,209,0.081570996978852,435,306,0.19486404833836862
2673,669,266,211,0.08221225710014951,428,279,0.2227204783258595
2674,696,286,219,0.09626436781609199,446,291,0.22270114942528735
2675,629,238,197,0.06518282988871227,410,269,0.22416534181240066
2676,684,280,236,0.06432748538011696,445,324,0.1769005847953216
2677,706,275,208,0.09490084985835695,459,297,0.22946175637393768
2678,812,282,222,0.07389162561576357,488,311,0.2179802955665025
2679,676,237,190,0.06952662721893493,434,276,0.23372781065088755
2680,629,211,181,0.04769475357710651,356,267,0.14149443561208264
2681,728,281,221,0.08241758241758246,472,294,0.24450549450549453
2682,703,254,215,0.055476529160739696,444,303,0.2005689900426742
2683,624,255,187,0.10897435897435898,393,265,0.20512820512820512
2684,654,272,229,0.06574923547400613,428,308,0.1834862385321101
2685,675,240,161,0.11703703703703705,425,236,0.28
2686,659,270,212,0.08801213960546284,441,300,0.21396054628224587
2687,724,275,224,0.07044198895027626,435,306,0.17817679558011057
2688,697,262,197,0.09325681492109039,448,257,0.2740315638450502
2689,765,255,218,0.04836601307189542,500,319,0.23660130718954248
2690,710,277,219,0.08169014084507042,448,310,0.19436619718309867
2691,687,271,208,0.09170305676855894,464,295,0.24599708879184862
2692,667,271,209,0.09295352323838085,458,284,0.2608695652173913
2693,716,286,233,0.07402234636871508,489,318,0.23882681564245806
2694,707,256,203,0.074964639321075,433,297,0.1923620933521924
2695,635,240,189,0.08031496062992127,376,287,0.14015748031496061
2696,718,270,182,0.1225626740947075,433,271,0.2256267409470752
2697,636,253,199,0.08490566037735853,401,278,0.19339622641509435
2698,738,275,215,0.08130081300813008,476,312,0.22222222222222215
2699,765,279,195,0.10980392156862745,462,283,0.2339869281045751
2700,754,298,229,0.09151193633952254,506,318,0.24933687002652521
2701,627,218,166,0.08293460925039875,346,232,0.18181818181818182
2702,757,306,211,0.12549537648612946,523,296,0.29986789960369875
2703,655,257,204,0.08091603053435115,401,292,0.166412213740458
2704,706,252,205,0.0665722379603399,419,285,0.18980169971671385
2705,640,244,193,0.07968749999999997,373,277,0.14999999999999997
2706,645,234,181,0.08217054263565893,397,256,0.2186046511627907
2707,609,221,164,0.09359605911330049,386,239,0.24137931034482757
2708,715,280,215,0.09090909090909094,474,295,0.2503496503496503
2709,665,257,233,0.036090225563909784,430,314,0.1744360902255639
2710,743,270,234,0.04845222072678329,449,338,0.14939434724091522
2711,672,269,195,0.11011904761904762,442,283,0.23660714285714285
2712,728,273,204,0.09478021978021978,446,290,0.21428571428571436
2713,681,250,187,0.09251101321585903,411,268,0.20998531571218798
2714,684,257,179,0.11403508771929827,436,252,0.2690058479532164
2715,667,239,188,0.07646176911544228,408,280,0.19190404797601202
2716,682,264,210,0.07917888563049852,440,289,0.22140762463343105
2717,727,277,211,0.0907840440165062,447,290,0.21595598349381012
2718,679,260,189,0.1045655375552283,408,260,0.21796759941089833
2719,706,267,221,0.06515580736543913,435,305,0.1841359773371105
2720,668,256,192,0.09580838323353297,402,288,0.17065868263473055
2721,707,268,224,0.06223479490806222,440,310,0.18387553041018384
2722,692,266,204,0.08959537572254334,435,287,0.2138728323699422
2723,722,265,237,0.038781163434903065,482,338,0.1994459833795013
2724,780,310,232,0.09999999999999998,501,324,0.22692307692307695
2725,631,240,200,0.06339144215530906,416,290,0.1996830427892235
2726,680,238,166,0.10588235294117646,415,250,0.24264705882352944
2727,653,220,180,0.06125574272588058,373,255,0.18070444104134759
2728,727,261,206,0.07565337001375516,459,290,0.23246217331499314
2729,662,277,207,0.10574018126888218,424,286,0.20845921450151056
2730,639,254,207,0.07355242566510173,420,293,0.1987480438184664
2731,660,257,200,0.08636363636363636,427,284,0.21666666666666667
2732,787,309,240,0.08767471410419314,519,332,0.23761118170266832
2733,642,249,205,0.06853582554517135,392,280,0.1744548286604361
2734,705,283,212,0.10070921985815606,449,295,0.21843971631205678
2735,796,279,205,0.09296482412060303,490,278,0.2663316582914572
2736,739,287,204,0.11231393775372123,502,289,0.2882273342354533
2737,727,281,210,0.09766162310866572,464,299,0.22696011004126543
2738,718,268,229,0.05431754874651812,468,327,0.1963788300835655
2739,681,247,191,0.08223201174743022,427,279,0.21732745961820849
2740,729,276,210,0.09053497942386829,467,286,0.24828532235939643
2741,765,292,225,0.0875816993464052,516,338,0.23267973856209156
2742,622,248,188,0.09646302250803862,417,277,0.22508038585209
2743,671,272,226,0.06855439642324884,433,309,0.18479880774962748
2744,728,289,219,0.09615384615384615,487,296,0.2623626373626373
2745,719,279,231,0.06675938803894299,457,331,0.17524339360222535
2746,636,237,181,0.08805031446540879,394,257,0.2154088050314465
2747,670,255,202,0.07910447761194028,420,289,0.1955223880597015
2748,685,265,213,0.07591240875912414,473,284,0.27591240875912404
2749,726,279,203,0.1046831955922865,458,294,0.22589531680440778
2750,567,238,177,0.10758377425044091,359,242,0.2063492063492064
2751,714,290,223,0.0938375350140056,508,328,0.2521008403361345
2752,654,255,214,0.06269113149847094,398,295,0.15749235474006124
2753,704,278,217,0.08664772727272729,470,277,0.27414772727272724
2754,703,270,209,0.08677098150782359,427,317,0.15647226173541967
2755,693,262,214,0.06926406926406925,451,296,0.22366522366522368
2756,684,266,188,0.11403508771929827,445,277,0.24561403508771923
2757,825,303,209,0.1139393939393939,536,302,0.2836363636363636
2758,682,243,199,0.06451612903225806,442,272,0.24926686217008798
2759,671,241,193,0.07153502235469444,443,281,0.24143070044709386
2760,673,253,203,0.07429420505200596,436,298,0.20505200594353645
2761,647,264,214,0.07727975270479137,432,293,0.21483771251932
2762,695,259,236,0.03309352517985609,434,325,0.15683453237410072
2763,706,282,225,0.08073654390934842,473,317,0.2209631728045326
2764,666,268,234,0.05105105105105101,427,314,0.16966966966966973
2765,722,282,205,0.10664819944598336,460,286,0.24099722991689754
2766,748,304,237,0.08957219251336901,479,335,0.1925133689839572
2767,800,301,222,0.09874999999999995,549,302,0.30875
2768,681,254,203,0.07488986784140972,419,286,0.19530102790014686
2769,573,220,194,0.04537521815008727,354,265,0.1553228621291448
2770,622,238,180,0.09324758842443731,386,259,0.20418006430868169
2771,686,254,186,0.0991253644314869,464,280,0.2682215743440233
2772,648,253,185,0.1049382716049383,410,266,0.22222222222222227
2773,638,220,176,0.06896551724137934,360,257,0.16144200626959243
2774,664,238,192,0.06927710843373497,404,304,0.15060240963855426
2775,646,259,206,0.08204334365325078,421,283,0.2136222910216718
2776,706,272,226,0.06515580736543908,433,313,0.16997167138810199
2777,714,267,179,0.12324929971988796,493,275,0.3053221288515406
2778,767,295,227,0.08865710560625817,482,312,0.2216427640156453
2779,676,277,216,0.0902366863905325,430,296,0.19822485207100593
2780,655,240,200,0.06106870229007633,419,275,0.21984732824427483
2781,682,273,221,0.07624633431085043,414,284,0.1906158357771261
2782,601,232,156,0.1264559068219634,375,223,0.2529118136439268
2783,691,252,192,0.08683068017366136,419,295,0.1794500723589002
2784,649,243,180,0.09707241910631742,376,244,0.20338983050847453
2785,748,280,207,0.09759358288770054,499,284,0.2874331550802139
2786,631,237,177,0.09508716323296351,368,260,0.17115689381933435
2787,741,291,202,0.12010796221322534,461,287,0.23481781376518218
2788,764,279,198,0.10602094240837695,473,305,0.2198952879581152
2789,729,275,206,0.09465020576131683,453,303,0.20576131687242794
2790,797,309,279,0.03764115432873277,516,366,0.18820577164366376
2791,711,277,203,0.1040787623066104,487,296,0.2686357243319269
2792,728,266,209,0.0782967032967033,466,277,0.2596153846153846
2793,707,280,230,0.07072135785007072,443,320,0.173974540311174
2794,691,289,228,0.0882778581765557,463,312,0.21852387843704774
2795,707,276,191,0.12022630834512021,492,273,0.3097595473833098
2796,634,242,199,0.06782334384858046,417,306,0.17507886435331232
2797,653,268,200,0.10413476263399696,403,285,0.18070444104134759
2798,654,260,194,0.10091743119266056,407,280,0.19418960244648314
2799,821,295,209,0.10475030450669914,540,324,0.26309378806333744
2800,795,280,194,0.1081761006289308,492,266,0.2842767295597484
2801,731,289,226,0.08618331053351569,474,305,0.23119015047879615
2802,667,253,200,0.07946026986506743,436,289,0.22038980509745126
2803,690,279,215,0.0927536231884058,470,312,0.22898550724637684
2804,687,264,181,0.12081513828238721,423,268,0.22561863173216884
2805,698,283,226,0.08166189111747851,442,315,0.18194842406876788
2806,753,298,232,0.08764940239043822,514,321,0.2563081009296148
2807,775,291,256,0.04516129032258065,472,360,0.14451612903225802
2808,626,249,169,0.12779552715654952,401,258,0.2284345047923323
2809,678,271,198,0.107669616519174,443,290,0.22566371681415937
2810,655,269,215,0.08244274809160307,429,287,0.21679389312977104
2811,740,286,237,0.0662162162162162,507,327,0.24324324324324326
2812,737,262,195,0.09090909090909088,463,285,0.24151967435549526
2813,647,269,193,0.11746522411128285,409,268,0.21792890262751163
2814,628,254,178,0.1210191082802548,404,259,0.23089171974522288
2815,742,296,220,0.10242587601078168,511,312,0.2681940700808625
2816,712,249,175,0.10393258426966293,424,263,0.226123595505618
2817,620,236,175,0.0983870967741935,399,241,0.25483870967741934
2818,735,276,188,0.1197278911564626,471,276,0.2653061224489796
2819,662,256,208,0.07250755287009064,416,272,0.21752265861027187
2820,685,256,214,0.061313868613138645,441,289,0.22189781021897814
2821,757,271,206,0.08586525759577274,474,309,0.2179656538969617
2822,650,250,211,0.06,393,289,0.16000000000000003
2823,621,253,215,0.06119162640901771,432,278,0.24798711755233493
2824,697,293,218,0.10760401721664276,461,316,0.2080344332855093
2825,768,290,247,0.05598958333333337,499,328,0.22265625000000006
2826,737,278,186,0.12483039348710989,474,268,0.2795115332428765
2827,617,221,202,0.030794165316045397,378,279,0.16045380875202597
2828,634,228,186,0.06624605678233436,381,288,0.1466876971608833
2829,734,269,219,0.0681198910081744,486,328,0.21525885558583108
2830,735,252,176,0.1034013605442177,460,249,0.2870748299319728
2831,706,273,219,0.07648725212464591,438,294,0.20396600566572232
2832,657,242,185,0.0867579908675799,433,282,0.22983257229832577
2833,708,264,223,0.057909604519774005,465,319,0.20621468926553677
2834,719,255,193,0.08623087621696801,438,269,0.23504867872044505
2835,798,296,216,0.10025062656641603,540,293,0.3095238095238095
2836,693,270,187,0.1197691197691198,453,282,0.24675324675324672
2837,656,241,203,0.05792682926829268,413,289,0.18902439024390238
2838,672,264,210,0.08035714285714285,429,286,0.212797619047619
2839,714,285,202,0.11624649859943981,456,296,0.22408963585434166
2840,630,253,185,0.10793650793650794,403,266,0.2174603174603174
2841,655,273,207,0.10076335877862597,427,279,0.22595419847328246
2842,727,268,212,0.07702888583218709,424,300,0.17056396148555708
2843,653,255,194,0.09341500765696786,419,285,0.20520673813169982
2844,678,262,201,0.08997050147492625,443,293,0.2212389380530974
2845,734,277,231,0.06267029972752047,449,311,0.1880108991825613
2846,662,239,187,0.0785498489425982,418,252,0.2507552870090634
2847,692,244,183,0.08815028901734101,427,275,0.21965317919075145
2848,717,293,232,0.08507670850767085,488,319,0.23570432357043236
2849,681,256,184,0.10572687224669602,448,257,0.28046989720998533
2850,724,287,216,0.09806629834254144,491,296,0.2693370165745856
2851,698,270,206,0.09169054441260743,478,312,0.23782234957020054
2852,741,276,229,0.06342780026990558,464,306,0.21322537112010798
2853,738,275,197,0.10569105691056907,474,269,0.27777777777777785
2854,743,278,221,0.07671601615074025,449,311,0.1857335127860027
2855,628,232,191,0.06528662420382164,407,274,0.21178343949044587
2856,721,261,204,0.07905686546463248,409,290,0.16504854368932037
2857,704,260,213,0.06676136363636365,449,304,0.20596590909090912
2858,671,258,212,0.0685543964232489,418,293,0.18628912071535025
2859,667,265,187,0.11694152923538231,416,272,0.21589205397301348
2860,659,257,207,0.07587253414264039,411,291,0.18209408194233684
2861,599,240,209,0.05175292153589317,378,274,0.17362270450751255
2862,785,301,227,0.09426751592356691,512,322,0.2420382165605095
2863,721,295,233,0.0859916782246879,466,311,0.2149791955617199
2864,734,270,215,0.07493188010899182,432,287,0.19754768392370575
2865,696,262,180,0.11781609195402298,428,261,0.23994252873563215
2866,701,262,220,0.05991440798858777,428,293,0.19258202567760335
2867,701,276,241,0.04992867332382306,459,341,0.1683309557774607
2868,724,270,231,0.05386740331491713,460,303,0.2168508287292818
2869,690,271,205,0.09565217391304348,424,290,0.1942028985507247
2870,676,272,223,0.0724852071005917,437,308,0.19082840236686394
2871,792,287,229,0.0732323232323232,512,313,0.2512626262626263
2872,666,258,217,0.06156156156156156,436,281,0.23273273273273276
2873,625,236,201,0.055999999999999994,387,272,0.184
2874,657,277,230,0.0715372907153729,440,316,0.1887366818873668
2875,699,267,224,0.06151645207439199,441,310,0.18741058655221743
2876,640,255,198,0.08906249999999999,420,277,0.2234375
2877,787,280,205,0.09529860228716647,503,289,0.2719186785260483
2878,772,296,212,0.10880829015544041,534,304,0.2979274611398964
2879,701,281,200,0.11554921540656204,468,282,0.2653352353780314
2880,672,257,198,0.08779761904761901,428,259,0.2514880952380952
2881,676,244,199,0.06656804733727811,425,282,0.21153846153846156
2882,647,271,189,0.12673879443585778,439,264,0.27047913446676974
2883,667,258,222,0.0539730134932534,438,317,0.1814092953523238
2884,748,263,194,0.09224598930481287,451,282,0.2259358288770053
2885,696,250,218,0.04597701149425287,463,317,0.20977011494252873
2886,697,281,203,0.11190817790530844,451,289,0.2324246771879484
2887,679,272,194,0.11487481590574378,445,264,0.2665684830633284
2888,728,257,204,0.07280219780219782,466,278,0.2582417582417582
2889,724,281,213,0.09392265193370164,454,292,0.22375690607734805
2890,720,272,215,0.07916666666666666,432,290,0.1972222222222222
2891,734,284,222,0.08446866485013621,452,302,0.20435967302452313
2892,727,285,221,0.08803301237964234,455,293,0.2228335625859697
2893,785,299,204,0.1210191082802548,513,326,0.2382165605095541
2894,607,241,194,0.07742998352553543,393,262,0.21581548599670514
2895,687,283,223,0.0873362445414847,470,293,0.2576419213973799
2896,688,265,217,0.06976744186046513,430,297,0.1933139534883721
2897,883,319,224,0.10758776896942246,567,314,0.28652321630804084
2898,696,267,204,0.09051724137931039,434,287,0.2112068965517242
2899,683,278,225,0.07759882869692536,444,323,0.1771595900439239
2900,717,258,206,0.07252440725244075,428,304,0.17294281729428174
2901,649,235,190,0.06933744221879812,400,273,0.1956856702619414
2902,571,229,190,0.0683012259194396,368,257,0.19439579684763575
2903,788,299,240,0.07487309644670048,502,337,0.20939086294416243
2904,765,277,223,0.07058823529411762,478,322,0.20392156862745098
2905,680,253,212,0.06029411764705883,420,287,0.19558823529411767
2906,761,269,212,0.07490144546649147,479,290,0.24835742444152437
2907,758,283,215,0.08970976253298152,486,298,0.24802110817941958
2908,647,262,183,0.12210200927357034,444,254,0.2936630602782071
2909,756,259,220,0.051587301587301626,476,306,0.22486772486772488
2910,712,298,213,0.11938202247191015,467,295,0.2415730337078652
2911,724,286,215,0.09806629834254144,458,296,0.22375690607734805
2912,624,258,199,0.09455128205128205,409,286,0.19711538461538464
2913,685,272,227,0.06569343065693428,440,306,0.19562043795620437
2914,688,253,184,0.10029069767441862,412,254,0.22965116279069764
2915,756,269,207,0.08201058201058198,468,293,0.2314814814814815
2916,653,267,207,0.09188361408882084,423,286,0.20980091883614088
2917,689,277,211,0.09579100145137881,444,288,0.22641509433962265
2918,688,276,219,0.0828488372093023,447,312,0.1962209302325582
2919,751,268,194,0.0985352862849534,437,282,0.2063914780292943
2920,634,250,207,0.06782334384858041,399,274,0.1971608832807571
2921,727,254,198,0.07702888583218703,428,282,0.2008253094910591
2922,730,275,195,0.1095890410958904,458,282,0.24109589041095886
2923,626,233,192,0.06549520766773165,391,268,0.19648562300319483
2924,668,257,206,0.07634730538922158,420,290,0.19461077844311375
2925,645,243,180,0.09767441860465115,376,244,0.20465116279069767
2926,727,254,190,0.08803301237964234,461,279,0.2503438789546079
2927,671,223,176,0.07004470938897167,451,264,0.2786885245901639
2928,671,261,199,0.09239940387481371,403,279,0.18479880774962743
2929,773,289,230,0.07632600258732208,486,322,0.2121604139715395
2930,768,277,226,0.06640625,492,307,0.24088541666666669
2931,777,297,243,0.06949806949806953,491,340,0.19433719433719437
2932,715,256,191,0.09090909090909088,428,301,0.17762237762237765
2933,731,292,225,0.09165526675786595,488,321,0.22845417236662108
2934,677,284,215,0.10192023633677988,442,289,0.22599704579025115
2935,710,264,232,0.04507042253521126,451,320,0.18450704225352116
2936,736,272,207,0.08831521739130432,447,283,0.22282608695652173
2937,647,249,193,0.0865533230293663,392,271,0.18701700154559509
2938,701,267,192,0.10699001426533522,445,274,0.2439372325249643
2939,652,239,168,0.10889570552147237,414,247,0.2561349693251534
2940,629,253,198,0.08744038155802863,391,260,0.2082670906200318
2941,839,299,227,0.08581644815256256,559,341,0.2598331346841478
2942,619,256,178,0.12600969305331183,418,265,0.24717285945072703
2943,678,233,207,0.03834808259587025,423,299,0.1828908554572271
2944,696,274,205,0.09913793103448276,480,293,0.2686781609195403
2945,687,247,219,0.0407569141193595,431,290,0.20524017467248906
2946,633,249,180,0.1090047393364929,407,268,0.21958925750394948
2947,707,254,214,0.05657708628005659,440,290,0.2121640735502121
2948,709,264,195,0.09732016925246822,468,287,0.2552891396332863
2949,675,253,199,0.08000000000000002,436,292,0.21333333333333332
2950,712,255,213,0.05898876404494385,437,293,0.20224719101123595
2951,758,293,236,0.07519788918205805,469,322,0.19393139841688656
2952,723,267,207,0.08298755186721996,444,323,0.16735822959889352
2953,719,257,202,0.07649513212795545,440,282,0.21974965229485394
2954,628,239,205,0.054140127388535075,388,273,0.18312101910828021
2955,705,273,215,0.0822695035460993,447,291,0.2212765957446809
2956,699,270,195,0.1072961373390558,440,285,0.2217453505007153
2957,714,254,211,0.06022408963585435,427,296,0.18347338935574226
2958,812,316,247,0.08497536945812811,548,334,0.2635467980295566
2959,775,266,215,0.06580645161290322,468,296,0.22193548387096773
2960,656,255,213,0.06402439024390244,419,307,0.1707317073170731
2961,672,251,199,0.07738095238095238,443,286,0.23363095238095238
2962,747,306,235,0.09504685408299862,483,318,0.2208835341365462
2963,665,252,209,0.06466165413533836,427,284,0.21503759398496242
2964,646,239,160,0.12229102167182662,395,231,0.2538699690402476
2965,664,259,193,0.0993975903614458,428,261,0.25150602409638556
2966,654,264,187,0.11773700305810397,414,281,0.20336391437308865
2967,775,291,236,0.07096774193548389,479,305,0.22451612903225804
2968,649,236,177,0.09090909090909094,408,254,0.23728813559322037
2969,681,243,187,0.08223201174743022,430,276,0.22613803230543322
2970,698,244,192,0.07449856733524357,437,261,0.2521489971346705
2971,641,231,173,0.09048361934477378,411,250,0.25117004680187205
2972,772,273,209,0.08290155440414504,478,306,0.22279792746113986
2973,674,255,213,0.06231454005934722,415,305,0.16320474777448069
2974,532,229,181,0.09022556390977443,324,234,0.16917293233082709
2975,682,243,213,0.043988269794721424,393,288,0.15395894428152496
2976,689,272,212,0.08708272859216254,441,292,0.21625544267053703
2977,720,255,206,0.06805555555555559,437,304,0.18472222222222218
2978,678,245,211,0.05014749262536872,433,295,0.20353982300884954
2979,713,270,212,0.08134642356241234,477,314,0.2286115007012623
2980,680,282,224,0.08529411764705885,459,301,0.23235294117647065
2981,726,284,209,0.10330578512396693,472,312,0.22038567493112948
2982,655,238,183,0.08396946564885494,402,256,0.22290076335877868
2983,710,266,205,0.08591549295774648,437,282,0.2183098591549295
2984,645,240,194,0.07131782945736431,411,282,0.19999999999999996
2985,691,265,189,0.10998552821997104,467,270,0.2850940665701881
2986,748,276,226,0.06684491978609625,476,319,0.20989304812834225
2987,627,253,192,0.09728867623604465,407,281,0.20095693779904306
2988,691,254,212,0.06078147612156293,441,294,0.21273516642547036
2989,660,246,216,0.04545454545454547,407,304,0.15606060606060607
2990,675,268,205,0.09333333333333332,432,286,0.21629629629629632
2991,626,244,207,0.059105431309904144,381,271,0.17571884984025554
2992,672,245,208,0.05505952380952378,413,297,0.17261904761904767
2993,696,279,234,0.0646551724137931,447,328,0.17097701149425293
2994,749,286,227,0.0787716955941255,472,324,0.19759679572763683
2995,704,244,197,0.06676136363636365,447,287,0.22727272727272724
2996,655,259,203,0.08549618320610686,444,278,0.2534351145038167
2997,628,250,218,0.0509554140127389,409,305,0.1656050955414013
2998,657,239,168,0.1080669710806697,387,245,0.21613394216133947
2999,823,290,197,0.11300121506682867,525,308,0.2636695018226003
3000,682,247,178,0.10117302052785926,432,277,0.2272727272727273
3001,693,289,241,0.06926406926406925,461,328,0.191919191919192
3002,726,307,252,0.07575757575757575,460,334,0.17355371900826444
3003,691,260,193,0.09696092619392183,419,259,0.231548480463097
3004,664,256,169,0.1310240963855422,416,246,0.2560240963855422
3005,725,267,208,0.0813793103448276,452,281,0.23586206896551726
3006,634,258,218,0.06309148264984227,399,289,0.17350157728706622
3007,657,245,187,0.0882800608828006,402,267,0.2054794520547945
3008,704,233,173,0.08522727272727276,402,256,0.20738636363636365
3009,736,288,221,0.09103260869565222,448,296,0.2065217391304348
3010,776,304,230,0.09536082474226804,513,332,0.23324742268041238
3011,670,257,195,0.09253731343283583,423,291,0.19701492537313436
3012,668,267,198,0.1032934131736527,432,265,0.25
3013,712,277,240,0.05196629213483145,438,328,0.1544943820224719
3014,746,284,209,0.10053619302949057,494,274,0.2949061662198391
3015,709,270,201,0.09732016925246828,450,310,0.1974612129760226
3016,660,236,162,0.11212121212121215,398,225,0.26212121212121214
3017,714,269,214,0.07703081232492998,450,291,0.2226890756302521
3018,719,255,234,0.02920723226703753,432,326,0.1474269819193324
3019,655,251,201,0.07633587786259538,409,291,0.1801526717557252
3020,575,212,180,0.055652173913043446,358,241,0.20347826086956522
3021,709,276,222,0.07616361071932298,454,291,0.22990126939351202
3022,732,299,224,0.10245901639344263,449,300,0.20355191256830596
3023,696,234,165,0.09913793103448276,425,251,0.25
3024,655,269,223,0.0702290076335878,405,285,0.18320610687022904
3025,771,282,218,0.08300907911802852,475,309,0.21530479896238652
3026,649,246,209,0.057010785824345156,415,293,0.18798151001540825
3027,682,264,203,0.08944281524926684,429,268,0.23607038123167157
3028,668,262,206,0.08383233532934131,427,296,0.1961077844311377
3029,682,251,196,0.08064516129032256,429,278,0.22140762463343105
3030,671,255,194,0.09090909090909088,431,274,0.23397913561847988
3031,630,247,188,0.09365079365079365,397,256,0.2238095238095238
3032,697,280,225,0.07890961262553803,469,299,0.24390243902439024
3033,720,279,206,0.10138888888888892,450,285,0.22916666666666669
3034,643,232,170,0.0964230171073095,412,242,0.2643856920684292
3035,671,266,218,0.0715350223546945,450,320,0.19374068554396423
3036,728,269,211,0.07967032967032966,461,296,0.22664835164835162
3037,798,311,220,0.11403508771929827,498,309,0.2368421052631579
3038,688,244,185,0.08575581395348841,424,261,0.23691860465116277
3039,654,251,182,0.10550458715596334,418,258,0.24464831804281345
3040,742,256,195,0.08221024258760112,457,292,0.22237196765498657
3041,691,277,227,0.0723589001447178,449,308,0.20405209840810423
3042,694,281,197,0.12103746397694526,427,274,0.2204610951008646
3043,719,269,220,0.06815020862308763,435,291,0.20027816411682892
3044,786,314,236,0.09923664122137404,519,330,0.24045801526717564
3045,734,274,226,0.06539509536784743,479,317,0.22070844686648505
3046,661,252,215,0.055975794251134636,419,291,0.19364599092284412
3047,708,279,226,0.0748587570621469,452,314,0.19491525423728812
3048,748,261,210,0.06818181818181818,449,299,0.20053475935828874
3049,674,271,242,0.04302670623145399,449,330,0.17655786350148367
3050,710,260,196,0.09014084507042253,439,269,0.23943661971830982
3051,730,290,230,0.0821917808219178,482,317,0.22602739726027393
3052,648,255,208,0.07253086419753091,404,282,0.1882716049382716
3053,771,291,236,0.07133592736705574,494,338,0.2023346303501946
3054,705,260,225,0.049645390070921946,424,306,0.16737588652482266
3055,726,284,248,0.049586776859504134,450,326,0.1707988980716254
3056,750,268,215,0.07066666666666666,521,302,0.292
3057,604,241,194,0.07781456953642385,401,274,0.21026490066225167
3058,766,282,207,0.09791122715404699,487,289,0.2584856396866841
3059,690,245,195,0.07246376811594207,424,287,0.1985507246376812
3060,723,296,240,0.07745504840940526,495,341,0.21300138312586447
3061,715,266,199,0.09370629370629374,430,288,0.19860139860139853
3062,659,246,196,0.07587253414264034,397,269,0.19423368740515934
3063,687,270,210,0.0873362445414847,433,315,0.17176128093158655
3064,718,307,237,0.09749303621169914,493,328,0.22980501392757657
3065,674,252,195,0.08456973293768544,441,292,0.2210682492581602
3066,660,233,173,0.09090909090909088,430,252,0.26969696969696966
3067,678,252,194,0.08554572271386435,410,281,0.19026548672566368
3068,731,273,208,0.08891928864569082,471,303,0.22982216142270856
3069,683,277,212,0.09516837481698387,449,289,0.23426061493411426
3070,704,285,226,0.08380681818181818,451,302,0.2116477272727273
3071,662,269,211,0.08761329305135951,415,296,0.17975830815709976
3072,645,265,205,0.09302325581395349,414,273,0.21860465116279065
3073,657,260,203,0.0867579908675799,443,289,0.23439878234398787
3074,639,249,193,0.08763693270735529,416,277,0.21752738654147102
3075,615,241,204,0.06016260162601622,387,261,0.20487804878048782
3076,691,241,163,0.11287988422575973,411,239,0.24891461649782926
3077,807,317,255,0.07682775712515488,519,359,0.19826517967781904
3078,805,300,238,0.07701863354037264,515,320,0.2422360248447205
3079,677,266,213,0.07828655834564252,426,303,0.1816838995568686
3080,697,284,222,0.08895265423242471,459,309,0.21520803443328557
3081,706,279,203,0.10764872521246455,435,295,0.19830028328611904
3082,805,302,226,0.09440993788819874,485,330,0.1925465838509317
3083,639,242,185,0.08920187793427231,392,269,0.19248826291079807
3084,769,269,203,0.08582574772431728,455,292,0.21196358907672308
3085,719,282,217,0.09040333796940192,474,300,0.24200278164116829
3086,726,286,208,0.1074380165289256,444,290,0.2121212121212121
3087,666,244,183,0.09159159159159158,417,251,0.2492492492492493
3088,717,235,202,0.04602510460251047,418,275,0.19944211994421196
3089,666,269,220,0.07357357357357358,418,288,0.19519519519519513
3090,712,263,217,0.0646067415730337,447,305,0.19943820224719094
3091,696,258,200,0.08333333333333337,435,295,0.2011494252873563
3092,647,241,169,0.11128284389489951,414,236,0.2751159196290572
3093,709,271,214,0.08039492242595209,442,293,0.21015514809590974
3094,676,269,237,0.04733727810650884,450,326,0.18343195266272183
3095,704,267,210,0.08096590909090912,425,290,0.1917613636363636
3096,677,258,191,0.09896602658788772,442,269,0.2555391432791729
3097,686,265,212,0.07725947521865889,436,301,0.19679300291545193
3098,599,236,204,0.05342237061769611,390,262,0.21368948247078462
3099,729,262,206,0.07681755829903975,465,308,0.21536351165980794
3100,662,257,224,0.049848942598187285,408,301,0.16163141993957703
3101,701,281,207,0.10556348074179744,448,283,0.23537803138373747
3102,736,296,200,0.13043478260869568,473,309,0.22282608695652173
3103,721,270,203,0.09292649098474343,465,300,0.22884882108183086
3104,662,273,204,0.10422960725075531,432,283,0.22507552870090636
3105,746,297,224,0.09785522788203754,511,307,0.2734584450402145
3106,672,240,175,0.09672619047619047,418,246,0.255952380952381
3107,642,238,195,0.06697819314641745,386,272,0.1775700934579439
3108,857,297,216,0.0945157526254376,552,303,0.2905484247374563
3109,667,239,197,0.06296851574212892,418,288,0.19490254872563711
3110,714,265,220,0.06302521008403361,425,274,0.21148459383753498
3111,653,257,220,0.056661562021439515,408,296,0.17151607963246557
3112,721,266,182,0.11650485436893204,446,274,0.2385575589459084
3113,650,268,202,0.10153846153846158,415,275,0.21538461538461534
3114,763,300,220,0.10484927916120579,512,320,0.25163826998689387
3115,775,285,237,0.061935483870967756,494,331,0.2103225806451613
3116,654,256,176,0.12232415902140675,396,272,0.18960244648318048
3117,673,263,213,0.07429420505200596,433,313,0.1783060921248143
3118,625,243,182,0.09759999999999996,405,262,0.2288
3119,649,263,196,0.1032357473035439,397,281,0.17873651771956856
3120,609,242,185,0.09359605911330049,388,255,0.21839080459770116
3121,645,256,182,0.1147286821705426,421,265,0.24186046511627907
3122,614,244,182,0.1009771986970684,409,253,0.25407166123778496
3123,692,245,199,0.06647398843930635,450,287,0.2355491329479769
3124,782,284,234,0.06393861892583119,482,317,0.21099744245524293
3125,659,227,178,0.07435508345978759,415,261,0.23368740515933228
3126,587,239,203,0.06132879045996592,378,286,0.15672913117546844
3127,691,242,195,0.06801736613603476,437,291,0.2112879884225759
3128,774,279,210,0.08914728682170542,504,303,0.25968992248062023
3129,732,254,182,0.09836065573770492,432,274,0.2158469945355191
3130,739,264,188,0.1028416779431664,453,278,0.2368064952638701
3131,771,306,238,0.08819714656290528,494,320,0.2256809338521401
3132,780,307,235,0.09230769230769231,500,321,0.22948717948717956
3133,565,212,183,0.0513274336283186,361,245,0.20530973451327428
3134,687,259,205,0.0786026200873362,433,286,0.2139737991266375
3135,660,256,200,0.08484848484848484,415,270,0.21969696969696967
3136,672,266,200,0.0982142857142857,431,299,0.1964285714285715
3137,709,274,223,0.07193229901269393,455,322,0.18758815232722142
3138,635,246,195,0.08031496062992127,393,279,0.17952755905511814
3139,767,260,196,0.08344198174706646,458,288,0.22164276401564537
3140,758,297,240,0.075197889182058,519,316,0.26781002638522433
3141,623,242,196,0.0738362760834671,381,272,0.17495987158908505
3142,634,228,188,0.06309148264984227,394,274,0.18927444794952686
3143,643,245,207,0.059097978227060644,402,301,0.15707620528771382
3144,731,289,224,0.08891928864569082,461,300,0.22024623803009574
3145,811,303,227,0.09371146732429098,518,318,0.24660912453760786
3146,703,288,197,0.1294452347083926,457,295,0.2304409672830725
3147,667,261,206,0.08245877061469264,418,273,0.21739130434782605
3148,746,275,199,0.10187667560321717,486,280,0.2761394101876676
3149,782,272,202,0.08951406649616367,467,291,0.22506393861892582
3150,693,250,188,0.08946608946608947,414,278,0.19624819624819623
3151,760,254,170,0.11052631578947367,493,258,0.30921052631578944
3152,658,264,217,0.07142857142857145,416,283,0.20212765957446804
3153,740,294,249,0.0608108108108108,469,333,0.18378378378378374
3154,704,262,183,0.11221590909090906,458,264,0.27556818181818177
3155,657,225,160,0.0989345509893455,414,245,0.2572298325722983
3156,655,251,191,0.09160305343511449,426,267,0.2427480916030535
3157,696,260,208,0.07471264367816088,419,286,0.1910919540229885
3158,608,237,183,0.08881578947368418,383,258,0.2055921052631579
3159,777,266,178,0.11325611325611326,479,279,0.25740025740025735
3160,764,294,214,0.10471204188481675,502,307,0.2552356020942409
3161,691,242,180,0.0897250361794501,418,269,0.21562952243125905
3162,720,251,198,0.07361111111111107,450,310,0.19444444444444442
3163,736,273,222,0.06929347826086957,472,328,0.19565217391304346
3164,726,266,203,0.08677685950413222,474,315,0.21900826446280997
3165,705,269,211,0.0822695035460993,421,298,0.17446808510638295
3166,746,287,227,0.08042895442359249,508,304,0.2734584450402145
3167,715,234,168,0.09230769230769231,421,248,0.24195804195804194
3168,729,265,220,0.06172839506172839,454,308,0.20027434842249658
3169,722,278,208,0.09695290858725758,477,311,0.22991689750692523
3170,676,277,220,0.08431952662721892,440,316,0.1834319526627219
3171,697,259,241,0.025824964131994255,443,323,0.17216642754662842
3172,652,235,192,0.06595092024539873,382,276,0.16257668711656437
3173,815,299,228,0.08711656441717791,526,319,0.2539877300613497
3174,625,244,191,0.08480000000000004,411,276,0.21599999999999997
3175,586,218,191,0.046075085324232046,364,261,0.1757679180887372
3176,745,263,190,0.09798657718120801,484,292,0.2577181208053691
3177,721,275,206,0.09570041608876562,483,296,0.25936199722607495
3178,641,258,200,0.09048361934477378,409,280,0.2012480499219969
3179,712,251,187,0.0898876404494382,444,273,0.24016853932584264
3180,756,264,217,0.06216931216931215,493,308,0.2447089947089947
3181,723,273,232,0.05670816044260024,462,320,0.19640387275242044
3182,781,294,218,0.0973111395646607,507,301,0.2637644046094751
3183,709,279,228,0.07193229901269393,421,306,0.16220028208744708
3184,750,276,194,0.10933333333333334,480,285,0.26
3185,696,252,197,0.07902298850574713,420,276,0.2068965517241379
3186,681,281,215,0.09691629955947134,440,289,0.22173274596182085
3187,688,237,211,0.037790697674418616,419,272,0.2136627906976744
3188,645,272,227,0.06976744186046513,404,287,0.18139534883720937
3189,715,275,249,0.036363636363636376,440,328,0.15664335664335666
3190,616,260,209,0.08279220779220775,398,289,0.1769480519480519
3191,669,252,193,0.08819133034379667,423,265,0.23617339312406582
3192,743,299,230,0.09286675639300129,486,312,0.234185733512786
3193,730,267,214,0.07260273972602738,453,316,0.18767123287671228
3194,754,289,223,0.08753315649867371,493,310,0.2427055702917772
3195,634,226,194,0.050473186119873836,401,263,0.21766561514195581
3196,724,273,192,0.11187845303867405,501,281,0.30386740331491713
3197,667,243,202,0.06146926536731634,407,283,0.18590704647676165
3198,765,307,241,0.0862745098039216,495,342,0.2
3199,737,286,233,0.07191316146540028,480,321,0.21573948439620083
3200,732,274,222,0.07103825136612024,456,317,0.1898907103825137
3201,786,303,222,0.10305343511450377,523,316,0.2633587786259542
3202,660,239,181,0.08787878787878789,391,260,0.1984848484848485
3203,682,275,208,0.09824046920821111,454,292,0.23753665689149556
3204,657,239,181,0.0882800608828006,409,256,0.23287671232876717
3205,646,248,207,0.06346749226006193,394,276,0.18266253869969046
3206,745,286,186,0.13422818791946306,463,272,0.25637583892617455
3207,695,248,198,0.07194244604316546,430,282,0.2129496402877698
3208,652,253,204,0.07515337423312879,402,274,0.19631901840490795
3209,673,253,201,0.07726597325408618,418,264,0.22882615156017833
3210,698,230,178,0.07449856733524357,409,267,0.20343839541547282
3211,756,272,219,0.07010582010582006,480,298,0.2407407407407407
3212,663,248,179,0.10407239819004527,460,264,0.2956259426847662
3213,654,261,197,0.09785932721712537,410,275,0.2064220183486239
3214,605,225,163,0.10247933884297517,382,232,0.24793388429752067
3215,758,283,221,0.08179419525065962,475,331,0.1899736147757256
3216,775,275,168,0.13806451612903228,510,255,0.32903225806451614
3217,705,287,199,0.12482269503546095,457,304,0.21702127659574472
3218,664,244,180,0.09638554216867473,379,260,0.17921686746987953
3219,731,263,200,0.08618331053351574,473,302,0.23392612859097128
3220,672,265,191,0.11011904761904762,420,269,0.22470238095238093
3221,680,267,189,0.11470588235294116,385,260,0.18382352941176472
3222,779,267,211,0.07188703465982027,508,311,0.25288831835686776
3223,755,281,214,0.08874172185430462,468,313,0.2052980132450331
3224,674,237,164,0.10830860534124628,406,240,0.24629080118694363
3225,627,246,192,0.0861244019138756,394,271,0.19617224880382772
3226,692,260,217,0.06213872832369938,471,323,0.21387283236994226
3227,708,284,220,0.0903954802259887,426,284,0.20056497175141236
3228,744,302,227,0.10080645161290319,506,318,0.2526881720430107
3229,673,262,223,0.05794947994056465,426,335,0.13521545319465078
3230,568,254,187,0.11795774647887325,389,267,0.21478873239436624
3231,715,256,215,0.057342657342657366,437,295,0.19860139860139858
3232,709,275,195,0.11283497884344146,461,296,0.232722143864598
3233,697,260,202,0.08321377331420376,433,313,0.17216642754662836
3234,728,267,214,0.07280219780219777,458,283,0.24038461538461536
3235,735,260,177,0.11292517006802721,452,265,0.25442176870748295
3236,711,312,247,0.09142053445850917,463,335,0.180028129395218
3237,725,270,234,0.049655172413793136,460,329,0.18068965517241387
3238,808,325,235,0.11138613861386143,550,350,0.24752475247524758
3239,754,314,227,0.11538461538461536,494,296,0.2625994694960212
3240,726,289,246,0.05922865013774109,437,328,0.15013774104683197
3241,694,263,194,0.09942363112391928,471,272,0.2867435158501441
3242,742,290,205,0.11455525606469003,466,291,0.23584905660377353
3243,680,248,200,0.07058823529411762,426,293,0.19558823529411762
3244,831,314,223,0.10950661853188931,554,315,0.2876052948255114
3245,590,218,167,0.08644067796610172,382,249,0.22542372881355932
3246,706,291,226,0.09206798866855526,455,309,0.20679886685552407
3247,754,294,236,0.07692307692307693,475,336,0.1843501326259947
3248,661,259,198,0.09228441754916794,444,289,0.23449319213313163
3249,690,252,194,0.08405797101449275,433,275,0.22898550724637678
3250,597,246,205,0.06867671691792293,384,274,0.1842546063651591
3251,665,253,182,0.10676691729323307,412,257,0.23308270676691734
3252,680,283,212,0.10441176470588237,469,312,0.23088235294117648
3253,640,259,223,0.05624999999999997,422,308,0.17812500000000003
3254,687,284,205,0.11499272197962151,442,281,0.23435225618631733
3255,679,257,199,0.08541973490427096,438,307,0.19293078055964658
3256,728,262,191,0.09752747252747251,459,286,0.23763736263736263
3257,605,250,197,0.08760330578512399,397,282,0.1900826446280991
3258,697,279,225,0.07747489239598276,434,317,0.16786226685796268
3259,683,286,226,0.08784773060029283,454,313,0.20644216691068812
3260,639,232,198,0.053208137715180015,387,285,0.15962441314553988
3261,788,294,204,0.11421319796954316,546,321,0.28553299492385786
3262,651,240,181,0.09062980030721968,409,246,0.250384024577573
3263,637,237,190,0.0737833594976452,406,294,0.17582417582417575
3264,694,250,188,0.08933717579250722,444,265,0.25792507204610954
3265,688,285,228,0.08284883720930236,430,310,0.17441860465116277
3266,708,274,211,0.08898305084745761,440,300,0.19774011299435035
3267,667,272,218,0.08095952023988007,476,304,0.25787106446776614
3268,616,235,180,0.0892857142857143,394,263,0.21266233766233766
3269,770,279,223,0.07272727272727275,500,320,0.23376623376623373
3270,643,250,205,0.06998444790046654,395,291,0.16174183514774493
3271,656,231,163,0.10365853658536583,415,249,0.2530487804878048
3272,707,256,207,0.06930693069306931,403,293,0.15558698727015563
3273,656,241,177,0.09756097560975607,416,245,0.2606707317073171
3274,721,254,203,0.0707350901525659,454,288,0.23023578363384195
3275,638,238,188,0.07836990595611287,395,279,0.18181818181818177
3276,809,308,234,0.09147095179233616,540,331,0.25834363411619277
3277,805,282,206,0.09440993788819874,497,306,0.23726708074534159
3278,715,302,234,0.09510489510489512,437,305,0.18461538461538463
3279,618,236,197,0.06310679611650488,393,289,0.168284789644013
3280,773,269,193,0.09831824062095729,499,295,0.2639068564036223
3281,689,279,211,0.09869375907111755,430,292,0.20029027576197395
3282,672,259,176,0.12351190476190477,413,249,0.24404761904761907
3283,621,241,181,0.09661835748792269,388,256,0.21256038647342995
3284,713,278,207,0.09957924263674611,462,285,0.24824684431977562
3285,621,260,199,0.0982286634460548,392,278,0.18357487922705318
3286,624,249,185,0.10256410256410259,415,265,0.24038461538461536
3287,772,273,219,0.06994818652849738,474,309,0.2137305699481865
3288,693,272,208,0.09235209235209235,440,290,0.2164502164502164
3289,695,257,204,0.07625899280575543,455,288,0.2402877697841727
3290,624,242,197,0.07211538461538464,396,275,0.1939102564102564
3291,702,261,211,0.07122507122507121,417,285,0.18803418803418803
3292,760,307,248,0.07763157894736838,498,350,0.1947368421052632
3293,687,301,237,0.09315866084425034,447,316,0.19068413391557493
3294,652,222,193,0.04447852760736193,428,312,0.17791411042944782
3295,724,282,220,0.0856353591160221,445,321,0.17127071823204415
3296,662,262,229,0.049848942598187285,419,304,0.17371601208459214
3297,663,242,193,0.07390648567119151,418,272,0.22021116138763197
3298,648,264,195,0.10648148148148145,411,264,0.22685185185185192
3299,778,304,251,0.06812339331619532,515,340,0.22493573264781497
3300,772,292,221,0.09196891191709844,485,305,0.23316062176165803
3301,662,258,210,0.07250755287009059,410,292,0.17824773413897277
3302,676,261,202,0.08727810650887569,431,294,0.2026627218934911
3303,691,254,215,0.05643994211287989,413,293,0.1736613603473227
3304,659,259,201,0.08801213960546284,419,282,0.20789074355083453
3305,724,284,215,0.09530386740331492,480,292,0.25966850828729277
3306,714,272,218,0.07563025210084029,466,290,0.24649859943977592
3307,578,223,194,0.050173010380622884,357,278,0.13667820069204156
3308,702,289,234,0.07834757834757838,475,322,0.2179487179487179
3309,636,244,209,0.055031446540880546,406,273,0.20911949685534587
3310,738,274,207,0.09078590785907859,454,306,0.20054200542005424
3311,726,263,195,0.09366391184573003,457,293,0.22589531680440766
3312,607,228,198,0.0494233937397035,386,260,0.20757825370675453
3313,751,271,214,0.07589880159786955,483,303,0.23968042609853535
3314,690,265,206,0.08550724637681156,418,296,0.17681159420289855
3315,786,299,215,0.1068702290076336,513,302,0.26844783715012727
3316,744,274,218,0.07526881720430106,483,307,0.2365591397849462
3317,652,221,167,0.08282208588957052,368,250,0.1809815950920245
3318,742,294,231,0.08490566037735853,491,311,0.24258760107816718
3319,710,256,200,0.07887323943661972,437,296,0.1985915492957746
3320,725,277,213,0.08827586206896554,465,294,0.2358620689655172
3321,731,281,216,0.08891928864569082,467,307,0.2188782489740082
3322,713,263,188,0.10518934081346426,465,274,0.26788218793828894
3323,713,273,201,0.10098176718092566,453,290,0.2286115007012623
3324,854,304,226,0.09133489461358313,560,335,0.2634660421545667
3325,702,259,202,0.08119658119658119,439,282,0.22364672364672367
3326,681,246,175,0.1042584434654919,423,252,0.25110132158590315
3327,624,250,210,0.0641025641025641,373,294,0.1266025641025641
3328,654,257,209,0.07339449541284404,433,277,0.23853211009174313
3329,765,301,220,0.10588235294117648,470,320,0.19607843137254904
3330,746,267,186,0.10857908847184988,482,288,0.26005361930294907
3331,685,258,208,0.07299270072992703,427,286,0.20583941605839418
3332,669,259,201,0.08669656203288495,422,302,0.179372197309417
3333,578,222,173,0.08477508650519033,354,257,0.1678200692041522
3334,641,226,180,0.07176287051482061,367,255,0.17472698907956324
3335,691,266,197,0.09985528219971057,438,289,0.21562952243125905
3336,667,246,169,0.11544227886056968,441,272,0.25337331334332835
3337,713,275,214,0.08555399719495094,465,299,0.23281907433380084
3338,716,247,201,0.06424581005586594,457,267,0.26536312849162014
3339,720,299,228,0.09861111111111115,463,316,0.20416666666666672
3340,726,278,215,0.08677685950413222,438,296,0.1955922865013774
3341,735,251,196,0.07482993197278914,452,294,0.21496598639455777
3342,709,261,228,0.04654442877291959,442,305,0.19322990126939354
3343,704,263,197,0.09375,421,281,0.19886363636363635
3344,677,231,194,0.05465288035450516,411,299,0.16543574593796162
3345,663,278,243,0.052790346907994,434,314,0.1809954751131222
3346,631,232,176,0.08874801901743262,377,250,0.20126782884310618
3347,690,260,202,0.08405797101449275,446,272,0.25217391304347825
3348,643,266,183,0.12908242612752718,381,261,0.18662519440124414
3349,646,269,221,0.07430340557275539,411,293,0.1826625386996904
3350,732,286,229,0.07786885245901637,454,328,0.17213114754098363
3351,749,282,220,0.08277703604806408,511,321,0.253671562082777
3352,685,237,183,0.0788321167883212,450,278,0.25109489051094885
3353,804,334,228,0.1318407960199005,527,323,0.2537313432835821
3354,638,275,185,0.1410658307210031,413,273,0.21943573667711597
3355,633,263,211,0.08214849921011058,415,294,0.1911532385466035
3356,648,249,191,0.08950617283950618,414,274,0.21604938271604934
3357,629,253,202,0.08108108108108109,432,301,0.2082670906200318
3358,569,223,169,0.09490333919156413,361,242,0.20913884007029876
3359,791,299,213,0.10872313527180782,479,299,0.2275600505689001
3360,620,232,189,0.06935483870967746,372,261,0.17903225806451611
3361,689,259,201,0.0841799709724238,418,295,0.17851959361393327
3362,723,273,219,0.07468879668049794,488,308,0.2489626556016598
3363,724,247,185,0.0856353591160221,428,278,0.20718232044198898
3364,648,274,197,0.11882716049382713,406,293,0.1743827160493827
3365,707,281,228,0.074964639321075,448,324,0.1753889674681754
3366,723,278,194,0.11618257261410792,453,291,0.22406639004149376
3367,796,254,210,0.055276381909547756,464,315,0.18718592964824116
3368,723,275,225,0.06915629322268324,453,308,0.20055325034578148
3369,754,265,205,0.07957559681697612,459,292,0.2214854111405835
3370,704,307,233,0.10511363636363635,465,326,0.19744318181818182
3371,753,290,216,0.098273572377158,485,323,0.21513944223107567
3372,635,249,188,0.09606299212598424,423,273,0.23622047244094485
3373,742,283,251,0.04312668463611857,486,328,0.21293800539083557
3374,659,259,198,0.09256449165402125,412,288,0.18816388467374806
3375,673,296,232,0.0950965824665676,451,321,0.19316493313521538
3376,746,291,262,0.038873994638069675,461,348,0.15147453083109919
3377,826,304,227,0.09322033898305088,523,343,0.21791767554479413
3378,667,252,197,0.08245877061469264,434,285,0.22338830584707647
3379,778,283,232,0.06555269922879176,494,317,0.22750642673521848
3380,760,286,242,0.05789473684210528,469,329,0.18421052631578944
3381,734,282,202,0.10899182561307902,462,296,0.22615803814713892
3382,768,299,232,0.08723958333333337,533,316,0.2825520833333333
3383,690,283,215,0.09855072463768116,434,291,0.2072463768115942
3384,645,257,211,0.07131782945736437,400,302,0.151937984496124
3385,695,262,194,0.097841726618705,418,288,0.18705035971223022
3386,702,288,214,0.10541310541310539,463,287,0.25071225071225073
3387,710,300,228,0.10140845070422533,477,326,0.21267605633802816
3388,746,269,220,0.06568364611260058,482,314,0.22520107238605896
3389,690,289,221,0.09855072463768116,452,302,0.21739130434782605
3390,684,261,206,0.08040935672514621,444,304,0.20467836257309946
3391,704,264,222,0.059659090909090884,446,315,0.18607954545454547
3392,704,263,225,0.05397727272727276,410,299,0.15767045454545453
3393,717,287,221,0.09205020920502088,479,314,0.23012552301255235
3394,781,273,187,0.11011523687580024,482,271,0.2701664532650448
3395,710,259,191,0.09577464788732398,457,287,0.23943661971830987
3396,811,274,202,0.08877928483353886,478,286,0.23674475955610358
3397,711,248,196,0.07313642756680733,454,309,0.20393811533052042
3398,694,257,222,0.050432276657060515,430,317,0.16282420749279536
3399,745,290,223,0.08993288590604026,492,314,0.23892617449664427
3400,633,238,158,0.1263823064770932,379,230,0.2353870458135861
3401,643,262,201,0.09486780715396581,434,299,0.20995334370139973
3402,621,243,179,0.1030595813204509,390,265,0.20128824476650564
3403,707,261,222,0.055162659123055124,440,325,0.1626591230551626
3404,681,255,190,0.09544787077826727,436,282,0.22613803230543317
3405,721,260,199,0.08460471567267686,437,284,0.2122052704576976
3406,731,290,199,0.12448700410396718,493,292,0.2749658002735978
3407,709,278,220,0.08180535966149505,448,312,0.19181946403385053
3408,763,273,220,0.06946264744429886,488,330,0.20707732634338138
3409,760,291,206,0.11184210526315791,496,310,0.2447368421052632
3410,677,256,219,0.05465288035450522,415,292,0.18168389955686853
3411,674,251,203,0.07121661721068245,410,288,0.18100890207715137
3412,684,269,217,0.07602339181286549,415,286,0.1885964912280702
3413,679,274,204,0.10309278350515466,412,286,0.1855670103092783
3414,731,283,227,0.07660738714090287,480,310,0.2325581395348837
3415,738,289,205,0.11382113821138212,482,284,0.2682926829268293
3416,724,298,217,0.11187845303867405,504,305,0.27486187845303867
3417,759,306,233,0.0961791831357049,490,328,0.2134387351778656
3418,685,289,220,0.10072992700729927,472,309,0.23795620437956205
3419,674,279,243,0.05341246290801188,433,322,0.1646884272997033
3420,684,287,202,0.1242690058479532,440,307,0.19444444444444442
3421,759,285,239,0.06060606060606061,486,307,0.23583662714097492
3422,748,266,202,0.08556149732620316,469,290,0.23930481283422456
3423,695,270,211,0.08489208633093526,458,311,0.21151079136690643
3424,671,272,217,0.08196721311475408,418,306,0.16691505216095381
3425,710,237,180,0.08028169014084507,397,279,0.1661971830985916
3426,784,271,236,0.04464285714285715,497,329,0.21428571428571425
3427,643,264,192,0.1119751166407465,428,285,0.22239502332814937
3428,643,248,194,0.08398133748055986,398,267,0.20373250388802489
3429,712,263,211,0.07303370786516855,430,303,0.1783707865168539
3430,723,280,222,0.08022130013831258,448,297,0.2088520055325035
3431,648,249,189,0.09259259259259256,395,268,0.1959876543209877
3432,672,242,185,0.08482142857142855,403,262,0.20982142857142855
3433,669,231,186,0.06726457399103136,393,251,0.21225710014947685
3434,703,245,192,0.07539118065433853,415,259,0.22190611664295873
3435,712,282,194,0.12359550561797755,483,293,0.26685393258426965
3436,672,257,189,0.10119047619047616,475,269,0.30654761904761907
3437,710,257,200,0.08028169014084507,428,286,0.19999999999999996
3438,666,244,217,0.04054054054054057,402,286,0.17417417417417425
3439,706,273,225,0.06798866855524077,449,307,0.20113314447592062
3440,640,253,203,0.078125,401,289,0.17500000000000004
3441,790,298,198,0.12658227848101267,512,267,0.310126582278481
3442,742,272,206,0.0889487870619946,507,294,0.2870619946091644
3443,664,254,221,0.0496987951807229,419,299,0.18072289156626503
3444,720,252,194,0.08055555555555555,436,309,0.17638888888888887
3445,712,257,195,0.0870786516853933,462,277,0.2598314606741573
3446,756,301,237,0.08465608465608465,458,313,0.1917989417989418
3447,699,261,218,0.06151645207439199,446,301,0.20743919885550782
3448,645,250,192,0.08992248062015507,401,262,0.21550387596899218
3449,677,263,193,0.10339734121122601,436,277,0.23485967503692762
3450,697,244,194,0.07173601147776187,457,283,0.24964131994261118
3451,599,245,193,0.08681135225375625,387,262,0.20868113522537562
3452,705,248,181,0.09503546099290783,442,256,0.26382978723404255
3453,669,249,191,0.08669656203288495,421,260,0.2406576980568012
3454,676,247,210,0.05473372781065089,402,296,0.15680473372781067
3455,701,247,212,0.04992867332382306,428,294,0.19115549215406558
3456,725,262,210,0.07172413793103444,459,279,0.2482758620689655
3457,657,235,194,0.0624048706240487,401,278,0.18721461187214616
3458,651,254,206,0.07373271889400923,404,306,0.15053763440860218
3459,617,247,183,0.10372771474878445,405,269,0.22042139384116693
3460,727,277,210,0.09215955983493807,462,322,0.1925722145804677
3461,671,259,211,0.0715350223546945,412,297,0.1713859910581222
3462,691,276,215,0.08827785817655576,455,302,0.22141823444283643
3463,640,239,224,0.0234375,380,292,0.1375
3464,731,274,223,0.06976744186046513,475,322,0.20930232558139533
3465,596,218,192,0.04362416107382555,381,269,0.18791946308724833
3466,615,226,199,0.04390243902439028,361,285,0.12357723577235774
3467,706,262,214,0.06798866855524077,460,317,0.2025495750708215
3468,746,278,207,0.09517426273458446,462,290,0.23056300268096513
3469,701,277,210,0.09557774607703279,447,301,0.20827389443651928
3470,696,258,184,0.10632183908045978,449,276,0.24856321839080453
3471,665,258,185,0.10977443609022558,421,249,0.25864661654135335
3472,668,248,210,0.056886227544910184,392,283,0.16317365269461076
3473,689,273,225,0.06966618287373005,446,320,0.1828737300435414
3474,684,260,190,0.10233918128654967,431,262,0.2470760233918129
3475,663,260,214,0.06938159879336347,426,295,0.19758672699849178
3476,640,239,207,0.04999999999999999,391,273,0.184375
3477,749,258,189,0.0921228304405875,458,262,0.26168224299065423
3478,606,225,173,0.08580858085808579,364,262,0.16831683168316836
3479,741,293,197,0.12955465587044535,498,282,0.29149797570850206
3480,729,288,225,0.08641975308641975,454,304,0.205761316872428
3481,674,290,226,0.09495548961424333,462,309,0.22700296735905046
3482,702,256,203,0.07549857549857553,449,294,0.2207977207977208
3483,750,289,224,0.08666666666666667,471,312,0.21200000000000002
3484,735,278,218,0.08163265306122452,468,282,0.2530612244897959
3485,661,246,186,0.0907715582450832,390,254,0.20574886535552195
3486,629,259,187,0.11446740858505561,414,272,0.22575516693163744
3487,720,281,213,0.09444444444444444,476,300,0.2444444444444444
3488,760,296,236,0.0789473684210526,477,320,0.20657894736842108
3489,709,288,228,0.08462623413258108,471,329,0.20028208744710857
3490,713,270,203,0.09396914446002802,458,281,0.24824684431977562
3491,757,283,200,0.10964332892998674,475,296,0.23645970937912808
3492,765,301,237,0.08366013071895423,490,335,0.20261437908496727
3493,701,259,193,0.09415121255349501,461,284,0.2524964336661912
3494,724,290,234,0.07734806629834251,452,313,0.19198895027624308
3495,732,279,203,0.10382513661202186,466,274,0.26229508196721313
3496,752,290,215,0.09973404255319152,489,310,0.23803191489361697
3497,763,292,221,0.09305373525557009,496,309,0.24508519003931845
3498,719,256,202,0.07510431154381081,429,279,0.20862308762169685
3499,681,240,209,0.04552129221732748,426,293,0.1953010279001468
3500,684,241,164,0.11257309941520471,455,229,0.3304093567251462
3501,696,271,209,0.08908045977011497,459,308,0.2169540229885057
3502,775,285,196,0.11483870967741933,478,290,0.24258064516129035
3503,670,241,179,0.09253731343283583,424,263,0.24029850746268655
3504,756,273,209,0.08465608465608465,468,296,0.22751322751322756
3505,683,261,176,0.12445095168374815,446,254,0.281112737920937
3506,735,255,186,0.09387755102040818,422,267,0.2108843537414966
3507,656,231,213,0.02743902439024387,416,287,0.19664634146341464
3508,738,265,192,0.09891598915989158,468,303,0.22357723577235772
3509,674,267,216,0.07566765578635015,473,294,0.26557863501483675
3510,704,266,195,0.10085227272727276,429,265,0.23295454545454547
3511,660,255,198,0.08636363636363636,435,273,0.24545454545454543
3512,608,225,211,0.023026315789473728,378,278,0.16447368421052633
3513,713,266,229,0.05189340813464233,451,309,0.19915848527349223
3514,702,298,225,0.10398860398860399,478,336,0.2022792022792022
3515,643,266,181,0.1321928460342146,400,266,0.208398133748056
3516,663,239,193,0.06938159879336347,400,287,0.17043740573152333
3517,661,232,192,0.060514372163388785,401,266,0.20423600605143727
3518,694,266,194,0.10374639769452448,433,286,0.21181556195965412
3519,744,262,220,0.05645161290322581,474,299,0.23521505376344087
3520,647,254,199,0.08500772797527051,442,296,0.22565687789799066
3521,778,278,186,0.11825192802056553,485,276,0.2686375321336761
3522,674,245,211,0.050445103857566786,413,293,0.17804154302670622
3523,631,277,243,0.0538827258320127,403,320,0.13153724247226617
3524,707,249,203,0.06506364922206509,431,277,0.2178217821782178
3525,721,304,242,0.0859916782246879,495,336,0.22052704576976423
3526,722,284,244,0.05540166204986152,450,319,0.18144044321329644
3527,727,290,225,0.08940852819807432,436,306,0.17881705639614853
3528,652,264,202,0.0950920245398773,414,276,0.2116564417177914
3529,668,244,210,0.050898203592814384,405,273,0.19760479041916168
3530,727,303,237,0.0907840440165062,484,330,0.21182943603851445
3531,757,289,231,0.07661822985468952,492,318,0.22985468956406868
3532,663,253,205,0.07239819004524883,390,275,0.17345399698340874
3533,653,252,208,0.06738131699846861,419,289,0.1990811638591118
3534,656,252,198,0.08231707317073172,410,278,0.20121951219512196
3535,660,247,189,0.08787878787878789,425,277,0.22424242424242424
3536,688,275,191,0.12209302325581395,425,259,0.24127906976744184
3537,678,241,179,0.09144542772861358,416,252,0.24188790560471973
3538,647,264,211,0.08191653786707881,419,285,0.20710973724884085
3539,653,240,183,0.08728943338437978,397,257,0.21439509954058195
3540,716,265,209,0.07821229050279332,448,303,0.20251396648044695
3541,714,269,196,0.10224089635854339,436,281,0.21708683473389362
3542,695,267,218,0.07050359712230214,447,295,0.21870503597122304
3543,607,227,195,0.05271828665568368,389,281,0.17792421746293247
3544,655,233,166,0.10229007633587789,381,205,0.2687022900763359
3545,690,267,201,0.09565217391304348,468,282,0.2695652173913043
3546,739,286,220,0.08930987821380243,481,296,0.2503382949932341
3547,672,254,210,0.06547619047619047,416,304,0.16666666666666669
3548,654,232,175,0.08715596330275227,414,244,0.2599388379204893
3549,710,263,186,0.10845070422535213,473,265,0.29295774647887324
3550,566,224,176,0.08480565371024734,347,238,0.1925795053003534
3551,785,272,208,0.08152866242038215,490,284,0.2624203821656051
3552,689,270,197,0.10595065312046448,452,268,0.26705370101596515
3553,663,287,201,0.12971342383107093,439,275,0.24736048265460026
3554,704,246,203,0.06107954545454547,454,280,0.24715909090909094
3555,700,270,215,0.07857142857142857,441,295,0.20857142857142857
3556,642,252,210,0.06542056074766356,434,302,0.20560747663551399
3557,718,285,216,0.09610027855153203,440,330,0.15320334261838436
3558,776,313,231,0.10567010309278352,526,316,0.27061855670103097
3559,680,250,212,0.055882352941176494,430,287,0.2102941176470588
3560,690,266,197,0.10000000000000003,469,278,0.2768115942028985
3561,726,260,206,0.07438016528925623,473,294,0.2465564738292011
3562,776,300,244,0.07216494845360827,507,350,0.20231958762886598
3563,712,277,215,0.08707865168539325,495,299,0.2752808988764045
3564,711,283,229,0.07594936708860756,466,315,0.21237693389592122
3565,677,268,200,0.1004431314623338,440,287,0.22599704579025115
3566,728,275,211,0.08791208791208788,479,293,0.2554945054945055
3567,724,277,203,0.10220994475138123,457,270,0.2582872928176796
3568,620,243,181,0.09999999999999998,401,272,0.2080645161290322
3569,688,253,209,0.06395348837209303,424,281,0.2078488372093023
3570,720,287,223,0.0888888888888889,426,297,0.1791666666666667
3571,736,263,219,0.05978260869565216,418,303,0.15625
3572,622,221,170,0.08199356913183281,417,253,0.26366559485530544
3573,690,260,206,0.07826086956521738,459,296,0.23623188405797108
3574,645,265,229,0.05581395348837209,428,305,0.1906976744186047
3575,678,258,186,0.10619469026548672,430,277,0.22566371681415925
3576,670,270,223,0.07014925373134329,419,296,0.18358208955223876
3577,699,288,226,0.0886981402002861,433,307,0.18025751072961377
3578,775,298,221,0.09935483870967743,523,330,0.24903225806451612
3579,736,256,227,0.03940217391304346,474,321,0.2078804347826087
3580,652,258,201,0.08742331288343558,437,283,0.23619631901840493
3581,655,249,190,0.09007633587786262,417,270,0.2244274809160305
3582,667,228,181,0.07046476761619191,406,254,0.22788605697151426
3583,720,276,209,0.09305555555555556,477,294,0.25416666666666665
3584,682,265,221,0.06451612903225806,440,295,0.21260997067448678
3585,729,265,217,0.06584362139917693,454,313,0.1934156378600823
3586,828,298,246,0.06280193236714976,518,350,0.2028985507246377
3587,755,280,236,0.05827814569536427,480,326,0.2039735099337749
3588,642,229,170,0.09190031152647976,387,252,0.21028037383177572
3589,690,270,203,0.09710144927536235,431,279,0.2202898550724638
3590,605,238,203,0.05785123966942146,363,277,0.1421487603305785
3591,670,242,193,0.07313432835820899,409,261,0.2208955223880597
3592,703,271,213,0.08250355618776672,435,286,0.2119487908961593
3593,679,262,203,0.08689248895434465,428,282,0.21502209131075106
3594,627,241,178,0.1004784688995215,383,263,0.1913875598086125
3595,679,242,181,0.08983799705449191,438,265,0.25478645066273936
3596,647,236,217,0.0293663060278207,397,310,0.13446676970633692
3597,712,263,213,0.0702247191011236,452,311,0.19803370786516855
3598,712,278,213,0.0912921348314607,488,293,0.27387640449438205
3599,675,244,193,0.07555555555555554,436,275,0.23851851851851852
3600,606,215,192,0.03795379537953797,372,266,0.17491749174917492
3601,670,243,185,0.08656716417910448,391,252,0.20746268656716416
3602,680,240,183,0.08382352941176474,423,277,0.2147058823529412
3603,793,311,264,0.059268600252206816,498,322,0.22194199243379564
3604,628,242,180,0.09872611464968156,392,279,0.17993630573248404
3605,757,291,227,0.08454425363276091,470,317,0.20211360634081899
3606,773,290,232,0.07503234152652005,478,303,0.22639068564036224
3607,636,240,178,0.09748427672955978,379,254,0.19654088050314467
3608,679,257,203,0.07952871870397643,429,290,0.20471281296023564
3609,726,287,228,0.08126721763085398,476,310,0.2286501377410468
3610,705,251,210,0.058156028368794355,440,299,0.2
3611,751,286,228,0.07723035952063917,497,315,0.24234354194407454
3612,719,281,239,0.05841446453407506,493,346,0.20445062586926288
3613,681,252,178,0.10866372980910427,388,262,0.18502202643171806
3614,620,250,187,0.1016129032258064,387,262,0.20161290322580638
3615,681,272,231,0.060205580029368544,437,313,0.1820851688693098
3616,739,274,205,0.09336941813261163,467,311,0.21109607577807843
3617,701,271,210,0.08701854493580596,452,285,0.23823109843081308
3618,676,263,214,0.0724852071005917,426,298,0.18934911242603553
3619,639,240,195,0.07042253521126757,398,259,0.21752738654147102
3620,701,257,229,0.03994293865905846,416,313,0.1469329529243938
3621,763,290,219,0.09305373525557009,472,298,0.2280471821756226
3622,625,256,193,0.1008,387,273,0.18239999999999995
3623,699,264,203,0.0872675250357654,440,302,0.1974248927038627
3624,697,255,200,0.07890961262553803,435,286,0.2137733142037303
3625,603,234,181,0.08789386401326699,385,268,0.19402985074626866
3626,752,253,187,0.08776595744680851,464,263,0.26728723404255317
3627,734,271,205,0.08991825613079019,455,288,0.22752043596730243
3628,695,295,200,0.13669064748201443,473,296,0.2546762589928058
3629,768,276,220,0.07291666666666669,473,314,0.20703124999999994
3630,678,270,205,0.09587020648967554,440,284,0.23008849557522126
3631,749,290,225,0.08678237650200266,448,319,0.1722296395193591
3632,629,262,220,0.0667726550079491,408,296,0.17806041335453104
3633,705,251,206,0.06382978723404259,428,301,0.1801418439716312
3634,644,252,181,0.11024844720496896,408,261,0.22826086956521735
3635,734,265,205,0.08174386920980925,431,286,0.1975476839237057
3636,676,258,232,0.03846153846153849,408,310,0.1449704142011834
3637,762,269,232,0.04855643044619423,508,310,0.25984251968503935
3638,741,303,219,0.11336032388663964,468,305,0.21997300944669362
3639,777,281,241,0.051480051480051525,480,328,0.19562419562419558
3640,768,294,239,0.07161458333333331,494,338,0.20312499999999994
3641,684,248,199,0.07163742690058478,453,272,0.26461988304093564
3642,670,254,181,0.10895522388059697,405,254,0.2253731343283582
3643,750,290,248,0.055999999999999994,489,335,0.20533333333333337
3644,655,241,200,0.06259541984732825,408,269,0.21221374045801528
3645,701,245,188,0.08131241084165475,430,276,0.2196861626248217
3646,731,271,233,0.051983584131326976,451,330,0.1655266757865937
3647,766,279,239,0.05221932114882505,460,314,0.1906005221932115
3648,703,268,205,0.08961593172119486,464,294,0.24182076813655756
3649,724,290,238,0.07182320441988949,492,311,0.25000000000000006
3650,730,277,215,0.08493150684931505,461,321,0.1917808219178082
3651,717,252,212,0.05578800557880054,438,285,0.2133891213389122
3652,710,271,220,0.07183098591549297,431,314,0.16478873239436614
3653,675,271,217,0.08000000000000002,461,294,0.24740740740740746
3654,655,267,193,0.11297709923664118,398,267,0.2
3655,789,294,236,0.07351077313054499,503,334,0.2141951837769328
3656,835,316,263,0.06347305389221558,507,366,0.16886227544910176
3657,638,217,177,0.06269592476489028,358,249,0.17084639498432608
3658,656,262,235,0.04115853658536589,439,345,0.14329268292682928
3659,680,261,192,0.10147058823529415,406,264,0.20882352941176469
3660,656,259,217,0.06402439024390244,421,304,0.1783536585365853
3661,770,273,221,0.06753246753246755,483,304,0.2324675324675325
3662,649,269,218,0.07858243451463787,440,323,0.18027734976887516
3663,672,254,188,0.0982142857142857,417,262,0.23065476190476192
3664,670,251,190,0.09104477611940298,393,260,0.19850746268656716
3665,694,269,206,0.09077809798270897,447,287,0.23054755043227665
3666,614,259,214,0.07328990228013033,413,295,0.19218241042345274
3667,663,260,189,0.10708898944193063,418,263,0.23378582202111614
3668,712,274,199,0.1053370786516854,471,309,0.2275280898876405
3669,702,255,198,0.08119658119658119,439,273,0.2364672364672365
3670,671,247,186,0.09090909090909088,412,289,0.1833084947839046
3671,613,210,187,0.03752039151712888,362,252,0.17944535073409462
3672,702,237,181,0.07977207977207978,409,251,0.225071225071225
3673,748,301,255,0.06149732620320858,473,355,0.15775401069518713
3674,728,255,200,0.0755494505494505,427,279,0.2032967032967033
3675,736,267,201,0.08967391304347822,486,297,0.25679347826086957
3676,655,242,193,0.07480916030534351,402,282,0.18320610687022904
3677,774,297,220,0.09948320413436695,498,294,0.26356589147286824
3678,769,296,235,0.07932379713914173,524,333,0.24837451235370606
3679,611,256,236,0.032733224222585955,381,303,0.12765957446808507
3680,669,256,209,0.07025411061285503,434,289,0.2167414050822123
3681,656,280,227,0.08079268292682928,432,326,0.16158536585365857
3682,765,274,229,0.05882352941176472,516,334,0.2379084967320262
3683,671,252,187,0.09687034277198214,413,270,0.21311475409836061
3684,667,257,190,0.1004497751124438,439,267,0.2578710644677662
3685,704,252,205,0.06676136363636365,464,288,0.24999999999999994
3686,698,267,213,0.07736389684813755,460,303,0.22492836676217765
3687,712,261,216,0.0632022471910112,465,328,0.1924157303370786
3688,770,292,221,0.09220779220779224,495,325,0.22077922077922085
3689,794,305,227,0.09823677581863977,508,324,0.23173803526448367
3690,701,257,188,0.0984308131241084,413,275,0.1968616262482168
3691,649,239,199,0.06163328197226503,421,275,0.2249614791987673
3692,718,280,238,0.058495821727019504,468,330,0.1922005571030641
3693,734,266,200,0.08991825613079019,454,280,0.23705722070844687
3694,737,297,225,0.09769335142469471,442,301,0.1913161465400272
3695,727,252,177,0.1031636863823934,454,265,0.2599724896836314
3696,694,259,176,0.1195965417867435,420,265,0.223342939481268
3697,645,259,187,0.11162790697674418,419,275,0.22325581395348837
3698,591,229,179,0.08460236886632827,396,237,0.2690355329949239
3699,717,262,218,0.06136680613668061,458,301,0.2189679218967922
3700,649,255,195,0.09244992295839749,414,285,0.19876733436055471
3701,681,243,198,0.06607929515418504,397,275,0.17914831130690162
3702,674,244,190,0.0801186943620178,417,257,0.2373887240356083
3703,770,295,222,0.09480519480519484,486,325,0.2090909090909091
3704,794,289,206,0.10453400503778337,519,298,0.27833753148614615
3705,829,301,230,0.08564535585042221,574,304,0.3256936067551267
3706,728,282,231,0.07005494505494508,456,301,0.21291208791208793
3707,637,242,199,0.06750392464678179,410,275,0.2119309262166405
3708,618,229,180,0.07928802588996764,385,255,0.21035598705501618
3709,714,255,202,0.07422969187675071,419,287,0.18487394957983194
3710,699,264,203,0.0872675250357654,441,291,0.2145922746781116
3711,703,241,186,0.07823613086770981,432,273,0.22617354196301565
3712,663,273,228,0.0678733031674208,429,315,0.17194570135746612
3713,754,303,243,0.07957559681697612,476,324,0.2015915119363395
3714,686,256,203,0.07725947521865889,409,278,0.19096209912536444
3715,724,274,200,0.10220994475138118,462,280,0.25138121546961323
3716,671,241,189,0.0774962742175857,432,255,0.2637853949329359
3717,617,249,202,0.0761750405186386,406,278,0.2074554294975689
3718,732,270,193,0.1051912568306011,450,256,0.2650273224043716
3719,685,276,223,0.07737226277372261,453,332,0.17664233576642335
3720,679,259,206,0.0780559646539028,425,285,0.20618556701030927
3721,633,223,195,0.04423380726698262,384,276,0.17061611374407587
3722,718,237,183,0.0752089136490251,438,288,0.20891364902506965
3723,735,278,229,0.06666666666666671,487,329,0.21496598639455783
3724,734,237,205,0.043596730245231585,440,282,0.21525885558583102
3725,706,269,212,0.08073654390934842,449,300,0.21104815864022658
3726,669,274,228,0.0687593423019432,450,313,0.20478325859491786
3727,692,279,194,0.12283236994219654,438,283,0.22398843930635837
3728,751,283,218,0.08655126498002663,488,286,0.2689747003994674
3729,702,275,226,0.06980056980056981,439,315,0.17663817663817666
3730,673,277,205,0.10698365527488857,440,285,0.23031203566121844
3731,783,273,198,0.0957854406130268,487,298,0.24137931034482757
3732,631,254,220,0.053882725832012646,398,304,0.14896988906497616
3733,716,276,211,0.0907821229050279,466,293,0.24162011173184356
3734,696,260,217,0.061781609195402265,432,294,0.19827586206896552
3735,707,299,248,0.07213578500707213,458,332,0.17821782178217827
3736,651,271,229,0.06451612903225806,430,312,0.1812596006144393
3737,732,267,186,0.11065573770491804,487,279,0.2841530054644809
3738,618,223,179,0.07119741100323623,370,262,0.17475728155339804
3739,669,271,201,0.10463378176382665,435,276,0.23766816143497754
3740,759,291,235,0.07378129117259552,501,311,0.25032938076416333
3741,765,296,219,0.10065359477124186,497,291,0.26928104575163403
3742,707,274,211,0.08910891089108913,472,297,0.24752475247524747
3743,680,250,211,0.057352941176470607,430,280,0.22058823529411764
3744,685,258,192,0.09635036496350363,417,273,0.2102189781021898
3745,690,278,210,0.09855072463768116,443,304,0.20144927536231888
3746,635,227,173,0.08503937007874018,391,276,0.18110236220472437
3747,718,261,211,0.06963788300835655,450,299,0.21030640668523676
3748,597,223,177,0.07705192629815744,399,265,0.22445561139028475
3749,623,257,203,0.08667736757624395,402,286,0.1861958266452648
3750,622,227,187,0.06430868167202575,356,255,0.162379421221865
3751,653,249,182,0.10260336906584994,403,256,0.22511485451761098
3752,757,289,214,0.09907529722589165,490,299,0.2523117569352708
3753,758,272,197,0.09894459102902375,460,285,0.23087071240105544
3754,667,222,154,0.10194902548725635,383,231,0.2278860569715142
3755,826,324,244,0.09685230024213076,542,341,0.2433414043583535
3756,676,238,194,0.0650887573964497,417,267,0.22189349112426032
3757,692,289,239,0.07225433526011565,458,337,0.1748554913294798
3758,757,287,227,0.07926023778071334,472,317,0.20475561426684286
3759,685,264,200,0.09343065693430658,449,273,0.25693430656934313
3760,675,275,226,0.0725925925925926,417,312,0.15555555555555556
3761,742,281,215,0.0889487870619946,491,319,0.2318059299191375
3762,608,224,174,0.08223684210526316,379,261,0.19407894736842102
3763,728,284,212,0.09890109890109888,474,277,0.27060439560439564
3764,635,247,198,0.07716535433070865,377,282,0.14960629921259844
3765,738,285,218,0.09078590785907859,492,310,0.2466124661246612
3766,777,292,220,0.09266409266409265,518,321,0.2535392535392535
3767,679,272,189,0.12223858615611194,413,275,0.20324005891016195
3768,662,252,199,0.08006042296072508,412,276,0.2054380664652568
3769,682,239,201,0.05571847507331379,434,281,0.22434017595307915
3770,677,272,231,0.06056129985228953,426,314,0.16543574593796162
3771,634,247,205,0.06624605678233442,398,288,0.17350157728706622
3772,761,311,231,0.10512483574244413,473,316,0.20630749014454663
3773,655,264,205,0.09007633587786257,418,289,0.19694656488549622
3774,761,284,244,0.05256241787122207,509,373,0.1787122207621551
3775,762,297,238,0.0774278215223097,521,343,0.23359580052493434
3776,734,271,220,0.0694822888283379,435,300,0.1839237057220709
3777,586,238,216,0.03754266211604096,367,273,0.16040955631399317
3778,631,241,201,0.06339144215530906,384,280,0.16481774960380352
3779,640,252,220,0.04999999999999999,395,289,0.16562500000000002
3780,672,248,192,0.08333333333333337,419,268,0.22470238095238093
3781,641,233,197,0.05616224648985957,401,271,0.20280811232449297
3782,717,267,189,0.10878661087866104,445,269,0.24546722454672248
3783,696,280,195,0.12212643678160923,434,265,0.24281609195402304
3784,764,307,253,0.0706806282722513,516,338,0.23298429319371727
3785,592,206,165,0.06925675675675674,376,241,0.22804054054054052
3786,668,262,221,0.06137724550898199,431,328,0.1541916167664671
3787,690,258,195,0.09130434782608698,456,259,0.2855072463768116
3788,744,254,216,0.051075268817204256,460,305,0.20833333333333331
3789,704,270,222,0.06818181818181818,442,269,0.24573863636363635
3790,719,292,212,0.11126564673157163,499,328,0.23783031988873432
3791,743,298,207,0.1224764468371467,494,295,0.2678331090174967
3792,724,274,201,0.10082872928176795,450,272,0.24585635359116026
3793,677,243,203,0.05908419497784345,411,267,0.2127031019202364
3794,741,267,218,0.06612685560053982,480,308,0.23211875843454793
3795,751,301,211,0.11984021304926767,473,308,0.2197070572569907
3796,656,236,197,0.05945121951219512,369,278,0.13871951219512196
3797,702,251,193,0.08262108262108264,412,268,0.20512820512820507
3798,706,278,213,0.09206798866855526,443,301,0.20113314447592073
3799,769,314,237,0.10013003901170353,523,324,0.258777633289987
3800,662,281,203,0.1178247734138973,436,283,0.23111782477341386
3801,790,290,224,0.08354430379746836,483,296,0.2367088607594937
3802,620,232,192,0.06451612903225806,390,275,0.18548387096774194
3803,769,298,221,0.10013003901170353,502,323,0.23276983094928477
3804,725,287,216,0.09793103448275864,468,305,0.22482758620689652
3805,691,266,201,0.09406657018813319,443,294,0.21562952243125905
3806,696,254,200,0.07758620689655177,469,286,0.26293103448275856
3807,621,233,180,0.08534621578099838,379,273,0.17069243156199682
3808,643,246,197,0.07620528771384139,387,275,0.17418351477449456
3809,664,233,215,0.027108433734939763,403,285,0.17771084337349397
3810,749,285,238,0.06275033377837119,499,314,0.24699599465954608
3811,675,246,197,0.0725925925925926,421,297,0.18370370370370365
3812,644,270,235,0.05434782608695654,435,313,0.18944099378881984
3813,736,287,209,0.10597826086956519,465,304,0.21874999999999994
3814,631,278,234,0.06973058637083995,423,310,0.17908082408874804
3815,731,254,182,0.09849521203830372,455,265,0.2599179206566347
3816,676,235,192,0.0636094674556213,412,278,0.19822485207100593
3817,739,267,209,0.07848443843031128,457,292,0.22327469553450602
3818,688,238,198,0.05813953488372092,404,272,0.19186046511627913
3819,616,227,164,0.10227272727272729,357,231,0.20454545454545459
3820,655,223,158,0.09923664122137404,404,268,0.2076335877862595
3821,603,213,170,0.0713101160862355,379,246,0.22056384742951912
3822,742,284,242,0.05660377358490565,465,341,0.16711590296495954
3823,787,249,195,0.06861499364675988,465,270,0.24777636594663277
3824,675,279,211,0.10074074074074074,444,295,0.22074074074074074
3825,737,284,211,0.09905020352781552,456,295,0.21845318860244228
3826,628,231,185,0.07324840764331209,378,256,0.19426751592356684
3827,666,254,176,0.11711711711711714,422,238,0.2762762762762763
3828,669,251,210,0.06128550074738415,435,282,0.22869955156950672
3829,729,268,222,0.06310013717421126,450,312,0.18930041152263372
3830,704,275,224,0.07244318181818182,444,300,0.20454545454545459
3831,780,288,232,0.07179487179487182,488,344,0.18461538461538463
3832,684,256,201,0.08040935672514615,418,272,0.2134502923976609
3833,644,242,195,0.07298136645962733,405,278,0.19720496894409945
3834,763,262,222,0.05242463958060284,460,310,0.19659239842726078
3835,633,236,188,0.07582938388625593,383,275,0.17061611374407581
3836,671,247,206,0.061102831594634865,392,281,0.16542473919523099
3837,764,287,218,0.09031413612565448,492,308,0.2408376963350785
3838,652,265,188,0.11809815950920244,433,270,0.25000000000000006
3839,720,278,207,0.09861111111111115,452,331,0.16805555555555557
3840,652,238,177,0.09355828220858897,379,246,0.20398773006134968
3841,716,299,222,0.1075418994413408,477,332,0.20251396648044695
3842,725,272,202,0.09655172413793106,452,274,0.24551724137931036
3843,647,255,192,0.09737248840803714,413,265,0.22874806800618241
3844,725,259,186,0.1006896551724138,450,278,0.23724137931034484
3845,709,271,227,0.06205923836389282,421,299,0.1720733427362482
3846,732,247,204,0.058743169398907114,422,295,0.1734972677595628
3847,636,240,180,0.09433962264150947,380,251,0.20283018867924524
3848,579,215,157,0.10017271157167534,360,224,0.23488773747841102
3849,661,266,197,0.10438729198184565,411,271,0.21180030257186078
3850,714,250,189,0.08543417366946776,453,269,0.25770308123249297
3851,700,258,190,0.09714285714285714,438,273,0.23571428571428565
3852,602,240,212,0.04651162790697677,375,265,0.18272425249169438
3853,745,280,221,0.07919463087248324,508,305,0.27248322147651
3854,750,261,199,0.08266666666666667,478,280,0.26399999999999996
3855,717,264,211,0.07391910739191077,425,303,0.17015341701534176
3856,769,294,242,0.06762028608582576,529,317,0.2756827048114434
3857,700,276,207,0.09857142857142859,446,301,0.20714285714285713
3858,696,264,210,0.07758620689655171,427,303,0.1781609195402299
3859,694,274,229,0.06484149855907778,440,328,0.16138328530259366
3860,755,289,232,0.07549668874172188,468,346,0.1615894039735099
3861,650,243,174,0.10615384615384615,379,258,0.18615384615384611
3862,698,275,226,0.07020057306590255,444,301,0.2048710601719197
3863,657,236,181,0.0837138508371385,369,267,0.15525114155251146
3864,678,257,199,0.08554572271386435,405,292,0.16666666666666669
3865,623,237,177,0.09630818619582665,404,250,0.247191011235955
3866,707,284,235,0.06930693069306931,451,339,0.15841584158415845
3867,637,235,191,0.0690737833594976,371,261,0.17268445839874413
3868,609,224,167,0.09359605911330049,368,231,0.2249589490968802
3869,652,255,202,0.08128834355828224,398,278,0.18404907975460127
3870,701,268,215,0.07560627674750359,435,294,0.2011412268188303
3871,779,301,197,0.13350449293966626,517,280,0.3042362002567394
3872,782,293,234,0.07544757033248084,512,308,0.26086956521739135
3873,664,276,209,0.10090361445783136,445,299,0.21987951807228917
3874,705,224,179,0.06382978723404259,401,278,0.174468085106383
3875,727,288,217,0.09766162310866572,451,309,0.19532324621733155
3876,654,253,220,0.05045871559633025,423,302,0.1850152905198777
3877,716,268,202,0.09217877094972066,446,290,0.21787709497206703
3878,698,261,209,0.07449856733524352,433,305,0.18338108882521487
3879,634,208,166,0.06624605678233442,372,253,0.18769716088328076
3880,750,296,244,0.06933333333333336,490,346,0.192
3881,750,271,220,0.068,449,309,0.1866666666666667
3882,706,266,200,0.09348441926345608,436,284,0.2152974504249292
3883,674,246,214,0.047477744807121636,411,298,0.16765578635014838
3884,657,260,219,0.0624048706240487,426,311,0.1750380517503805
3885,644,237,174,0.09782608695652173,394,245,0.23136645962732916
3886,722,279,217,0.08587257617728528,482,297,0.25623268698060936
3887,730,279,201,0.10684931506849316,459,289,0.23287671232876717
3888,662,255,188,0.1012084592145015,421,274,0.22205438066465255
3889,761,274,225,0.06438896189224702,476,323,0.20105124835742438
3890,702,260,203,0.08119658119658119,436,269,0.23789173789173795
3891,777,274,213,0.0785070785070785,454,318,0.175032175032175
3892,821,305,215,0.10962241169305725,520,301,0.26674786845310594
3893,677,272,227,0.06646971935007384,422,306,0.17134416543574593
3894,682,249,176,0.10703812316715544,449,262,0.27419354838709675
3895,736,263,202,0.0828804347826087,443,301,0.19293478260869562
3896,799,290,255,0.04380475594493116,474,342,0.16520650813516896
3897,751,283,224,0.07856191744340879,467,287,0.2396804260985353
3898,703,271,213,0.08250355618776672,434,284,0.21337126600284495
3899,676,246,199,0.06952662721893493,417,273,0.21301775147928992
3900,614,241,189,0.08469055374592832,397,270,0.2068403908794788
3901,719,269,217,0.07232267037552154,460,302,0.21974965229485394
3902,785,286,211,0.09554140127388533,494,298,0.24968152866242033
3903,629,245,204,0.06518282988871221,400,272,0.20349761526232113
3904,740,275,204,0.09594594594594591,461,284,0.23918918918918913
3905,688,276,205,0.10319767441860467,471,293,0.25872093023255816
3906,740,281,229,0.07027027027027027,459,330,0.17432432432432432
3907,775,284,234,0.06451612903225806,533,327,0.2658064516129032
3908,694,256,204,0.0749279538904899,434,299,0.1945244956772334
3909,672,272,209,0.09375,441,298,0.21279761904761907
3910,758,283,218,0.08575197889182057,478,307,0.22559366754617416
3911,705,253,208,0.06382978723404259,409,293,0.16453900709219854
3912,705,272,224,0.06808510638297871,448,313,0.19148936170212771
3913,783,298,228,0.08939974457215832,513,327,0.23754789272030646
3914,712,276,198,0.1095505617977528,468,280,0.26404494382022475
3915,826,305,235,0.0847457627118644,558,337,0.26755447941888616
3916,724,271,247,0.03314917127071826,434,324,0.1519337016574585
3917,646,242,168,0.11455108359133126,402,286,0.17956656346749222
3918,699,255,187,0.09728183118741057,455,268,0.2675250357653791
3919,692,269,224,0.06502890173410403,446,317,0.18641618497109824
3920,565,229,205,0.04247787610619469,350,285,0.11504424778761058
3921,669,251,203,0.0717488789237668,420,303,0.17488789237668168
3922,735,267,182,0.11564625850340138,447,270,0.2408163265306122
3923,618,270,205,0.10517799352750806,419,285,0.21682847896440127
3924,691,245,198,0.06801736613603471,455,278,0.256150506512301
3925,646,253,192,0.09442724458204338,409,262,0.22755417956656343
3926,755,276,189,0.11523178807947021,479,285,0.25695364238410595
3927,643,262,202,0.09331259720062207,410,269,0.21928460342146194
3928,782,278,213,0.08312020460358055,500,307,0.24680306905370847
3929,799,304,245,0.07384230287859828,505,336,0.2115143929912391
3930,594,241,177,0.10774410774410775,395,251,0.24242424242424243
3931,629,231,181,0.0794912559618442,428,286,0.2257551669316375
3932,625,252,201,0.0816,377,269,0.17279999999999995
3933,612,212,175,0.06045751633986929,373,258,0.1879084967320262
3934,783,289,247,0.05363984674329503,508,340,0.21455938697318006
3935,642,233,193,0.06230529595015577,388,270,0.18380062305295947
3936,644,269,197,0.11180124223602483,440,266,0.27018633540372666
3937,747,291,221,0.09370816599732262,447,304,0.19143239625167335
3938,688,275,205,0.10174418604651164,461,289,0.24999999999999994
3939,708,274,236,0.053672316384180796,436,324,0.1581920903954802
3940,638,255,215,0.06269592476489028,437,320,0.1833855799373041
3941,697,257,209,0.06886657101865135,463,279,0.2639885222381636
3942,654,251,202,0.07492354740061163,431,289,0.21712538226299694
3943,718,276,217,0.08217270194986076,434,309,0.17409470752089135
3944,688,268,205,0.09156976744186052,438,276,0.2354651162790698
3945,673,270,199,0.10549777117384845,417,273,0.21396731054977713
3946,641,249,189,0.09360374414976597,408,246,0.2527301092043681
3947,736,280,204,0.1032608695652174,480,301,0.24320652173913043
3948,584,238,188,0.08561643835616439,365,258,0.1832191780821918
3949,740,247,162,0.11486486486486483,441,235,0.2783783783783784
3950,683,269,212,0.08345534407027816,434,316,0.17276720351390917
3951,702,249,192,0.08119658119658119,425,271,0.2193732193732194
3952,775,277,203,0.09548387096774191,497,299,0.2554838709677419
3953,700,249,196,0.07571428571428568,436,273,0.23285714285714287
3954,780,298,230,0.08717948717948715,476,316,0.20512820512820518
3955,725,284,232,0.07172413793103449,464,310,0.21241379310344827
3956,815,325,243,0.10061349693251531,519,340,0.2196319018404908
3957,648,255,189,0.10185185185185186,460,274,0.2870370370370371
3958,710,282,204,0.10985915492957748,434,281,0.21549295774647886
3959,681,275,206,0.10132158590308366,436,300,0.19970631424375918
3960,693,268,202,0.09523809523809529,455,290,0.23809523809523808
3961,737,274,205,0.09362279511533239,476,267,0.28358208955223874
3962,624,240,178,0.0993589743589744,407,250,0.2516025641025641
3963,789,275,204,0.0899873257287706,478,302,0.22306717363751583
3964,722,251,212,0.05401662049861494,440,290,0.20775623268698057
3965,720,265,210,0.0763888888888889,426,275,0.20972222222222225
3966,720,262,235,0.03749999999999998,454,297,0.21805555555555556
3967,699,276,222,0.07725321888412018,465,301,0.234620886981402
3968,695,253,204,0.0705035971223022,437,293,0.20719424460431657
3969,649,247,187,0.09244992295839755,399,267,0.2033898305084746
3970,662,267,220,0.07099697885196371,413,316,0.1465256797583081
3971,731,281,214,0.0916552667578659,454,297,0.2147742818057456
3972,619,242,197,0.07269789983844915,388,273,0.18578352180936997
3973,773,288,231,0.07373868046571802,491,324,0.2160413971539457
3974,763,297,262,0.045871559633027525,509,373,0.17824377457404983
3975,690,243,198,0.06521739130434784,424,268,0.22608695652173916
3976,632,217,186,0.04905063291139239,367,257,0.1740506329113924
3977,708,275,242,0.04661016949152541,440,323,0.16525423728813565
3978,782,290,234,0.07161125319693096,514,316,0.25319693094629153
3979,629,250,191,0.09379968203497618,414,265,0.23688394276629565
3980,658,257,196,0.09270516717325228,421,275,0.2218844984802431
3981,748,290,220,0.09358288770053474,483,328,0.20721925133689845
3982,678,248,214,0.05014749262536872,381,285,0.1415929203539823
3983,679,255,190,0.09572901325478644,424,276,0.21796759941089838
3984,724,269,223,0.06353591160220995,464,315,0.2058011049723757
3985,738,275,231,0.05962059620596205,498,327,0.23170731707317072
3986,628,248,173,0.11942675159235672,397,235,0.2579617834394905
3987,686,271,204,0.09766763848396504,436,277,0.23177842565597673
3988,728,287,214,0.10027472527472525,479,283,0.2692307692307692
3989,657,245,202,0.0654490106544901,416,280,0.2070015220700152
3990,669,259,175,0.12556053811659196,416,233,0.27354260089686094
3991,657,271,204,0.1019786910197869,419,284,0.20547945205479456
3992,659,264,202,0.09408194233687406,440,277,0.24734446130500765
3993,636,234,175,0.09276729559748426,380,250,0.2044025157232704
3994,738,284,238,0.06233062330623307,454,307,0.19918699186991873
3995,785,279,209,0.08917197452229297,459,302,0.19999999999999996
3996,641,248,182,0.10296411856474258,411,266,0.22620904836193445
3997,724,287,229,0.08011049723756908,471,327,0.19889502762430944
3998,701,280,215,0.09272467902995718,459,318,0.20114122681883018
3999,644,241,179,0.09627329192546585,411,257,0.2391304347826087
4000,660,248,209,0.05909090909090908,417,295,0.18484848484848487
4001,756,287,214,0.09656084656084657,483,310,0.22883597883597878
4002,695,276,201,0.1079136690647482,427,290,0.19712230215827337
4003,788,271,211,0.07614213197969544,487,296,0.2423857868020305
4004,710,271,196,0.10563380281690138,434,291,0.2014084507042253
4005,709,276,223,0.07475317348377997,463,317,0.20592383638928063
4006,637,222,152,0.10989010989010989,358,224,0.21036106750392464
4007,674,250,207,0.06379821958456972,419,280,0.20623145400593468
4008,627,224,165,0.09409888357256779,416,244,0.27432216905901113
4009,602,233,179,0.08970099667774084,360,254,0.17607973421926915
4010,635,251,224,0.04251968503937009,419,314,0.1653543307086614
4011,671,273,205,0.10134128166915052,437,283,0.2295081967213115
4012,792,299,246,0.06691919191919193,476,338,0.17424242424242425
4013,659,252,187,0.09863429438543247,392,246,0.2215477996965099
4014,635,245,180,0.10236220472440943,396,252,0.22677165354330714
4015,728,263,188,0.10302197802197799,449,265,0.2527472527472528
4016,681,255,204,0.07488986784140972,434,282,0.22320117474302492
4017,696,266,195,0.10201149425287359,426,282,0.2068965517241379
4018,679,267,237,0.04418262150220914,417,311,0.15611192930780565
4019,676,274,213,0.09023668639053256,428,300,0.18934911242603553
4020,720,251,191,0.08333333333333331,463,287,0.24444444444444446
4021,752,275,208,0.08909574468085107,497,276,0.2938829787234043
4022,695,271,202,0.09928057553956832,443,274,0.24316546762589925
4023,661,239,179,0.0907715582450832,413,275,0.20877458396369136
4024,723,270,197,0.1009681881051176,456,291,0.22821576763485474
4025,675,269,227,0.06222222222222218,419,309,0.16296296296296292
4026,772,303,235,0.08808290155440412,491,344,0.1904145077720208
4027,714,276,189,0.12184873949579833,467,281,0.2605042016806723
4028,705,281,242,0.05531914893617024,448,313,0.19148936170212771
4029,574,221,180,0.07142857142857145,358,268,0.156794425087108
4030,770,283,215,0.08831168831168834,510,303,0.2688311688311688
4031,703,279,228,0.07254623044096725,444,326,0.16785206258890467
4032,608,224,166,0.09539473684210525,358,256,0.16776315789473684
4033,763,297,235,0.08125819134993445,466,321,0.19003931847968547
4034,703,255,182,0.1038406827880512,440,268,0.24466571834992895
4035,717,267,208,0.08228730822873082,441,298,0.19944211994421202
4036,701,269,222,0.06704707560627676,440,314,0.17974322396576314
4037,733,293,261,0.043656207366985,484,347,0.18690313778990447
4038,705,278,218,0.08510638297872342,452,300,0.21560283687943266
4039,616,249,218,0.05032467532467533,381,297,0.1363636363636364
4040,727,277,204,0.10041265474552957,455,295,0.2200825309491059
4041,776,285,217,0.08762886597938147,492,295,0.2538659793814433
4042,726,276,200,0.1046831955922865,459,308,0.20798898071625344
4043,657,279,224,0.0837138508371385,434,292,0.2161339421613394
4044,667,247,184,0.09445277361319343,419,275,0.21589205397301353
4045,732,274,213,0.08333333333333337,479,304,0.2390710382513661
4046,645,244,193,0.07906976744186045,391,257,0.20775193798449615
4047,700,279,218,0.08714285714285713,444,304,0.19999999999999996
4048,667,238,167,0.10644677661169416,395,223,0.2578710644677661
4049,708,259,210,0.0692090395480226,410,287,0.17372881355932207
4050,704,260,195,0.09232954545454547,412,273,0.19744318181818182
4051,647,254,204,0.07727975270479137,416,278,0.21329211746522414
4052,718,268,208,0.08356545961002787,440,294,0.2033426183844011
4053,719,269,225,0.06119610570236439,467,319,0.20584144645340757
4054,709,283,197,0.12129760225669955,430,296,0.18899858956276439
4055,636,247,190,0.089622641509434,403,272,0.2059748427672956
4056,742,294,240,0.07277628032345018,495,337,0.21293800539083563
4057,691,261,190,0.10274963820549932,442,266,0.2547033285094066
4058,655,241,175,0.10076335877862597,386,256,0.19847328244274814
4059,660,291,229,0.09393939393939393,424,308,0.17575757575757578
4060,683,282,232,0.07320644216691069,485,313,0.25183016105417283
4061,660,259,217,0.0636363636363636,398,292,0.16060606060606059
4062,614,227,173,0.08794788273615634,373,263,0.17915309446254074
4063,731,266,206,0.08207934336525308,441,306,0.18467852257181944
4064,617,239,195,0.07131280388978928,394,273,0.19611021069692058
4065,725,258,182,0.10482758620689658,454,234,0.30344827586206896
4066,745,292,194,0.13154362416107385,494,292,0.2711409395973154
4067,662,234,184,0.07552870090634439,381,257,0.1873111782477342
4068,718,265,205,0.08356545961002781,443,278,0.22980501392757663
4069,681,246,218,0.04111600587371511,431,285,0.21439060205580035
4070,785,290,202,0.11210191082802545,533,305,0.2904458598726114
4071,714,304,237,0.0938375350140056,480,331,0.20868347338935578
4072,656,250,208,0.06402439024390244,415,262,0.2332317073170731
4073,705,273,190,0.11773049645390071,447,269,0.25248226950354613
4074,646,244,216,0.043343653250773995,406,287,0.1842105263157895
4075,739,267,220,0.06359945872801087,468,305,0.22056833558863326
4076,685,265,223,0.0613138686131387,438,319,0.1737226277372263
4077,777,306,222,0.10810810810810811,506,313,0.24839124839124838
4078,608,234,202,0.05263157894736842,384,267,0.19243421052631576
4079,668,255,225,0.04491017964071853,430,328,0.15269461077844315
4080,700,259,202,0.0814285714285714,460,277,0.2614285714285714
4081,713,255,219,0.05049088359046283,442,297,0.20336605890603088
4082,720,275,220,0.07638888888888884,481,299,0.2527777777777777
4083,605,239,204,0.05785123966942152,373,280,0.15371900826446283
4084,677,268,199,0.10192023633677988,461,283,0.26292466765140327
4085,692,259,216,0.06213872832369943,434,305,0.1864161849710983
4086,673,244,194,0.07429420505200596,419,293,0.18722139673105498
4087,733,285,207,0.10641200545702595,479,294,0.252387448840382
4088,739,281,210,0.09607577807848444,472,324,0.20027063599458728
4089,687,280,220,0.0873362445414847,439,299,0.20378457059679767
4090,653,276,223,0.08116385911179175,404,303,0.1546707503828484
4091,786,298,228,0.08905852417302801,532,331,0.2557251908396947
4092,705,281,250,0.04397163120567377,447,339,0.15319148936170218
4093,683,272,236,0.0527086383601757,452,321,0.19180087847730604
4094,720,262,215,0.06527777777777777,450,301,0.20694444444444443
4095,624,259,214,0.07211538461538464,394,288,0.16987179487179482
4096,640,256,191,0.1015625,411,273,0.215625
4097,743,273,222,0.06864064602960968,467,295,0.23149394347240915
4098,730,277,218,0.08082191780821918,481,326,0.2123287671232877
4099,659,249,194,0.08345978755690442,396,262,0.20333839150227617
4100,672,270,212,0.08630952380952384,463,301,0.24107142857142855
4101,715,279,212,0.09370629370629369,473,314,0.22237762237762237
4102,852,318,249,0.08098591549295775,559,359,0.2347417840375587
4103,663,255,189,0.09954751131221723,415,283,0.1990950226244344
4104,659,220,178,0.06373292867981795,384,261,0.1866464339908953
4105,764,274,204,0.09162303664921467,523,294,0.2997382198952879
4106,717,268,199,0.09623430962343094,465,280,0.25801952580195253
4107,689,282,196,0.1248185776487663,435,304,0.19013062409288822
4108,739,267,221,0.062246278755074436,475,302,0.23410013531799734
4109,767,268,209,0.07692307692307687,458,310,0.1929595827900913
4110,726,283,205,0.1074380165289256,484,295,0.26033057851239666
4111,729,301,273,0.0384087791495199,499,361,0.18930041152263372
4112,698,279,209,0.10028653295128936,417,280,0.19627507163323787
4113,674,274,209,0.09643916913946587,430,295,0.20029673590504454
4114,723,279,227,0.07192254495159062,459,310,0.20608575380359612
4115,665,263,200,0.09473684210526317,433,283,0.22556390977443613
4116,665,266,211,0.08270676691729323,414,292,0.18345864661654138
4117,679,273,209,0.09425625920471281,466,278,0.2768777614138439
4118,688,271,208,0.09156976744186046,442,298,0.2093023255813954
4119,689,259,206,0.07692307692307693,413,294,0.17271407837445568
4120,714,275,185,0.12605042016806722,458,275,0.2563025210084034
4121,667,259,191,0.10194902548725637,413,277,0.2038980509745128
4122,772,316,237,0.10233160621761661,520,343,0.22927461139896366
4123,802,311,239,0.08977556109725687,506,321,0.23067331670822944
4124,652,217,163,0.08282208588957057,384,253,0.20092024539877307
4125,707,270,199,0.1004243281471004,447,275,0.24328147100424324
4126,670,242,192,0.07462686567164178,405,274,0.19552238805970146
4127,711,280,213,0.0942334739803094,476,308,0.23628691983122357
4128,714,293,233,0.08403361344537813,492,306,0.2605042016806723
4129,675,259,197,0.09185185185185185,409,279,0.19259259259259265
4130,626,251,175,0.12140575079872201,366,241,0.19968051118210867
4131,734,294,237,0.07765667574931878,487,327,0.21798365122615804
4132,750,278,227,0.068,486,328,0.21066666666666667
4133,795,304,224,0.1006289308176101,548,329,0.2754716981132075
4134,699,286,211,0.1072961373390558,489,296,0.2761087267525036
4135,663,249,184,0.0980392156862745,436,284,0.2292609351432881
4136,719,259,196,0.08762169680111265,454,283,0.23783031988873438
4137,703,278,201,0.1095305832147937,469,304,0.23470839260312937
4138,569,230,190,0.07029876977152905,348,253,0.1669595782073814
4139,657,282,214,0.1035007610350076,431,306,0.19025875190258756
4140,766,294,231,0.08224543080939944,511,320,0.24934725848563966
4141,749,288,214,0.09879839786381844,464,305,0.21228304405874499
4142,668,274,224,0.07485029940119764,462,334,0.19161676646706582
4143,769,273,211,0.08062418725617687,527,316,0.2743823146944083
4144,670,247,193,0.08059701492537313,459,281,0.2656716417910448
4145,736,284,230,0.0733695652173913,472,300,0.23369565217391303
4146,677,258,205,0.07828655834564258,422,268,0.22747415066469717
4147,664,247,200,0.07078313253012047,397,272,0.18825301204819278
4148,657,241,171,0.106544901065449,400,259,0.2146118721461187
4149,677,267,195,0.10635155096011817,421,252,0.24963072378138845
4150,735,251,208,0.058503401360544216,454,305,0.20272108843537417
4151,773,276,225,0.06597671410090555,464,309,0.20051746442432083
4152,684,257,212,0.06578947368421056,432,295,0.2002923976608187
4153,702,268,248,0.02849002849002852,443,334,0.1552706552706553
4154,660,261,204,0.08636363636363636,400,272,0.19393939393939397
4155,693,264,216,0.06926406926406925,424,293,0.18903318903318905
4156,712,278,211,0.09410112359550565,481,300,0.25421348314606745
4157,758,283,217,0.0870712401055409,505,299,0.2717678100263852
4158,784,306,205,0.12882653061224492,537,289,0.3163265306122449
4159,630,241,175,0.10476190476190472,399,249,0.23809523809523808
4160,681,246,180,0.09691629955947134,455,249,0.30249632892804695
4161,665,227,190,0.05563909774436093,394,259,0.20300751879699253
4162,612,243,185,0.09477124183006536,374,256,0.1928104575163399
4163,626,248,204,0.0702875399361022,395,278,0.18690095846645371
4164,660,243,191,0.0787878787878788,381,272,0.16515151515151516
4165,641,264,206,0.09048361934477378,434,303,0.20436817472698904
4166,669,258,187,0.10612855007473843,428,261,0.24962630792227203
4167,701,273,214,0.08416547788873041,463,294,0.2410841654778887
4168,734,264,211,0.0722070844686648,479,316,0.22207084468664856
4169,715,267,221,0.06433566433566434,489,306,0.25594405594405595
4170,757,288,226,0.0819022457067371,470,299,0.225891677675033
4171,815,298,241,0.06993865030674845,553,338,0.26380368098159507
4172,684,263,206,0.08333333333333331,455,289,0.24269005847953218
4173,685,253,213,0.058394160583941646,444,290,0.22481751824817525
4174,710,266,221,0.06338028169014087,452,312,0.1971830985915493
4175,735,274,209,0.08843537414965985,475,295,0.24489795918367352
4176,702,301,234,0.09544159544159547,468,320,0.21082621082621078
4177,725,259,213,0.06344827586206897,458,296,0.2234482758620689
4178,710,276,224,0.07323943661971827,459,311,0.2084507042253521
4179,735,257,192,0.08843537414965985,460,282,0.24217687074829936
4180,745,291,212,0.10604026845637587,483,301,0.2442953020134228
4181,754,285,220,0.08620689655172414,505,315,0.25198938992042436
4182,771,303,218,0.11024643320363164,531,295,0.30609597924773024
4183,677,259,208,0.07533234859675036,424,293,0.19350073855243716
4184,730,281,215,0.09041095890410955,459,289,0.23287671232876717
4185,620,215,177,0.06129032258064521,384,237,0.2370967741935484
4186,760,274,194,0.10526315789473684,477,310,0.21973684210526317
4187,741,286,226,0.08097165991902833,477,322,0.20917678812415652
4188,764,280,203,0.10078534031413611,510,303,0.2709424083769633
4189,855,305,236,0.08070175438596489,560,311,0.29122807017543856
4190,620,241,198,0.06935483870967746,372,278,0.15161290322580645
4191,657,254,199,0.0837138508371385,408,263,0.2207001522070015
4192,734,279,216,0.08583106267029972,445,297,0.20163487738419622
4193,705,292,239,0.075177304964539,453,310,0.20283687943262413
4194,792,291,239,0.06565656565656569,511,353,0.1994949494949495
4195,717,253,178,0.10460251046025101,454,264,0.2649930264993026
4196,649,275,228,0.07241910631741139,435,316,0.18335901386748843
4197,671,274,239,0.05216095380029806,419,322,0.14456035767511177
4198,690,247,192,0.07971014492753625,410,295,0.16666666666666663
4199,630,215,167,0.0761904761904762,364,236,0.20317460317460312
4200,756,298,246,0.06878306878306878,485,329,0.20634920634920634
4201,656,241,184,0.08689024390243899,399,272,0.19359756097560982
4202,637,254,199,0.08634222919937207,414,268,0.22919937205651497
4203,694,256,193,0.09077809798270892,446,271,0.2521613832853025
4204,629,266,207,0.09379968203497618,383,276,0.17011128775834655
4205,718,262,195,0.09331476323119775,461,279,0.2534818941504178
4206,784,305,248,0.07270408163265302,508,312,0.25
4207,635,247,189,0.09133858267716538,405,255,0.23622047244094485
4208,670,257,206,0.07611940298507464,419,300,0.1776119402985074
4209,641,243,188,0.08580343213728553,379,252,0.19812792511700467
4210,711,296,230,0.09282700421940926,455,321,0.18846694796061886
4211,657,296,226,0.106544901065449,464,297,0.2541856925418569
4212,667,252,183,0.10344827586206895,422,254,0.2518740629685157
4213,664,238,184,0.08132530120481929,420,267,0.23042168674698793
4214,640,254,180,0.11562499999999998,400,251,0.23281249999999998
4215,655,272,191,0.12366412213740458,424,251,0.2641221374045802
4216,646,247,213,0.05263157894736842,394,288,0.1640866873065016
4217,685,257,219,0.055474452554744536,414,308,0.15474452554744528
4218,713,262,201,0.08555399719495088,448,296,0.2131837307152875
4219,783,286,224,0.07918263090676886,496,328,0.2145593869731801
4220,633,248,224,0.037914691943127965,392,307,0.13428120063191157
4221,595,261,212,0.08235294117647057,370,280,0.1512605042016807
4222,696,275,216,0.08477011494252873,466,286,0.2586206896551724
4223,660,231,186,0.06818181818181818,412,258,0.23333333333333334
4224,701,267,213,0.07703281027104136,417,297,0.17118402282453632
4225,665,244,180,0.0962406015037594,429,254,0.2631578947368421
4226,756,305,259,0.060846560846560815,467,333,0.1772486772486772
4227,729,270,183,0.11934156378600819,468,265,0.2784636488340192
4228,724,283,212,0.09806629834254144,458,303,0.21408839779005523
4229,739,250,195,0.07442489851150202,456,265,0.25845737483085246
4230,682,263,179,0.12316715542521994,426,257,0.24780058651026393
4231,667,236,197,0.05847076461769113,402,271,0.19640179910044975
4232,643,245,175,0.10886469673405907,395,255,0.21772939346811815
4233,653,232,184,0.07350689127105664,377,260,0.17917304747320062
4234,719,273,219,0.07510431154381086,450,304,0.2030598052851182
4235,693,280,213,0.0966810966810967,437,283,0.2222222222222222
4236,638,259,183,0.11912225705329155,409,247,0.2539184952978056
4237,734,247,196,0.06948228882833785,448,284,0.223433242506812
4238,653,266,199,0.10260336906584988,421,281,0.21439509954058195
4239,604,224,167,0.0943708609271523,378,266,0.18543046357615894
4240,744,271,193,0.10483870967741937,479,270,0.28091397849462363
4241,690,233,154,0.11449275362318842,415,239,0.25507246376811593
4242,692,259,184,0.10838150289017345,425,257,0.24277456647398843
4243,626,257,185,0.11501597444089456,409,257,0.24281150159744408
4244,682,270,191,0.11583577712609971,439,262,0.2595307917888563
4245,657,236,178,0.0882800608828006,375,265,0.16742770167427706
4246,647,249,194,0.08500772797527045,404,288,0.1792890262751159
4247,718,252,195,0.07938718662952643,443,296,0.20473537604456826
4248,766,273,204,0.09007832898172324,490,295,0.2545691906005222
4249,686,254,196,0.08454810495626824,418,288,0.18950437317784258
4250,806,282,210,0.08933002481389579,487,306,0.22456575682382135
4251,754,281,225,0.07427055702917773,475,315,0.21220159151193635
4252,681,238,175,0.09251101321585903,406,252,0.22613803230543317
4253,674,258,186,0.10682492581602376,441,254,0.2774480712166172
4254,683,258,187,0.10395314787701321,434,272,0.23718887262079058
4255,658,264,237,0.04103343465045595,435,318,0.1778115501519757
4256,720,268,212,0.07777777777777778,468,288,0.25
4257,750,280,218,0.08266666666666667,437,302,0.18
4258,744,262,196,0.08870967741935487,454,313,0.18951612903225806
4259,683,264,185,0.11566617862371892,419,261,0.23133235724743778
4260,691,261,214,0.06801736613603476,412,307,0.15195369030390732
4261,713,271,204,0.09396914446002808,442,278,0.23001402524544184
4262,676,244,189,0.08136094674556216,409,270,0.20562130177514798
4263,761,310,238,0.09461235216819974,514,337,0.23258869908015772
4264,698,287,225,0.08882521489971346,467,323,0.20630372492836674
4265,722,281,223,0.08033240997229918,446,284,0.22437673130193903
4266,687,250,225,0.03639010189228531,438,320,0.17176128093158666
4267,789,287,227,0.0760456273764259,499,289,0.2661596958174905
4268,688,255,186,0.10029069767441862,435,282,0.22238372093023256
4269,744,280,190,0.12096774193548387,474,291,0.24596774193548387
4270,748,276,202,0.09893048128342241,464,285,0.2393048128342246
4271,664,263,235,0.04216867469879515,418,324,0.1415662650602409
4272,655,246,180,0.10076335877862597,406,256,0.22900763358778625
4273,687,262,204,0.08442503639010185,460,296,0.23871906841339158
4274,729,294,241,0.0727023319615912,469,324,0.19890260631001377
4275,657,257,190,0.1019786910197869,429,269,0.24353120243531207
4276,840,310,255,0.06547619047619052,557,351,0.2452380952380952
4277,701,282,248,0.04850213980028528,456,334,0.17403708987161193
4278,623,234,179,0.08828250401284105,376,247,0.20706260032102725
4279,710,275,209,0.09295774647887323,454,316,0.1943661971830986
4280,732,280,207,0.09972677595628415,468,296,0.23497267759562845
4281,736,287,223,0.08695652173913043,469,303,0.2255434782608695
4282,749,270,204,0.08811748998664887,470,281,0.2523364485981308
4283,739,290,222,0.09201623815967525,457,305,0.20568335588633285
4284,583,240,181,0.10120068610634647,349,266,0.14236706689536877
4285,680,250,232,0.026470588235294135,422,335,0.12794117647058822
4286,751,295,222,0.09720372836218377,493,319,0.2316910785619174
4287,687,273,186,0.1266375545851528,441,284,0.22852983988355174
4288,761,280,218,0.08147174770039423,460,311,0.19579500657030224
4289,701,282,201,0.11554921540656204,453,290,0.23252496433666192
4290,696,270,202,0.09770114942528735,449,289,0.2298850574712643
4291,670,248,193,0.08208955223880599,400,273,0.1895522388059701
4292,756,275,202,0.09656084656084657,505,294,0.2791005291005291
4293,696,275,205,0.10057471264367818,449,291,0.22701149425287354
4294,605,245,197,0.0793388429752066,378,278,0.1652892561983471
4295,637,244,188,0.08791208791208793,401,259,0.2229199372056515
4296,698,258,184,0.10601719197707737,465,298,0.23925501432664759
4297,686,261,215,0.06705539358600587,421,287,0.19533527696792996
4298,625,248,189,0.09439999999999998,407,275,0.2112
4299,743,273,216,0.07671601615074025,437,291,0.19650067294751006
4300,632,260,187,0.11550632911392406,391,267,0.1962025316455696
4301,683,276,218,0.0849194729136164,436,293,0.2093704245973646
4302,704,276,213,0.08948863636363635,443,297,0.20738636363636365
4303,665,225,181,0.0661654135338346,403,256,0.2210526315789474
4304,685,256,181,0.10948905109489049,420,270,0.21897810218978103
4305,667,264,214,0.0749625187406297,427,273,0.23088455772113947
4306,678,266,201,0.09587020648967548,441,282,0.23451327433628322
4307,667,246,194,0.07796101949025486,425,277,0.22188905547226384
4308,656,257,197,0.09146341463414637,402,271,0.19969512195121952
4309,703,275,224,0.07254623044096731,440,305,0.19203413940256053
4310,654,268,195,0.11162079510703365,429,270,0.2431192660550458
4311,672,276,214,0.09226190476190477,434,291,0.21279761904761907
4312,645,241,198,0.06666666666666665,355,269,0.1333333333333333
4313,691,263,215,0.06946454413892911,419,291,0.18523878437047758
4314,639,250,168,0.1283255086071987,426,257,0.2644757433489828
4315,674,269,193,0.11275964391691395,426,272,0.22848664688427295
4316,709,280,237,0.060648801128349805,462,316,0.2059238363892807
4317,787,287,219,0.08640406607369755,481,307,0.22109275730622624
4318,620,226,164,0.09999999999999998,367,228,0.22419354838709676
4319,637,242,209,0.05180533751962324,390,280,0.17268445839874413
4320,684,270,221,0.07163742690058478,443,296,0.2149122807017544
4321,750,274,202,0.09600000000000003,506,299,0.27599999999999997
4322,664,260,201,0.08885542168674698,435,277,0.23795180722891568
4323,662,257,198,0.08912386706948638,436,285,0.22809667673716005
4324,717,283,206,0.10739191073919108,462,283,0.24965132496513254
4325,770,255,181,0.09610389610389611,476,287,0.24545454545454543
4326,666,252,211,0.06156156156156156,412,304,0.16216216216216223
4327,692,253,204,0.07080924855491327,421,292,0.1864161849710983
4328,771,311,246,0.08430609597924776,531,331,0.2594033722438392
4329,729,277,201,0.10425240054869683,468,293,0.2400548696844993
4330,686,281,228,0.07725947521865889,475,322,0.22303206997084551
4331,753,267,183,0.11155378486055778,481,272,0.2775564409030544
4332,686,255,219,0.05247813411078717,407,285,0.1778425655976677
4333,686,277,219,0.08454810495626819,442,306,0.19825072886297374
4334,693,284,208,0.10966810966810964,453,290,0.23520923520923515
4335,687,285,246,0.05676855895196509,467,331,0.19796215429403202
4336,716,259,225,0.04748603351955305,483,324,0.22206703910614523
4337,657,242,191,0.0776255707762557,393,265,0.19482496194824966
4338,698,250,207,0.06160458452722062,471,298,0.24785100286532952
4339,625,223,154,0.1104,376,210,0.2656
4340,712,257,231,0.0365168539325843,439,317,0.1713483146067416
4341,694,259,183,0.10951008645533139,445,259,0.26801152737752165
4342,731,277,223,0.07387140902872774,484,307,0.24213406292749662
4343,710,258,206,0.07323943661971832,436,290,0.20563380281690136
4344,676,245,188,0.08431952662721898,407,276,0.19378698224852076
4345,669,244,213,0.04633781763826611,417,306,0.1659192825112108
4346,722,263,177,0.11911357340720224,479,259,0.3047091412742382
4347,611,210,153,0.09328968903436985,363,231,0.21603927986906712
4348,660,253,186,0.10151515151515156,421,273,0.2242424242424243
4349,690,263,219,0.06376811594202897,454,314,0.2028985507246377
4350,672,254,186,0.10119047619047616,418,275,0.21279761904761907
4351,652,265,211,0.08282208588957052,416,272,0.22085889570552147
4352,706,283,194,0.12606232294617564,455,281,0.2464589235127479
4353,707,239,170,0.0975954738330976,420,258,0.2291371994342291
4354,743,265,216,0.06594885598923284,486,296,0.25572005383580076
4355,707,257,193,0.09052333804809054,450,291,0.2248939179632249
4356,655,255,216,0.059541984732824405,424,295,0.19694656488549622
4357,757,292,202,0.11889035667107001,467,284,0.2417437252311757
4358,706,278,224,0.07648725212464591,443,296,0.20821529745042494
4359,687,264,229,0.050946142649199444,417,322,0.1382823871906841
4360,695,241,202,0.05611510791366903,412,282,0.18705035971223022
4361,681,251,195,0.08223201174743022,399,284,0.16886930983847281
4362,737,249,193,0.0759837177747626,442,293,0.20217096336499324
4363,666,246,185,0.09159159159159158,423,262,0.24174174174174168
4364,576,204,176,0.048611111111111105,341,251,0.15624999999999994
4365,692,273,206,0.0968208092485549,429,301,0.18497109826589597
4366,719,291,229,0.08623087621696801,454,304,0.20862308762169685
4367,715,282,192,0.1258741258741259,469,263,0.2881118881118881
4368,759,269,209,0.07905138339920947,508,306,0.26613965744400525
4369,664,245,174,0.10692771084337349,425,256,0.25451807228915657
4370,587,233,195,0.06473594548551959,368,266,0.17376490630323682
4371,755,285,214,0.09403973509933772,475,311,0.21721854304635763
4372,640,257,203,0.08437499999999998,402,279,0.19218750000000007
4373,726,296,220,0.1046831955922865,482,314,0.231404958677686
4374,638,264,209,0.08620689655172414,432,278,0.24137931034482757
4375,668,251,187,0.09580838323353291,417,299,0.17664670658682635
4376,663,261,200,0.09200603318250378,426,296,0.19607843137254904
4377,717,262,194,0.09483960948396097,438,272,0.23152022315202236
4378,738,267,183,0.11382113821138215,490,285,0.27777777777777773
4379,685,274,230,0.06423357664233581,435,304,0.19124087591240874
4380,703,261,224,0.05263157894736842,436,309,0.18065433854907542
4381,718,300,250,0.06963788300835655,473,342,0.18245125348189417
4382,692,259,208,0.07369942196531792,410,283,0.1835260115606936
4383,671,248,179,0.10283159463487335,454,266,0.28017883755588674
4384,703,295,242,0.07539118065433859,463,327,0.19345661450924612
4385,622,237,192,0.07234726688102894,395,272,0.19774919614147907
4386,697,278,214,0.09182209469153518,449,298,0.21664275466284072
4387,714,268,200,0.09523809523809523,441,268,0.24229691876750703
4388,681,252,200,0.07635829662261379,437,284,0.22466960352422904
4389,726,262,214,0.06611570247933884,453,293,0.22038567493112948
4390,659,251,197,0.08194233687405161,404,276,0.19423368740515934
4391,770,296,212,0.10909090909090913,498,313,0.24025974025974023
4392,638,241,187,0.08463949843260188,379,250,0.20219435736677122
4393,640,252,207,0.0703125,414,320,0.14687499999999998
4394,631,239,191,0.07606973058637084,389,281,0.1711568938193344
4395,705,291,226,0.09219858156028365,478,325,0.21702127659574466
4396,742,285,241,0.05929919137466305,447,328,0.16037735849056606
4397,762,304,224,0.10498687664041995,488,313,0.2296587926509187
4398,657,236,172,0.0974124809741248,407,240,0.25418569254185697
4399,678,283,228,0.08112094395280234,458,300,0.23303834808259583
4400,622,237,200,0.05948553054662381,382,295,0.13987138263665594
4401,696,277,209,0.0977011494252874,452,287,0.23706896551724144
4402,685,261,240,0.03065693430656935,411,307,0.15182481751824817
4403,685,256,197,0.08613138686131383,439,285,0.22481751824817514
4404,719,255,191,0.08901251738525728,436,278,0.21974965229485394
4405,677,241,179,0.09158050221565728,395,265,0.19202363367799108
4406,710,284,208,0.10704225352112678,486,293,0.27183098591549293
4407,616,230,178,0.08441558441558439,359,260,0.1607142857142857
4408,699,248,205,0.06151645207439199,436,272,0.234620886981402
4409,750,260,192,0.09066666666666667,487,278,0.2786666666666667
4410,669,249,185,0.09566517189835577,415,263,0.2272047832585949
4411,706,262,176,0.1218130311614731,444,267,0.2507082152974504
4412,691,276,195,0.11722141823444288,462,284,0.2575976845151953
4413,716,255,177,0.10893854748603352,447,265,0.2541899441340782
4414,723,277,223,0.07468879668049794,442,296,0.2019363762102352
4415,758,297,212,0.11213720316622688,472,294,0.2348284960422164
4416,671,266,209,0.08494783904619968,430,310,0.17883755588673622
4417,808,300,271,0.03589108910891087,545,362,0.22648514851485152
4418,664,261,202,0.08885542168674698,430,261,0.25451807228915657
4419,593,252,188,0.10792580101180438,370,241,0.21753794266441828
4420,708,257,193,0.0903954802259887,464,280,0.25988700564971745
4421,663,229,187,0.06334841628959276,387,274,0.17043740573152344
4422,644,239,214,0.038819875776397506,395,306,0.1381987577639751
4423,792,283,186,0.12247474747474746,496,277,0.27651515151515155
4424,638,242,200,0.06583072100313475,375,269,0.16614420062695928
4425,687,245,204,0.05967976710334788,400,265,0.19650655021834057
4426,742,269,202,0.09029649595687328,486,268,0.2938005390835579
4427,716,271,221,0.06983240223463683,448,304,0.2011173184357542
4428,742,270,213,0.07681940700808626,463,289,0.2345013477088949
4429,735,267,198,0.09387755102040818,482,303,0.2435374149659864
4430,760,281,195,0.11315789473684207,457,276,0.23815789473684212
4431,656,268,195,0.11128048780487804,413,281,0.2012195121951219
4432,714,266,187,0.11064425770308123,451,276,0.24509803921568624
4433,689,271,209,0.08998548621190128,451,302,0.21625544267053698
4434,709,263,197,0.09308885754583918,455,278,0.24964739069111425
4435,679,261,204,0.08394698085419738,426,286,0.20618556701030927
4436,723,262,203,0.08160442600276624,472,296,0.2434301521438451
4437,658,246,180,0.1003039513677812,418,251,0.2537993920972644
4438,679,243,192,0.07511045655375553,426,285,0.2076583210603829
4439,695,263,207,0.08057553956834529,443,281,0.2330935251798561
4440,699,266,210,0.08011444921316163,458,283,0.2503576537911302
4441,676,252,191,0.09023668639053256,436,278,0.23372781065088755
4442,730,283,247,0.049315068493150704,446,312,0.18356164383561646
4443,750,277,216,0.08133333333333337,471,308,0.21733333333333332
4444,709,258,192,0.09308885754583918,468,258,0.29619181946403383
4445,590,233,209,0.040677966101694885,372,281,0.1542372881355933
4446,662,260,187,0.11027190332326287,427,260,0.25226586102719034
4447,668,265,195,0.10479041916167664,433,288,0.21706586826347302
4448,668,242,176,0.09880239520958084,410,256,0.2305389221556886
4449,690,270,205,0.09420289855072467,436,307,0.18695652173913047
4450,739,274,194,0.10825439783491203,488,283,0.2774018944519621
4451,751,252,192,0.07989347536617841,480,266,0.28495339547270304
4452,692,266,214,0.07514450867052025,422,289,0.1921965317919075
4453,673,240,200,0.059435364041604766,410,273,0.20356612184249623
4454,596,230,176,0.09060402684563756,372,259,0.1895973154362416
4455,579,232,186,0.07944732297063906,348,254,0.16234887737478415
4456,709,273,206,0.09449929478138225,465,310,0.21861777150916784
4457,735,298,214,0.11428571428571427,456,301,0.2108843537414966
4458,756,269,209,0.07936507936507936,467,315,0.201058201058201
4459,777,264,196,0.08751608751608753,473,275,0.2548262548262548
4460,838,317,240,0.09188544152744632,528,328,0.23866348448687347
4461,640,246,182,0.10000000000000003,383,234,0.23281249999999998
4462,607,255,204,0.08401976935749583,415,266,0.24546952224052715
4463,641,244,197,0.07332293291731667,394,270,0.19344773790951642
4464,732,262,194,0.09289617486338797,448,277,0.23360655737704922
4465,754,290,224,0.08753315649867377,460,309,0.20026525198939
4466,695,260,209,0.07338129496402879,444,289,0.22302158273381295
4467,793,300,231,0.08701134930643128,505,317,0.2370744010088272
4468,666,254,194,0.09009009009009011,389,268,0.1816816816816817
4469,671,261,216,0.06706408345752612,400,281,0.1773472429210134
4470,627,246,196,0.07974481658692184,416,274,0.22647527910685805
4471,693,281,209,0.10389610389610393,452,276,0.253968253968254
4472,637,252,224,0.04395604395604391,405,302,0.16169544740973307
4473,758,298,234,0.08443271767810023,487,333,0.2031662269129288
4474,688,280,214,0.09593023255813954,441,308,0.1933139534883721
4475,729,282,228,0.07407407407407407,454,308,0.20027434842249658
4476,703,286,216,0.09957325746799428,469,302,0.23755334281650065
4477,717,259,192,0.09344490934449096,446,285,0.22454672245467222
4478,678,258,221,0.05457227138643067,443,297,0.21533923303834812
4479,730,265,212,0.07260273972602743,438,307,0.17945205479452053
4480,706,269,220,0.06940509915014165,435,308,0.179886685552408
4481,715,282,194,0.12307692307692308,499,299,0.27972027972027974
4482,671,281,211,0.10432190760059612,442,304,0.20566318926974664
4483,705,288,220,0.09645390070921983,465,303,0.22978723404255313
4484,683,247,206,0.06002928257686674,430,284,0.21376281112737916
4485,713,255,204,0.0715287517531557,462,294,0.23562412342215994
4486,680,263,187,0.11176470588235293,455,265,0.2794117647058823
4487,657,243,176,0.1019786910197869,382,235,0.2237442922374429
4488,773,301,243,0.07503234152652005,560,343,0.2807244501940491
4489,713,265,228,0.05189340813464238,432,320,0.1570827489481066
4490,625,236,207,0.0464,373,267,0.16959999999999997
4491,736,257,220,0.05027173913043481,495,315,0.24456521739130432
4492,619,229,189,0.06462035541195477,407,274,0.2148626817447496
4493,669,238,173,0.09715994020926755,408,260,0.22122571001494767
4494,708,269,202,0.09463276836158196,462,293,0.23870056497175146
4495,631,236,182,0.08557844690966715,368,255,0.17908082408874798
4496,717,309,243,0.09205020920502094,466,326,0.19525801952580196
4497,733,297,247,0.06821282401091405,505,318,0.2551159618008185
4498,672,263,197,0.0982142857142857,435,278,0.23363095238095244
4499,727,268,231,0.05089408528198075,404,301,0.14167812929848694
4500,707,272,217,0.07779349363507782,444,292,0.21499292786421503
4501,698,264,199,0.09312320916905448,453,253,0.2865329512893983
4502,679,259,181,0.11487481590574372,448,269,0.26362297496318116
4503,713,263,194,0.09677419354838712,450,284,0.2328190743338009
4504,697,276,216,0.08608321377331424,436,298,0.19799139167862262
4505,693,248,189,0.08513708513708518,462,266,0.2828282828282828
4506,727,269,207,0.08528198074277854,448,308,0.1925722145804677
4507,718,257,192,0.09052924791086348,443,265,0.24791086350974934
4508,839,305,257,0.05721096543504173,515,357,0.18831942789034561
4509,660,264,186,0.11818181818181822,408,253,0.2348484848484848
4510,673,241,174,0.09955423476968794,382,255,0.1887072808320951
4511,623,243,181,0.09951845906902085,390,254,0.21829855537720705
4512,768,279,227,0.06770833333333331,486,303,0.23828125
4513,655,232,207,0.03816793893129772,405,291,0.17404580152671761
4514,665,258,197,0.09172932330827066,416,279,0.20601503759398498
4515,671,254,201,0.07898658718330848,433,277,0.2324888226527571
4516,746,288,211,0.10321715817694366,483,312,0.2292225201072386
4517,691,279,224,0.07959479015918958,449,319,0.18813314037626633
4518,732,239,196,0.05874316939890706,449,285,0.2240437158469945
4519,744,259,175,0.11290322580645162,415,261,0.20698924731182788
4520,735,258,214,0.05986394557823127,450,319,0.1782312925170068
4521,631,247,179,0.10776545166402535,403,243,0.2535657686212361
4522,734,274,195,0.10762942779291557,456,277,0.24386920980926424
4523,642,252,183,0.1074766355140187,406,260,0.2274143302180685
4524,765,276,224,0.06797385620915031,488,322,0.21699346405228753
4525,809,282,205,0.09517923362175523,478,299,0.22126081582200247
4526,714,273,206,0.0938375350140056,440,270,0.23809523809523814
4527,705,279,201,0.11063829787234042,442,277,0.23404255319148937
4528,707,269,215,0.07637906647807635,466,288,0.25176803394625175
4529,853,310,249,0.07151230949589682,563,361,0.23681125439624856
4530,730,283,200,0.11369863013698633,474,278,0.2684931506849315
4531,684,248,180,0.09941520467836257,405,276,0.18859649122807015
4532,784,315,190,0.1594387755102041,562,287,0.350765306122449
4533,681,262,198,0.09397944199706315,425,279,0.21439060205580024
4534,753,275,215,0.07968127490039839,421,303,0.15670650730411684
4535,583,240,215,0.04288164665523159,378,292,0.1475128644939966
4536,661,278,216,0.09379727685325268,436,295,0.21331316187594557
4537,700,259,195,0.09142857142857141,450,278,0.24571428571428577
4538,649,245,204,0.06317411402157164,389,282,0.16486902927580893
4539,709,281,230,0.07193229901269393,449,329,0.16925246826516221
4540,831,302,236,0.07942238267148011,514,346,0.20216606498194944
4541,708,275,210,0.09180790960451979,461,306,0.21892655367231634
4542,717,276,215,0.08507670850767085,465,304,0.22454672245467222
4543,744,267,168,0.13306451612903228,468,243,0.3024193548387097
4544,762,288,227,0.08005249343832022,497,306,0.25065616797900264
4545,681,260,195,0.09544787077826727,439,290,0.21879588839941266
4546,678,274,225,0.07227138643067843,449,311,0.20353982300884954
4547,737,289,231,0.07869742198100405,477,326,0.2048846675712348
4548,726,275,217,0.07988980716253441,501,330,0.23553719008264468
4549,714,260,191,0.09663865546218486,468,283,0.25910364145658266
4550,716,266,206,0.08379888268156427,459,298,0.22486033519553078
4551,689,243,195,0.06966618287373005,433,285,0.21480406386066758
4552,674,247,194,0.07863501483679525,403,267,0.2017804154302671
4553,688,275,211,0.09302325581395349,460,310,0.21802325581395343
4554,663,263,244,0.028657616892910964,425,314,0.16742081447963808
4555,687,290,215,0.10917030567685587,433,299,0.19505094614264917
4556,733,289,229,0.08185538881309684,501,330,0.2332878581173261
4557,670,267,225,0.06268656716417909,414,298,0.17313432835820902
4558,653,245,193,0.07963246554364473,399,261,0.21133231240428796
4559,708,258,206,0.07344632768361581,461,285,0.2485875706214689
4560,723,255,179,0.10511756569847858,469,258,0.2918395573997234
4561,597,241,199,0.07035175879396988,387,269,0.19765494137353434
4562,615,256,198,0.09430894308943089,404,263,0.2292682926829268
4563,618,229,190,0.06310679611650483,405,263,0.22977346278317157
4564,630,245,205,0.06349206349206349,389,262,0.2015873015873016
4565,713,268,227,0.05750350631136042,452,326,0.1767180925666199
4566,733,269,192,0.10504774897680763,461,281,0.24556616643929063
4567,681,253,207,0.06754772393538916,428,290,0.20264317180616742
4568,653,219,159,0.09188361408882084,394,240,0.23583460949464014
4569,660,276,200,0.11515151515151512,452,303,0.2257575757575757
4570,664,248,204,0.06626506024096385,429,297,0.1987951807228916
4571,707,282,233,0.06930693069306931,463,311,0.21499292786421498
4572,657,241,188,0.0806697108066971,381,255,0.19178082191780826
4573,735,284,234,0.06802721088435376,476,308,0.2285714285714286
4574,741,290,222,0.09176788124156543,494,299,0.2631578947368421
4575,729,277,218,0.08093278463648834,446,287,0.21810699588477367
4576,716,263,198,0.0907821229050279,450,285,0.23044692737430172
4577,731,264,215,0.06703146374829,465,291,0.23803009575923395
4578,755,296,242,0.07152317880794701,488,326,0.21456953642384108
4579,653,266,184,0.1255742725880551,420,249,0.26186830015313933
4580,750,283,252,0.04133333333333333,481,355,0.16799999999999998
4581,702,273,218,0.07834757834757833,458,305,0.21794871794871795
4582,640,264,210,0.08437499999999998,420,296,0.19374999999999998
4583,647,247,186,0.09428129829984544,386,256,0.2009273570324575
4584,646,218,185,0.051083591331269385,376,266,0.1702786377708978
4585,754,291,226,0.08620689655172414,489,297,0.2546419098143236
4586,727,276,221,0.0756533700137551,452,303,0.20495185694635487
4587,736,282,177,0.14266304347826084,456,255,0.2730978260869565
4588,702,283,208,0.10683760683760685,475,313,0.23076923076923073
4589,635,243,184,0.09291338582677167,389,258,0.20629921259842515
4590,740,267,206,0.08243243243243242,447,293,0.20810810810810815
4591,685,273,218,0.08029197080291967,429,305,0.18102189781021893
4592,694,294,220,0.10662824207492794,462,312,0.21613832853025938
4593,789,292,215,0.09759188846641315,486,296,0.24081115335868192
4594,691,284,215,0.09985528219971057,440,293,0.2127351664254703
4595,681,259,177,0.12041116005873714,437,261,0.25844346549192365
4596,692,270,229,0.05924855491329478,475,326,0.21531791907514447
4597,697,292,219,0.10473457675753228,463,319,0.2065997130559541
4598,682,232,191,0.060117302052785926,400,271,0.1891495601173021
4599,638,266,204,0.09717868338557994,426,308,0.18495297805642635
4600,662,241,188,0.08006042296072508,419,255,0.24773413897280966
4601,690,243,190,0.07681159420289857,423,273,0.2173913043478261
4602,594,213,173,0.06734006734006731,356,257,0.16666666666666674
4603,666,254,188,0.09909909909909909,427,257,0.2552552552552553
4604,723,253,174,0.10926694329183953,471,259,0.29322268326417705
4605,680,258,195,0.09264705882352942,421,269,0.22352941176470592
4606,660,246,207,0.05909090909090908,408,293,0.1742424242424242
4607,712,265,195,0.09831460674157305,456,273,0.25702247191011235
4608,695,255,208,0.06762589928057555,426,290,0.19568345323741004
4609,709,257,206,0.07193229901269393,439,288,0.21297602256699583
4610,698,273,210,0.09025787965616044,447,279,0.24068767908309463
4611,695,274,214,0.08633093525179858,469,289,0.2589928057553957
4612,738,273,202,0.09620596205962062,451,275,0.23848238482384831
4613,654,257,216,0.06269113149847094,422,299,0.18807339449541288
4614,700,276,225,0.07285714285714284,446,299,0.20999999999999996
4615,693,257,197,0.08658008658008659,440,308,0.19047619047619047
4616,786,288,197,0.1157760814249364,483,286,0.2506361323155216
4617,740,278,223,0.07432432432432434,504,323,0.24459459459459465
4618,617,235,209,0.04213938411669366,386,286,0.1620745542949757
4619,643,261,212,0.07620528771384139,446,274,0.2674961119751166
4620,730,247,203,0.0602739726027397,442,304,0.1890410958904109
4621,734,293,227,0.08991825613079019,472,317,0.21117166212534055
4622,681,252,183,0.10132158590308371,434,261,0.2540381791483113
4623,667,249,185,0.09595202398800601,412,272,0.20989505247376317
4624,652,258,215,0.06595092024539878,403,282,0.18558282208588955
4625,687,250,208,0.06113537117903928,429,276,0.22270742358078605
4626,677,277,217,0.08862629246676512,449,304,0.21418020679468242
4627,673,256,196,0.0891530460624071,432,288,0.2139673105497772
4628,698,244,178,0.09455587392550147,432,264,0.24068767908309452
4629,617,260,212,0.07779578606158832,426,304,0.19773095623987041
4630,734,268,229,0.05313351498637603,497,331,0.22615803814713892
4631,726,282,230,0.07162534435261708,481,330,0.20798898071625344
4632,667,254,199,0.0824587706146927,402,290,0.1679160419790105
4633,722,254,180,0.10249307479224379,457,246,0.2922437673130193
4634,716,278,210,0.09497206703910616,456,286,0.23743016759776536
4635,689,263,206,0.0827285921625544,437,288,0.21625544267053703
4636,674,256,216,0.05934718100890207,412,310,0.1513353115727003
4637,738,282,224,0.07859078590785912,475,321,0.20867208672086723
4638,593,231,176,0.09274873524451938,393,257,0.22934232715008435
4639,705,275,218,0.08085106382978724,412,308,0.14751773049645384
4640,696,290,233,0.08189655172413796,449,314,0.19396551724137928
4641,720,286,222,0.08888888888888885,477,325,0.21111111111111108
4642,711,275,221,0.07594936708860756,432,321,0.15611814345991565
4643,657,238,206,0.0487062404870624,386,289,0.1476407914764079
4644,625,244,202,0.06720000000000004,394,273,0.19359999999999994
4645,792,292,244,0.06060606060606061,508,326,0.22979797979797983
4646,751,279,190,0.118508655126498,478,270,0.27696404793608526
4647,705,264,204,0.08510638297872342,467,285,0.2581560283687943
4648,731,279,215,0.08755129958960328,456,305,0.20656634746922026
4649,671,262,215,0.07004470938897167,418,291,0.18926974664679586
4650,678,270,222,0.07079646017699115,442,310,0.19469026548672563
4651,813,284,215,0.08487084870848705,530,322,0.2558425584255843
4652,729,273,197,0.10425240054869689,451,288,0.22359396433470513
4653,703,272,213,0.08392603129445236,456,289,0.23755334281650076
4654,732,283,197,0.11748633879781417,463,283,0.2459016393442623
4655,653,257,215,0.06431852986217462,404,303,0.1546707503828484
4656,691,286,208,0.11287988422575979,479,297,0.2633863965267728
4657,710,282,214,0.09577464788732398,472,298,0.24507042253521127
4658,692,260,204,0.08092485549132944,425,270,0.22398843930635837
4659,679,268,202,0.09720176730486008,432,292,0.2061855670103092
4660,670,254,224,0.04477611940298504,450,308,0.21194029850746277
4661,690,276,216,0.08695652173913043,442,292,0.2173913043478261
4662,670,271,215,0.08358208955223884,461,309,0.2268656716417911
4663,676,254,171,0.12278106508875736,411,254,0.23224852071005925
4664,758,269,195,0.09762532981530342,493,279,0.28232189973614774
4665,690,277,215,0.08985507246376812,448,309,0.20144927536231877
4666,695,263,226,0.05323741007194244,463,320,0.20575539568345325
4667,771,286,233,0.06874189364461741,484,317,0.21660181582360571
4668,634,235,174,0.09621451104100948,396,243,0.24132492113564669
4669,734,275,206,0.09400544959128065,461,285,0.23978201634877383
4670,752,286,229,0.07579787234042551,489,337,0.20212765957446804
4671,704,260,191,0.09801136363636365,434,267,0.23721590909090906
4672,679,235,204,0.04565537555228277,412,293,0.17525773195876282
4673,641,242,186,0.0873634945397816,393,263,0.20280811232449303
4674,605,236,224,0.019834710743801665,371,298,0.12066115702479341
4675,715,283,215,0.09510489510489512,445,306,0.1944055944055944
4676,755,253,191,0.08211920529801325,450,259,0.2529801324503312
4677,751,289,231,0.07723035952063917,469,302,0.22237017310252993
4678,657,263,198,0.0989345509893455,429,272,0.23896499238964997
4679,610,211,198,0.021311475409836023,358,286,0.11803278688524593
4680,681,249,208,0.0602055800293686,432,304,0.1879588839941263
4681,609,242,188,0.08866995073891626,380,261,0.19540229885057475
4682,646,232,165,0.10371517027863775,385,246,0.21517027863777088
4683,700,262,217,0.06428571428571428,428,282,0.20857142857142857
4684,686,262,177,0.12390670553935862,428,258,0.24781341107871718
4685,690,272,205,0.09710144927536235,453,279,0.25217391304347825
4686,705,272,208,0.09078014184397165,455,307,0.20992907801418442
4687,655,241,189,0.07938931297709922,428,277,0.23053435114503812
4688,637,216,150,0.10361067503924648,396,222,0.2731554160125588
4689,770,286,187,0.1285714285714286,476,266,0.2727272727272727
4690,783,297,208,0.11366538952745847,502,292,0.2681992337164751
4691,696,232,192,0.05747126436781608,433,291,0.20402298850574713
4692,706,285,214,0.10056657223796034,483,298,0.26203966005665724
4693,676,267,203,0.09467455621301779,441,268,0.25591715976331353
4694,644,233,185,0.0745341614906832,418,262,0.24223602484472045
4695,701,250,190,0.08559201141226819,426,274,0.21683309557774605
4696,669,255,192,0.09417040358744394,413,258,0.23168908819133038
4697,695,270,192,0.11223021582733816,445,270,0.2517985611510791
4698,655,248,224,0.036641221374045796,406,301,0.16030534351145037
4699,754,317,223,0.12466843501326258,480,291,0.2506631299734748
4700,674,273,215,0.08605341246290799,432,301,0.19436201780415435
4701,667,250,196,0.08095952023988001,420,285,0.20239880059970017
4702,662,251,213,0.057401812688821774,432,293,0.2099697885196375
4703,646,250,200,0.07739938080495357,391,265,0.19504643962848295
4704,687,265,210,0.08005822416302766,450,299,0.2197962154294032
4705,705,279,249,0.04255319148936171,463,346,0.1659574468085106
4706,658,248,208,0.06079027355623101,412,294,0.1793313069908815
4707,749,251,208,0.057409879839786404,455,293,0.2162883845126835
4708,773,307,240,0.08667529107373872,520,335,0.2393272962483829
4709,645,244,192,0.08062015503875969,394,256,0.21395348837209305
4710,734,277,229,0.06539509536784743,445,306,0.18937329700272482
4711,723,252,221,0.04287690179806358,469,308,0.22268326417704015
4712,723,277,236,0.0567081604426003,455,319,0.18810511756569848
4713,758,288,225,0.0831134564643799,500,323,0.233509234828496
4714,668,232,188,0.06586826347305391,394,269,0.18712574850299407
4715,685,262,229,0.048175182481751844,416,308,0.15766423357664233
4716,700,274,200,0.1057142857142857,456,284,0.24571428571428577
4717,653,261,185,0.11638591117917302,394,251,0.218989280245023
4718,681,258,214,0.06461086637298091,430,299,0.19236417033773862
4719,744,265,184,0.1088709677419355,454,291,0.21908602150537637
4720,781,278,209,0.08834827144686302,476,302,0.22279129321382835
4721,715,289,219,0.09790209790209792,458,319,0.1944055944055944
4722,736,287,235,0.07065217391304346,459,324,0.18342391304347822
4723,693,252,196,0.08080808080808083,409,286,0.17748917748917747
4724,707,259,193,0.09335219236209336,465,285,0.25459688826025456
4725,657,274,203,0.1080669710806697,432,298,0.2039573820395738
4726,752,299,233,0.08776595744680854,473,313,0.21276595744680854
4727,619,228,164,0.10339256865912766,371,261,0.17770597738287564
4728,692,244,190,0.07803468208092484,428,263,0.23843930635838145
4729,697,262,195,0.09612625538020086,430,266,0.23529411764705882
4730,643,239,176,0.09797822706065323,386,249,0.2130637636080871
4731,690,275,200,0.10869565217391303,434,300,0.19420289855072465
4732,684,251,198,0.07748538011695905,428,285,0.20906432748538012
4733,653,253,185,0.1041347626339969,407,268,0.21286370597243492
4734,653,273,222,0.0781010719754977,423,284,0.21286370597243492
4735,625,242,205,0.059199999999999975,390,264,0.2016
4736,706,290,198,0.13031161473087816,455,276,0.2535410764872521
4737,745,273,212,0.08187919463087251,461,298,0.21879194630872478
4738,773,267,175,0.11901681759379043,471,269,0.26131953428201815
4739,694,269,215,0.0778097982708934,423,293,0.1873198847262248
4740,693,274,212,0.08946608946608947,465,310,0.22366522366522368
4741,669,247,200,0.07025411061285497,435,299,0.20328849028400597
4742,785,283,205,0.09936305732484074,492,317,0.22292993630573243
4743,713,267,248,0.026647966339410967,461,325,0.19074333800841514
4744,701,266,203,0.08987161198288163,471,290,0.25820256776034234
4745,693,291,233,0.08369408369408371,470,320,0.2164502164502165
4746,721,279,211,0.09431345353675452,457,279,0.2468793342579751
4747,693,267,197,0.101010101010101,441,287,0.2222222222222222
4748,682,260,216,0.06451612903225806,434,301,0.19501466275659823
4749,697,252,186,0.09469153515064566,444,279,0.23672883787661403
4750,660,256,186,0.10606060606060608,418,284,0.203030303030303
4751,684,243,174,0.10087719298245612,433,256,0.25877192982456143
4752,716,257,196,0.08519553072625702,432,284,0.20670391061452514
4753,729,270,208,0.08504801097393688,434,287,0.2016460905349794
4754,730,306,257,0.06712328767123288,490,356,0.18356164383561646
4755,738,254,197,0.07723577235772355,452,303,0.2018970189701897
4756,691,257,198,0.08538350217076701,437,269,0.24312590448625176
4757,683,247,196,0.07467057101024888,419,271,0.21669106881405564
4758,693,235,200,0.05050505050505055,421,278,0.2063492063492064
4759,752,282,214,0.09042553191489361,466,306,0.21276595744680848
4760,672,225,177,0.0714285714285714,415,251,0.24404761904761907
4761,721,277,224,0.0735090152565881,450,312,0.19140083217753118
4762,721,268,202,0.09153952843273233,472,286,0.25797503467406385
4763,630,251,185,0.10476190476190472,405,260,0.23015873015873023
4764,643,233,187,0.07153965785381028,402,262,0.21772939346811815
4765,678,269,210,0.08702064896755163,438,295,0.21091445427728617
4766,620,228,198,0.04838709677419356,394,284,0.1774193548387097
4767,751,295,236,0.07856191744340879,470,327,0.1904127829560585
4768,755,272,203,0.09139072847682117,510,302,0.27549668874172184
4769,693,253,199,0.07792207792207789,445,300,0.20923520923520922
4770,787,314,241,0.09275730622617534,504,355,0.1893265565438374
4771,608,225,201,0.03947368421052633,350,275,0.1233552631578948
4772,645,261,190,0.11007751937984495,404,255,0.23100775193798456
4773,716,281,205,0.10614525139664804,446,289,0.21927374301675978
4774,724,278,192,0.11878453038674036,453,282,0.23618784530386744
4775,662,248,208,0.060422960725075525,417,298,0.1797583081570997
4776,670,243,197,0.06865671641791049,390,265,0.18656716417910452
4777,698,278,194,0.12034383954154726,457,283,0.2492836676217765
4778,641,255,224,0.048361934477379076,392,297,0.14820592823712947
4779,667,257,201,0.08395802098950528,410,270,0.2098950524737631
4780,631,266,192,0.11727416798732171,425,278,0.23296354992076063
4781,692,276,212,0.09248554913294799,442,285,0.22687861271676307
4782,688,248,183,0.09447674418604651,413,271,0.20639534883720928
4783,641,233,163,0.10920436817472695,397,229,0.2620904836193448
4784,530,199,155,0.08301886792452834,328,234,0.1773584905660377
4785,627,258,185,0.11642743221690588,410,260,0.23923444976076558
4786,700,257,197,0.08571428571428574,447,287,0.2285714285714286
4787,665,257,190,0.10075187969924815,423,244,0.2691729323308271
4788,686,271,218,0.07725947521865889,445,315,0.18950437317784258
4789,633,234,170,0.10110584518167454,379,256,0.1943127962085308
4790,661,249,195,0.08169440242057491,415,279,0.20574886535552195
4791,777,280,226,0.06949806949806947,496,307,0.2432432432432432
4792,826,316,242,0.08958837772397094,544,324,0.26634382566585957
4793,745,291,222,0.09261744966442953,493,304,0.2536912751677852
4794,668,249,194,0.08233532934131738,427,266,0.24101796407185627
4795,670,241,193,0.07164179104477614,423,265,0.2358208955223881
4796,608,238,193,0.07401315789473689,375,267,0.17763157894736842
4797,815,315,230,0.10429447852760737,528,343,0.22699386503067487
4798,676,249,176,0.10798816568047337,428,283,0.21449704142011838
4799,788,328,251,0.09771573604060918,542,362,0.2284263959390863
4800,649,236,171,0.10015408320493069,395,247,0.22804314329738057
4801,738,260,199,0.08265582655826553,443,291,0.20596205962059622
4802,759,295,231,0.08432147562582343,492,334,0.2081686429512517
4803,679,277,254,0.03387334315169366,435,331,0.1531664212076584
4804,755,286,231,0.07284768211920528,518,337,0.23973509933774834
4805,674,254,212,0.06231454005934722,452,306,0.2166172106824925
4806,633,271,192,0.12480252764612954,410,270,0.22116903633491308
4807,777,301,224,0.09909909909909909,510,315,0.25096525096525096
4808,684,262,213,0.07163742690058478,430,291,0.20321637426900585
4809,645,254,221,0.05116279069767443,418,299,0.1844961240310078
4810,725,276,228,0.06620689655172413,468,335,0.18344827586206897
4811,734,279,222,0.07765667574931878,456,319,0.1866485013623978
4812,655,234,179,0.08396946564885494,416,266,0.22900763358778625
4813,689,278,212,0.09579100145137881,443,306,0.19883889695210455
4814,695,266,199,0.09640287769784173,463,289,0.25035971223021586
4815,758,284,216,0.08970976253298152,478,309,0.22295514511873354
4816,658,260,213,0.07142857142857145,413,290,0.18693009118541032
4817,652,235,215,0.03067484662576686,415,312,0.15797546012269936
4818,650,244,180,0.09846153846153843,386,265,0.18615384615384611
4819,576,220,163,0.09895833333333331,346,221,0.21701388888888884
4820,753,274,189,0.11288180610889775,446,262,0.24435590969455512
4821,658,272,214,0.08814589665653494,449,311,0.20972644376899696
4822,661,264,212,0.07866868381240544,451,286,0.24962178517397882
4823,737,271,191,0.10854816824966079,475,274,0.2727272727272727
4824,707,269,196,0.10325318246110321,465,277,0.2659123055162659
4825,725,287,201,0.11862068965517242,449,310,0.19172413793103443
4826,667,270,201,0.10344827586206895,428,288,0.2098950524737631
4827,668,265,209,0.08383233532934131,419,296,0.1841317365269461
4828,708,250,212,0.053672316384180796,440,296,0.20338983050847464
4829,651,268,205,0.09677419354838707,412,275,0.21044546850998458
4830,668,264,197,0.10029940119760478,432,277,0.23203592814371254
4831,721,264,200,0.08876560332871014,467,273,0.2690707350901526
4832,660,250,209,0.06212121212121213,427,289,0.2090909090909091
4833,656,263,183,0.12195121951219512,422,241,0.2759146341463415
4834,821,325,246,0.09622411693057248,566,332,0.2850182704019489
4835,754,291,228,0.08355437665782495,502,330,0.22811671087533153
4836,666,264,228,0.05405405405405406,437,299,0.20720720720720726
4837,742,278,211,0.09029649595687328,486,285,0.27088948787061995
4838,604,231,199,0.05298013245033112,372,275,0.16059602649006627
4839,749,275,209,0.08811748998664887,462,308,0.20560747663551399
4840,694,284,236,0.06916426512968299,455,306,0.21469740634005757
4841,622,228,182,0.07395498392282956,376,261,0.18488745980707388
4842,716,247,182,0.09078212290502796,445,269,0.24581005586592175
4843,651,254,185,0.10599078341013823,403,253,0.2304147465437788
4844,652,267,219,0.07361963190184051,425,332,0.14263803680981602
4845,735,259,195,0.0870748299319728,454,303,0.20544217687074834
4846,724,262,177,0.1174033149171271,458,244,0.29558011049723754
4847,745,270,199,0.09530201342281874,459,290,0.22684563758389265
4848,627,256,207,0.07814992025518341,424,274,0.23923444976076558
4849,750,291,214,0.10266666666666668,454,293,0.21466666666666662
4850,741,307,219,0.11875843454790824,475,294,0.2442645074224022
4851,664,232,189,0.06475903614457834,418,283,0.2033132530120481
4852,696,265,222,0.061781609195402265,441,301,0.2011494252873563
4853,748,289,209,0.106951871657754,491,316,0.23395721925133683
4854,698,255,220,0.05014326647564471,451,321,0.1862464183381089
4855,718,259,211,0.06685236768802227,460,281,0.24930362116991645
4856,546,200,166,0.06227106227106227,317,229,0.1611721611721612
4857,754,312,238,0.09814323607427056,486,316,0.2254641909814324
4858,640,253,178,0.1171875,392,264,0.20000000000000007
4859,761,284,208,0.09986859395532194,504,311,0.25361366622864656
4860,736,270,218,0.07065217391304351,452,284,0.22826086956521735
4861,727,276,203,0.10041265474552957,437,293,0.19807427785419535
4862,661,255,193,0.09379727685325262,432,278,0.23298033282904684
4863,672,275,200,0.11160714285714285,472,269,0.30208333333333326
4864,710,297,219,0.10985915492957748,484,297,0.2633802816901408
4865,671,249,215,0.05067064083457523,421,280,0.21013412816691512
4866,638,263,213,0.07836990595611282,406,286,0.18808777429467083
4867,767,271,216,0.07170795306388528,517,292,0.2933507170795306
4868,713,269,215,0.07573632538569425,448,291,0.2201963534361851
4869,721,259,231,0.03883495145631066,465,323,0.1969486823855756
4870,697,241,178,0.09038737446197992,447,276,0.2453371592539455
4871,672,239,201,0.05654761904761907,385,278,0.15922619047619047
4872,674,254,183,0.10534124629080122,409,277,0.1958456973293769
4873,617,232,161,0.11507293354943271,378,215,0.2641815235008104
4874,694,279,210,0.09942363112391933,463,302,0.23198847262247846
4875,732,293,247,0.06284153005464482,470,330,0.19125683060109294
4876,637,259,201,0.09105180533751961,404,278,0.19780219780219782
4877,638,230,191,0.06112852664576801,379,269,0.17241379310344834
4878,685,262,201,0.08905109489051094,435,279,0.22773722627737225
4879,705,242,197,0.06382978723404253,419,276,0.20283687943262407
4880,728,265,218,0.06456043956043955,442,313,0.17719780219780212
4881,674,264,214,0.07418397626112755,438,293,0.21513353115727002
4882,771,285,241,0.05706874189364464,492,346,0.18936446173800253
4883,659,263,214,0.07435508345978759,426,298,0.19423368740515928
4884,652,231,205,0.039877300613496924,392,294,0.15030674846625763
4885,733,283,193,0.12278308321964526,443,273,0.2319236016371078
4886,699,262,178,0.12017167381974247,462,273,0.2703862660944206
4887,666,258,184,0.1111111111111111,426,281,0.21771771771771775
4888,725,274,229,0.06206896551724139,478,313,0.22758620689655173
4889,690,273,195,0.11304347826086958,461,280,0.2623188405797101
4890,616,223,172,0.0827922077922078,365,236,0.20941558441558444
4891,786,335,246,0.11323155216284986,538,349,0.24045801526717553
4892,685,243,202,0.05985401459854012,421,291,0.18978102189781015
4893,673,276,225,0.07578008915304607,455,303,0.2258543833580981
4894,672,253,220,0.04910714285714285,437,304,0.19791666666666669
4895,619,225,175,0.08077544426494343,373,247,0.20355411954765745
4896,787,281,215,0.08386277001270648,519,300,0.278271918678526
4897,716,261,207,0.07541899441340782,426,277,0.20810055865921784
4898,653,252,203,0.07503828483920366,418,285,0.2036753445635528
4899,715,285,222,0.08811188811188808,479,316,0.22797202797202804
4900,678,245,172,0.107669616519174,412,239,0.25516224188790565
4901,750,298,216,0.10933333333333334,493,296,0.26266666666666666
4902,615,225,192,0.053658536585365846,367,248,0.19349593495934964
4903,701,265,207,0.08273894436519258,431,292,0.19828815977175468
4904,744,272,213,0.07930107526881719,447,292,0.20833333333333337
4905,712,253,190,0.08848314606741575,429,283,0.20505617977528084
4906,693,273,219,0.07792207792207789,444,303,0.2034632034632034
4907,678,267,216,0.0752212389380531,432,302,0.19174041297935102
4908,732,272,206,0.09016393442622955,477,288,0.2581967213114754
4909,718,282,217,0.09052924791086353,445,274,0.23816155988857934
4910,693,254,195,0.08513708513708512,419,299,0.17316017316017313
4911,664,246,190,0.08433734939759036,440,280,0.24096385542168675
4912,692,238,200,0.05491329479768786,416,284,0.19075144508670522
4913,664,256,189,0.10090361445783136,424,263,0.24246987951807225
4914,684,283,219,0.0935672514619883,442,289,0.22368421052631582
4915,731,264,224,0.05471956224350205,451,339,0.15321477428180574
4916,604,235,214,0.03476821192052981,374,279,0.15728476821192056
4917,731,251,190,0.08344733242134061,472,292,0.24623803009575923
4918,700,284,213,0.10142857142857142,448,296,0.21714285714285714
4919,702,275,220,0.07834757834757838,452,308,0.20512820512820512
4920,645,264,192,0.11162790697674418,433,273,0.2480620155038759
4921,719,261,194,0.09318497913769125,422,269,0.21279554937413075
4922,638,251,192,0.09247648902821315,429,288,0.22100313479623823
4923,601,217,193,0.03993344425956741,364,284,0.13311148086522462
4924,791,291,216,0.09481668773704172,519,308,0.26675094816687733
4925,655,237,186,0.07786259541984736,380,279,0.15419847328244274
4926,718,259,204,0.07660167130919221,423,280,0.1991643454038997
4927,641,251,183,0.10608424336973482,397,250,0.2293291731669267
4928,664,262,218,0.0662650602409639,409,295,0.17168674698795183
4929,701,264,220,0.06276747503566338,420,295,0.17831669044222542
4930,716,268,206,0.08659217877094971,466,278,0.26256983240223464
4931,645,240,186,0.08372093023255811,408,269,0.21550387596899223
4932,713,255,177,0.10939691444600283,415,254,0.2258064516129032
4933,642,233,177,0.08722741433021808,403,253,0.23364485981308414
4934,641,255,199,0.0873634945397816,395,284,0.17316692667706707
4935,688,282,228,0.07848837209302328,444,306,0.20058139534883723
4936,765,260,198,0.08104575163398692,467,271,0.2562091503267974
4937,706,284,199,0.12039660056657225,468,281,0.264872521246459
4938,664,260,208,0.07831325301204817,414,284,0.19578313253012047
4939,707,275,222,0.07496463932107494,473,305,0.2376237623762376
4940,753,268,190,0.10358565737051795,452,270,0.24169986719787517
4941,715,268,206,0.08671328671328671,463,293,0.23776223776223776
4942,723,272,205,0.09266943291839558,460,286,0.24066390041493774
4943,647,255,240,0.02318392581143741,394,310,0.12982998454404943
4944,641,244,196,0.0748829953198128,397,252,0.2262090483619345
4945,725,273,228,0.06206896551724139,438,302,0.18758620689655175
4946,646,248,167,0.12538699690402477,393,248,0.22445820433436536
4947,650,235,168,0.10307692307692307,417,257,0.2461538461538461
4948,739,271,201,0.09472259810554806,446,273,0.23410013531799723
4949,741,273,215,0.07827260458839402,448,310,0.18623481781376522
4950,664,256,211,0.06777108433734941,421,287,0.20180722891566266
4951,630,245,196,0.07777777777777778,425,270,0.2460317460317461
4952,692,236,181,0.07947976878612717,444,275,0.2442196531791907
4953,711,258,221,0.0520393811533052,410,297,0.15893108298171588
4954,722,276,219,0.07894736842105265,453,294,0.22022160664819945
4955,671,252,200,0.0774962742175857,416,282,0.19970193740685543
4956,678,296,226,0.1032448377581121,451,302,0.21976401179941002
4957,652,262,197,0.09969325153374237,411,293,0.18098159509202455
4958,767,288,215,0.0951760104302477,476,305,0.2229465449804433
4959,729,285,225,0.08230452674897121,475,302,0.23731138545953362
4960,585,238,182,0.09572649572649572,382,254,0.2188034188034188
4961,680,274,196,0.11470588235294121,406,283,0.18088235294117644
4962,670,252,209,0.06417910447761194,409,285,0.18507462686567167
4963,795,299,231,0.08553459119496859,510,323,0.23522012578616347
4964,789,317,245,0.09125475285171103,500,348,0.19264892268694556
4965,560,222,177,0.08035714285714285,360,236,0.22142857142857147
4966,679,282,222,0.08836524300441828,438,299,0.2047128129602357
4967,765,326,225,0.13202614379084965,506,328,0.2326797385620915
4968,650,249,175,0.11384615384615387,361,236,0.1923076923076923
4969,623,244,187,0.0914927768860353,389,256,0.21348314606741575
4970,644,260,214,0.0714285714285714,419,289,0.20186335403726713
4971,705,278,222,0.07943262411347518,441,298,0.20283687943262413
4972,688,251,212,0.0566860465116279,438,293,0.2107558139534884
4973,737,267,224,0.058344640434192685,441,309,0.17910447761194037
4974,675,238,178,0.08888888888888885,399,246,0.22666666666666668
4975,640,248,204,0.06875000000000003,390,272,0.184375
4976,584,237,172,0.1113013698630137,356,242,0.1952054794520548
4977,650,250,193,0.08769230769230774,420,282,0.21230769230769236
4978,671,254,192,0.09239940387481371,385,266,0.1773472429210134
4979,767,276,219,0.0743155149934811,493,324,0.22033898305084743
4980,650,260,229,0.0476923076923077,441,314,0.19538461538461538
4981,648,252,200,0.08024691358024694,428,288,0.21604938271604945
4982,769,292,232,0.07802340702210664,512,328,0.23927178153446033
4983,737,283,224,0.0800542740841248,481,296,0.2510176390773406
4984,684,248,204,0.06432748538011696,419,282,0.2002923976608187
4985,645,225,162,0.09767441860465115,385,246,0.21550387596899218
4986,519,202,157,0.08670520231213874,333,233,0.19267822736030826
4987,747,265,204,0.0816599732262383,463,300,0.21820615796519416
4988,686,242,193,0.07142857142857145,405,276,0.18804664723032077
4989,649,257,209,0.07395993836671805,391,262,0.19876733436055466
4990,659,259,207,0.078907435508346,426,281,0.22003034901365698
4991,637,270,200,0.10989010989010989,411,290,0.18995290423861855
4992,637,234,182,0.08163265306122452,391,263,0.20094191522762955
4993,701,277,208,0.0984308131241084,448,300,0.21112696148359483
4994,647,243,162,0.12519319938176193,409,226,0.2828438948995364
4995,696,258,196,0.08908045977011497,427,279,0.21264367816091956
4996,690,263,179,0.12173913043478257,437,267,0.24637681159420288
4997,748,299,277,0.02941176470588236,496,341,0.2072192513368984
4998,690,267,206,0.08840579710144925,433,285,0.21449275362318837
4999,722,277,212,0.0900277008310249,474,295,0.24792243767313016
