lake_id,event_date,event_chla_ug_l,previous_high_chlorophyll_a_gap_days,minimum_event_separation_days,event_id,year,state,ecoregion,prior_observation_count_all_history,prior_observation_count_1_60d,prior_nonhigh_chlorophyll_a_count_1_60d,prior_observation_count_31_60d,prior_nonhigh_chlorophyll_a_count_31_60d,previous_observation_date,previous_observation_chla_ug_l,previous_observation_nonhigh_chlorophyll_a,event_date_bracket_width_days,candidate_forecast_origins_1_60d,candidate_coverage_1_60d,candidate_coverage_1_30d,candidate_coverage_31_60d,observed_precursor_coverage_1_60d,observed_nonhigh_chlorophyll_a_precursor_coverage_1_60d,observed_precursor_coverage_31_60d,observed_nonhigh_chlorophyll_a_precursor_coverage_31_60d,boundary_confirmed_by_immediate_prior_nonhigh_chlorophyll_a,event_source_period,tight_boundary_60d,tight_boundary_90d
62,2025-08-18,141.0,,60,events__d4bc74f1bfbe2849607edb97,2025,MN,Temporate Plains,13,1,1,0,0,2025-07-21,32.9,True,28.0,9,True,True,True,True,True,False,False,True,WQP_live_2023_2025,True,True
75,2023-06-21,176.0,3220.0,60,events__74f4852cebc6d59147499354,2023,MN,Upper Midwest,118,3,3,1,1,2023-06-07,41.8,True,14.0,9,True,True,True,True,True,True,True,True,WQP_live_2023_2025,True,True
75,2024-05-23,82.4,225.0,60,events__92cee6f30b017eef7a4247db,2024,MN,Upper Midwest,126,1,1,0,0,2024-05-08,55.5,True,15.0,9,True,True,True,True,True,False,False,True,WQP_live_2023_2025,True,True
75,2024-08-07,79.3,61.0,60,events__2feb5e6f2f550a17f0957c42,2024,MN,Upper Midwest,132,3,3,1,1,2024-07-24,31.7,True,14.0,0,False,False,False,True,True,True,True,True,WQP_live_2023_2025,True,True
75,2025-05-29,90.2,217.0,60,events__31e800ab4055c04cdcf595ad,2025,MN,Upper Midwest,140,2,2,0,0,2025-05-15,71.4,True,14.0,9,True,True,True,True,True,False,False,True,WQP_live_2023_2025,True,True
163,2024-05-07,7831.0,,60,events__60bbaa6d4683a78f35215bc5,2024,MN,Upper Midwest,65,0,0,0,0,2023-10-09,2.4,True,211.0,9,True,True,True,False,False,False,False,True,WQP_live_2023_2025,False,False
163,2024-09-23,5088.0,83.0,60,events__dc3a7543be530da8a520f8be,2024,MN,Upper Midwest,67,0,0,0,0,2024-07-02,5318.0,False,83.0,4,True,True,False,False,False,False,False,False,WQP_live_2023_2025,False,False
173,2024-01-23,82.0,,60,events__7346fa0578d28fd4e5c1de79,2024,MN,Upper Midwest,13,0,0,0,0,2023-10-24,12.7,True,91.0,9,True,True,True,False,False,False,False,True,WQP_live_2023_2025,False,False
191,2024-09-05,79.0,1450.0,60,events__c16afa5a6bfc554f80e98f6a,2024,MN,Upper Midwest,22,2,2,1,1,2024-08-07,64.4,True,29.0,9,True,True,True,True,True,True,True,True,WQP_live_2023_2025,True,True
191,2025-09-16,92.0,376.0,60,events__8c2dee217a689e9462d44a62,2025,MN,Upper Midwest,26,2,2,1,1,2025-08-20,40.0,True,27.0,9,True,True,True,True,True,True,True,True,WQP_live_2023_2025,True,True
283,2025-08-05,129.15,,60,events__c9dda3f10bbf617ee644833d,2025,MN,Upper Midwest,22,4,4,3,3,2025-07-22,30.85,True,14.0,9,True,True,True,True,True,True,True,True,WQP_live_2023_2025,True,True
305,2023-07-17,98.0,,60,events__4c1838cdb7bddec93da3e2e2,2023,MN,Upper Midwest,4,3,3,1,1,2023-07-11,59.0,True,6.0,9,True,True,True,True,True,True,True,True,WQP_live_2023_2025,True,True
305,2025-08-13,78.0,706.0,60,events__57d830fd5b211a2ab9ff67cc,2025,MN,Upper Midwest,25,3,3,2,2,2025-07-15,45.0,True,29.0,9,True,True,True,True,True,True,True,True,WQP_live_2023_2025,True,True
307,2023-03-01,109.0,3067.0,60,events__7a1a2de2c718b871a3bc5471,2023,MN,Upper Midwest,104,0,0,0,0,2014-10-22,74.0,True,3052.0,9,True,True,True,False,False,False,False,True,WQP_live_2023_2025,False,False
307,2023-06-07,104.0,69.0,60,events__c100a71cb7878d55e5a3aa0d,2023,MN,Upper Midwest,113,3,3,0,0,2023-05-24,4.75,True,14.0,1,True,True,False,True,True,False,False,True,WQP_live_2023_2025,True,True
307,2024-04-30,90.8,229.0,60,events__6c0eac9b7895f7e3252621c5,2024,MN,Upper Midwest,123,0,0,0,0,2023-10-11,57.0,True,202.0,9,True,True,True,False,False,False,False,True,WQP_live_2023_2025,False,False
307,2025-06-11,115.0,232.0,60,events__3fc6654f9b1c18d4490676d4,2025,MN,Upper Midwest,141,4,4,2,2,2025-05-22,56.1,True,20.0,9,True,True,True,True,True,True,True,True,WQP_live_2023_2025,True,True
485,2023-08-20,88.1,,60,events__007de2cce21e62fdc9ca26d4,2023,MN,Upper Midwest,3,1,1,1,1,2023-07-17,59.9,True,34.0,8,True,True,True,True,True,True,True,True,WQP_live_2023_2025,True,True
485,2024-08-08,80.7,354.0,60,events__10f0d528b31bb779197dc67e,2024,MN,Upper Midwest,13,5,5,2,2,2024-07-23,61.4,True,16.0,9,True,True,True,True,True,True,True,True,WQP_live_2023_2025,True,True
485,2025-07-22,124.0,293.0,60,events__6faee43f9c37d2bac9037095,2025,MN,Upper Midwest,27,6,6,3,3,2025-07-09,45.4,True,13.0,9,True,True,True,True,True,True,True,True,WQP_live_2023_2025,True,True
507,2023-05-31,85.4,,60,events__4c6c485da6c616f78b15f8c6,2023,MN,Upper Midwest,0,0,0,0,0,,,False,,9,True,True,True,False,False,False,False,False,WQP_live_2023_2025,False,False
507,2024-08-18,269.0,416.0,60,events__251b89d941dadc25b17d8b9e,2024,MN,Upper Midwest,6,1,1,0,0,2024-07-21,39.5,True,28.0,8,True,True,True,True,True,False,False,True,WQP_live_2023_2025,True,True
515,2024-08-06,94.34,,60,events__a9648f53df902b5278ba404e,2024,MN,Upper Midwest,3,2,2,1,1,2024-07-11,16.91,True,26.0,9,True,True,True,True,True,True,True,True,WQP_live_2023_2025,True,True
519,2023-07-30,125.0,,60,events__2c0be52afd8dae1681212f87,2023,MN,Upper Midwest,1,1,1,1,1,2023-06-25,26.4,True,35.0,8,True,True,True,True,True,True,True,True,WQP_live_2023_2025,True,True
519,2025-07-28,87.2,666.0,60,events__472ebe0b535bd514ae9c8c91,2025,MN,Upper Midwest,9,1,1,0,0,2025-06-29,18.4,True,29.0,9,True,True,True,True,True,False,False,True,WQP_live_2023_2025,True,True
549,2025-06-24,218.94,3675.0,60,events__ab787fd28e0e7f2668e78ae3,2025,MN,Temporate Plains,2,1,1,0,0,2025-05-29,14.685,True,26.0,9,True,True,True,True,True,False,False,True,WQP_live_2023_2025,True,True
700,2024-07-24,92.6,,60,events__bd15925933c1575c6a57ca74,2024,MN,Upper Midwest,11,3,3,2,2,2024-07-03,13.9,True,21.0,9,True,True,True,True,True,True,True,True,WQP_live_2023_2025,True,True
704,2024-06-13,180.0,,60,events__2d8aeadba99bdc80cc1e77c8,2024,MN,Upper Midwest,6,1,1,0,0,2024-05-30,15.0,True,14.0,9,True,True,True,True,True,False,False,True,WQP_live_2023_2025,True,True
765,2023-05-08,100.0,,60,events__cd5fc45773984a0cc8bebaa8,2023,MN,Upper Midwest,2,1,1,0,0,2023-04-18,51.7,True,20.0,9,True,True,True,True,True,False,False,True,WQP_live_2023_2025,True,True
765,2025-04-21,144.0,663.0,60,events__a67ce10472bec34656c305f4,2025,MN,Upper Midwest,27,0,0,0,0,2025-01-30,7.945,True,81.0,9,True,True,True,False,False,False,False,True,WQP_live_2023_2025,False,True
765,2025-07-08,81.2,78.0,60,events__ab0d73625be4e49db5b834b4,2025,MN,Upper Midwest,32,3,3,1,1,2025-06-24,30.5,True,14.0,3,True,True,False,True,True,True,True,True,WQP_live_2023_2025,True,True
843,2024-07-02,20497.0,,60,events__0ef901a2b8b7f4fff131c533,2024,MN,Upper Midwest,13,0,0,0,0,2023-10-09,14.788,True,267.0,9,True,True,True,False,False,False,False,True,WQP_live_2023_2025,False,False
853,2024-08-01,105.0,,60,events__caf5dc44ce36f03edf7bbf2e,2024,MN,Temporate Plains,3,2,2,1,1,2024-07-09,33.5,True,23.0,9,True,True,True,True,True,True,True,True,WQP_live_2023_2025,True,True
960,2024-07-21,88.1,,60,events__ed97c842593aa940b3c644a5,2024,MN,Upper Midwest,6,1,1,1,1,2024-06-16,12.3,True,35.0,8,True,True,True,True,True,True,True,True,WQP_live_2023_2025,True,True
960,2025-07-20,89.0,336.0,60,events__a27b441f5f5c2ca2d280c83a,2025,MN,Upper Midwest,11,1,1,1,1,2025-06-16,5.1,True,34.0,8,True,True,True,True,True,True,True,True,WQP_live_2023_2025,True,True
971,2023-05-31,167.0,3304.0,60,events__e335b950953ed1a2281bdb6f,2023,MN,Upper Midwest,123,0,0,0,0,2014-10-21,33.0,True,3144.0,9,True,True,True,False,False,False,False,True,WQP_live_2023_2025,False,False
971,2024-05-14,199.0,224.0,60,events__1607b52b980fb5a3e8bb9ba4,2024,MN,Upper Midwest,128,0,0,0,0,2023-10-03,267.0,False,224.0,9,True,True,True,False,False,False,False,False,WQP_live_2023_2025,False,False
971,2025-03-31,110.0,174.0,60,events__d04a6b731f50111fb826d34c,2025,MN,Upper Midwest,134,0,0,0,0,2024-10-08,235.0,False,174.0,9,True,True,True,False,False,False,False,False,WQP_live_2023_2025,False,False
973,2023-07-26,85.44,6529.0,60,events__5596b2e0c7cc6a3357b306a8,2023,MN,Upper Midwest,16,4,4,2,2,2023-07-12,35.6,True,14.0,9,True,True,True,True,True,True,True,True,WQP_live_2023_2025,True,True
973,2024-05-14,113.21,239.0,60,events__8505b85021876c2911a52790,2024,MN,Upper Midwest,21,0,0,0,0,2023-09-18,90.78,False,239.0,9,True,True,True,False,False,False,False,False,WQP_live_2023_2025,False,False
973,2024-07-24,113.92,71.0,60,events__76add21c053779b228b21ee7,2024,MN,Upper Midwest,26,4,4,2,2,2024-07-09,19.58,True,15.0,2,True,True,False,True,True,True,True,True,WQP_live_2023_2025,True,True
973,2025-06-27,136.17,282.0,60,events__2ebc21bb79ecf01cd00dd535,2025,MN,Upper Midwest,34,3,3,1,1,2025-06-10,44.055,True,17.0,8,True,True,True,True,True,True,True,True,WQP_live_2023_2025,True,True
990,2025-06-23,97.7,,60,events__ad82ffa10e6740ff199a7c40,2025,MN,Upper Midwest,16,0,0,0,0,2024-08-19,10.2,True,308.0,9,True,True,True,False,False,False,False,True,WQP_live_2023_2025,False,False
1143,2024-08-10,190.0,1770.0,60,events__7b3e3154c16c3646ddc85b69,2024,MN,Upper Midwest,112,3,3,1,1,2024-07-22,26.0,True,19.0,8,True,True,True,True,True,True,True,True,WQP_live_2023_2025,True,True
1227,2023-06-26,115.0,,60,events__f65252c6546146cd456fa950,2023,MN,Upper Midwest,1,1,1,0,0,2023-05-30,3.47,True,27.0,9,True,True,True,True,True,False,False,True,WQP_live_2023_2025,True,True
1227,2024-07-29,151.0,315.0,60,events__ef77eea58ded8be22052034a,2024,MN,Upper Midwest,7,1,1,1,1,2024-06-24,13.4,True,35.0,9,True,True,True,True,True,True,True,True,WQP_live_2023_2025,True,True
1227,2025-07-21,101.0,300.0,60,events__f30d70980a108fcd3dd3cc82,2025,MN,Upper Midwest,11,1,1,0,0,2025-06-23,40.0,True,28.0,9,True,True,True,True,True,False,False,True,WQP_live_2023_2025,True,True
1321,2024-07-23,133.7,,60,events__599ea3af06499d147bc12cd2,2024,MN,Upper Midwest,14,4,4,3,3,2024-07-09,66.6,True,14.0,9,True,True,True,True,True,True,True,True,WQP_live_2023_2025,True,True
1378,2024-09-12,78.3,,60,events__0d16b16d9da086c5498c7393,2024,MN,Upper Midwest,9,4,4,2,2,2024-09-05,54.7,True,7.0,9,True,True,True,True,True,True,True,True,WQP_live_2023_2025,True,True
1401,2023-08-25,80.1,,60,events__c3730ea0eaa150c10924bdbe,2023,MN,Temporate Plains,3,2,2,2,2,2023-07-24,37.38,True,32.0,8,True,True,True,True,True,True,True,True,WQP_live_2023_2025,True,True
1401,2024-08-21,88.11,336.0,60,events__db2afbbb407c8f322d8714b7,2024,MN,Temporate Plains,7,1,1,1,1,2024-07-18,48.06,True,34.0,9,True,True,True,True,True,True,True,True,WQP_live_2023_2025,True,True
1401,2025-06-30,82.77,250.0,60,events__90dc7044013ecec6f619ef32,2025,MN,Temporate Plains,11,1,1,1,1,2025-05-28,30.705,True,33.0,9,True,True,True,True,True,True,True,True,WQP_live_2023_2025,True,True
1431,2025-08-17,79.6,,60,events__6bb1e6d577154fde738b5b12,2025,MN,Upper Midwest,3,1,1,0,0,2025-07-20,20.0,True,28.0,8,True,True,True,True,True,False,False,True,WQP_live_2023_2025,True,True
1448,2025-07-30,105.0,,60,events__5a20beb3458307a160e86124,2025,MN,Upper Midwest,12,1,1,1,1,2025-06-15,20.5,True,45.0,9,True,True,True,True,True,True,True,True,WQP_live_2023_2025,True,True
1465,2024-07-24,101.0,,60,events__203edced43eaaef1a045125a,2024,MN,Upper Midwest,23,3,3,1,1,2024-07-02,40.0,True,22.0,9,True,True,True,True,True,True,True,True,WQP_live_2023_2025,True,True
1465,2025-07-22,90.2,338.0,60,events__fda974d8ebd84c53117124f9,2025,MN,Upper Midwest,28,1,1,0,0,2025-06-25,25.6,True,27.0,9,True,True,True,True,True,False,False,True,WQP_live_2023_2025,True,True
1478,2023-05-11,110.0,,60,events__87b6f666915b64739ceccb36,2023,MN,Upper Midwest,0,0,0,0,0,,,False,,9,True,True,True,False,False,False,False,False,WQP_live_2023_2025,False,False
1478,2023-09-19,111.0,131.0,60,events__aadfc4a45de4e88e3062d68a,2023,MN,Upper Midwest,4,1,1,1,1,2023-08-08,33.8,True,42.0,9,True,True,True,True,True,True,True,True,WQP_live_2023_2025,True,True
1548,2024-08-07,24745.5,,60,events__ba769987069f504063a64283,2024,MN,Upper Midwest,13,0,0,0,0,2023-10-10,9.847,True,302.0,9,True,True,True,False,False,False,False,True,WQP_live_2023_2025,False,False
1610,2024-07-11,88.0,,60,events__f4ac94407aa8297163653a5f,2024,MN,Upper Midwest,8,3,3,1,1,2024-06-27,11.0,True,14.0,9,True,True,True,True,True,True,True,True,WQP_live_2023_2025,True,True
1881,2023-06-20,111.4,4315.0,60,events__596b60c18eb825c2317e096d,2023,MN,Upper Midwest,62,4,4,2,2,2023-06-05,31.1,True,15.0,9,True,True,True,True,True,True,True,True,WQP_live_2023_2025,True,True
1881,2024-04-22,16459.0,210.0,60,events__eeaa673288d06fbcd4832ec1,2024,MN,Upper Midwest,71,0,0,0,0,2023-10-09,12.202,True,196.0,9,True,True,True,False,False,False,False,True,WQP_live_2023_2025,False,False
1932,2023-05-04,108.0,3173.0,60,events__b7692c026f56b63649687704,2023,MN,Upper Midwest,123,0,0,0,0,2014-10-21,11.0,True,3117.0,9,True,True,True,False,False,False,False,True,WQP_live_2023_2025,False,False
1932,2023-07-11,76.2,68.0,60,events__097d03edc4f14d1045d4f16c,2023,MN,Upper Midwest,128,4,4,2,2,2023-06-27,25.4,True,14.0,1,True,True,False,True,True,True,True,True,WQP_live_2023_2025,True,True
1932,2024-08-13,82.4,315.0,60,events__58e3ac8983eebada12587e92,2024,MN,Upper Midwest,141,3,3,2,2,2024-07-17,59.9,True,27.0,9,True,True,True,True,True,True,True,True,WQP_live_2023_2025,True,True
1932,2025-07-01,137.0,294.0,60,events__68a26afeb81988ef416e7f15,2025,MN,Upper Midwest,153,4,4,2,2,2025-06-18,10.1,True,13.0,9,True,True,True,True,True,True,True,True,WQP_live_2023_2025,True,True
2067,2023-06-15,82.2,,60,events__23899e26e2387ab0abfe9703,2023,MN,Upper Midwest,1,1,1,0,0,2023-05-17,0.5,True,29.0,9,True,True,True,True,True,False,False,True,WQP_live_2023_2025,True,True
2067,2024-07-30,255.0,357.0,60,events__ce7cbd08cc115badfc65ab7f,2024,MN,Upper Midwest,5,0,0,0,0,2024-05-22,2.1,True,69.0,9,True,True,True,False,False,False,False,True,WQP_live_2023_2025,False,True
2147,2025-07-16,79.8,,60,events__f55c57b604b955cf3c50cf37,2025,MN,Upper Midwest,4,0,0,0,0,2024-09-25,46.1,True,294.0,9,True,True,True,False,False,False,False,True,WQP_live_2023_2025,False,False
2193,2024-04-23,5975.0,,60,events__a39eaa15b8ecff481b7b6604,2024,MN,Upper Midwest,13,0,0,0,0,2023-10-10,11.424,True,196.0,9,True,True,True,False,False,False,False,True,WQP_live_2023_2025,False,False
2193,2024-07-23,6977.0,91.0,60,events__25e1a18e41d20ecf496b4b23,2024,MN,Upper Midwest,14,0,0,0,0,2024-04-23,5975.0,False,91.0,5,True,True,False,False,False,False,False,False,WQP_live_2023_2025,False,False
2329,2024-06-25,17889.0,3942.0,60,events__b4648ce389227a2a9214a07c,2024,MN,Upper Midwest,100,0,0,0,0,2023-10-10,13.453,True,259.0,9,True,True,True,False,False,False,False,True,WQP_live_2023_2025,False,False
2376,2023-06-19,98.256,,60,events__baaab45a5c11a00dfa7b37f7,2023,MN,Temporate Plains,1,1,1,0,0,2023-05-24,1.068,True,26.0,9,True,True,True,True,True,False,False,True,WQP_live_2023_2025,True,True
2483,2023-09-18,142.0,,60,events__aaa5f43c3798a39d1d2ee82d,2023,MN,Upper Midwest,4,1,1,0,0,2023-08-21,39.6,True,28.0,9,True,True,True,True,True,False,False,True,WQP_live_2023_2025,True,True
2483,2025-08-18,129.0,700.0,60,events__1c9c47d3ed54e4dc6a5ec2f5,2025,MN,Upper Midwest,14,1,1,0,0,2025-07-21,39.2,True,28.0,9,True,True,True,True,True,False,False,True,WQP_live_2023_2025,True,True
2576,2023-09-17,109.0,,60,events__43907f52661d3db69423c006,2023,MN,Upper Midwest,13,6,6,3,3,2023-09-13,62.3,True,4.0,8,True,True,True,True,True,True,True,True,WQP_live_2023_2025,True,True
2576,2024-08-18,96.1,336.0,60,events__b966b7033532e8dfaa3ea2f9,2024,MN,Upper Midwest,19,1,1,1,1,2024-07-14,11.1,True,35.0,8,True,True,True,True,True,True,True,True,WQP_live_2023_2025,True,True
2583,2024-09-02,85.0,4054.0,60,events__cde55eff8e3197799171a6aa,2024,MN,Upper Midwest,73,2,2,1,1,2024-08-11,59.0,True,22.0,9,True,True,True,True,True,True,True,True,WQP_live_2023_2025,True,True
2584,2023-05-14,98.3,,60,events__3357f577e80c74ce9a8804ff,2023,MN,Upper Midwest,0,0,0,0,0,,,False,,8,True,True,True,False,False,False,False,False,WQP_live_2023_2025,False,False
2584,2025-09-15,75.6,855.0,60,events__48a4c23204522e4cb9f5d7f1,2025,MN,Upper Midwest,14,2,2,1,1,2025-08-18,35.6,True,28.0,9,True,True,True,True,True,True,True,True,WQP_live_2023_2025,True,True
2589,2025-07-15,81.7,,60,events__ba60d4e3ea0441e86e51b611,2025,MN,Upper Midwest,16,2,2,1,1,2025-06-26,56.1,True,19.0,9,True,True,True,True,True,True,True,True,WQP_live_2023_2025,True,True
2604,2023-07-27,107.31,5828.0,60,events__4ee56522cae45cc9b9274a1c,2023,MN,Upper Midwest,57,4,4,2,2,2023-07-11,74.16,True,16.0,9,True,True,True,True,True,True,True,True,WQP_live_2023_2025,True,True
2606,2023-08-01,120.0,1050.0,60,events__0a732ce0b91cc585ebeedc8e,2023,MN,Upper Midwest,39,4,4,2,2,2023-07-17,66.8,True,15.0,9,True,True,True,True,True,True,True,True,WQP_live_2023_2025,True,True
2606,2024-07-10,105.0,275.0,60,events__4aafd8eb10498fa7bdfbd9b1,2024,MN,Upper Midwest,48,4,4,2,2,2024-06-25,31.6,True,15.0,9,True,True,True,True,True,True,True,True,WQP_live_2023_2025,True,True
2606,2025-08-19,137.0,349.0,60,events__3bc60485015574097e9512b5,2025,MN,Upper Midwest,62,4,4,2,2,2025-08-04,72.1,True,15.0,9,True,True,True,True,True,True,True,True,WQP_live_2023_2025,True,True
2709,2023-07-06,107.0,5789.0,60,events__80de8ebbf6441a2cf50ddc4f,2023,MN,Upper Midwest,52,3,3,1,1,2023-06-21,2.88,True,15.0,9,True,True,True,True,True,True,True,True,WQP_live_2023_2025,True,True
2718,2024-07-25,80.0,,60,events__d68a45334b6752a9d9aff49b,2024,MN,Upper Midwest,9,4,4,2,2,2024-07-11,54.0,True,14.0,9,True,True,True,True,True,True,True,True,WQP_live_2023_2025,True,True
2718,2025-07-15,78.1,355.0,60,events__1c4da6ae905575aa8aab4ce3,2025,MN,Upper Midwest,16,2,2,1,1,2025-06-26,8.8,True,19.0,9,True,True,True,True,True,True,True,True,WQP_live_2023_2025,True,True
2755,2023-05-14,81.9,,60,events__ac085162f1f1d1cfa3c0d511,2023,MN,Upper Midwest,0,0,0,0,0,,,False,,8,True,True,True,False,False,False,False,False,WQP_live_2023_2025,False,False
2755,2025-05-18,91.7,733.0,60,events__3b2f7964e1e230957c1f7dff,2025,MN,Upper Midwest,10,0,0,0,0,2024-09-15,56.1,True,245.0,8,True,True,True,False,False,False,False,True,WQP_live_2023_2025,False,False
2755,2025-08-17,78.3,91.0,60,events__2d5212f97076f28b2ec02141,2025,MN,Upper Midwest,13,1,1,0,0,2025-07-20,69.4,True,28.0,4,True,True,False,True,True,False,False,True,WQP_live_2023_2025,True,True
2787,2023-08-07,109.0,,60,events__c13f3ae8a0fb11c1cdcfb595,2023,MN,Upper Midwest,3,2,2,1,1,2023-07-12,36.8,True,26.0,9,True,True,True,True,True,True,True,True,WQP_live_2023_2025,True,True
2876,2025-08-26,83.2,4018.0,60,events__f15b9290850c19511a94d0d7,2025,MN,Upper Midwest,158,4,4,2,2,2025-08-13,42.7,True,13.0,9,True,True,True,True,True,True,True,True,WQP_live_2023_2025,True,True
2936,2023-05-04,109.0,4259.0,60,events__ab2e1eb67b425f98c1e83275,2023,MN,Upper Midwest,130,0,0,0,0,2014-10-21,14.0,True,3117.0,9,True,True,True,False,False,False,False,True,WQP_live_2023_2025,False,False
2948,2025-06-24,104.13,,60,events__a3351fd4cf5116c1f35a95f6,2025,MN,Temporate Plains,2,1,1,0,0,2025-05-29,44.055,True,26.0,9,True,True,True,True,True,False,False,True,WQP_live_2023_2025,True,True
2960,2024-07-21,225.0,,60,events__c92622221c94a538b10d2f60,2024,MN,Upper Midwest,0,0,0,0,0,,,False,,8,True,True,True,False,False,False,False,False,WQP_live_2023_2025,False,False
2960,2025-08-16,87.2,391.0,60,events__084f61c88ae71b083c597ec9,2025,MN,Upper Midwest,6,1,1,0,0,2025-07-20,28.7,True,27.0,8,True,True,True,True,True,False,False,True,WQP_live_2023_2025,True,True
3014,2023-07-24,75.828,6192.0,60,events__f7f89cf4e9efdcb87c282bb1,2023,MN,Temporate Plains,3,1,1,0,0,2023-06-26,28.48,True,28.0,9,True,True,True,True,True,False,False,True,WQP_live_2023_2025,True,True
3014,2024-08-21,88.11,336.0,60,events__b2a91ecfe49a37c254f6b79c,2024,MN,Temporate Plains,8,1,1,1,1,2024-07-18,35.6,True,34.0,9,True,True,True,True,True,True,True,True,WQP_live_2023_2025,True,True
3014,2025-07-29,90.78,342.0,60,events__50c665d33602a95498b0384e,2025,MN,Temporate Plains,13,1,1,0,0,2025-06-30,64.08,True,29.0,9,True,True,True,True,True,False,False,True,WQP_live_2023_2025,True,True
3057,2023-08-22,84.45,,60,events__cb4f23a6749433bf7e2550e1,2023,MN,Upper Midwest,4,4,4,2,2,2023-08-07,49.0,True,15.0,9,True,True,True,True,True,True,True,True,WQP_live_2023_2025,True,True
3064,2024-07-14,120.0,1771.0,60,events__0532c5a5f6e06ce6a9c0ad4a,2024,MN,Upper Midwest,137,4,4,2,2,2024-06-30,33.0,True,14.0,8,True,True,True,True,True,True,True,True,WQP_live_2023_2025,True,True
3064,2025-08-12,99.0,366.0,60,events__aa9049f73a6615599b7607ec,2025,MN,Upper Midwest,146,2,2,2,2,2025-07-10,48.0,True,33.0,9,True,True,True,True,True,True,True,True,WQP_live_2023_2025,True,True
3092,2024-09-24,8644.0,,60,events__2ea9b6f19779d09be293d080,2024,MN,Upper Midwest,110,0,0,0,0,2023-10-10,9.796,True,350.0,9,True,True,True,False,False,False,False,True,WQP_live_2023_2025,False,False
3198,2023-08-25,210.93,,60,events__e3fe4f8545092aa4f37c55e2,2023,MN,Temporate Plains,3,2,2,2,2,2023-07-24,49.128,True,32.0,8,True,True,True,True,True,True,True,True,WQP_live_2023_2025,True,True
3198,2024-09-12,98.79,358.0,60,events__ff07dce67aedddbc05851807,2024,MN,Temporate Plains,8,2,2,1,1,2024-08-21,42.72,True,22.0,9,True,True,True,True,True,True,True,True,WQP_live_2023_2025,True,True
3198,2025-07-29,106.8,320.0,60,events__f3ed03ccb6f524bdee908261,2025,MN,Temporate Plains,12,1,1,0,0,2025-06-30,72.09,True,29.0,9,True,True,True,True,True,False,False,True,WQP_live_2023_2025,True,True
3238,2023-07-16,235.0,,60,events__1961848f29d6697c1130d449,2023,MN,Upper Midwest,2,2,2,1,1,2023-06-26,20.0,True,20.0,8,True,True,True,True,True,True,True,True,WQP_live_2023_2025,True,True
3238,2025-06-15,99.1,700.0,60,events__69f98a140f7989aa9b9ad525,2025,MN,Upper Midwest,11,1,1,0,0,2025-05-18,1.4,True,28.0,8,True,True,True,True,True,False,False,True,WQP_live_2023_2025,True,True
3238,2025-09-21,92.6,98.0,60,events__b9ab4ca4696cec5db2f5ad99,2025,MN,Upper Midwest,14,1,1,1,1,2025-08-17,7.6,True,35.0,5,True,True,True,True,True,True,True,True,WQP_live_2023_2025,True,True
3295,2023-08-01,78.0,,60,events__0af4dc2290d567b28ad6a6dd,2023,MN,Upper Midwest,5,4,4,2,2,2023-07-18,36.0,True,14.0,9,True,True,True,True,True,True,True,True,WQP_live_2023_2025,True,True
3302,2025-06-24,142.0,,60,events__64ddcddc86038850f966cd7e,2025,MN,Temporate Plains,1,1,1,0,0,2025-05-26,56.2,True,29.0,9,True,True,True,True,True,False,False,True,WQP_live_2023_2025,True,True
3302,2025-08-24,81.3,61.0,60,events__2a4790ed286f1448ef5b6ac8,2025,MN,Temporate Plains,3,1,1,0,0,2025-07-30,57.85,True,25.0,0,False,False,False,True,True,False,False,True,WQP_live_2023_2025,True,True
3307,2023-04-24,87.1,,60,events__fed8f0e07069d933532a2378,2023,MN,Upper Midwest,0,0,0,0,0,,,False,,9,True,True,True,False,False,False,False,False,WQP_live_2023_2025,False,False
3307,2024-06-10,9218.0,413.0,60,events__c711978317b8c8d8d3e14810,2024,MN,Upper Midwest,13,0,0,0,0,2023-10-09,11.215,True,245.0,9,True,True,True,False,False,False,False,True,WQP_live_2023_2025,False,False
3313,2025-09-21,39000.0,,60,events__3a9bcf0377a574ee3ceec648,2025,MN,Upper Midwest,18,0,0,0,0,2025-07-09,7.7,True,74.0,8,True,True,True,False,False,False,False,True,WQP_live_2023_2025,False,True
3316,2023-07-10,94.3,,60,events__0d26879a35798db45e86dac6,2023,MN,Upper Midwest,3,3,3,1,1,2023-06-14,40.9,True,26.0,9,True,True,True,True,True,True,True,True,WQP_live_2023_2025,True,True
3316,2024-07-29,80.8,312.0,60,events__4e61657dcf962c34bbb676bd,2024,MN,Upper Midwest,9,1,1,1,1,2024-06-24,17.0,True,35.0,9,True,True,True,True,True,True,True,True,WQP_live_2023_2025,True,True
3316,2025-07-15,82.4,295.0,60,events__2dab2825cc2a78a572c88703,2025,MN,Upper Midwest,16,2,2,1,1,2025-07-01,13.4,True,14.0,9,True,True,True,True,True,True,True,True,WQP_live_2023_2025,True,True
3345,2024-08-08,105.0,,60,events__3b46cee67ae2df6f881477ca,2024,MN,Temporate Plains,2,2,2,2,2,2024-07-02,14.8,True,37.0,9,True,True,True,True,True,True,True,True,WQP_live_2023_2025,True,True
3384,2023-05-14,150.0,,60,events__a2fedb131487ec60ad32f9ef,2023,MN,Upper Midwest,0,0,0,0,0,,,False,,8,True,True,True,False,False,False,False,False,WQP_live_2023_2025,False,False
3384,2025-07-20,146.0,754.0,60,events__727c3b44949c4ae4935d4ed7,2025,MN,Upper Midwest,22,1,1,1,1,2025-06-15,20.5,True,35.0,8,True,True,True,True,True,True,True,True,WQP_live_2023_2025,True,True
3400,2021-07-26,80.9,,60,events__4df5d9e54740e2b6cfdfd6dd,2021,MN,Upper Midwest,1,1,1,0,0,2021-06-29,43.0,True,27.0,9,True,True,True,True,True,False,False,True,USGS_release_2021_2022,True,True
3407,2023-07-17,187.0,,60,events__52804d4cd091172706abad0e,2023,MN,Upper Midwest,2,2,2,2,2,2023-06-11,23.1,True,36.0,9,True,True,True,True,True,True,True,True,WQP_live_2023_2025,True,True
3407,2023-09-17,75.2,62.0,60,events__802da98d255731324b059d86,2023,MN,Upper Midwest,4,1,1,0,0,2023-08-20,33.0,True,28.0,0,False,False,False,True,True,False,False,True,WQP_live_2023_2025,True,True
3407,2024-07-09,169.0,296.0,60,events__e8f467a16dbc4f442c5ab5e9,2024,MN,Upper Midwest,10,5,5,3,3,2024-06-20,2.1,True,19.0,9,True,True,True,True,True,True,True,True,WQP_live_2023_2025,True,True
3434,2025-07-21,79.2,,60,events__d774daec87a55b183834d257,2025,MN,Upper Midwest,13,1,1,1,1,2025-06-15,6.1,True,36.0,9,True,True,True,True,True,True,True,True,WQP_live_2023_2025,True,True
3441,2024-08-12,77.43,,60,events__8014a0ae258a7670aca82dab,2024,MN,Temporate Plains,7,2,2,1,1,2024-07-15,39.16,True,28.0,9,True,True,True,True,True,True,True,True,WQP_live_2023_2025,True,True
3482,2024-08-19,92.0,,60,events__66ca553bd3b9f88ea1a892d7,2024,MN,Upper Midwest,26,3,3,2,2,2024-07-31,42.45,True,19.0,9,True,True,True,True,True,True,True,True,WQP_live_2023_2025,True,True
3482,2025-07-17,105.1,330.0,60,events__1166159dc7a84f4a35688b33,2025,MN,Upper Midwest,45,4,4,3,3,2025-06-30,50.0,True,17.0,9,True,True,True,True,True,True,True,True,WQP_live_2023_2025,True,True
3542,2023-07-27,82.8,,60,events__c46a8a73cb95287884e8dc00,2023,MN,Upper Midwest,7,3,3,1,1,2023-07-14,60.7,True,13.0,9,True,True,True,True,True,True,True,True,WQP_live_2023_2025,True,True
3548,2024-08-18,79.2,,60,events__9bc6b7246fc0d2db4d1c612e,2024,MN,Upper Midwest,9,1,1,1,1,2024-07-14,28.5,True,35.0,8,True,True,True,True,True,True,True,True,WQP_live_2023_2025,True,True
3630,2023-05-09,79.3,,60,events__c14c6b45e5a459d7da86a1e1,2023,MN,Upper Midwest,37,0,0,0,0,2014-08-13,15.0,True,3191.0,9,True,True,True,False,False,False,False,True,WQP_live_2023_2025,False,False
3630,2025-07-02,84.9,785.0,60,events__19511ee7304604631446294f,2025,MN,Upper Midwest,54,5,5,2,2,2025-06-18,22.0,True,14.0,9,True,True,True,True,True,True,True,True,WQP_live_2023_2025,True,True
3637,2023-08-29,110.2,,60,events__d674db29697b02b5cd288391,2023,MN,Upper Midwest,108,4,4,2,2,2023-08-16,46.6,True,13.0,9,True,True,True,True,True,True,True,True,WQP_live_2023_2025,True,True
3637,2024-04-01,5899.0,216.0,60,events__22f57941c00901f2323b0f7d,2024,MN,Upper Midwest,112,0,0,0,0,2023-10-10,20.403,True,174.0,9,True,True,True,False,False,False,False,True,WQP_live_2023_2025,False,False
3643,2024-07-02,7537.5,,60,events__a931854ce72fa7876c89bd5f,2024,MN,Upper Midwest,13,0,0,0,0,2023-10-09,5.0,True,267.0,9,True,True,True,False,False,False,False,True,WQP_live_2023_2025,False,False
3643,2024-09-17,7895.5,77.0,60,events__2cd830af2daba60965f06b5b,2024,MN,Upper Midwest,14,0,0,0,0,2024-07-02,7537.5,False,77.0,3,True,True,False,False,False,False,False,False,WQP_live_2023_2025,False,False
3646,2023-08-20,76.0,,60,events__62e6bd7776a5d26486496fe9,2023,MN,Upper Midwest,3,1,1,1,1,2023-07-16,44.0,True,35.0,8,True,True,True,True,True,True,True,True,WQP_live_2023_2025,True,True
3646,2025-08-17,77.0,728.0,60,events__752cb05ec73726bb9c060e44,2025,MN,Upper Midwest,13,1,1,0,0,2025-07-20,46.0,True,28.0,8,True,True,True,True,True,False,False,True,WQP_live_2023_2025,True,True
3686,2024-08-22,78.6,,60,events__478e33bc2b072452b037dd45,2024,MN,Upper Midwest,15,3,3,2,2,2024-08-05,58.3,True,17.0,9,True,True,True,True,True,True,True,True,WQP_live_2023_2025,True,True
3686,2025-08-27,113.0,350.0,60,events__945e97361df8cd2ad1b84e9f,2025,MN,Upper Midwest,23,3,3,2,2,2025-08-11,72.1,True,16.0,9,True,True,True,True,True,True,True,True,WQP_live_2023_2025,True,True
3765,2023-07-18,149.0,,60,events__46a5028e5ee66d37afb3144c,2023,MN,Upper Midwest,2,2,2,1,1,2023-06-27,34.7,True,21.0,9,True,True,True,True,True,True,True,True,WQP_live_2023_2025,True,True
3765,2024-06-10,157.0,267.0,60,events__890593e7ceebb1d009e6a58f,2024,MN,Upper Midwest,6,1,1,0,0,2024-05-20,32.9,True,21.0,9,True,True,True,True,True,False,False,True,WQP_live_2023_2025,True,True
3765,2025-07-21,451.0,332.0,60,events__5d4ab9290322a499103ff1f5,2025,MN,Upper Midwest,12,1,1,1,1,2025-05-29,23.1,True,53.0,9,True,True,True,True,True,True,True,True,WQP_live_2023_2025,True,True
3900,2024-07-09,18564.0,,60,events__9f1cbb808108e0360a9d35e1,2024,MN,Upper Midwest,13,0,0,0,0,2023-10-10,6.392,True,273.0,9,True,True,True,False,False,False,False,True,WQP_live_2023_2025,False,False
3943,2023-06-13,119.0,3157.0,60,events__8ad4273c9e8cc8a3ba5f8fca,2023,MN,Upper Midwest,126,3,3,1,1,2023-05-31,6.23,True,13.0,9,True,True,True,True,True,True,True,True,WQP_live_2023_2025,True,True
3943,2024-07-02,82.8,273.0,60,events__c26e8cb40f90d3d1c0875cfe,2024,MN,Upper Midwest,139,3,3,2,2,2024-06-20,62.9,True,12.0,9,True,True,True,True,True,True,True,True,WQP_live_2023_2025,True,True
3943,2025-07-01,174.0,266.0,60,events__e6cbe125690febcfee46dccb,2025,MN,Upper Midwest,153,4,4,2,2,2025-06-18,12.5,True,13.0,9,True,True,True,True,True,True,True,True,WQP_live_2023_2025,True,True
3946,2025-07-20,83.3,,60,events__f26ca44ba58fc6f19d06cf5f,2025,MN,Upper Midwest,12,2,2,2,2,2025-06-15,12.8,True,35.0,8,True,True,True,True,True,True,True,True,WQP_live_2023_2025,True,True
4035,2023-05-17,77.0,,60,events__e3d3f69f2e94c2339ebfe8b3,2023,MN,Upper Midwest,1,1,1,0,0,2023-05-14,36.9,True,3.0,9,True,True,True,True,True,False,False,True,WQP_live_2023_2025,True,True
4035,2024-06-16,78.3,258.0,60,events__a9375fc44a3ebfe893664a92,2024,MN,Upper Midwest,17,1,1,0,0,2024-05-19,24.5,True,28.0,8,True,True,True,True,True,False,False,True,WQP_live_2023_2025,True,True
4035,2024-09-15,97.5,91.0,60,events__7767792ad643965b24428692,2024,MN,Upper Midwest,20,1,1,0,0,2024-08-18,57.4,True,28.0,4,True,True,False,True,True,False,False,True,WQP_live_2023_2025,True,True
4052,2025-08-15,92.6,,60,events__472f7d5d865843c2d326dc91,2025,MN,Upper Midwest,41,4,4,2,2,2025-07-29,31.5,True,17.0,8,True,True,True,True,True,True,True,True,WQP_live_2023_2025,True,True
4098,2023-08-17,78.3,,60,events__e1b8d65a52580e3bf6e0b2f3,2023,MN,Upper Midwest,5,3,3,2,2,2023-08-03,53.4,True,14.0,9,True,True,True,True,True,True,True,True,WQP_live_2023_2025,True,True
4098,2024-07-24,78.9,342.0,60,events__942b48da214d4b5787d36947,2024,MN,Upper Midwest,12,3,3,2,2,2024-07-03,6.5,True,21.0,9,True,True,True,True,True,True,True,True,WQP_live_2023_2025,True,True
4176,2025-07-14,91.6,,60,events__68146a4d2c64d22f0f9418f0,2025,MN,Upper Midwest,5,2,2,1,1,2025-06-23,10.4,True,21.0,9,True,True,True,True,True,True,True,True,WQP_live_2023_2025,True,True
4200,2024-06-25,33824.0,,60,events__16aba21439b28b8f7b35d0cc,2024,MN,Upper Midwest,13,0,0,0,0,2023-10-10,20.781,True,259.0,9,True,True,True,False,False,False,False,True,WQP_live_2023_2025,False,False
4211,2024-08-18,86.3,,60,events__af232a0b00b1955bb6d45a87,2024,MN,Upper Midwest,8,1,1,0,0,2024-07-21,61.4,True,28.0,8,True,True,True,True,True,False,False,True,WQP_live_2023_2025,True,True
4229,2025-08-25,99.7,,60,events__19ea29dd13895325e8f58b3e,2025,MN,Upper Midwest,14,1,1,1,1,2025-07-23,27.8,True,33.0,9,True,True,True,True,True,True,True,True,WQP_live_2023_2025,True,True
4280,2023-08-09,92.0,2893.0,60,events__cf048dc227038dffa59fd2a4,2023,IA,Temporate Plains,52,1,1,1,1,2023-06-27,22.44,True,43.0,9,True,True,True,True,True,True,True,True,WQP_live_2023_2025,True,True
4280,2024-09-23,180.1,404.0,60,events__99bf982c4fd34c831af2e9e9,2024,IA,Temporate Plains,59,1,1,1,1,2024-08-20,44.4,True,34.0,9,True,True,True,True,True,True,True,True,WQP_live_2023_2025,True,True
4285,2024-05-29,91.4,1380.0,60,events__9b2ce79944aa337d3cb744b0,2024,IA,Temporate Plains,53,0,0,0,0,2023-08-21,21.79,True,282.0,9,True,True,True,False,False,False,False,True,WQP_live_2023_2025,False,False
4285,2024-09-19,215.3,113.0,60,events__871679a267e39dce609a76ca,2024,IA,Temporate Plains,55,1,1,1,1,2024-07-23,20.48,True,58.0,7,True,True,True,True,True,True,True,True,WQP_live_2023_2025,True,True
4312,2023-08-02,108.3,3635.0,60,events__1a1bb5076f4cd037e87970c6,2023,IA,Temporate Plains,54,1,1,1,1,2023-06-13,60.9,True,50.0,9,True,True,True,True,True,True,True,True,WQP_live_2023_2025,True,True
4312,2024-06-18,106.3,288.0,60,events__4561a3ed7fef89d2a5a70d54,2024,IA,Temporate Plains,56,0,0,0,0,2023-09-04,116.7,False,288.0,9,True,True,True,False,False,False,False,False,WQP_live_2023_2025,False,False
4312,2024-10-02,89.6,106.0,60,events__16d1508143fc016391110cab,2024,IA,Temporate Plains,58,1,1,1,1,2024-08-07,25.37,True,56.0,7,True,True,True,True,True,True,True,True,WQP_live_2023_2025,True,True
4389,2023-08-14,82.55,1097.0,60,events__7548254968d3cec426d78130,2023,IA,Temporate Plains,65,1,1,1,1,2023-06-28,68.15,True,47.0,9,True,True,True,True,True,True,True,True,WQP_live_2023_2025,True,True
4389,2024-05-08,135.85,224.0,60,events__5ad04e443e7c8c58cb27b4d2,2024,IA,Temporate Plains,67,0,0,0,0,2023-09-27,110.3,False,224.0,9,True,True,True,False,False,False,False,False,WQP_live_2023_2025,False,False
4389,2024-08-21,212.5,105.0,60,events__fa93bce1c485f4be988f4ca1,2024,IA,Temporate Plains,70,1,1,1,1,2024-07-15,22.59,True,37.0,6,True,True,True,True,True,True,True,True,WQP_live_2023_2025,True,True
4393,2023-08-16,186.6,1094.0,60,events__20bfd97d7a8f1c84346ee827,2023,IA,Temporate Plains,57,1,1,1,1,2023-06-27,69.8,True,50.0,9,True,True,True,True,True,True,True,True,WQP_live_2023_2025,True,True
4393,2024-09-23,138.1,364.0,60,events__30846ff01cec0edc14412def,2024,IA,Temporate Plains,63,1,1,1,1,2024-08-20,44.7,True,34.0,9,True,True,True,True,True,True,True,True,WQP_live_2023_2025,True,True
4395,2023-08-14,121.3,2534.0,60,events__7b4bf68a4958c2984f836d93,2023,IA,Temporate Plains,67,1,1,1,1,2023-06-26,21.92,True,49.0,9,True,True,True,True,True,True,True,True,WQP_live_2023_2025,True,True
4395,2024-07-15,102.0,295.0,60,events__2c4811434c0ba57b71d241d7,2024,IA,Temporate Plains,71,1,1,1,1,2024-06-10,22.7,True,35.0,9,True,True,True,True,True,True,True,True,WQP_live_2023_2025,True,True
4401,2023-08-14,109.3,1834.0,60,events__b026690251cb93b6aeffeaad,2023,IA,Upper Midwest,52,1,1,1,1,2023-06-26,50.3,True,49.0,9,True,True,True,True,True,True,True,True,WQP_live_2023_2025,True,True
4401,2024-07-15,113.3,336.0,60,events__dd2aa4b43d1e3f934560d0bb,2024,IA,Upper Midwest,56,1,1,1,1,2024-06-10,42.1,True,35.0,9,True,True,True,True,True,True,True,True,WQP_live_2023_2025,True,True
4420,2024-06-10,338.0,3198.0,60,events__176d16755f6f39d88d622c0e,2024,IA,Temporate Plains,75,1,1,1,1,2024-05-01,10.04,True,40.0,9,True,True,True,True,True,True,True,True,WQP_live_2023_2025,True,True
4440,2023-06-13,170.5,1008.0,60,events__b7a3af762c63b1af0a2824f1,2023,IA,Temporate Plains,53,0,0,0,0,2020-09-08,140.4,False,1008.0,9,True,True,True,False,False,False,False,False,WQP_live_2023_2025,False,False
4440,2024-06-19,76.0,288.0,60,events__3467f4bfc8104d52e6645667,2024,IA,Temporate Plains,56,0,0,0,0,2023-09-05,142.2,False,288.0,9,True,True,True,False,False,False,False,False,WQP_live_2023_2025,False,False
4448,2023-06-28,104.4,2486.0,60,events__0a20968702e8d3a465ee8ce1,2023,IA,Temporate Plains,59,0,0,0,0,2020-08-17,43.1,True,1045.0,9,True,True,True,False,False,False,False,True,WQP_live_2023_2025,False,False
4448,2023-09-27,118.0,91.0,60,events__9013db5d4b358a105052a821,2023,IA,Temporate Plains,61,1,1,1,1,2023-08-14,42.1,True,44.0,4,True,True,False,True,True,True,True,True,WQP_live_2023_2025,True,True
4448,2024-05-08,211.4,224.0,60,events__49b599887e5f2c93ed94e353,2024,IA,Temporate Plains,62,0,0,0,0,2023-09-27,118.0,False,224.0,9,True,True,True,False,False,False,False,False,WQP_live_2023_2025,False,False
4448,2024-09-25,136.6,106.0,60,events__cfde9c100c39de3290e3b6d8,2024,IA,Temporate Plains,66,1,1,1,1,2024-08-19,74.3,True,37.0,7,True,True,True,True,True,True,True,True,WQP_live_2023_2025,True,True
4473,2023-08-08,97.9,1077.0,60,events__b365dc1ca43619c6474411dc,2023,IA,Temporate Plains,56,1,1,1,1,2023-06-20,59.2,True,49.0,9,True,True,True,True,True,True,True,True,WQP_live_2023_2025,True,True
4473,2024-08-15,476.0,331.0,60,events__21406833f81f9ee2ec7c2151,2024,IA,Temporate Plains,59,1,1,1,1,2024-06-25,7.39,True,51.0,9,True,True,True,True,True,True,True,True,WQP_live_2023_2025,True,True
4481,2024-05-29,166.7,4306.0,60,events__58a26fb8c496c087c8709375,2024,IA,Temporate Plains,49,0,0,0,0,2023-08-22,28.71,True,281.0,9,True,True,True,False,False,False,False,True,WQP_live_2023_2025,False,False
4481,2024-09-04,135.5,98.0,60,events__379aa97dfc2c3b757179ec87,2024,IA,Temporate Plains,51,1,1,1,1,2024-07-23,42.7,True,43.0,5,True,True,True,True,True,True,True,True,WQP_live_2023_2025,True,True
4606,2023-08-08,81.7,1840.0,60,events__35b4fe96928be8d45623106b,2023,IA,Temporate Plains,76,1,1,1,1,2023-06-21,8.11,True,48.0,9,True,True,True,True,True,True,True,True,WQP_live_2023_2025,True,True
4606,2024-08-15,75.6,373.0,60,events__e716fd5d3e811ca0e23873ab,2024,IA,Temporate Plains,79,1,1,1,1,2024-06-25,2.146,True,51.0,9,True,True,True,True,True,True,True,True,WQP_live_2023_2025,True,True
4607,2023-06-27,80.0,1043.0,60,events__4472d50508f7b203fc298683,2023,IA,Temporate Plains,53,0,0,0,0,2020-08-18,106.5,False,1043.0,9,True,True,True,False,False,False,False,False,WQP_live_2023_2025,False,False
4607,2023-09-27,123.1,92.0,60,events__02986db25ee29d0c45f32387,2023,IA,Temporate Plains,55,1,1,1,1,2023-08-15,59.1,True,43.0,5,True,True,True,True,True,True,True,True,WQP_live_2023_2025,True,True
4607,2024-08-21,244.1,329.0,60,events__7c674dcf6e84914f8a6f13d6,2024,IA,Temporate Plains,59,1,1,1,1,2024-07-17,2.347,True,35.0,9,True,True,True,True,True,True,True,True,WQP_live_2023_2025,True,True
4621,2023-07-24,166.8,4716.0,60,events__36c6c26da97a9ff4aa0480dd,2023,IA,Temporate Plains,57,1,1,1,1,2023-06-06,3.95,True,48.0,9,True,True,True,True,True,True,True,True,WQP_live_2023_2025,True,True
4624,2023-07-31,89.1,2533.0,60,events__aaee02f2148f317e2731a657,2023,IA,Temporate Plains,46,1,1,1,1,2023-06-12,40.4,True,49.0,9,True,True,True,True,True,True,True,True,WQP_live_2023_2025,True,True
4624,2024-06-17,130.7,288.0,60,events__a57680c78ea230b767d1a859,2024,IA,Temporate Plains,48,0,0,0,0,2023-09-03,149.6,False,288.0,9,True,True,True,False,False,False,False,False,WQP_live_2023_2025,False,False
4624,2024-09-16,234.7,91.0,60,events__6c58bd536cf7fbe20d76dcdd,2024,IA,Temporate Plains,50,1,1,1,1,2024-08-05,56.4,True,42.0,5,True,True,False,True,True,True,True,True,WQP_live_2023_2025,True,True
4649,2024-08-19,93.6,7007.0,60,events__430c203165e401c3cdabc702,2024,IA,Temporate Plains,59,1,1,1,1,2024-07-17,2.011,True,33.0,9,True,True,True,True,True,True,True,True,WQP_live_2023_2025,True,True
4652,2024-08-13,100.5,3275.0,60,events__f50ebcaf6804a24fa1c77da2,2024,IA,Temporate Plains,49,1,1,1,1,2024-06-26,11.9,True,48.0,9,True,True,True,True,True,True,True,True,WQP_live_2023_2025,True,True
4667,2023-07-25,135.1,1784.0,60,events__e3b6dcc62c64b043414c2f3c,2023,IA,Temporate Plains,67,1,1,1,1,2023-06-06,30.57,True,49.0,9,True,True,True,True,True,True,True,True,WQP_live_2023_2025,True,True
4667,2024-09-19,81.6,422.0,60,events__046b6f54398a8079df32f5cb,2024,IA,Temporate Plains,71,1,1,1,1,2024-07-30,27.7,True,51.0,9,True,True,True,True,True,True,True,True,WQP_live_2023_2025,True,True
4701,2023-08-15,75.5,1064.0,60,events__3d4500e1b428b491eb08ecaa,2023,IA,Temporate Plains,54,1,1,1,1,2023-06-26,38.9,True,50.0,9,True,True,True,True,True,True,True,True,WQP_live_2023_2025,True,True
4709,2024-05-05,80.4,1322.0,60,events__2d90e338e2e087cf5eb1184e,2024,IA,Temporate Plains,51,0,0,0,0,2023-09-25,54.4,True,223.0,8,True,True,True,False,False,False,False,True,WQP_live_2023_2025,False,False
4709,2024-08-20,96.9,70.0,60,events__b60a49820a22cadc9aa8bbae,2024,IA,Temporate Plains,54,1,1,1,1,2024-07-16,4.83,True,35.0,2,True,True,False,True,True,True,True,True,WQP_live_2023_2025,True,True
4771,2023-08-20,84.1,,60,events__7101d1d36163566445b6ca35,2023,IA,Temporate Plains,49,1,1,1,1,2023-07-10,39.0,True,41.0,8,True,True,True,True,True,True,True,True,WQP_live_2023_2025,True,True
4799,2024-10-01,113.2,2982.0,60,events__ae2825d36b0ef4ff0712633b,2024,IA,Temporate Plains,66,1,1,1,1,2024-08-12,65.0,True,50.0,9,True,True,True,True,True,True,True,True,WQP_live_2023_2025,True,True
4821,2023-09-03,126.5,1090.0,60,events__94c82eb2d619a996cf4b1305,2023,IA,Temporate Plains,76,1,1,1,1,2023-08-03,27.38,True,31.0,8,True,True,True,True,True,True,True,True,WQP_live_2023_2025,True,True
4821,2024-06-18,115.3,289.0,60,events__5782c89ec6a95fbbd8ed6f39,2024,IA,Temporate Plains,77,0,0,0,0,2023-09-03,126.5,False,289.0,9,True,True,True,False,False,False,False,False,WQP_live_2023_2025,False,False
4821,2024-09-17,125.9,91.0,60,events__bd8b15982a78d843c804e90e,2024,IA,Temporate Plains,79,1,1,1,1,2024-08-06,29.8,True,42.0,5,True,True,False,True,True,True,True,True,WQP_live_2023_2025,True,True
4870,2023-09-11,399.0,1085.0,60,events__cf68588b84a4e81855672983,2023,IA,Temporate Plains,50,1,1,1,1,2023-07-26,38.3,True,47.0,9,True,True,True,True,True,True,True,True,WQP_live_2023_2025,True,True
4870,2024-09-09,80.5,364.0,60,events__cfdabce429ae37736a5d7e73,2024,IA,Temporate Plains,53,1,1,1,1,2024-07-29,29.64,True,42.0,9,True,True,True,True,True,True,True,True,WQP_live_2023_2025,True,True
4882,2023-09-11,78.2,1834.0,60,events__3c736a3dae358a3a82bbcc2a,2023,IA,Temporate Plains,54,1,1,1,1,2023-07-26,36.8,True,47.0,9,True,True,True,True,True,True,True,True,WQP_live_2023_2025,True,True
4882,2024-09-09,101.5,364.0,60,events__ac34996ba879f550a0d8f7b9,2024,IA,Temporate Plains,57,1,1,1,1,2024-07-29,16.05,True,42.0,9,True,True,True,True,True,True,True,True,WQP_live_2023_2025,True,True
4890,2023-08-08,83.9,1113.0,60,events__623e892eb16f47643f8b6f42,2023,IA,Temporate Plains,72,1,1,1,1,2023-06-21,25.0,True,48.0,9,True,True,True,True,True,True,True,True,WQP_live_2023_2025,True,True
4890,2024-08-13,191.1,371.0,60,events__a97a859aaf7796de4ceec412,2024,IA,Temporate Plains,75,1,1,1,1,2024-06-25,13.11,True,49.0,9,True,True,True,True,True,True,True,True,WQP_live_2023_2025,True,True
4899,2023-08-27,75.8,5122.0,60,events__9e546a3a1f01e0473aa55c04,2023,IA,Temporate Plains,57,1,1,1,1,2023-07-18,62.3,True,40.0,8,True,True,True,True,True,True,True,True,WQP_live_2023_2025,True,True
4933,2023-08-08,104.1,1112.0,60,events__bffa86ef280db47cff8e0ed8,2023,IA,Temporate Plains,80,1,1,1,1,2023-06-20,41.9,True,49.0,9,True,True,True,True,True,True,True,True,WQP_live_2023_2025,True,True
4933,2024-08-13,127.6,371.0,60,events__e9b392510109c27df7cf88fb,2024,IA,Temporate Plains,83,1,1,1,1,2024-06-25,5.16,True,49.0,9,True,True,True,True,True,True,True,True,WQP_live_2023_2025,True,True
4942,2024-08-12,102.6,2178.0,60,events__77cf73cb7afbf8d3d7a8929a,2024,IA,Temporate Plains,50,1,1,1,1,2024-06-24,3.5,True,49.0,9,True,True,True,True,True,True,True,True,WQP_live_2023_2025,True,True
4944,2023-07-31,258.4,1098.0,60,events__2a2bfc9a90b41d3d71c2927b,2023,IA,Temporate Plains,46,1,1,1,1,2023-06-12,22.3,True,49.0,9,True,True,True,True,True,True,True,True,WQP_live_2023_2025,True,True
4944,2024-09-17,162.4,380.0,60,events__b6471dd8a11f952909ebe76b,2024,IA,Temporate Plains,50,1,1,1,1,2024-08-06,23.29,True,42.0,9,True,True,True,True,True,True,True,True,WQP_live_2023_2025,True,True
4955,2023-07-11,89.1,2521.0,60,events__ef899d0217f2156da08d67cd,2023,IA,Temporate Plains,55,1,1,1,1,2023-05-23,62.9,True,49.0,9,True,True,True,True,True,True,True,True,WQP_live_2023_2025,True,True
4967,2023-09-24,98.8,1855.0,60,events__9b820b01542a9f4757017628,2023,IA,Temporate Plains,47,1,1,1,1,2023-08-07,59.7,True,48.0,8,True,True,True,True,True,True,True,True,WQP_live_2023_2025,True,True
4967,2024-08-12,155.7,323.0,60,events__63c6211c4234d39bb703586d,2024,IA,Temporate Plains,49,1,1,1,1,2024-06-24,18.49,True,49.0,9,True,True,True,True,True,True,True,True,WQP_live_2023_2025,True,True
4985,2023-07-18,83.7,1036.0,60,events__aa17ace303b435d0e4505734,2023,IA,Temporate Plains,85,1,1,1,1,2023-05-31,17.06,True,48.0,9,True,True,True,True,True,True,True,True,WQP_live_2023_2025,True,True
4985,2024-08-27,110.6,364.0,60,events__6d6ff3e3b1134cc100c974c1,2024,IA,Temporate Plains,89,1,1,1,1,2024-07-09,5.58,True,49.0,9,True,True,True,True,True,True,True,True,WQP_live_2023_2025,True,True
5027,2023-09-11,209.2,1834.0,60,events__314137b2a0f2ae1ba49c7f14,2023,IA,Temporate Plains,52,1,1,1,1,2023-07-24,42.2,True,49.0,9,True,True,True,True,True,True,True,True,WQP_live_2023_2025,True,True
5027,2024-09-11,124.4,366.0,60,events__30229822bab3eedbca8e5ae2,2024,IA,Temporate Plains,55,1,1,1,1,2024-07-30,25.38,True,43.0,9,True,True,True,True,True,True,True,True,WQP_live_2023_2025,True,True
5143,2024-09-11,221.3,1494.0,60,events__eef2849117eecb0003fafa5c,2024,IA,Temporate Plains,53,1,1,1,1,2024-07-30,2.322,True,43.0,9,True,True,True,True,True,True,True,True,WQP_live_2023_2025,True,True
5167,2023-09-18,150.9,1118.0,60,events__c5fb593bbfb0a55dfa234f58,2023,IA,Temporate Plains,77,1,1,1,1,2023-08-08,72.7,True,41.0,9,True,True,True,True,True,True,True,True,WQP_live_2023_2025,True,True
5167,2024-09-05,159.4,353.0,60,events__8ef09c0570c9ba72c51c2493,2024,IA,Temporate Plains,80,1,1,1,1,2024-07-24,42.9,True,43.0,9,True,True,True,True,True,True,True,True,WQP_live_2023_2025,True,True
5183,2023-06-27,111.1,1044.0,60,events__e846f74198aa531005dca295,2023,IA,Temporate Plains,50,0,0,0,0,2020-08-17,196.6,False,1044.0,9,True,True,True,False,False,False,False,False,WQP_live_2023_2025,False,False
5183,2024-08-19,332.0,419.0,60,events__be25ac96609e61bb0ced42e0,2024,IA,Temporate Plains,56,1,1,1,1,2024-07-17,15.61,True,33.0,9,True,True,True,True,True,True,True,True,WQP_live_2023_2025,True,True
5233,2023-07-19,127.2,1036.0,60,events__6c5aff15871fa12b2dc88503,2023,IA,Temporate Plains,61,1,1,1,1,2023-05-31,34.7,True,49.0,9,True,True,True,True,True,True,True,True,WQP_live_2023_2025,True,True
5233,2024-05-01,76.6,247.0,60,events__e125911a29a9cbf92ed11820,2024,IA,Temporate Plains,63,0,0,0,0,2023-08-28,164.2,False,247.0,9,True,True,True,False,False,False,False,False,WQP_live_2023_2025,False,False
5233,2024-08-20,128.4,69.0,60,events__4ce083248833afd30eda3764,2024,IA,Temporate Plains,66,1,1,1,1,2024-07-16,23.73,True,35.0,1,True,True,False,True,True,True,True,True,WQP_live_2023_2025,True,True
5241,2023-07-11,88.4,1141.0,60,events__24e68e44732dca3b3e7b5818,2023,IA,Temporate Plains,75,1,1,1,1,2023-05-23,12.57,True,49.0,9,True,True,True,True,True,True,True,True,WQP_live_2023_2025,True,True
5241,2024-09-04,157.0,379.0,60,events__de9e4b4fae3ec15c8265957d,2024,IA,Temporate Plains,79,1,1,1,1,2024-07-23,4.16,True,43.0,9,True,True,True,True,True,True,True,True,WQP_live_2023_2025,True,True
5246,2024-10-01,83.2,5928.0,60,events__27253660a4ef27761b970823,2024,IA,Temporate Plains,52,1,1,1,1,2024-08-12,47.7,True,50.0,9,True,True,True,True,True,True,True,True,WQP_live_2023_2025,True,True
5256,2024-09-09,147.6,4072.0,60,events__317119327ba748f45269cda3,2024,IA,Temporate Plains,49,1,1,1,1,2024-07-30,20.68,True,41.0,9,True,True,True,True,True,True,True,True,WQP_live_2023_2025,True,True
5336,2023-08-08,122.1,1430.0,60,events__04d5c4606fb658565510eb03,2023,IA,Temporate Plains,54,1,1,1,1,2023-06-20,29.85,True,49.0,9,True,True,True,True,True,True,True,True,WQP_live_2023_2025,True,True
5336,2024-08-13,345.0,329.0,60,events__a03f5efa8f17fef2a3fbb72e,2024,IA,Temporate Plains,57,1,1,1,1,2024-06-25,39.7,True,49.0,9,True,True,True,True,True,True,True,True,WQP_live_2023_2025,True,True
5383,2024-07-10,134.9,1435.0,60,events__5dfb17c7c765ad69fef8a606,2024,IA,Temporate Plains,57,1,1,1,1,2024-05-22,4.44,True,49.0,9,True,True,True,True,True,True,True,True,WQP_live_2023_2025,True,True
5396,2024-06-19,149.7,2879.0,60,events__e887dbe8242dea023d913872,2024,IA,Temporate Plains,54,0,0,0,0,2023-09-05,15.34,True,288.0,9,True,True,True,False,False,False,False,True,WQP_live_2023_2025,False,False
5396,2024-09-15,150.5,88.0,60,events__7d73a83d72eacb55f4bfe444,2024,IA,Temporate Plains,56,1,1,1,1,2024-08-07,44.8,True,39.0,3,True,True,False,True,True,True,True,True,WQP_live_2023_2025,True,True
5407,2023-08-29,134.0,1110.0,60,events__4f0be8c07177c6fe80cd35e7,2023,VT,Northern Appalachians,336,8,8,4,4,2023-08-20,14.805,True,9.0,9,True,True,True,True,True,True,True,True,WQP_live_2023_2025,True,True
5414,2024-09-22,110.9,2239.0,60,events__f87e42fba0b2668e6115e327,2024,IA,Upper Midwest,48,1,1,1,1,2024-08-19,66.3,True,34.0,8,True,True,True,True,True,True,True,True,WQP_live_2023_2025,True,True
5487,2023-06-12,82.7,1758.0,60,events__84cbdca6c067246c81c1a3dc,2023,IA,Temporate Plains,20,0,0,0,0,2019-08-28,7.68,True,1384.0,9,True,True,True,False,False,False,False,True,WQP_live_2023_2025,False,False
5487,2024-06-17,197.8,288.0,60,events__95c3a3a695faa0d964349801,2024,IA,Temporate Plains,23,0,0,0,0,2023-09-03,94.5,False,288.0,9,True,True,True,False,False,False,False,False,WQP_live_2023_2025,False,False
5487,2024-09-16,113.7,91.0,60,events__c4441720d89dc3db4497f4cf,2024,IA,Temporate Plains,25,1,1,1,1,2024-08-05,46.3,True,42.0,5,True,True,False,True,True,True,True,True,WQP_live_2023_2025,True,True
5496,2023-08-08,102.9,1049.0,60,events__e9ff9db2bfa1ade36b5cb5b5,2023,IA,Temporate Plains,68,1,1,1,1,2023-06-20,4.01,True,49.0,9,True,True,True,True,True,True,True,True,WQP_live_2023_2025,True,True
5496,2024-08-13,77.2,371.0,60,events__b3c3e265cc86b230134c5362,2024,IA,Temporate Plains,71,1,1,1,1,2024-06-25,6.55,True,49.0,9,True,True,True,True,True,True,True,True,WQP_live_2023_2025,True,True
5500,2023-08-07,82.0,4011.0,60,events__198d3e8545db14e732b75255,2023,IA,Temporate Plains,51,1,1,1,1,2023-06-20,37.2,True,48.0,9,True,True,True,True,True,True,True,True,WQP_live_2023_2025,True,True
5500,2024-08-12,86.5,371.0,60,events__80edff812df042a98db1ab4f,2024,IA,Temporate Plains,54,1,1,1,1,2024-06-24,33.8,True,49.0,9,True,True,True,True,True,True,True,True,WQP_live_2023_2025,True,True
5550,2023-08-07,138.6,2521.0,60,events__bc93adfef205be8f27dea53d,2023,IA,Temporate Plains,60,1,1,1,1,2023-06-19,31.12,True,49.0,9,True,True,True,True,True,True,True,True,WQP_live_2023_2025,True,True
5550,2024-08-12,159.0,327.0,60,events__c4ef9d323af6f915d1c8f995,2024,IA,Temporate Plains,63,1,1,1,1,2024-06-24,6.8,True,49.0,9,True,True,True,True,True,True,True,True,WQP_live_2023_2025,True,True
5581,2025-07-15,108.135,6552.0,60,events__1f3ba5c0b7f80bc99be7456a,2025,IA,Temporate Plains,3,2,2,1,1,2025-06-17,24.03,True,28.0,9,True,True,True,True,True,True,True,True,WQP_live_2023_2025,True,True
6209,2024-09-14,119.15,,60,events__46de82e7dbeff6513ea40aef,2024,MO,Temporate Plains,14,3,3,2,2,2024-08-26,13.15,True,19.0,8,True,True,True,True,True,True,True,True,WQP_live_2023_2025,True,True
6462,2022-05-18,242.0,2786.0,60,events__a43538e8964c9f447fa6929a,2022,IL,Temporate Plains,27,0,0,0,0,2019-10-08,2.03,True,953.0,9,True,True,True,False,False,False,False,True,USGS_release_2021_2022,False,False
6462,2022-08-02,84.7,76.0,60,events__b08b50d743b4049ed970dc55,2022,IL,Temporate Plains,29,1,1,1,1,2022-06-22,66.5,True,41.0,2,True,True,False,True,True,True,True,True,USGS_release_2021_2022,True,True
6970,2021-07-15,82.2,,60,events__1d3420c8735253821626e7e4,2021,IL,Temporate Plains,15,1,1,0,0,2021-06-29,51.2,True,16.0,9,True,True,True,True,True,False,False,True,USGS_release_2021_2022,True,True
6971,2022-07-21,81.3,3627.0,60,events__284a232b6e93c89e6bafcfa8,2022,IL,Temporate Plains,8,2,2,1,1,2022-06-21,45.2,True,30.0,9,True,True,True,True,True,True,True,True,USGS_release_2021_2022,True,True
6981,2022-06-16,143.0,1689.0,60,events__e49d7cfde522d8731de50c87,2022,IL,Temporate Plains,26,1,1,1,1,2022-05-12,55.2,True,35.0,9,True,True,True,True,True,True,True,True,USGS_release_2021_2022,True,True
6982,2021-08-25,87.6,3236.0,60,events__447a9d211b5a9297d6884918,2021,IL,Temporate Plains,43,2,2,2,2,2021-07-22,43.6,True,34.0,9,True,True,True,True,True,True,True,True,USGS_release_2021_2022,True,True
6983,2022-07-14,124.0,3621.0,60,events__c5d9e27ca51593ec452bca50,2022,IL,Temporate Plains,10,2,2,1,1,2022-06-23,70.9,True,21.0,9,True,True,True,True,True,True,True,True,USGS_release_2021_2022,True,True
6999,2022-07-12,222.0,2185.0,60,events__f2774b70a9164437b45ce329,2022,IL,Temporate Plains,32,2,2,1,1,2022-07-05,46.45,True,7.0,9,True,True,True,True,True,True,True,True,USGS_release_2021_2022,True,True
7001,2021-05-06,110.0,1303.0,60,events__51d433d2377d0a9f30c19585,2021,IL,Temporate Plains,11,0,0,0,0,2017-10-11,92.5,False,1303.0,9,True,True,True,False,False,False,False,False,USGS_release_2021_2022,False,False
7002,2022-06-13,81.5,1778.0,60,events__861760eed13277e197c42098,2022,IL,Temporate Plains,15,1,1,0,0,2022-05-24,55.9,True,20.0,9,True,True,True,True,True,False,False,True,USGS_release_2021_2022,True,True
7010,2022-07-12,81.3,3984.0,60,events__596ea45c06d02cab76a1989d,2022,IL,Temporate Plains,12,2,2,1,1,2022-06-14,31.3,True,28.0,9,True,True,True,True,True,True,True,True,USGS_release_2021_2022,True,True
7045,2022-06-14,81.5,656.0,60,events__40e8db75d8208e6428ef42a7,2022,IL,Temporate Plains,15,1,1,1,1,2022-05-09,71.05,True,36.0,9,True,True,True,True,True,True,True,True,USGS_release_2021_2022,True,True
7049,2022-07-21,99.6,694.0,60,events__fc39bc2e3f795fc3bab38459,2022,IL,Temporate Plains,17,1,1,1,1,2022-06-08,63.7,True,43.0,9,True,True,True,True,True,True,True,True,USGS_release_2021_2022,True,True
7050,2021-07-01,75.4,2866.0,60,events__1f0fcf6521615fc1d92d79ca,2021,IL,Temporate Plains,21,1,1,0,0,2021-06-03,49.6,True,28.0,9,True,True,True,True,True,False,False,True,USGS_release_2021_2022,True,True
7442,2021-06-17,99.3,3544.0,60,events__8e34bda8ae29663e954fc091,2021,IL,Temporate Plains,11,1,1,1,1,2021-04-25,42.1,True,53.0,9,True,True,True,True,True,True,True,True,USGS_release_2021_2022,True,True
7442,2021-08-17,103.0,61.0,60,events__a885c4c3ab540c5d959329fb,2021,IL,Temporate Plains,12,0,0,0,0,2021-06-17,99.3,False,61.0,0,False,False,False,False,False,False,False,False,USGS_release_2021_2022,False,False
8809,2024-08-14,160.0,1786.0,60,events__74331016f7bfcbd313bd1145,2024,MN,Upper Midwest,56,2,2,1,1,2024-07-16,68.0,True,29.0,9,True,True,True,True,True,True,True,True,WQP_live_2023_2025,True,True
10769,2023-06-20,82.2,3190.0,60,events__d1f90ad10eabbbae90364de6,2023,MN,Upper Midwest,98,3,3,1,1,2023-06-06,54.0,True,14.0,9,True,True,True,True,True,True,True,True,WQP_live_2023_2025,True,True
10769,2024-06-03,80.6,279.0,60,events__50daa036743037e378a7c52e,2024,MN,Upper Midwest,109,2,2,0,0,2024-05-20,29.9,True,14.0,9,True,True,True,True,True,False,False,True,WQP_live_2023_2025,True,True
10769,2025-04-08,75.8,167.0,60,events__17260efbdb5c41db310a5d74,2025,MN,Upper Midwest,119,0,0,0,0,2024-10-23,88.1,False,167.0,9,True,True,True,False,False,False,False,False,WQP_live_2023_2025,False,False
10769,2025-07-07,88.1,90.0,60,events__7301c1819bb62904b8d76ad7,2025,MN,Upper Midwest,124,4,4,2,2,2025-06-24,44.4,True,13.0,5,True,True,False,True,True,True,True,True,WQP_live_2023_2025,True,True
14775,2024-07-27,190.0,,60,events__846863a35412948322374f1c,2024,MN,Upper Midwest,10,3,3,1,1,2024-07-15,45.0,True,12.0,8,True,True,True,True,True,True,True,True,WQP_live_2023_2025,True,True
14815,2025-06-24,78.1,,60,events__968c7ed0e8fd79c8a03452bf,2025,MN,Upper Midwest,31,3,3,2,2,2025-06-11,16.8,True,13.0,9,True,True,True,True,True,True,True,True,WQP_live_2023_2025,True,True
19981,2023-04-25,78.2,,60,events__e8cb7b2a2ae9ee7919be9f65,2023,MN,Upper Midwest,0,0,0,0,0,,,False,,9,True,True,True,False,False,False,False,False,WQP_live_2023_2025,False,False
19981,2024-04-23,7622.0,364.0,60,events__b2a357bb7e6fd81c59f861b9,2024,MN,Upper Midwest,13,0,0,0,0,2023-10-10,2.4,True,196.0,9,True,True,True,False,False,False,False,True,WQP_live_2023_2025,False,False
21113,2023-08-25,108.14,,60,events__12d09359dcddc6825a5bb744,2023,MN,Temporate Plains,3,2,2,2,2,2023-07-24,43.788,True,32.0,8,True,True,True,True,True,True,True,True,WQP_live_2023_2025,True,True
21113,2024-08-20,93.45,335.0,60,events__8700a5da480c9b7a3ad14506,2024,MN,Temporate Plains,7,1,1,1,1,2024-07-18,21.36,True,33.0,9,True,True,True,True,True,True,True,True,WQP_live_2023_2025,True,True
21775,2023-10-10,139.8,,60,events__bca444edda08e059b01cad10,2023,MN,Upper Midwest,40,1,1,1,1,2023-08-16,28.7,True,55.0,9,True,True,True,True,True,True,True,True,WQP_live_2023_2025,True,True
23286,2024-04-23,41339.0,6037.0,60,events__00b332d6d7c5952d7aae725f,2024,MN,Upper Midwest,107,0,0,0,0,2023-10-10,27.967,True,196.0,9,True,True,True,False,False,False,False,True,WQP_live_2023_2025,False,False
25348,2024-08-02,88.0,4710.0,60,events__397f875b366040be21cb3d0b,2024,MN,Upper Midwest,57,4,4,2,2,2024-07-14,35.0,True,19.0,8,True,True,True,True,True,True,True,True,WQP_live_2023_2025,True,True
26427,2023-09-20,139.0,,60,events__931c5c0e61caad90f156c519,2023,MN,Temporate Plains,4,2,2,1,1,2023-08-21,61.4,True,30.0,9,True,True,True,True,True,True,True,True,WQP_live_2023_2025,True,True
27482,2024-09-16,190.0,,60,events__84d02f7dab7b6ef02864f3df,2024,MN,Upper Midwest,9,2,2,1,1,2024-08-19,44.1,True,28.0,9,True,True,True,True,True,True,True,True,WQP_live_2023_2025,True,True
27757,2023-08-08,118.6,1113.0,60,events__4d1e38596690dcd7fe70c6c3,2023,IA,Temporate Plains,31,1,1,1,1,2023-06-21,40.9,True,48.0,9,True,True,True,True,True,True,True,True,WQP_live_2023_2025,True,True
27757,2024-08-13,150.6,371.0,60,events__3f5021de5c162be77d4b3d5e,2024,IA,Temporate Plains,34,1,1,1,1,2024-06-25,42.9,True,49.0,9,True,True,True,True,True,True,True,True,WQP_live_2023_2025,True,True
28440,2024-10-22,86.0,,60,events__515b5444b06e592dd5be56c2,2024,MN,Upper Midwest,51,3,3,2,2,2024-10-02,38.0,True,20.0,9,True,True,True,True,True,True,True,True,WQP_live_2023_2025,True,True
28465,2024-07-09,87.0,1823.0,60,events__7f69d18f81b0b7638fc12f65,2024,MN,Upper Midwest,86,7,7,4,4,2024-07-02,33.7,True,7.0,9,True,True,True,True,True,True,True,True,WQP_live_2023_2025,True,True
28465,2025-08-05,88.5,392.0,60,events__54992591efd37cdba026cc89,2025,MN,Upper Midwest,105,4,4,2,2,2025-07-21,56.7,True,15.0,9,True,True,True,True,True,True,True,True,WQP_live_2023_2025,True,True
31567,2024-08-06,55789.5,,60,events__0c8c2a066c55bde5dfe5c3ac,2024,MN,Upper Midwest,26,0,0,0,0,2011-09-11,3.1,True,4713.0,9,True,True,True,False,False,False,False,True,WQP_live_2023_2025,False,False
32704,2024-08-14,91.0,1842.0,60,events__398804b9538cc753ea63c13f,2024,MN,Upper Midwest,45,2,2,1,1,2024-07-16,35.0,True,29.0,9,True,True,True,True,True,True,True,True,WQP_live_2023_2025,True,True
33602,2024-04-22,6846.0,,60,events__131375ccaa48aa3a52834f20,2024,MN,Upper Midwest,13,0,0,0,0,2023-10-09,33.739,True,196.0,9,True,True,True,False,False,False,False,True,WQP_live_2023_2025,False,False
34613,2023-09-18,82.1,,60,events__b82f403d91fbc6eca1d66527,2023,MN,Upper Midwest,1,1,1,0,0,2023-08-21,32.0,True,28.0,9,True,True,True,True,True,False,False,True,WQP_live_2023_2025,True,True
36810,2023-08-01,159.8,6521.0,60,events__a7aec46f981b018f706ca091,2023,MN,Upper Midwest,20,4,4,2,2,2023-07-18,6.6,True,14.0,9,True,True,True,True,True,True,True,True,WQP_live_2023_2025,True,True
36810,2024-05-14,26342.0,217.0,60,events__2fd1dd0e5b2ee6c53d844d1a,2024,MN,Upper Midwest,26,0,0,0,0,2023-10-10,100.67,False,217.0,9,True,True,True,False,False,False,False,False,WQP_live_2023_2025,False,False
36810,2025-07-30,87.425,309.0,60,events__fc4b584c017e99d9fea50d2b,2025,MN,Upper Midwest,41,4,4,1,1,2025-07-21,35.45,True,9.0,9,True,True,True,True,True,True,True,True,WQP_live_2023_2025,True,True
38846,2024-04-01,13657.0,,60,events__c15a2ba9715e53708cb86bd3,2024,MN,Upper Midwest,100,0,0,0,0,2023-10-09,22.436,True,175.0,9,True,True,True,False,False,False,False,True,WQP_live_2023_2025,False,False
40075,2024-10-06,130.0,3690.0,60,events__752a27fd353e5e8c44457468,2024,MN,Temporate Plains,129,2,2,1,1,2024-09-08,18.0,True,28.0,8,True,True,True,True,True,True,True,True,WQP_live_2023_2025,True,True
41048,2023-06-22,400.0,,60,events__b897b0d5cbe04d6d843eb92d,2023,MN,Upper Midwest,1,1,1,0,0,2023-05-24,22.2,True,29.0,9,True,True,True,True,True,False,False,True,WQP_live_2023_2025,True,True
41048,2024-07-24,92.6,301.0,60,events__2332240dd1a7dfe0aa24c8cd,2024,MN,Upper Midwest,7,1,1,1,1,2024-06-13,64.1,True,41.0,9,True,True,True,True,True,True,True,True,WQP_live_2023_2025,True,True
41048,2025-06-16,97.5,266.0,60,events__ab5179996c5578a0ad660262,2025,MN,Upper Midwest,11,1,1,1,1,2025-05-14,12.0,True,33.0,9,True,True,True,True,True,True,True,True,WQP_live_2023_2025,True,True
42225,2025-09-04,172.0,,60,events__362504f1dcb6edc515cef94b,2025,MN,Upper Midwest,151,4,4,3,3,2025-08-20,3.4,True,15.0,9,True,True,True,True,True,True,True,True,WQP_live_2023_2025,True,True
43237,2024-08-06,177.0,,60,events__0718ecc272b1af99957064a1,2024,MN,Upper Midwest,48,3,3,1,1,2024-07-22,5.3,True,15.0,9,True,True,True,True,True,True,True,True,WQP_live_2023_2025,True,True
47232,2024-06-24,6339.0,,60,events__82a114abac198a6902a00f8c,2024,MN,Upper Midwest,33,0,0,0,0,2023-10-03,9.831,True,265.0,9,True,True,True,False,False,False,False,True,WQP_live_2023_2025,False,False
47359,2024-06-30,150.0,1743.0,60,events__d60cf43b7353978b15b3f4a6,2024,MN,Upper Midwest,142,4,4,3,3,2024-06-13,72.0,True,17.0,8,True,True,True,True,True,True,True,True,WQP_live_2023_2025,True,True
50464,2023-07-12,115.0,2904.0,60,events__d53250d1a180b90862f485c3,2023,MN,Upper Midwest,3,2,2,1,1,2023-06-15,60.1,True,27.0,9,True,True,True,True,True,True,True,True,WQP_live_2023_2025,True,True
50464,2024-07-30,109.0,316.0,60,events__8e3b8c60d965e7dd61a1129d,2024,MN,Upper Midwest,7,0,0,0,0,2024-05-22,53.4,True,69.0,9,True,True,True,False,False,False,False,True,WQP_live_2023_2025,False,True
50464,2025-05-19,123.0,266.0,60,events__70d92bde035e38fbae7f93af,2025,MN,Upper Midwest,9,0,0,0,0,2024-08-26,115.0,False,266.0,9,True,True,True,False,False,False,False,False,WQP_live_2023_2025,False,False
50483,2021-06-30,128.0,,60,events__6e3899bd0c80a5758d0c1cb1,2021,MN,Upper Midwest,0,0,0,0,0,,,False,,9,True,True,True,False,False,False,False,False,USGS_release_2021_2022,False,False
51019,2023-04-18,115.0,2392.0,60,events__1fa06b3f8fc1d8879c9f7692,2023,DE,Coastal Plains,204,2,2,2,2,2023-03-14,6.62,True,35.0,9,True,True,True,True,True,True,True,True,WQP_live_2023_2025,True,True
51019,2023-08-09,90.8,113.0,60,events__d4000afcf7f6d3264ff6165e,2023,DE,Coastal Plains,209,2,2,1,1,2023-07-20,72.3,True,20.0,8,True,True,True,True,True,True,True,True,WQP_live_2023_2025,True,True
51019,2023-11-15,100.0,98.0,60,events__779f54c329738cef76f89795,2023,DE,Coastal Plains,212,2,2,2,2,2023-10-10,9.83,True,36.0,5,True,True,True,True,True,True,True,True,WQP_live_2023_2025,True,True
51019,2024-12-05,88.3,386.0,60,events__ff3c8576632c78b5735b52b5,2024,DE,Coastal Plains,226,2,2,1,1,2024-11-12,17.7,True,23.0,9,True,True,True,True,True,True,True,True,WQP_live_2023_2025,True,True
52808,2023-06-27,133.2375,,60,events__c812fd112463cf9d6ed8407c,2023,MO,Southern Appalachians,1,1,1,0,0,2023-06-06,44.435,True,21.0,9,True,True,True,True,True,False,False,True,WQP_live_2023_2025,True,True
52808,2024-06-25,136.8237,314.0,60,events__ba10a8707931ba87df7a001d,2024,MO,Southern Appalachians,6,1,1,0,0,2024-06-06,57.6637,True,19.0,9,True,True,True,True,True,False,False,True,WQP_live_2023_2025,True,True
54178,2021-08-03,78.0,245.0,60,events__55801233ee3582a44758bb28,2021,DE,Coastal Plains,136,1,1,0,0,2021-07-07,11.7,True,27.0,9,True,True,True,True,True,False,False,True,USGS_release_2021_2022,True,True
54178,2022-09-06,81.25,399.0,60,events__c3ddaf056f1349e3c98255e5,2022,DE,Coastal Plains,148,1,1,1,1,2022-08-03,66.3,True,34.0,9,True,True,True,True,True,True,True,True,USGS_release_2021_2022,True,True
54178,2023-09-06,79.1,365.0,60,events__04665f5fc6e3009bb3e8d8ee,2023,DE,Coastal Plains,159,1,1,1,1,2023-07-11,43.3,True,57.0,9,True,True,True,True,True,True,True,True,WQP_live_2023_2025,True,True
55528,2023-09-26,185.4,,60,events__9d1c8ad41a0a956c9a5e6693,2023,MN,Upper Midwest,11,5,5,3,3,2023-09-14,28.25,True,12.0,9,True,True,True,True,True,True,True,True,WQP_live_2023_2025,True,True
55528,2024-07-02,81.6,280.0,60,events__8111a2e85148d70c2e3cbf15,2024,MN,Upper Midwest,16,4,4,2,2,2024-06-27,46.4,True,5.0,9,True,True,True,True,True,True,True,True,WQP_live_2023_2025,True,True
55528,2025-07-22,192.0,385.0,60,events__56889412321da0dce2807127,2025,MN,Upper Midwest,25,3,3,2,2,2025-07-01,9.9,True,21.0,9,True,True,True,True,True,True,True,True,WQP_live_2023_2025,True,True
57638,2024-07-16,8713.0,,60,events__18228793c459498226be341f,2024,MN,Upper Midwest,0,0,0,0,0,,,False,,9,True,True,True,False,False,False,False,False,WQP_live_2023_2025,False,False
57638,2024-10-01,7476.0,77.0,60,events__33d8db1c0f30d42481ffaafa,2024,MN,Upper Midwest,1,0,0,0,0,2024-07-16,8713.0,False,77.0,3,True,True,False,False,False,False,False,False,WQP_live_2023_2025,False,False
57641,2023-07-16,102.0,,60,events__d1681813d02e3a47a48fed6b,2023,MN,Upper Midwest,1,1,1,1,1,2023-06-11,67.3,True,35.0,8,True,True,True,True,True,True,True,True,WQP_live_2023_2025,True,True
57641,2024-06-25,148.0,310.0,60,events__b4dd1c40bf0ca5cbff320f23,2024,MN,Upper Midwest,4,0,0,0,0,2023-09-18,74.8,True,281.0,9,True,True,True,False,False,False,False,True,WQP_live_2023_2025,False,False
57641,2025-07-21,75.6,308.0,60,events__2ee567ba391d1d0d9bba237f,2025,MN,Upper Midwest,9,1,1,1,1,2025-06-16,19.0,True,35.0,9,True,True,True,True,True,True,True,True,WQP_live_2023_2025,True,True
57681,2023-06-27,121.0,5047.0,60,events__ea6bf371645abee6271279fe,2023,MN,Upper Midwest,12,3,3,2,2,2023-06-06,44.3,True,21.0,9,True,True,True,True,True,True,True,True,WQP_live_2023_2025,True,True
57681,2024-05-22,83.7,246.0,60,events__3ed6f6cd11b755e941faea7e,2024,MN,Upper Midwest,20,1,1,0,0,2024-05-08,67.6,True,14.0,9,True,True,True,True,True,False,False,True,WQP_live_2023_2025,True,True
57681,2025-08-06,98.8,315.0,60,events__c82ed348ebe9fe506f837635,2025,MN,Upper Midwest,35,3,3,1,1,2025-07-23,32.8,True,14.0,9,True,True,True,True,True,True,True,True,WQP_live_2023_2025,True,True
57709,2023-06-06,81.9,3149.0,60,events__7d0daeb446fcf435024e94e8,2023,MN,Upper Midwest,96,2,2,0,0,2023-05-22,18.7,True,15.0,9,True,True,True,True,True,False,False,True,WQP_live_2023_2025,True,True
57709,2024-07-23,85.4,287.0,60,events__c9de73bffe525804d6e400fb,2024,MN,Upper Midwest,112,3,3,1,1,2024-07-09,32.8,True,14.0,9,True,True,True,True,True,True,True,True,WQP_live_2023_2025,True,True
57709,2025-04-08,89.0,167.0,60,events__08c44951b50c9780ec40c0be,2025,MN,Upper Midwest,120,0,0,0,0,2024-10-23,109.0,False,167.0,9,True,True,True,False,False,False,False,False,WQP_live_2023_2025,False,False
57709,2025-06-24,88.6,77.0,60,events__80e41a105860c7c730229653,2025,MN,Upper Midwest,124,3,3,1,1,2025-06-10,57.0,True,14.0,3,True,True,False,True,True,True,True,True,WQP_live_2023_2025,True,True
58719,2024-08-18,90.8,,60,events__e51829409965e6ce454ca066,2024,MN,Upper Midwest,9,1,1,0,0,2024-07-21,4.0,True,28.0,8,True,True,True,True,True,False,False,True,WQP_live_2023_2025,True,True
58758,2024-06-11,90.0,1793.0,60,events__a7ce2a87700b3d008b79e6ee,2024,MN,Upper Midwest,74,2,2,1,1,2024-05-14,12.0,True,28.0,9,True,True,True,True,True,True,True,True,WQP_live_2023_2025,True,True
58758,2024-10-01,110.0,84.0,60,events__de9827045ee9a26b27d2d823,2024,MN,Upper Midwest,78,2,2,1,1,2024-09-03,37.0,True,28.0,4,True,True,False,True,True,True,True,True,WQP_live_2023_2025,True,True
58773,2024-10-14,110.0,1911.0,60,events__eb363d82479df23ff81caf17,2024,MN,Upper Midwest,85,2,2,1,1,2024-09-23,42.0,True,21.0,9,True,True,True,True,True,True,True,True,WQP_live_2023_2025,True,True
59714,2025-05-20,168.0,,60,events__9f7e25c8fc02e1b87d2eaabe,2025,MN,Upper Midwest,0,0,0,0,0,,,False,,9,True,True,True,False,False,False,False,False,WQP_live_2023_2025,False,False
59748,2024-07-24,132.0,5468.0,60,events__e46a55f1a4530ee62c8f8571,2024,MN,Upper Midwest,26,3,3,1,1,2024-07-10,6.3,True,14.0,9,True,True,True,True,True,True,True,True,WQP_live_2023_2025,True,True
60687,2021-05-05,96.4,,60,events__c953566f4e921a3b77c7d02b,2021,MN,Upper Midwest,0,0,0,0,0,,,False,,9,True,True,True,False,False,False,False,False,USGS_release_2021_2022,False,False
60740,2021-07-26,81.7,357.0,60,events__0569d2d0249ca654e6e147c1,2021,MN,Upper Midwest,28,3,3,2,2,2021-07-12,41.5,True,14.0,9,True,True,True,True,True,True,True,True,USGS_release_2021_2022,True,True
60740,2025-08-19,99.9,1485.0,60,events__c6b7a78850d6150be3310522,2025,MN,Upper Midwest,63,4,4,2,2,2025-08-04,48.4,True,15.0,9,True,True,True,True,True,True,True,True,WQP_live_2023_2025,True,True
60742,2023-07-06,97.5,3189.0,60,events__b8d202a294c30bd552dd3bd2,2023,MN,Upper Midwest,128,4,4,3,3,2023-06-13,58.1,True,23.0,9,True,True,True,True,True,True,True,True,WQP_live_2023_2025,True,True
60742,2024-05-30,105.0,232.0,60,events__3d700e4fc2da47a4ea0aab30,2024,MN,Upper Midwest,136,2,2,0,0,2024-05-14,64.1,True,16.0,9,True,True,True,True,True,False,False,True,WQP_live_2023_2025,True,True
60742,2024-09-05,155.0,65.0,60,events__9a8943c175b30fde515bc9e6,2024,MN,Upper Midwest,140,2,2,1,1,2024-08-21,58.7,True,15.0,1,True,True,False,True,True,True,True,True,WQP_live_2023_2025,True,True
60742,2025-05-22,90.8,259.0,60,events__609b32f1023c50cf7b2a6eb2,2025,MN,Upper Midwest,144,1,1,0,0,2025-05-08,44.5,True,14.0,9,True,True,True,True,True,False,False,True,WQP_live_2023_2025,True,True
61342,2023-08-02,110.0,2493.0,60,events__f022e3108a7905cb3892ea4c,2023,DE,Coastal Plains,157,1,1,1,1,2023-06-15,6.37,True,48.0,9,True,True,True,True,True,True,True,True,WQP_live_2023_2025,True,True
66005,2023-07-18,125.0,6159.0,60,events__e17bd62d073da905778993e1,2023,MN,Upper Midwest,22,4,4,2,2,2023-07-05,41.5,True,13.0,9,True,True,True,True,True,True,True,True,WQP_live_2023_2025,True,True
71421,2024-08-13,105.5,2176.0,60,events__1817c023e6eb3d2171bc05a9,2024,IA,Temporate Plains,33,1,1,1,1,2024-06-25,2.686,True,49.0,9,True,True,True,True,True,True,True,True,WQP_live_2023_2025,True,True
72123,2021-06-27,85.3,,60,events__b0a0e91d6f7cbbcaf5863bcf,2021,MN,Upper Midwest,0,0,0,0,0,,,False,,8,True,True,True,False,False,False,False,False,USGS_release_2021_2022,False,False
72460,2023-07-11,163.0,2561.0,60,events__3f236445d37be45ba251fd95,2023,MO,Temporate Plains,29,3,3,2,2,2023-06-27,29.25,True,14.0,9,True,True,True,True,True,True,True,True,WQP_live_2023_2025,True,True
73041,2021-07-26,97.5,314.0,60,events__c2f4982f6cbda5c54f74c4a9,2021,MN,Upper Midwest,12,3,3,2,2,2021-07-12,52.9,True,14.0,9,True,True,True,True,True,True,True,True,USGS_release_2021_2022,True,True
75223,2025-07-24,136.17,7258.0,60,events__7c8edf3df9767e736ffea38a,2025,MN,Upper Midwest,18,4,4,2,2,2025-07-08,50.73,True,16.0,9,True,True,True,True,True,True,True,True,WQP_live_2023_2025,True,True
75275,2024-09-16,79.0,4029.0,60,events__580351b5a642ccb379f367f1,2024,MN,Upper Midwest,147,4,4,2,2,2024-09-05,46.0,True,11.0,9,True,True,True,True,True,True,True,True,WQP_live_2023_2025,True,True
75277,2024-06-17,87.0,,60,events__0b217a8d4feae936e7682a36,2024,MN,Upper Midwest,42,2,2,1,1,2024-05-22,5.3,True,26.0,9,True,True,True,True,True,True,True,True,WQP_live_2023_2025,True,True
78404,2023-07-31,119.0,3231.0,60,events__13fb155a0abbf59ecc060a24,2023,MN,Upper Midwest,100,4,4,2,2,2023-07-18,57.1,True,13.0,9,True,True,True,True,True,True,True,True,WQP_live_2023_2025,True,True
78404,2024-07-23,87.2,329.0,60,events__e552630e39afe15578b8c5bd,2024,MN,Upper Midwest,111,3,3,1,1,2024-07-09,44.8,True,14.0,9,True,True,True,True,True,True,True,True,WQP_live_2023_2025,True,True
78404,2025-08-19,120.0,337.0,60,events__4a2b565d9bcf56f849378453,2025,MN,Upper Midwest,127,4,4,2,2,2025-08-04,62.9,True,15.0,9,True,True,True,True,True,True,True,True,WQP_live_2023_2025,True,True
78434,2024-07-19,110.0,1794.0,60,events__8e668e3588f509a43bba8c35,2024,MN,Upper Midwest,116,4,4,2,2,2024-07-10,2.1,True,9.0,8,True,True,True,True,True,True,True,True,WQP_live_2023_2025,True,True
78434,2025-08-12,110.0,333.0,60,events__c81d1045f118ef86d36e312a,2025,MN,Upper Midwest,127,2,2,2,2,2025-07-10,33.5,True,33.0,9,True,True,True,True,True,True,True,True,WQP_live_2023_2025,True,True
78447,2024-05-15,86.0,1773.0,60,events__a5af2d71fe65bb09ce47893d,2024,MN,Upper Midwest,121,1,1,0,0,2024-04-25,31.0,True,20.0,9,True,True,True,True,True,False,False,True,WQP_live_2023_2025,True,True
80525,2025-07-23,120.15,,60,events__daa880adbb2337538f2005f8,2025,MN,Temporate Plains,1,1,1,1,1,2025-06-18,74.1,True,35.0,9,True,True,True,True,True,True,True,True,WQP_live_2023_2025,True,True
80553,2023-08-02,84.6,3245.0,60,events__7430f068d1e45768c383d497,2023,MN,Upper Midwest,109,4,4,2,2,2023-07-19,56.1,True,14.0,9,True,True,True,True,True,True,True,True,WQP_live_2023_2025,True,True
80553,2024-08-14,93.35,378.0,60,events__04f09178a3a47179351d84bc,2024,MN,Upper Midwest,121,5,5,2,2,2024-07-30,59.0,True,15.0,9,True,True,True,True,True,True,True,True,WQP_live_2023_2025,True,True
80553,2024-10-17,76.2,64.0,60,events__a981fd959a0e15f0253eccd6,2024,MN,Upper Midwest,125,3,3,2,2,2024-09-25,46.25,True,22.0,0,False,False,False,True,True,True,True,True,WQP_live_2023_2025,True,True
80564,2024-06-10,100.0,1792.0,60,events__be0fb5ac598f0dc97a29ff27,2024,MN,Upper Midwest,61,2,2,1,1,2024-05-14,48.0,True,27.0,9,True,True,True,True,True,True,True,True,WQP_live_2023_2025,True,True
82526,2025-07-08,88.11,6488.0,60,events__b5280d394dbbdc1968c55a56,2025,MN,Upper Midwest,43,3,3,1,1,2025-06-27,42.72,True,11.0,9,True,True,True,True,True,True,True,True,WQP_live_2023_2025,True,True
83634,2024-07-24,164.0,,60,events__3a1c3072a66ad83a2e8fe9ce,2024,MN,Upper Midwest,8,1,1,1,1,2024-06-13,31.4,True,41.0,9,True,True,True,True,True,True,True,True,WQP_live_2023_2025,True,True
84662,2024-05-13,83.2,,60,events__711e23d7d1992aa6d94988cb,2024,MN,Upper Midwest,5,0,0,0,0,2023-09-27,3.47,True,229.0,9,True,True,True,False,False,False,False,True,WQP_live_2023_2025,False,False
84662,2025-08-13,123.0,324.0,60,events__3947c6d08d58cac9c5ab86e0,2025,MN,Upper Midwest,14,2,2,2,2,2025-07-09,48.3,True,35.0,9,True,True,True,True,True,True,True,True,WQP_live_2023_2025,True,True
85766,2025-07-20,106.0,,60,events__d52fe477cb6f9e0fb9d70475,2025,MN,Upper Midwest,2,1,1,1,1,2025-06-15,8.0,True,35.0,8,True,True,True,True,True,True,True,True,WQP_live_2023_2025,True,True
85792,2024-09-11,85.0,4752.0,60,events__553894dc897612c954054d15,2024,MN,Upper Midwest,90,2,2,1,1,2024-08-13,22.0,True,29.0,9,True,True,True,True,True,True,True,True,WQP_live_2023_2025,True,True
86016,2023-08-22,90.8,,60,events__1f088118a184b81bac7ae867,2023,MN,Temporate Plains,4,2,2,2,2,2023-07-19,64.1,True,34.0,9,True,True,True,True,True,True,True,True,WQP_live_2023_2025,True,True
86016,2024-06-24,112.0,273.0,60,events__e9ada1c5b7c7795a87cb9607,2024,MN,Temporate Plains,6,0,0,0,0,2023-09-25,123.0,False,273.0,9,True,True,True,False,False,False,False,False,WQP_live_2023_2025,False,False
86016,2025-06-18,80.1,267.0,60,events__4d609dcd0886f3b3df3d5f72,2025,MN,Temporate Plains,12,1,1,0,0,2025-05-19,71.2,True,30.0,9,True,True,True,True,True,False,False,True,WQP_live_2023_2025,True,True
86763,2023-06-26,104.5,3167.0,60,events__8821c5eb07c7b0553da0a9f8,2023,MN,Upper Midwest,37,4,4,2,2,2023-06-13,20.5,True,13.0,9,True,True,True,True,True,True,True,True,WQP_live_2023_2025,True,True
86763,2024-05-21,12426.0,245.0,60,events__b4a22c459fadda2cd40aee3b,2024,MN,Upper Midwest,45,0,0,0,0,2023-10-03,49.267,True,231.0,9,True,True,True,False,False,False,False,True,WQP_live_2023_2025,False,False
88845,2023-06-06,168.0,5054.0,60,events__92f2039ca35b75be4652b3e3,2023,MN,Upper Midwest,12,2,2,1,1,2023-05-23,17.4,True,14.0,9,True,True,True,True,True,True,True,True,WQP_live_2023_2025,True,True
88845,2024-06-05,123.0,260.0,60,events__b2e2f2742b9f681075d1e2f7,2024,MN,Upper Midwest,23,2,2,0,0,2024-05-22,50.7,True,14.0,9,True,True,True,True,True,False,False,True,WQP_live_2023_2025,True,True
88845,2025-06-04,80.1,252.0,60,events__e077a1b74be64a3d85aed1a9,2025,MN,Upper Midwest,33,2,2,0,0,2025-05-21,15.0,True,14.0,9,True,True,True,True,True,False,False,True,WQP_live_2023_2025,True,True
91948,2024-06-30,130.0,3639.0,60,events__3968d1271163b9ac158824f5,2024,MN,Upper Midwest,110,2,2,1,1,2024-06-01,26.0,True,29.0,8,True,True,True,True,True,True,True,True,WQP_live_2023_2025,True,True
93999,2025-09-23,76.2,,60,events__ab0ddfc6abce10a704af2509,2025,MN,Upper Midwest,18,1,1,1,1,2025-08-21,58.4,True,33.0,9,True,True,True,True,True,True,True,True,WQP_live_2023_2025,True,True
94023,2025-08-15,167.0,4002.0,60,events__fe9f75735603fe3ec2f7a63d,2025,MN,Upper Midwest,63,4,4,2,2,2025-07-29,28.8,True,17.0,8,True,True,True,True,True,True,True,True,WQP_live_2023_2025,True,True
96015,2024-04-22,8483.0,,60,events__14e3f61417eeb0d40e02575d,2024,MN,Upper Midwest,13,0,0,0,0,2023-10-09,6.441,True,196.0,9,True,True,True,False,False,False,False,True,WQP_live_2023_2025,False,False
97084,2023-09-06,90.8,5132.0,60,events__621e2a2a923ec3c141c07be2,2023,MN,Upper Midwest,14,5,5,2,2,2023-09-05,48.3,True,1.0,9,True,True,True,True,True,True,True,True,WQP_live_2023_2025,True,True
97084,2024-07-24,178.15,322.0,60,events__0e1507a85d1f71c2ed924937,2024,MN,Upper Midwest,24,4,4,1,1,2024-07-11,38.0,True,13.0,9,True,True,True,True,True,True,True,True,WQP_live_2023_2025,True,True
97084,2025-08-20,141.5,391.0,60,events__567cd5ca9a5588342138e1b6,2025,MN,Upper Midwest,36,4,4,2,2,2025-08-06,44.2,True,14.0,9,True,True,True,True,True,True,True,True,WQP_live_2023_2025,True,True
100219,2024-08-14,120.0,1786.0,60,events__31be433250c871e44fe0736d,2024,MN,Upper Midwest,45,2,2,1,1,2024-07-16,58.0,True,29.0,9,True,True,True,True,True,True,True,True,WQP_live_2023_2025,True,True
102115,2023-09-05,109.0,,60,events__1556e07eb83781026f12baad,2023,MN,Upper Midwest,18,4,4,2,2,2023-08-22,31.0,True,14.0,9,True,True,True,True,True,True,True,True,WQP_live_2023_2025,True,True
103186,2024-08-28,88.0,,60,events__66f28b65abbc8aaaabcc6ea0,2024,MN,Upper Midwest,15,4,4,2,2,2024-08-14,11.9,True,14.0,9,True,True,True,True,True,True,True,True,WQP_live_2023_2025,True,True
108402,2024-08-07,81.0,1856.0,60,events__f992f0138b0d5630f3cc9358,2024,MN,Temporate Plains,111,4,4,2,2,2024-07-25,30.0,True,13.0,9,True,True,True,True,True,True,True,True,WQP_live_2023_2025,True,True
110327,2023-05-08,161.0,,60,events__c895efe7c7d24af3c1ea7221,2023,MN,Upper Midwest,2,1,1,0,0,2023-04-18,26.2,True,20.0,9,True,True,True,True,True,False,False,True,WQP_live_2023_2025,True,True
110327,2023-07-11,99.4,64.0,60,events__12c1d17b5a1a888b44e32700,2023,MN,Upper Midwest,4,1,1,1,1,2023-06-07,62.85,True,34.0,1,True,True,False,True,True,True,True,True,WQP_live_2023_2025,True,True
110327,2023-09-13,229.0,64.0,60,events__ebeb04b826d0ec390b2b4bf4,2023,MN,Upper Midwest,6,1,1,1,1,2023-08-08,52.25,True,36.0,1,True,True,False,True,True,True,True,True,WQP_live_2023_2025,True,True
110327,2025-08-05,101.45,692.0,60,events__a8a6ae14a5c66afb315e4227,2025,MN,Upper Midwest,13,2,2,1,1,2025-07-08,12.9,True,28.0,9,True,True,True,True,True,True,True,True,WQP_live_2023_2025,True,True
111528,2021-06-26,152.0,,60,events__533bc37d1d5d7b9bf430563a,2021,MN,Upper Midwest,0,0,0,0,0,,,False,,8,True,True,True,False,False,False,False,False,USGS_release_2021_2022,False,False
111821,2024-07-08,706.65,,60,events__bf6f86ddfed07807b69b7d3f,2024,NE,Temporate Plains,2,2,2,2,2,2024-06-06,37.708,True,32.0,9,True,True,True,True,True,True,True,True,WQP_live_2023_2025,True,True
112493,2024-08-21,81.4,,60,events__f86d55cdd661bab24d865903,2024,MN,Upper Midwest,16,4,4,2,2,2024-08-06,44.7,True,15.0,9,True,True,True,True,True,True,True,True,WQP_live_2023_2025,True,True
116962,2024-09-03,111.2,4404.0,60,events__40108a5499c8ab558240f738,2024,IA,Temporate Plains,24,1,1,1,1,2024-07-22,33.6,True,43.0,9,True,True,True,True,True,True,True,True,WQP_live_2023_2025,True,True
118775,2024-08-15,78.0,1821.0,60,events__916dcb062b6a852be33d87ea,2024,MN,Upper Midwest,69,7,7,3,3,2024-08-11,65.0,True,4.0,9,True,True,True,True,True,True,True,True,WQP_live_2023_2025,True,True
118786,2024-07-02,110.0,1764.0,60,events__ffd65fe6bfb6dd2fe6a59290,2024,MN,Upper Midwest,63,2,2,1,1,2024-06-04,42.0,True,28.0,9,True,True,True,True,True,True,True,True,WQP_live_2023_2025,True,True
119767,2025-07-15,145.0,4452.0,60,events__8c07807b93ecd4a29e24457a,2025,MN,Upper Midwest,116,1,1,0,0,2025-06-17,41.8,True,28.0,9,True,True,True,True,True,False,False,True,WQP_live_2023_2025,True,True
121869,2024-05-13,9434.0,5431.0,60,events__798f625052112279aa66ffbd,2024,MN,Upper Midwest,30,0,0,0,0,2023-10-09,15.903,True,217.0,9,True,True,True,False,False,False,False,True,WQP_live_2023_2025,False,False
121869,2024-08-06,41817.0,85.0,60,events__e02c509958e71f2307f33b5f,2024,MN,Upper Midwest,31,0,0,0,0,2024-05-13,9434.0,False,85.0,4,True,True,False,False,False,False,False,False,WQP_live_2023_2025,False,False
123972,2023-08-15,108.0,,60,events__6aa1c546bb7cf76e7b62dfa4,2023,MN,Upper Midwest,8,4,4,2,2,2023-07-31,5.6,True,15.0,9,True,True,True,True,True,True,True,True,WQP_live_2023_2025,True,True
123972,2024-06-24,11961.5,314.0,60,events__64082411e036f8d4e79299d5,2024,MN,Upper Midwest,13,0,0,0,0,2023-10-09,17.335,True,259.0,9,True,True,True,False,False,False,False,True,WQP_live_2023_2025,False,False
124012,2023-08-15,98.8,,60,events__ad270c804aecb6bfae6c8760,2023,MN,Upper Midwest,8,4,4,2,2,2023-07-31,55.9,True,15.0,9,True,True,True,True,True,True,True,True,WQP_live_2023_2025,True,True
124012,2024-05-28,11540.0,246.0,60,events__f0b8e7968cbcdb9817bd980e,2024,MN,Upper Midwest,13,0,0,0,0,2023-10-09,31.17,True,232.0,9,True,True,True,False,False,False,False,True,WQP_live_2023_2025,False,False
124029,2023-09-12,89.0,3740.0,60,events__062dbc5a87e1ac848b02d6bc,2023,MN,Upper Midwest,137,3,3,1,1,2023-08-28,41.2,True,15.0,9,True,True,True,True,True,True,True,True,WQP_live_2023_2025,True,True
124029,2024-08-11,79.0,334.0,60,events__35f0e74f91a9798f74f74f78,2024,MN,Upper Midwest,155,7,7,5,5,2024-07-25,23.0,True,17.0,8,True,True,True,True,True,True,True,True,WQP_live_2023_2025,True,True
124051,2024-06-03,142.0,,60,events__1ea5087e7eb222c8f7bf9dd0,2024,MN,Upper Midwest,12,1,1,0,0,2024-05-23,15.5,True,11.0,9,True,True,True,True,True,False,False,True,WQP_live_2023_2025,True,True
124051,2025-08-19,153.0,442.0,60,events__b1da60ef34dab7634f68835b,2025,MN,Upper Midwest,28,4,4,2,2,2025-08-05,36.0,True,14.0,9,True,True,True,True,True,True,True,True,WQP_live_2023_2025,True,True
126136,2023-05-24,140.0,1315.0,60,events__e25aa48c655d3f226e952574,2023,MN,Upper Midwest,35,0,0,0,0,2019-10-17,100.0,False,1315.0,9,True,True,True,False,False,False,False,False,WQP_live_2023_2025,False,False
126136,2024-04-19,91.0,200.0,60,events__0db39bb6c0079c4cb817e038,2024,MN,Upper Midwest,42,2,2,2,2,2024-03-18,59.0,True,32.0,8,True,True,True,True,True,True,True,True,WQP_live_2023_2025,True,True
128328,2024-05-19,83.0,1687.0,60,events__403540d5c00f41dc5fe50333,2024,MN,Upper Midwest,129,1,1,0,0,2024-05-05,39.0,True,14.0,8,True,True,True,True,True,False,False,True,WQP_live_2023_2025,True,True
128328,2024-08-10,81.0,83.0,60,events__991d67679ba2c2b782dbd913,2024,MN,Upper Midwest,133,2,2,0,0,2024-07-28,43.0,True,13.0,3,True,True,False,True,True,False,False,True,WQP_live_2023_2025,True,True
132581,2023-05-04,207.0,3562.0,60,events__93f3ff929d46154cfd7d74a1,2023,MN,Upper Midwest,113,0,0,0,0,2014-09-28,35.0,True,3140.0,9,True,True,True,False,False,False,False,True,WQP_live_2023_2025,False,False
132581,2024-08-13,115.0,467.0,60,events__e31822e40393ad387c523541,2024,MN,Upper Midwest,131,3,3,2,2,2024-07-17,39.6,True,27.0,9,True,True,True,True,True,True,True,True,WQP_live_2023_2025,True,True
132581,2024-10-22,122.0,70.0,60,events__d6d84a138b08784e53ab71a3,2024,MN,Upper Midwest,136,4,4,2,2,2024-10-08,42.5,True,14.0,2,True,True,False,True,True,True,True,True,WQP_live_2023_2025,True,True
132581,2025-09-10,75.8,323.0,60,events__81e8ef987b5a134c60369125,2025,MN,Upper Midwest,148,4,4,2,2,2025-08-26,72.1,True,15.0,9,True,True,True,True,True,True,True,True,WQP_live_2023_2025,True,True
134664,2023-05-09,95.7,,60,events__b39bdc4d5aae6cf2f7eff8b1,2023,MN,Upper Midwest,0,0,0,0,0,,,False,,9,True,True,True,False,False,False,False,False,WQP_live_2023_2025,False,False
134664,2024-05-29,34763.0,245.0,60,events__baeca2dee1c79aedfb3b1d30,2024,MN,Upper Midwest,12,0,0,0,0,2023-10-10,56.939,True,232.0,9,True,True,True,False,False,False,False,True,WQP_live_2023_2025,False,False
134680,2024-08-11,82.0,4738.0,60,events__6ab624bcde31ef94a9dfa17f,2024,MN,Upper Midwest,78,4,4,2,2,2024-07-28,38.0,True,14.0,8,True,True,True,True,True,True,True,True,WQP_live_2023_2025,True,True
137728,2024-07-30,109.0,,60,events__6b3476ce136bc7d6cac23145,2024,MN,Upper Midwest,6,0,0,0,0,2024-05-22,73.0,True,69.0,9,True,True,True,False,False,False,False,True,WQP_live_2023_2025,False,True
137728,2025-05-19,90.8,266.0,60,events__86c4402de15d388fa4d85ca5,2025,MN,Upper Midwest,8,0,0,0,0,2024-08-26,77.4,False,266.0,9,True,True,True,False,False,False,False,False,WQP_live_2023_2025,False,False
138812,2023-08-30,93.45,,60,events__be26d60495637aeb547bde1d,2023,MN,Upper Midwest,7,3,3,2,2,2023-08-14,69.7,True,16.0,9,True,True,True,True,True,True,True,True,WQP_live_2023_2025,True,True
139770,2023-07-18,96.1,3218.0,60,events__64e839691ecb8106b3eb77a9,2023,MN,Upper Midwest,98,4,4,2,2,2023-07-05,68.1,True,13.0,9,True,True,True,True,True,True,True,True,WQP_live_2023_2025,True,True
139770,2024-07-23,158.0,287.0,60,events__e7047490365f9744048dceb9,2024,MN,Upper Midwest,109,3,3,1,1,2024-07-09,56.1,True,14.0,9,True,True,True,True,True,True,True,True,WQP_live_2023_2025,True,True
139770,2025-07-22,76.8,272.0,60,events__7177711cecff4491f77c2102,2025,MN,Upper Midwest,123,5,5,2,2,2025-07-08,41.5,True,14.0,9,True,True,True,True,True,True,True,True,WQP_live_2023_2025,True,True
139780,2023-06-21,93.8,5461.0,60,events__6d21c325857e8b2bb99aa138,2023,MN,Upper Midwest,34,1,1,0,0,2023-06-07,28.2,True,14.0,9,True,True,True,True,True,False,False,True,WQP_live_2023_2025,True,True
139838,2023-04-25,98.1,4592.0,60,events__3abbfdb1eb09e81c22d2ca41,2023,MN,Upper Midwest,41,0,0,0,0,2010-10-13,7.4,True,4577.0,9,True,True,True,False,False,False,False,True,WQP_live_2023_2025,False,False
139838,2024-05-30,130.0,387.0,60,events__eaf41bebdb6d0dc6531da779,2024,MN,Upper Midwest,54,0,0,0,0,2023-10-10,55.176,True,233.0,9,True,True,True,False,False,False,False,True,WQP_live_2023_2025,False,False
141802,2022-08-16,171.0,1883.0,60,events__a54d6d6c16286f43014a19f5,2022,DE,Coastal Plains,170,1,1,1,1,2022-07-12,69.3,True,35.0,9,True,True,True,True,True,True,True,True,USGS_release_2021_2022,True,True
141802,2023-07-12,97.3,302.0,60,events__c6c9332adee2dc3c3983c8e5,2023,DE,Coastal Plains,181,1,1,0,0,2023-06-20,30.8,True,22.0,9,True,True,True,True,True,False,False,True,WQP_live_2023_2025,True,True
141802,2024-06-27,80.3,288.0,60,events__afc0259c512526661630c8c6,2024,DE,Coastal Plains,192,1,1,1,1,2024-05-09,23.0,True,49.0,9,True,True,True,True,True,True,True,True,WQP_live_2023_2025,True,True
141821,2022-09-14,93.6,4376.0,60,events__f2d1747bdc643065d514c0c4,2022,DE,Coastal Plains,147,2,2,1,1,2022-08-23,49.7,True,22.0,9,True,True,True,True,True,True,True,True,USGS_release_2021_2022,True,True
141883,2021-07-13,158.0,1399.0,60,events__fc381d17871babafeaf0f278,2021,DE,Coastal Plains,131,1,1,1,1,2021-06-02,25.3,True,41.0,9,True,True,True,True,True,True,True,True,USGS_release_2021_2022,True,True
141883,2024-12-17,177.0,1225.0,60,events__3f3237d898b75d5d4f9e09c6,2024,DE,Coastal Plains,163,0,0,0,0,2024-10-16,6.94,True,62.0,9,True,True,True,False,False,False,False,True,WQP_live_2023_2025,False,True
141910,2022-07-19,85.5,1037.0,60,events__9e13b8e81f3b389aeb1cd6ed,2022,DE,Coastal Plains,141,1,1,1,1,2022-05-31,6.48,True,49.0,9,True,True,True,True,True,True,True,True,USGS_release_2021_2022,True,True
142108,2021-04-13,83.8,244.0,60,events__da0428b685ecd072384be9b0,2021,DE,Coastal Plains,129,1,1,1,1,2021-02-22,8.38,True,50.0,9,True,True,True,True,True,True,True,True,USGS_release_2021_2022,True,True
142108,2021-08-04,142.0,113.0,60,events__54df8c622c9e7d065a0e54ed,2021,DE,Coastal Plains,132,2,2,1,1,2021-07-08,46.3,True,27.0,8,True,True,True,True,True,True,True,True,USGS_release_2021_2022,True,True
142108,2021-12-07,82.1,125.0,60,events__fb38a277fb6542fe227f9563,2021,DE,Coastal Plains,136,2,2,1,1,2021-11-16,57.4,True,21.0,9,True,True,True,True,True,True,True,True,USGS_release_2021_2022,True,True
142108,2022-03-23,76.9,106.0,60,events__4cfca0b27cb52ebc34d22c47,2022,DE,Coastal Plains,138,1,1,1,1,2022-02-03,60.8,True,48.0,7,True,True,True,True,True,True,True,True,USGS_release_2021_2022,True,True
142108,2022-08-17,227.0,99.0,60,events__3196bf17df15abc0587e91a5,2022,DE,Coastal Plains,143,1,1,1,1,2022-07-13,37.5,True,35.0,6,True,True,True,True,True,True,True,True,USGS_release_2021_2022,True,True
142108,2023-05-16,104.0,272.0,60,events__15c11493e633088b14524dd5,2023,DE,Coastal Plains,152,1,1,0,0,2023-04-18,61.9,True,28.0,9,True,True,True,True,True,False,False,True,WQP_live_2023_2025,True,True
142108,2023-08-09,100.0,85.0,60,events__1ac8e335836e6735ad42ea6f,2023,DE,Coastal Plains,154,1,1,1,1,2023-06-22,7.59,True,48.0,4,True,True,False,True,True,True,True,True,WQP_live_2023_2025,True,True
142108,2023-10-10,102.0,62.0,60,events__d8a100fc70e963fbf4dff276,2023,DE,Coastal Plains,155,0,0,0,0,2023-08-09,100.0,False,62.0,0,False,False,False,False,False,False,False,False,WQP_live_2023_2025,False,False
142108,2024-06-11,87.4,245.0,60,events__b8ff4f3f53aa3e64d1e4d9b9,2024,DE,Coastal Plains,159,0,0,0,0,2024-04-09,5.32,True,63.0,9,True,True,True,False,False,False,False,True,WQP_live_2023_2025,False,True
142108,2024-10-09,312.0,120.0,60,events__4585d0e68d2175544ffc1c25,2024,DE,Coastal Plains,161,0,0,0,0,2024-08-07,73.9,True,63.0,9,True,True,True,False,False,False,False,True,WQP_live_2023_2025,False,True
142108,2025-02-11,84.0,125.0,60,events__a732876c98c7423b16e3bc87,2025,DE,Coastal Plains,163,0,0,0,0,2024-12-05,41.5,True,68.0,9,True,True,True,False,False,False,False,True,WQP_live_2023_2025,False,True
142130,2021-08-17,155.0,1470.0,60,events__ee9f4f8bcce88655030a8c33,2021,DE,Coastal Plains,213,1,1,0,0,2021-07-27,46.9,True,21.0,9,True,True,True,True,True,False,False,True,USGS_release_2021_2022,True,True
142330,2021-07-14,178.0,365.0,60,events__1a3dcbcf4d61bddfb43a92bb,2021,DE,Coastal Plains,160,1,1,1,1,2021-05-26,27.2,True,49.0,9,True,True,True,True,True,True,True,True,USGS_release_2021_2022,True,True
142330,2021-09-15,111.0,63.0,60,events__b77fc82a8ced123941c7b36c,2021,DE,Coastal Plains,161,0,0,0,0,2021-07-14,178.0,False,63.0,0,False,False,False,False,False,False,False,False,USGS_release_2021_2022,False,False
142330,2022-07-12,106.0,300.0,60,events__f42717a4fbed03846a1f25d7,2022,DE,Coastal Plains,166,1,1,1,1,2022-05-17,7.69,True,56.0,9,True,True,True,True,True,True,True,True,USGS_release_2021_2022,True,True
142330,2023-07-12,105.0,267.0,60,events__1fce74c235f97ff183062c11,2023,DE,Coastal Plains,178,1,1,0,0,2023-06-20,47.1,True,22.0,9,True,True,True,True,True,False,False,True,WQP_live_2023_2025,True,True
142330,2024-06-27,123.0,288.0,60,events__243c8fe5e5db12e1f5ad98fb,2024,DE,Coastal Plains,189,1,1,1,1,2024-05-09,11.0,True,49.0,9,True,True,True,True,True,True,True,True,WQP_live_2023_2025,True,True
142339,2021-07-21,137.0,5021.0,60,events__b83650bda31b4977c20b2fda,2021,DE,Coastal Plains,138,0,0,0,0,2021-05-18,29.1,True,64.0,9,True,True,True,False,False,False,False,True,USGS_release_2021_2022,False,True
142349,2023-08-16,105.0,1071.0,60,events__ae17b14b08ce0b76db52cfa8,2023,DE,Coastal Plains,157,2,2,2,2,2023-07-13,20.2,True,34.0,9,True,True,True,True,True,True,True,True,WQP_live_2023_2025,True,True
146676,2022-08-30,76.7,798.0,60,events__cbf7bfd715b43a301c06f251,2022,DE,Coastal Plains,148,0,0,0,0,2022-06-28,21.1,True,63.0,9,True,True,True,False,False,False,False,True,USGS_release_2021_2022,False,True
146676,2023-06-27,87.0,301.0,60,events__7d969abcb65070dfbdb54143,2023,DE,Coastal Plains,151,0,0,0,0,2023-04-25,11.9,True,63.0,9,True,True,True,False,False,False,False,True,WQP_live_2023_2025,False,True
148481,2022-08-30,78.8,763.0,60,events__ce0c91f7e8caf4aa2c38e63f,2022,DE,Coastal Plains,150,0,0,0,0,2022-06-28,19.0,True,63.0,9,True,True,True,False,False,False,False,True,USGS_release_2021_2022,False,True
148481,2023-08-29,212.0,364.0,60,events__5118a67d3d8f72d81be51368,2023,DE,Coastal Plains,154,0,0,0,0,2023-06-27,62.0,True,63.0,9,True,True,True,False,False,False,False,True,WQP_live_2023_2025,False,True
148481,2024-07-23,90.1,329.0,60,events__52403c83d277f504ccfcef13,2024,DE,Coastal Plains,160,1,1,0,0,2024-06-26,27.4,True,27.0,9,True,True,True,True,True,False,False,True,WQP_live_2023_2025,True,True
148490,2024-04-30,83.1,4247.0,60,events__fce2030e2791d71be9527390,2024,VA,Coastal Plains,35,0,0,0,0,2018-10-09,33.8,True,2030.0,9,True,True,True,False,False,False,False,True,WQP_live_2023_2025,False,False
150962,2024-10-02,80.0,,60,events__afd3642ca0a58a94fcd1c961,2024,NC,Southern Appalachians,42,1,1,1,1,2024-08-06,27.0,True,57.0,9,True,True,True,True,True,True,True,True,WQP_live_2023_2025,True,True
152959,2025-05-15,200.0,,60,events__36a080d106a086a2c74d9305,2025,NC,Southern Appalachians,14,0,0,0,0,2020-09-08,28.0,True,1710.0,9,True,True,True,False,False,False,False,True,WQP_live_2023_2025,False,False
152959,2025-09-25,160.0,63.0,60,events__d89120a0c38c7a78f1046af3,2025,NC,Southern Appalachians,18,1,1,1,1,2025-08-14,54.0,True,42.0,0,False,False,False,True,True,True,True,True,WQP_live_2023_2025,True,True
157187,2021-06-16,86.5,1758.0,60,events__222159b8671a6c492f99e7cc,2021,NC,Coastal Plains,17,1,1,0,0,2021-05-18,37.0,True,29.0,9,True,True,True,True,True,False,False,True,USGS_release_2021_2022,True,True
157187,2021-09-16,80.0,92.0,60,events__fb8a3b2a30483df0016ef880,2021,NC,Coastal Plains,20,1,1,0,0,2021-08-24,40.0,True,23.0,4,True,True,False,True,True,False,False,True,USGS_release_2021_2022,True,True
159754,2021-05-25,76.5,1706.0,60,events__342f14d2df6213c230fc9c12,2021,NC,Southern Appalachians,22,0,0,0,0,2016-09-22,75.0,False,1706.0,9,True,True,True,False,False,False,False,False,USGS_release_2021_2022,False,False
184266,2024-07-16,75.293990560312,2492.0,60,events__0d93a381ac64ab080417f760,2024,FL,Coastal Plains,237,1,1,1,1,2024-06-10,27.501000529155,True,36.0,9,True,True,True,True,True,True,True,True,WQP_live_2023_2025,True,True
184266,2024-10-14,82.770009526284,90.0,60,events__75f9ec5dd351c788111fe152,2024,FL,Coastal Plains,240,1,1,1,1,2024-09-10,53.93400023051,True,34.0,5,True,True,False,True,True,True,True,True,WQP_live_2023_2025,True,True
184298,2021-01-17,96.0,183.0,60,events__e9caf5c542adf0b9daeaba0b,2021,FL,Coastal Plains,30,2,2,2,2,2020-12-13,31.0,True,35.0,8,True,True,True,True,True,True,True,True,USGS_release_2021_2022,True,True
184298,2021-07-24,76.0,62.0,60,events__04eba86e2da32a011571f100,2021,FL,Coastal Plains,36,1,1,0,0,2021-06-26,70.0,True,28.0,0,False,False,False,True,True,False,False,True,USGS_release_2021_2022,True,True
184298,2022-01-15,88.0,175.0,60,events__b840c17b2d236228aa5c59a8,2022,FL,Coastal Plains,41,1,1,1,1,2021-12-11,60.0,True,35.0,8,True,True,True,True,True,True,True,True,USGS_release_2021_2022,True,True
184298,2022-09-18,78.0,85.0,60,events__1e87d5325bdd809a86af78b4,2022,FL,Coastal Plains,53,1,1,0,0,2022-08-21,36.0,True,28.0,3,True,True,False,True,True,False,False,True,USGS_release_2021_2022,True,True
185961,2023-01-19,88.0,1423.0,60,events__b7f8224a7cb70abe3e97bbf0,2023,FL,Coastal Plains,42,0,0,0,0,2022-10-03,16.0,True,108.0,9,True,True,True,False,False,False,False,True,WQP_live_2023_2025,False,False
185972,2023-05-24,122.0,3172.0,60,events__c1bad11a0a0b24cb46c9ecfb,2023,FL,Coastal Plains,30,2,2,1,1,2023-04-30,56.0,True,24.0,9,True,True,True,True,True,True,True,True,WQP_live_2023_2025,True,True
185972,2024-03-09,82.0,258.0,60,events__5d3b711577476c5dc9812cad,2024,FL,Coastal Plains,43,2,2,1,1,2024-02-11,64.0,True,27.0,8,True,True,True,True,True,True,True,True,WQP_live_2023_2025,True,True
187037,2023-07-06,86.5,2893.0,60,events__b9011b010fa1abb7071b31cb,2023,FL,Coastal Plains,27,0,0,0,0,2023-04-06,45.9,True,91.0,9,True,True,True,False,False,False,False,True,WQP_live_2023_2025,False,False
187037,2023-10-05,104.0,91.0,60,events__ccb4f2ab2ede2a7eac360df4,2023,FL,Coastal Plains,28,0,0,0,0,2023-07-06,86.5,False,91.0,4,True,True,False,False,False,False,False,False,WQP_live_2023_2025,False,False
187109,2025-02-05,260.0,,60,events__28186724bed4b5b2b2ab39de,2025,FL,Coastal Plains,23,2,2,1,1,2025-02-01,55.0,True,4.0,9,True,True,True,True,True,True,True,True,WQP_live_2023_2025,True,True
188190,2021-06-21,95.0,4379.0,60,events__63bc58898143726779ed17fd,2021,FL,Coastal Plains,20,0,0,0,0,2021-02-08,11.0,True,133.0,9,True,True,True,False,False,False,False,True,USGS_release_2021_2022,False,False
189149,2021-02-24,75.0,,60,events__f82a79d4f6dafb75de23683d,2021,FL,Coastal Plains,72,1,1,0,0,2021-02-23,71.8,True,1.0,9,True,True,True,True,True,False,False,True,USGS_release_2021_2022,True,True
189149,2024-01-08,79.0,1048.0,60,events__88fed7d7a985affa40712b1b,2024,FL,Coastal Plains,93,0,0,0,0,2023-11-08,42.1,True,61.0,9,True,True,True,False,False,False,False,True,WQP_live_2023_2025,False,True
189149,2025-02-05,85.0,394.0,60,events__289d48a328af26ee8c876c30,2025,FL,Coastal Plains,114,0,0,0,0,2024-11-12,63.4,True,85.0,9,True,True,True,False,False,False,False,True,WQP_live_2023_2025,False,True
189780,2024-11-25,170.96897232346,1552.0,60,events__c983cc5aecdb0583758d216b,2024,FL,Coastal Plains,198,1,1,1,1,2024-10-23,23.762998983962,True,33.0,9,True,True,True,True,True,True,True,True,WQP_live_2023_2025,True,True
189910,2023-04-18,146.18249039165,670.0,60,events__944963b4ced0cfa7b18e24cf,2023,FL,Coastal Plains,130,0,0,0,0,2023-02-15,65.281503489241,True,62.0,9,True,True,True,False,False,False,False,True,WQP_live_2023_2025,False,True
189910,2023-06-27,154.19250631355,70.0,60,events__bcee6eab81cb21658f515d42,2023,FL,Coastal Plains,131,0,0,0,0,2023-04-18,146.18249039165,False,70.0,2,True,True,False,False,False,False,False,False,WQP_live_2023_2025,False,False
189910,2024-04-09,78.097506895428,237.0,60,events__96fb455538baaf5b43ea774c,2024,FL,Coastal Plains,137,2,2,1,1,2024-03-19,27.4,True,21.0,9,True,True,True,True,True,True,True,True,WQP_live_2023_2025,True,True
189910,2024-06-18,106.13250372,70.0,60,events__4b3b2fff1dc3baaa773dc96f,2024,FL,Coastal Plains,139,1,1,0,0,2024-06-17,41.8,True,1.0,2,True,True,False,True,True,False,False,True,WQP_live_2023_2025,True,True
189910,2024-08-21,81.435005266685,64.0,60,events__3dcf13e16326dbbf3f13fb40,2024,FL,Coastal Plains,141,1,1,0,0,2024-07-23,40.9,True,29.0,1,True,True,False,True,True,False,False,True,WQP_live_2023_2025,True,True
190092,2021-03-18,89.0,275.0,60,events__537e84fa1ef2d88f56656e10,2021,FL,Coastal Plains,111,1,1,0,0,2021-02-17,41.267858409602,True,29.0,9,True,True,True,True,True,False,False,True,USGS_release_2021_2022,True,True
190092,2021-08-05,91.0,91.0,60,events__a644fefdecc07c206f24b415,2021,FL,Coastal Plains,117,1,1,1,1,2021-06-17,70.659134633839,True,49.0,4,True,True,False,True,True,True,True,True,USGS_release_2021_2022,True,True
190092,2023-02-02,150.0,546.0,60,events__d71345cad6cd25b3be6d9b87,2023,FL,Coastal Plains,120,1,1,0,0,2023-01-24,68.0,True,9.0,9,True,True,True,True,True,False,False,True,WQP_live_2023_2025,True,True
190092,2023-08-15,111.33899301057,62.0,60,events__3d7ddd774ba0ceb393b954d5,2023,FL,Coastal Plains,128,0,0,0,0,2023-06-14,135.9030178003,False,62.0,0,False,False,False,False,False,False,False,False,WQP_live_2023_2025,False,False
190092,2025-04-16,99.502002550289,553.0,60,events__140e6a81880bfb71b7903d41,2025,FL,Coastal Plains,156,3,3,2,2,2025-03-24,8.51,True,23.0,9,True,True,True,True,True,True,True,True,WQP_live_2023_2025,True,True
190854,2021-04-14,78.155977119808,5076.0,60,events__fef5fce66c5e152decb3b87b,2021,FL,Coastal Plains,196,3,3,2,2,2021-03-17,44.15548431299,True,28.0,9,True,True,True,True,True,True,True,True,USGS_release_2021_2022,True,True
190854,2022-04-18,79.0,367.0,60,events__fd0f57c4eb967fa731a5eca0,2022,FL,Coastal Plains,210,2,2,2,2,2022-03-14,66.0,True,35.0,9,True,True,True,True,True,True,True,True,USGS_release_2021_2022,True,True
191241,2024-12-17,110.0,1590.0,60,events__29bc3fe84baba37431be8faf,2024,FL,Coastal Plains,90,4,4,3,3,2024-11-18,37.0,True,29.0,9,True,True,True,True,True,True,True,True,WQP_live_2023_2025,True,True
191305,2021-07-14,76.0,1066.0,60,events__ce9acd6bf3bea22740dcd8ff,2021,FL,Coastal Plains,46,0,0,0,0,2021-05-04,21.0,True,71.0,9,True,True,True,False,False,False,False,True,USGS_release_2021_2022,False,True
191305,2023-08-07,75.0,754.0,60,events__fb922d6477f1d7a67081d479,2023,FL,Coastal Plains,50,0,0,0,0,2023-06-01,30.0,True,67.0,9,True,True,True,False,False,False,False,True,WQP_live_2023_2025,False,True
191437,2025-04-22,80.0,6109.0,60,events__8a41c329ddd7bb9688b48cf3,2025,FL,Coastal Plains,42,0,0,0,0,2025-01-28,29.0,True,84.0,9,True,True,True,False,False,False,False,True,WQP_live_2023_2025,False,True
191722,2023-06-07,80.5,,60,events__6859a71f6a536e11ce4bd7ba,2023,FL,Coastal Plains,36,3,3,1,1,2023-06-03,61.0,True,4.0,9,True,True,True,True,True,True,True,True,WQP_live_2023_2025,True,True
192522,2024-07-15,83.0,,60,events__f7e396ce097110533f95f788,2024,FL,Coastal Plains,71,3,3,1,1,2024-07-01,54.0,True,14.0,9,True,True,True,True,True,True,True,True,WQP_live_2023_2025,True,True
192524,2023-02-23,79.0,939.0,60,events__3b3ba65e0d39262dd45a631a,2023,FL,Coastal Plains,38,0,0,0,0,2021-10-21,46.0,True,490.0,9,True,True,True,False,False,False,False,True,WQP_live_2023_2025,False,False
194637,2024-05-23,96.0,6442.0,60,events__02b70a329a51c09a3f22075c,2024,FL,Coastal Plains,110,3,3,2,2,2024-04-25,20.0,True,28.0,9,True,True,True,True,True,True,True,True,WQP_live_2023_2025,True,True
194682,2021-11-20,76.0,298.0,60,events__32c157d8a4bc9edc56ea2439,2021,FL,Coastal Plains,48,3,3,1,1,2021-10-28,51.0,True,23.0,8,True,True,True,True,True,True,True,True,USGS_release_2021_2022,True,True
194682,2023-10-16,86.0,667.0,60,events__0d60b52318a746950a8d50e1,2023,FL,Coastal Plains,67,2,2,1,1,2023-10-05,47.0,True,11.0,9,True,True,True,True,True,True,True,True,WQP_live_2023_2025,True,True
194682,2024-01-22,120.0,63.0,60,events__2d03b0ed27090d7f81b9a02b,2024,FL,Coastal Plains,73,2,2,2,2,2023-12-18,56.0,True,35.0,1,True,True,False,True,True,True,True,True,WQP_live_2023_2025,True,True
194682,2024-04-23,92.0,75.0,60,events__5785a5ef028cf1436558fffc,2024,FL,Coastal Plains,78,2,2,1,1,2024-04-16,71.0,True,7.0,2,True,True,False,True,True,True,True,True,WQP_live_2023_2025,True,True
194718,2021-12-08,80.0,,60,events__968a87a164d413c68e789634,2021,FL,Coastal Plains,33,0,0,0,0,2021-06-21,8.0,True,170.0,9,True,True,True,False,False,False,False,True,USGS_release_2021_2022,False,False
194758,2021-08-23,100.0,300.0,60,events__4c720c1a344e5e1f270871f4,2021,FL,Coastal Plains,30,0,0,0,0,2021-04-14,37.0,True,131.0,9,True,True,True,False,False,False,False,True,USGS_release_2021_2022,False,False
194834,2021-01-21,78.0,5735.0,60,events__8a43812c83982430d720bcb6,2021,FL,Coastal Plains,10,0,0,0,0,2007-11-13,6.25,True,4818.0,9,True,True,True,False,False,False,False,True,USGS_release_2021_2022,False,False
194834,2021-08-19,79.0,210.0,60,events__526face364b6648e4461e9b9,2021,FL,Coastal Plains,13,1,1,0,0,2021-07-27,49.0,True,23.0,9,True,True,True,True,True,False,False,True,USGS_release_2021_2022,True,True
194834,2021-11-03,79.0,76.0,60,events__9844f0676d15e4378238693b,2021,FL,Coastal Plains,14,0,0,0,0,2021-08-19,79.0,False,76.0,2,True,True,False,False,False,False,False,False,USGS_release_2021_2022,False,False
194834,2023-01-31,78.0,454.0,60,events__8d8bd66a76019a17cb4e8b1c,2023,FL,Coastal Plains,15,0,0,0,0,2021-11-03,79.0,False,454.0,9,True,True,True,False,False,False,False,False,WQP_live_2023_2025,False,False
195573,2022-08-02,80.0,,60,events__24cd74d6a6bcd45db85551fb,2022,FL,Coastal Plains,20,1,1,1,1,2022-06-23,72.0,True,40.0,9,True,True,True,True,True,True,True,True,USGS_release_2021_2022,True,True
195573,2023-05-25,97.0,274.0,60,events__e9684fe5fdbd532b7e34bc52,2023,FL,Coastal Plains,24,1,1,0,0,2023-05-24,17.0,True,1.0,9,True,True,True,True,True,False,False,True,WQP_live_2023_2025,True,True
195999,2023-03-06,81.0,,60,events__a516c5e94be48d19824685fc,2023,FL,Coastal Plains,10,0,0,0,0,2007-10-30,71.4,True,5606.0,9,True,True,True,False,False,False,False,True,WQP_live_2023_2025,False,False
195999,2023-06-01,91.0,87.0,60,events__14fc4c75eb56330aabb3ebf9,2023,FL,Coastal Plains,12,1,1,1,1,2023-04-05,65.0,True,57.0,4,True,True,False,True,True,True,True,True,WQP_live_2023_2025,True,True
195999,2023-08-07,110.0,67.0,60,events__06e508849824b628973d709e,2023,FL,Coastal Plains,13,0,0,0,0,2023-06-01,91.0,False,67.0,1,True,True,False,False,False,False,False,False,WQP_live_2023_2025,False,False
195999,2023-11-08,88.0,93.0,60,events__897daac684d4fb9db95e4386,2023,FL,Coastal Plains,15,1,1,1,1,2023-09-25,72.0,True,44.0,5,True,True,True,True,True,True,True,True,WQP_live_2023_2025,True,True
195999,2024-02-08,83.0,92.0,60,events__6133465e111ca1a079b0df57,2024,FL,Coastal Plains,16,0,0,0,0,2023-11-08,88.0,False,92.0,4,True,True,False,False,False,False,False,False,WQP_live_2023_2025,False,False
195999,2024-06-13,120.0,126.0,60,events__c76c130a169c791ac42b0f20,2024,FL,Coastal Plains,18,0,0,0,0,2024-03-14,62.0,True,91.0,9,True,True,True,False,False,False,False,True,WQP_live_2023_2025,False,False
195999,2024-11-12,77.0,152.0,60,events__27cee2604d0a430bc2a2cb63,2024,FL,Coastal Plains,20,0,0,0,0,2024-07-30,68.0,True,105.0,9,True,True,True,False,False,False,False,True,WQP_live_2023_2025,False,False
195999,2025-02-24,83.0,104.0,60,events__2712190b7ef9208e8c5db57c,2025,FL,Coastal Plains,21,0,0,0,0,2024-11-12,77.0,False,104.0,7,True,True,True,False,False,False,False,False,WQP_live_2023_2025,False,False
195999,2025-04-28,150.0,63.0,60,events__31f5a96b3c40faad9e9622a6,2025,FL,Coastal Plains,22,0,0,0,0,2025-02-24,83.0,False,63.0,1,True,True,False,False,False,False,False,False,WQP_live_2023_2025,False,False
195999,2025-08-25,100.0,63.0,60,events__6f72913feaa42f2cd05f8390,2025,FL,Coastal Plains,24,0,0,0,0,2025-06-23,110.0,False,63.0,1,True,True,False,False,False,False,False,False,WQP_live_2023_2025,False,False
196859,2024-06-24,93.0,3715.0,60,events__6137635caa1bddca6884f4b7,2024,FL,Coastal Plains,15,0,0,0,0,2014-04-23,100.0,False,3715.0,9,True,True,True,False,False,False,False,False,WQP_live_2023_2025,False,False
197306,2021-01-12,90.0,322.0,60,events__b452e3f97a1a4222370b5508,2021,FL,Coastal Plains,29,0,0,0,0,2020-10-27,30.9,True,77.0,9,True,True,True,False,False,False,False,True,USGS_release_2021_2022,False,True
197306,2022-05-11,170.8,484.0,60,events__8c76ecb61bf190275377ce35,2022,FL,Coastal Plains,33,0,0,0,0,2022-01-11,33.2,True,120.0,9,True,True,True,False,False,False,False,True,USGS_release_2021_2022,False,False
197318,2022-05-11,113.0,979.0,60,events__177c74f05e67864bde46ba87,2022,FL,Coastal Plains,67,0,0,0,0,2022-01-11,6.6,True,120.0,9,True,True,True,False,False,False,False,True,USGS_release_2021_2022,False,False
197318,2024-12-10,99.0,944.0,60,events__dd3db2fb8e464a24756418be,2024,FL,Coastal Plains,75,0,0,0,0,2024-07-30,30.8,True,133.0,9,True,True,True,False,False,False,False,True,WQP_live_2023_2025,False,False
197347,2021-06-27,92.0,792.0,60,events__b2cecee45c8dcb29e139405d,2021,FL,Coastal Plains,45,1,1,1,1,2021-05-22,72.0,True,36.0,8,True,True,True,True,True,True,True,True,USGS_release_2021_2022,True,True
197347,2022-09-14,82.0,418.0,60,events__d0694d85e601b11c81b52582,2022,FL,Coastal Plains,59,2,2,1,1,2022-08-22,69.0,True,23.0,9,True,True,True,True,True,True,True,True,USGS_release_2021_2022,True,True
198081,2021-10-13,86.0,3599.0,60,events__70ee210e7058529a5b77f6f6,2021,FL,Coastal Plains,34,0,0,0,0,2020-06-23,57.0,True,477.0,9,True,True,True,False,False,False,False,True,USGS_release_2021_2022,False,False
198601,2025-09-09,75.0,,60,events__cf8260aaa4d61b045591ac98,2025,FL,Coastal Plains,23,0,0,0,0,2025-04-03,37.0,True,159.0,9,True,True,True,False,False,False,False,True,WQP_live_2023_2025,False,False
199861,2024-11-12,110.0,1478.0,60,events__6c741aeb8d4320716358b1a7,2024,FL,Coastal Plains,49,0,0,0,0,2024-07-30,32.0,True,105.0,9,True,True,True,False,False,False,False,True,WQP_live_2023_2025,False,False
199920,2021-03-30,197.6,2030.0,60,events__5dad5d0a472a40a8529ecf1a,2021,FL,Coastal Plains,36,0,0,0,0,2020-12-17,48.0,True,103.0,9,True,True,True,False,False,False,False,True,USGS_release_2021_2022,False,False
199920,2022-06-07,106.0,357.0,60,events__4310a4022ef75747731039a3,2022,FL,Coastal Plains,46,0,0,0,0,2022-03-15,50.6,True,84.0,9,True,True,True,False,False,False,False,True,USGS_release_2021_2022,False,True
199920,2023-09-12,88.9,462.0,60,events__b016ee33c7c05522316e57e3,2023,FL,Coastal Plains,49,0,0,0,0,2023-06-13,42.4,True,91.0,9,True,True,True,False,False,False,False,True,WQP_live_2023_2025,False,False
199920,2024-03-19,158.1,189.0,60,events__8093bd5492144e93ab2903c0,2024,FL,Coastal Plains,51,0,0,0,0,2023-12-05,23.0,True,105.0,9,True,True,True,False,False,False,False,True,WQP_live_2023_2025,False,False
201099,2023-01-31,140.0,,60,events__43be6141e6970d0de00bf4ca,2023,FL,Coastal Plains,14,2,2,0,0,2023-01-17,22.0,True,14.0,9,True,True,True,True,True,False,False,True,WQP_live_2023_2025,True,True
201887,2022-06-16,84.8,1011.0,60,events__fc24f5eceab006d757bbe04f,2022,FL,Coastal Plains,79,0,0,0,0,2022-02-28,43.8,True,108.0,9,True,True,True,False,False,False,False,True,USGS_release_2021_2022,False,False
201887,2023-08-08,98.6,418.0,60,events__eb212bb9e08170922cae865b,2023,FL,Coastal Plains,84,0,0,0,0,2023-05-10,9.61,True,90.0,9,True,True,True,False,False,False,False,True,WQP_live_2023_2025,False,True
201887,2024-11-05,86.1,455.0,60,events__eba31b764671e7efa9e6e8df,2024,FL,Coastal Plains,88,0,0,0,0,2024-08-08,50.1,True,89.0,9,True,True,True,False,False,False,False,True,WQP_live_2023_2025,False,True
202262,2023-04-17,77.0,1523.0,60,events__478641dc2dd2d76ffea2f7df,2023,FL,Coastal Plains,36,1,1,1,1,2023-02-23,14.0,True,53.0,9,True,True,True,True,True,True,True,True,WQP_live_2023_2025,True,True
202341,2023-01-12,130.0,5931.0,60,events__6e8d24e66b740c790a128ddb,2023,FL,Coastal Plains,11,0,0,0,0,2007-10-11,45.7,True,5572.0,9,True,True,True,False,False,False,False,True,WQP_live_2023_2025,False,False
202371,2023-02-16,180.0,2430.0,60,events__7a07af134917578ca777e7b9,2023,FL,Coastal Plains,29,0,0,0,0,2022-05-29,19.0,True,263.0,9,True,True,True,False,False,False,False,True,WQP_live_2023_2025,False,False
202371,2024-12-17,80.0,670.0,60,events__7a1e633b4f8ef4419b21312d,2024,FL,Coastal Plains,38,2,2,2,2,2024-11-14,62.0,True,33.0,9,True,True,True,True,True,True,True,True,WQP_live_2023_2025,True,True
202387,2024-03-19,78.2,2182.0,60,events__73148c6bf3ccb360a8e818d8,2024,FL,Coastal Plains,82,0,0,0,0,2023-12-05,18.5,True,105.0,9,True,True,True,False,False,False,False,True,WQP_live_2023_2025,False,False
202387,2025-02-17,75.0,335.0,60,events__29c3492716d846ffd24164c6,2025,FL,Coastal Plains,92,2,2,1,1,2025-01-29,43.0,True,19.0,9,True,True,True,True,True,True,True,True,WQP_live_2023_2025,True,True
202409,2023-02-14,220.0,,60,events__81f683a1ca42b5fcf30a2943,2023,FL,Coastal Plains,14,0,0,0,0,2020-10-12,15.0,True,855.0,9,True,True,True,False,False,False,False,True,WQP_live_2023_2025,False,False
203120,2022-08-10,80.5,1218.0,60,events__14e5945dc756d4d0024bcc01,2022,FL,Coastal Plains,101,0,0,0,0,2022-05-03,42.5,True,99.0,9,True,True,True,False,False,False,False,True,USGS_release_2021_2022,False,False
203121,2021-03-11,212.0,113.0,60,events__283f0c1aa5b99dc1c87ac1ae,2021,FL,Coastal Plains,48,0,0,0,0,2020-11-18,162.0,False,113.0,7,True,True,True,False,False,False,False,False,USGS_release_2021_2022,False,False
203121,2021-06-14,308.0,95.0,60,events__2e7a7769b92cdec0b8ec4066,2021,FL,Coastal Plains,49,0,0,0,0,2021-03-11,212.0,False,95.0,5,True,True,False,False,False,False,False,False,USGS_release_2021_2022,False,False
203121,2021-09-13,189.0,91.0,60,events__fed51dae6978e268cf3b3b7a,2021,FL,Coastal Plains,50,0,0,0,0,2021-06-14,308.0,False,91.0,5,True,True,False,False,False,False,False,False,USGS_release_2021_2022,False,False
203121,2022-02-16,90.4,156.0,60,events__dee818d01af53078c7adf8c6,2022,FL,Coastal Plains,52,0,0,0,0,2021-12-07,49.1,True,71.0,9,True,True,True,False,False,False,False,True,USGS_release_2021_2022,False,True
203121,2022-05-09,201.0,82.0,60,events__871b2d454843fb236b28dcf5,2022,FL,Coastal Plains,53,0,0,0,0,2022-02-16,90.4,False,82.0,3,True,True,False,False,False,False,False,False,USGS_release_2021_2022,False,False
203121,2022-08-08,182.0,91.0,60,events__54e2610bee189650cf0c7c71,2022,FL,Coastal Plains,54,0,0,0,0,2022-05-09,201.0,False,91.0,5,True,True,False,False,False,False,False,False,USGS_release_2021_2022,False,False
203121,2022-12-15,118.0,129.0,60,events__020565de9fd5b4f8611de1f6,2022,FL,Coastal Plains,55,0,0,0,0,2022-08-08,182.0,False,129.0,9,True,True,True,False,False,False,False,False,USGS_release_2021_2022,False,False
203121,2023-03-06,274.0,81.0,60,events__288d43f795b019b95547f35b,2023,FL,Coastal Plains,56,0,0,0,0,2022-12-15,118.0,False,81.0,3,True,True,False,False,False,False,False,False,WQP_live_2023_2025,False,False
203121,2023-06-07,280.0,93.0,60,events__28d260b82a84f7061f716b7d,2023,FL,Coastal Plains,57,0,0,0,0,2023-03-06,274.0,False,93.0,5,True,True,True,False,False,False,False,False,WQP_live_2023_2025,False,False
203121,2023-09-19,156.0,104.0,60,events__40fd5374de1d16b2fa75a974,2023,FL,Coastal Plains,58,0,0,0,0,2023-06-07,280.0,False,104.0,6,True,True,True,False,False,False,False,False,WQP_live_2023_2025,False,False
203121,2023-12-05,88.1,77.0,60,events__666c36daafcec5c6f1ea93c5,2023,FL,Coastal Plains,59,0,0,0,0,2023-09-19,156.0,False,77.0,3,True,True,False,False,False,False,False,False,WQP_live_2023_2025,False,False
203121,2024-03-21,194.0,107.0,60,events__ed51262fee705a08daf7bcdb,2024,FL,Coastal Plains,60,0,0,0,0,2023-12-05,88.1,False,107.0,7,True,True,True,False,False,False,False,False,WQP_live_2023_2025,False,False
203121,2024-06-11,208.0,82.0,60,events__f972c9a80bd95071f358ace6,2024,FL,Coastal Plains,61,0,0,0,0,2024-03-21,194.0,False,82.0,3,True,True,False,False,False,False,False,False,WQP_live_2023_2025,False,False
203121,2024-09-09,108.0,90.0,60,events__8203f422945d5f48460d0f0f,2024,FL,Coastal Plains,62,0,0,0,0,2024-06-11,208.0,False,90.0,5,True,True,False,False,False,False,False,False,WQP_live_2023_2025,False,False
203121,2024-12-16,178.0,98.0,60,events__c5400be4109afc97d14a3333,2024,FL,Coastal Plains,63,0,0,0,0,2024-09-09,108.0,False,98.0,6,True,True,True,False,False,False,False,False,WQP_live_2023_2025,False,False
203121,2025-03-12,256.0,86.0,60,events__7b8e175257d753a7838c9395,2025,FL,Coastal Plains,64,0,0,0,0,2024-12-16,178.0,False,86.0,4,True,True,False,False,False,False,False,False,WQP_live_2023_2025,False,False
203121,2025-09-15,180.0,187.0,60,events__a098d1f8bb141f9b250b5e97,2025,FL,Coastal Plains,66,0,0,0,0,2025-06-12,33.6,True,95.0,9,True,True,True,False,False,False,False,True,WQP_live_2023_2025,False,False
203195,2023-09-21,87.4,6489.0,60,events__844411efc74e5399664883cd,2023,FL,Coastal Plains,24,1,1,1,1,2023-08-21,52.9,True,31.0,9,True,True,True,True,True,True,True,True,WQP_live_2023_2025,True,True
203195,2023-12-18,113.0,88.0,60,events__a3669b67e90f0ca419740032,2023,FL,Coastal Plains,26,1,1,1,1,2023-10-26,70.4,True,53.0,4,True,True,False,True,True,True,True,True,WQP_live_2023_2025,True,True
203195,2024-03-20,97.3,93.0,60,events__a3fc33a1468e6bcb663ae1db,2024,FL,Coastal Plains,27,0,0,0,0,2023-12-18,113.0,False,93.0,5,True,True,True,False,False,False,False,False,WQP_live_2023_2025,False,False
203195,2024-06-25,128.0,97.0,60,events__de198052d64d13dff6e886d6,2024,FL,Coastal Plains,29,1,1,0,0,2024-05-28,74.9,True,28.0,5,True,True,False,True,True,False,False,True,WQP_live_2023_2025,True,True
203195,2025-02-10,92.5,230.0,60,events__fa1bf5e990a77352d7a87f1a,2025,FL,Coastal Plains,33,1,1,1,1,2024-12-26,65.6,True,46.0,9,True,True,True,True,True,True,True,True,WQP_live_2023_2025,True,True
203606,2024-08-27,81.0,,60,events__b036f25968f4c090895f1fc2,2024,FL,Coastal Plains,20,1,1,1,1,2024-07-16,64.0,True,42.0,9,True,True,True,True,True,True,True,True,WQP_live_2023_2025,True,True
204033,2021-03-16,156.0,119.0,60,events__5b5d3d86586ef3b06152a982,2021,FL,Coastal Plains,60,0,0,0,0,2020-11-17,88.0,False,119.0,9,True,True,True,False,False,False,False,False,USGS_release_2021_2022,False,False
204033,2021-06-08,667.0,84.0,60,events__33219c9ba8aabd777725ca4c,2021,FL,Coastal Plains,61,0,0,0,0,2021-03-16,156.0,False,84.0,4,True,True,False,False,False,False,False,False,USGS_release_2021_2022,False,False
204033,2023-09-06,174.0,820.0,60,events__cd2d819266d080e4f35ee7e0,2023,FL,Coastal Plains,66,0,0,0,0,2023-06-21,36.0,True,77.0,9,True,True,True,False,False,False,False,True,WQP_live_2023_2025,False,True
204033,2023-12-06,118.0,91.0,60,events__0fce51ca2062f7f9f29bda82,2023,FL,Coastal Plains,67,0,0,0,0,2023-09-06,174.0,False,91.0,4,True,True,False,False,False,False,False,False,WQP_live_2023_2025,False,False
204033,2024-03-06,108.0,91.0,60,events__c4db5daf8b7ec377811ed8a0,2024,FL,Coastal Plains,68,0,0,0,0,2023-12-06,118.0,False,91.0,4,True,True,False,False,False,False,False,False,WQP_live_2023_2025,False,False
204033,2024-06-12,110.0,98.0,60,events__28c03bcbdd0b800bc76e0b96,2024,FL,Coastal Plains,69,0,0,0,0,2024-03-06,108.0,False,98.0,5,True,True,True,False,False,False,False,False,WQP_live_2023_2025,False,False
204033,2024-09-30,138.0,110.0,60,events__84ae325789e1684f1a7adcae,2024,FL,Coastal Plains,70,0,0,0,0,2024-06-12,110.0,False,110.0,7,True,True,True,False,False,False,False,False,WQP_live_2023_2025,False,False
204033,2025-03-12,104.0,163.0,60,events__22f6bd1cd21986c9d9b9783f,2025,FL,Coastal Plains,72,0,0,0,0,2024-12-10,35.2,True,92.0,9,True,True,True,False,False,False,False,True,WQP_live_2023_2025,False,False
204033,2025-06-11,114.0,91.0,60,events__61c77c19d4d15d69630d300a,2025,FL,Coastal Plains,73,0,0,0,0,2025-03-12,104.0,False,91.0,4,True,True,False,False,False,False,False,False,WQP_live_2023_2025,False,False
204033,2025-09-03,80.8,84.0,60,events__4ec29cef8c74329735f90cb9,2025,FL,Coastal Plains,74,0,0,0,0,2025-06-11,114.0,False,84.0,3,True,True,False,False,False,False,False,False,WQP_live_2023_2025,False,False
205154,2021-06-08,81.1,482.0,60,events__4a4aa9b25e14bbd277b329d6,2021,FL,Coastal Plains,53,0,0,0,0,2021-03-16,52.1,True,84.0,9,True,True,True,False,False,False,False,True,USGS_release_2021_2022,False,True
205154,2021-09-07,90.2,91.0,60,events__42a0b92b9028a69c23472ca7,2021,FL,Coastal Plains,54,0,0,0,0,2021-06-08,81.1,False,91.0,5,True,True,False,False,False,False,False,False,USGS_release_2021_2022,False,False
205154,2021-12-08,97.9,92.0,60,events__9a740b1fc8e3be39f3ffa375,2021,FL,Coastal Plains,55,0,0,0,0,2021-09-07,90.2,False,92.0,5,True,True,True,False,False,False,False,False,USGS_release_2021_2022,False,False
205154,2023-09-06,94.5,637.0,60,events__f62e45d3ebd3f702babd61b9,2023,FL,Coastal Plains,58,0,0,0,0,2023-06-21,64.1,True,77.0,9,True,True,True,False,False,False,False,True,WQP_live_2023_2025,False,True
205154,2024-09-30,84.9,390.0,60,events__0c713821a425b85f6424a438,2024,FL,Coastal Plains,62,0,0,0,0,2024-06-12,73.7,True,110.0,9,True,True,True,False,False,False,False,True,WQP_live_2023_2025,False,False
205154,2024-12-10,112.0,71.0,60,events__3dfc1fc0e1dd4cf3b5ba76df,2024,FL,Coastal Plains,63,0,0,0,0,2024-09-30,84.9,False,71.0,2,True,True,False,False,False,False,False,False,WQP_live_2023_2025,False,False
205154,2025-09-03,86.8,267.0,60,events__e12ec66983eb1de7ee3faac9,2025,FL,Coastal Plains,66,0,0,0,0,2025-06-11,47.3,True,84.0,9,True,True,True,False,False,False,False,True,WQP_live_2023_2025,False,True
205355,2021-05-10,88.75,249.0,60,events__c362b07e6efcc2a3108eccd4,2021,FL,Coastal Plains,61,1,1,1,1,2021-04-05,51.85,True,35.0,9,True,True,True,True,True,True,True,True,USGS_release_2021_2022,True,True
205355,2021-10-12,84.5,75.0,60,events__f1a1172bd9652cb4dbdfcb57,2021,FL,Coastal Plains,69,2,2,0,0,2021-09-16,60.0,True,26.0,2,True,True,False,True,True,False,False,True,USGS_release_2021_2022,True,True
205355,2023-02-23,102.5,136.0,60,events__2f5f30950eb15c7aeb863e75,2023,FL,Coastal Plains,89,1,1,0,0,2023-02-06,45.9,True,17.0,9,True,True,True,True,True,False,False,True,WQP_live_2023_2025,True,True
205355,2023-07-05,76.2,89.0,60,events__2fcd822c17e08c9501eff93d,2023,FL,Coastal Plains,95,2,2,1,1,2023-06-12,40.5,True,23.0,4,True,True,False,True,True,True,True,True,WQP_live_2023_2025,True,True
205360,2022-05-04,75.8,1325.0,60,events__e30e2fb9be790dd13791e4ab,2022,FL,Coastal Plains,45,1,1,1,1,2022-03-14,19.4,True,51.0,9,True,True,True,True,True,True,True,True,USGS_release_2021_2022,True,True
206558,2022-06-21,92.4,,60,events__6659bd84b00da2ff1043a73c,2022,FL,Coastal Plains,69,2,2,2,2,2022-05-19,68.6,True,33.0,9,True,True,True,True,True,True,True,True,USGS_release_2021_2022,True,True
206601,2021-05-06,111.0,,60,events__a83864aa8de47d077ecbde84,2021,FL,Coastal Plains,69,1,1,1,1,2021-03-23,71.1,True,44.0,9,True,True,True,True,True,True,True,True,USGS_release_2021_2022,True,True
206601,2022-06-21,97.0,411.0,60,events__1cd1add519b11c7d74bdc216,2022,FL,Coastal Plains,78,1,1,1,1,2022-05-11,63.8,True,41.0,9,True,True,True,True,True,True,True,True,USGS_release_2021_2022,True,True
207183,2024-03-05,120.0,1371.0,60,events__e0d163a24ec7e2465b8b210f,2024,FL,Coastal Plains,59,0,0,0,0,2023-12-05,44.0,True,91.0,9,True,True,True,False,False,False,False,True,WQP_live_2023_2025,False,False
207183,2025-03-04,120.0,364.0,60,events__3f423ebd1cb7f9865dc73796,2025,FL,Coastal Plains,63,0,0,0,0,2024-12-11,40.0,True,83.0,9,True,True,True,False,False,False,False,True,WQP_live_2023_2025,False,True
207183,2025-09-09,83.0,189.0,60,events__81b3d6e4d6380b95ccf971d2,2025,FL,Coastal Plains,65,0,0,0,0,2025-06-03,43.0,True,98.0,9,True,True,True,False,False,False,False,True,WQP_live_2023_2025,False,False
207514,2021-07-17,84.0,276.0,60,events__1d29491095e6e8938bbb7e7f,2021,FL,Coastal Plains,26,0,0,0,0,2020-10-14,79.0,False,276.0,8,True,True,True,False,False,False,False,False,USGS_release_2021_2022,False,False
207514,2021-10-11,75.0,86.0,60,events__3cab13eb19cfffec6cbb99f3,2021,FL,Coastal Plains,28,1,1,1,1,2021-08-19,64.0,True,53.0,4,True,True,False,True,True,True,True,True,USGS_release_2021_2022,True,True
207514,2024-02-13,95.0,855.0,60,events__11d11ef7b86f7ada7a699f45,2024,FL,Coastal Plains,30,0,0,0,0,2021-11-09,70.0,True,826.0,9,True,True,True,False,False,False,False,True,WQP_live_2023_2025,False,False
207514,2024-04-15,98.0,62.0,60,events__187553b7468c1aa61b78f8df,2024,FL,Coastal Plains,31,0,0,0,0,2024-02-13,95.0,False,62.0,1,True,True,False,False,False,False,False,False,WQP_live_2023_2025,False,False
207559,2025-09-15,78.7,3953.0,60,events__92dcf7b77618f20a6ae62c85,2025,FL,Coastal Plains,91,0,0,0,0,2025-06-12,68.6,True,95.0,9,True,True,True,False,False,False,False,True,WQP_live_2023_2025,False,False
207734,2021-07-15,170.0,784.0,60,events__3857ef0fdd1057f42364e557,2021,FL,Coastal Plains,14,0,0,0,0,2019-05-23,160.0,False,784.0,9,True,True,True,False,False,False,False,False,USGS_release_2021_2022,False,False
207734,2023-01-26,140.0,560.0,60,events__02d381cfa2d7225e9bd39d49,2023,FL,Coastal Plains,15,0,0,0,0,2021-07-15,170.0,False,560.0,9,True,True,True,False,False,False,False,False,WQP_live_2023_2025,False,False
207734,2023-05-15,220.0,62.0,60,events__2ef1d4b96a29513ce801b15a,2023,FL,Coastal Plains,17,0,0,0,0,2023-03-14,220.0,False,62.0,1,True,True,False,False,False,False,False,False,WQP_live_2023_2025,False,False
207734,2023-12-21,93.0,220.0,60,events__474e5a040c5afc74c8c62906,2023,FL,Coastal Plains,19,0,0,0,0,2023-10-17,59.0,True,65.0,9,True,True,True,False,False,False,False,True,WQP_live_2023_2025,False,True
207734,2025-02-13,140.0,331.0,60,events__b6a88abcd9fc8aed8a76e2b1,2025,FL,Coastal Plains,25,0,0,0,0,2024-09-04,55.0,True,162.0,9,True,True,True,False,False,False,False,True,WQP_live_2023_2025,False,False
207924,2022-04-14,79.0,944.0,60,events__b592fa80b6c91a5964c58e0f,2022,FL,Coastal Plains,47,1,1,1,1,2022-02-17,32.0,True,56.0,9,True,True,True,True,True,True,True,True,USGS_release_2021_2022,True,True
208034,2025-05-19,100.0,,60,events__4d5cb3eb4846eab3c80626c7,2025,FL,Coastal Plains,200,1,1,1,1,2025-04-15,10.7,True,34.0,9,True,True,True,True,True,True,True,True,WQP_live_2023_2025,True,True
208206,2021-02-27,193.5,1300.0,60,events__38ca578c5ed9e7d7bb1c3466,2021,FL,Coastal Plains,13,0,0,0,0,2017-09-05,47.0,True,1271.0,8,True,True,True,False,False,False,False,True,USGS_release_2021_2022,False,False
208206,2021-09-18,77.5,126.0,60,events__a57eeb4a3a1c597af7a3d1dc,2021,FL,Coastal Plains,19,1,1,0,0,2021-08-21,47.5,True,28.0,8,True,True,True,True,True,False,False,True,USGS_release_2021_2022,True,True
208206,2022-02-18,140.0,62.0,60,events__37fdf8bd8a07358c1522c755,2022,FL,Coastal Plains,23,0,0,0,0,2021-12-18,161.5,False,62.0,0,False,False,False,False,False,False,False,False,USGS_release_2021_2022,False,False
208206,2022-10-21,94.5,150.0,60,events__45e85aae5b74130febea1057,2022,FL,Coastal Plains,31,1,1,1,1,2022-09-11,60.0,True,40.0,8,True,True,True,True,True,True,True,True,USGS_release_2021_2022,True,True
208206,2023-01-18,166.0,89.0,60,events__ba11ddafddadb37da31e32ba,2023,FL,Coastal Plains,32,0,0,0,0,2022-10-21,94.5,False,89.0,4,True,True,False,False,False,False,False,False,WQP_live_2023_2025,False,False
208206,2023-12-21,89.0,99.0,60,events__2a3c77ea2dbc532065083059,2023,FL,Coastal Plains,46,2,2,1,1,2023-12-05,26.0,True,16.0,5,True,True,True,True,True,True,True,True,WQP_live_2023_2025,True,True
208206,2024-08-29,79.0,74.0,60,events__0c26263b239ec0909fda9e80,2024,FL,Coastal Plains,56,1,1,0,0,2024-08-19,71.0,True,10.0,2,True,True,False,True,True,False,False,True,WQP_live_2023_2025,True,True
208206,2024-12-11,113.5,104.0,60,events__43abdb378d76499381b5edec,2024,FL,Coastal Plains,61,2,2,2,2,2024-10-29,66.0,True,43.0,6,True,True,True,True,True,True,True,True,WQP_live_2023_2025,True,True
208206,2025-09-09,78.0,77.0,60,events__4e984cdf57dd2df878586e71,2025,FL,Coastal Plains,72,1,1,0,0,2025-08-19,69.0,True,21.0,3,True,True,False,True,True,False,False,True,WQP_live_2023_2025,True,True
208737,2021-03-01,161.0,119.0,60,events__34b9a20a15405ab25a7c6aca,2021,FL,Coastal Plains,105,0,0,0,0,2020-11-02,155.0,False,119.0,9,True,True,True,False,False,False,False,False,USGS_release_2021_2022,False,False
208737,2021-06-01,388.0,92.0,60,events__4b763e6ef659c0af24efa281,2021,FL,Coastal Plains,106,0,0,0,0,2021-03-01,161.0,False,92.0,5,True,True,False,False,False,False,False,False,USGS_release_2021_2022,False,False
208737,2021-09-07,122.0,98.0,60,events__26d821e54d9424ce9c40a78e,2021,FL,Coastal Plains,107,0,0,0,0,2021-06-01,388.0,False,98.0,6,True,True,True,False,False,False,False,False,USGS_release_2021_2022,False,False
208737,2021-12-01,131.0,85.0,60,events__f3498369623824bd984fca35,2021,FL,Coastal Plains,108,0,0,0,0,2021-09-07,122.0,False,85.0,4,True,True,False,False,False,False,False,False,USGS_release_2021_2022,False,False
208737,2022-02-10,117.0,71.0,60,events__70af8a7e713b5702c1245b8c,2022,FL,Coastal Plains,109,0,0,0,0,2021-12-01,131.0,False,71.0,1,True,True,False,False,False,False,False,False,USGS_release_2021_2022,False,False
208737,2022-05-02,196.0,81.0,60,events__a2854ca3cd9119570a5f3368,2022,FL,Coastal Plains,110,0,0,0,0,2022-02-10,117.0,False,81.0,3,True,True,False,False,False,False,False,False,USGS_release_2021_2022,False,False
208737,2022-08-01,125.0,91.0,60,events__0755c9ec32dbd9087a97c26c,2022,FL,Coastal Plains,111,0,0,0,0,2022-05-02,196.0,False,91.0,5,True,True,False,False,False,False,False,False,USGS_release_2021_2022,False,False
208737,2022-11-28,179.0,119.0,60,events__b1d4c8b96da30941ac175c5f,2022,FL,Coastal Plains,112,0,0,0,0,2022-08-01,125.0,False,119.0,9,True,True,True,False,False,False,False,False,USGS_release_2021_2022,False,False
208737,2023-03-14,160.0,106.0,60,events__648640571a7044b8ace413ee,2023,FL,Coastal Plains,113,0,0,0,0,2022-11-28,179.0,False,106.0,7,True,True,True,False,False,False,False,False,WQP_live_2023_2025,False,False
208737,2023-06-14,120.0,92.0,60,events__c6bfb9368d87089e9b4a34e1,2023,FL,Coastal Plains,114,0,0,0,0,2023-03-14,160.0,False,92.0,5,True,True,True,False,False,False,False,False,WQP_live_2023_2025,False,False
208737,2024-03-18,172.0,278.0,60,events__fc66932f0f784ac5e982e7b7,2024,FL,Coastal Plains,117,0,0,0,0,2023-12-07,41.7,True,102.0,9,True,True,True,False,False,False,False,True,WQP_live_2023_2025,False,False
208737,2024-06-19,138.0,93.0,60,events__bc46dda4e5fc14535b5ee77e,2024,FL,Coastal Plains,118,0,0,0,0,2024-03-18,172.0,False,93.0,5,True,True,True,False,False,False,False,False,WQP_live_2023_2025,False,False
208737,2024-09-11,88.1,84.0,60,events__5abce9f3a888b1b65c9c20ab,2024,FL,Coastal Plains,119,0,0,0,0,2024-06-19,138.0,False,84.0,3,True,True,False,False,False,False,False,False,WQP_live_2023_2025,False,False
208737,2024-12-17,158.0,97.0,60,events__21046d557697882cd78a53f7,2024,FL,Coastal Plains,120,0,0,0,0,2024-09-11,88.1,False,97.0,5,True,True,False,False,False,False,False,False,WQP_live_2023_2025,False,False
208737,2025-03-13,102.0,86.0,60,events__3357d82d47d462206ccb340e,2025,FL,Coastal Plains,121,0,0,0,0,2024-12-17,158.0,False,86.0,4,True,True,False,False,False,False,False,False,WQP_live_2023_2025,False,False
208737,2025-06-19,112.0,98.0,60,events__f052d288675f1a232ddf6073,2025,FL,Coastal Plains,122,0,0,0,0,2025-03-13,102.0,False,98.0,5,True,True,True,False,False,False,False,False,WQP_live_2023_2025,False,False
208737,2025-09-09,104.0,82.0,60,events__3ab3297f52a508301db769ab,2025,FL,Coastal Plains,123,0,0,0,0,2025-06-19,112.0,False,82.0,3,True,True,False,False,False,False,False,False,WQP_live_2023_2025,False,False
208928,2023-07-19,87.0,,60,events__cc753259d0297ac2703ac16a,2023,FL,Coastal Plains,90,3,3,1,1,2023-07-18,71.3,True,1.0,9,True,True,True,True,True,True,True,True,WQP_live_2023_2025,True,True
209069,2023-02-22,144.3,2638.0,60,events__6fd03baa0842a7c79388bc7d,2023,FL,Coastal Plains,39,1,1,0,0,2023-01-28,26.0,True,25.0,9,True,True,True,True,True,False,False,True,WQP_live_2023_2025,True,True
209587,2021-08-25,112.4,63.0,60,events__f49a08f9df0166b9bc4f03ea,2021,FL,Coastal Plains,193,1,1,0,0,2021-07-28,35.2,True,28.0,0,False,False,False,True,True,False,False,True,USGS_release_2021_2022,True,True
209587,2025-04-23,114.2,63.0,60,events__0cbd5af46890c99b7b766414,2025,FL,Coastal Plains,261,1,1,0,0,2025-03-24,46.4,True,30.0,0,False,False,False,True,True,False,False,True,WQP_live_2023_2025,True,True
209627,2024-04-08,76.0,,60,events__227c0316c3101ffe0c867728,2024,FL,Coastal Plains,20,3,3,2,2,2024-03-21,34.0,True,18.0,9,True,True,True,True,True,True,True,True,WQP_live_2023_2025,True,True
210190,2021-06-08,269.0,,60,events__a099c758e20d5dcbb410cdb3,2021,FL,Coastal Plains,26,0,0,0,0,2021-03-08,2.81,True,92.0,9,True,True,True,False,False,False,False,True,USGS_release_2021_2022,False,False
210507,2023-03-24,100.0,,60,events__e90e2a67c81c3e232c0c9f32,2023,FL,Coastal Plains,15,2,2,2,2,2023-02-15,26.0,True,37.0,8,True,True,True,True,True,True,True,True,WQP_live_2023_2025,True,True
210703,2021-06-28,300.0,2049.0,60,events__c155c2e7caaa6f31f83ebb15,2021,FL,Coastal Plains,25,0,0,0,0,2020-10-02,7.0,True,269.0,9,True,True,True,False,False,False,False,True,USGS_release_2021_2022,False,False
210779,2024-03-05,180.0,2043.0,60,events__f4df429f5181f92e88e1b456,2024,FL,Coastal Plains,5,0,0,0,0,2023-12-05,74.0,True,91.0,9,True,True,True,False,False,False,False,True,WQP_live_2023_2025,False,False
210779,2025-06-03,270.0,364.0,60,events__238aed6b3b9288052698a437,2025,FL,Coastal Plains,11,0,0,0,0,2025-03-04,74.0,True,91.0,9,True,True,True,False,False,False,False,True,WQP_live_2023_2025,False,False
210779,2025-09-09,83.0,98.0,60,events__6621b794aa325ac371615adc,2025,FL,Coastal Plains,12,0,0,0,0,2025-06-03,270.0,False,98.0,6,True,True,True,False,False,False,False,False,WQP_live_2023_2025,False,False
211861,2021-05-30,137.0,186.0,60,events__f4faf004302ba36fd73baa7d,2021,FL,Coastal Plains,10,0,0,0,0,2020-11-25,81.0,False,186.0,8,True,True,True,False,False,False,False,False,USGS_release_2021_2022,False,False
211861,2021-08-11,122.0,73.0,60,events__917e2b719665f8d7661123ab,2021,FL,Coastal Plains,11,0,0,0,0,2021-05-30,137.0,False,73.0,2,True,True,False,False,False,False,False,False,USGS_release_2021_2022,False,False
211861,2021-10-27,81.0,77.0,60,events__bc21ecca4daa87491bf84208,2021,FL,Coastal Plains,12,0,0,0,0,2021-08-11,122.0,False,77.0,2,True,True,False,False,False,False,False,False,USGS_release_2021_2022,False,False
211861,2022-10-04,94.0,342.0,60,events__70d2eb7236d5ada581259d47,2022,FL,Coastal Plains,13,0,0,0,0,2021-10-27,81.0,False,342.0,9,True,True,True,False,False,False,False,False,USGS_release_2021_2022,False,False
211861,2023-05-19,79.0,227.0,60,events__4f3aa6e613dba9524de5319b,2023,FL,Coastal Plains,14,0,0,0,0,2022-10-04,94.0,False,227.0,8,True,True,True,False,False,False,False,False,WQP_live_2023_2025,False,False
211861,2023-12-30,120.0,225.0,60,events__a25faefdd8444e59f3ffeb2f,2023,FL,Coastal Plains,19,1,1,0,0,2023-12-05,9.6,True,25.0,8,True,True,True,True,True,False,False,True,WQP_live_2023_2025,True,True
211861,2024-06-04,96.0,84.0,60,events__79d34991d354c54fef070c26,2024,FL,Coastal Plains,23,0,0,0,0,2024-03-12,140.0,False,84.0,4,True,True,False,False,False,False,False,False,WQP_live_2023_2025,False,False
211861,2025-06-03,120.0,364.0,60,events__21d01b8d5c7b3721750ad7b7,2025,FL,Coastal Plains,31,0,0,0,0,2025-03-04,32.0,True,91.0,9,True,True,True,False,False,False,False,True,WQP_live_2023_2025,False,False
211861,2025-09-09,77.0,98.0,60,events__096b9cc0dfba8b41cca6004a,2025,FL,Coastal Plains,32,0,0,0,0,2025-06-03,120.0,False,98.0,6,True,True,True,False,False,False,False,False,WQP_live_2023_2025,False,False
216510,2021-09-20,140.0,2400.0,60,events__7c2c611a2c5e47d7211e5141,2021,FL,Coastal Plains,44,2,2,1,1,2021-08-28,10.0,True,23.0,9,True,True,True,True,True,True,True,True,USGS_release_2021_2022,True,True
216510,2025-06-03,124.0,1352.0,60,events__eff81307cadb92a50c868a07,2025,FL,Coastal Plains,67,0,0,0,0,2023-11-29,2.0,True,552.0,9,True,True,True,False,False,False,False,True,WQP_live_2023_2025,False,False
220067,2023-06-14,247.5090166,1401.0,60,events__7d30813aeb077b40d8726544,2023,FL,Coastal Plains,28,0,0,0,0,2023-03-22,16.821000892203,True,84.0,9,True,True,True,False,False,False,False,True,WQP_live_2023_2025,False,True
220067,2024-06-27,99.0,379.0,60,events__e1414100f88887aca7628a74,2024,FL,Coastal Plains,35,1,1,0,0,2024-06-13,60.25300239562,True,14.0,9,True,True,True,True,True,False,False,True,WQP_live_2023_2025,True,True
220067,2025-03-27,87.0,248.0,60,events__f3e15cd32205fe3c96695924,2025,FL,Coastal Plains,40,0,0,0,0,2024-10-30,64.0,True,148.0,9,True,True,True,False,False,False,False,True,WQP_live_2023_2025,False,False
221339,2021-06-08,88.1,726.0,60,events__a68dfb19d00dc9726c2f4897,2021,FL,Coastal Plains,63,0,0,0,0,2021-03-27,6.4,True,73.0,9,True,True,True,False,False,False,False,True,USGS_release_2021_2022,False,True
221339,2024-04-03,100.0,1030.0,60,events__88ddca84d72f6d76080a6607,2024,FL,Coastal Plains,69,0,0,0,0,2024-01-16,53.0,True,78.0,9,True,True,True,False,False,False,False,True,WQP_live_2023_2025,False,True
221339,2024-06-06,110.0,64.0,60,events__861422b802633328fb0678e8,2024,FL,Coastal Plains,70,0,0,0,0,2024-04-03,100.0,False,64.0,0,False,False,False,False,False,False,False,False,WQP_live_2023_2025,False,False
221426,2024-09-18,170.0,,60,events__e850d1edcac23cf412c8e8d5,2024,FL,Coastal Plains,44,1,1,0,0,2024-09-05,16.0,True,13.0,9,True,True,True,True,True,False,False,True,WQP_live_2023_2025,True,True
221426,2025-06-25,120.0,265.0,60,events__12e25a59e4e48ec4c4ce79f3,2025,FL,Coastal Plains,50,1,1,0,0,2025-05-28,29.0,True,28.0,9,True,True,True,True,True,False,False,True,WQP_live_2023_2025,True,True
222849,2023-09-28,110.0,,60,events__d9bf205b841cf28d96a055cf,2023,FL,Coastal Plains,45,1,1,0,0,2023-09-18,6.7,True,10.0,9,True,True,True,True,True,False,False,True,WQP_live_2023_2025,True,True
223190,2023-06-28,330.0,,60,events__57de43d0b43a7f4bb4c18a38,2023,FL,Coastal Plains,0,0,0,0,0,,,False,,9,True,True,True,False,False,False,False,False,WQP_live_2023_2025,False,False
223190,2023-09-07,160.0,71.0,60,events__e1dfa90bf3b22c1fffe7efdb,2023,FL,Coastal Plains,1,0,0,0,0,2023-06-28,330.0,False,71.0,1,True,True,False,False,False,False,False,False,WQP_live_2023_2025,False,False
339022,2022-09-06,75.0,,60,events__b2995b2de2a456820a841c8f,2022,ND,Northern Plains,17,4,4,2,2,2022-08-23,67.2,True,14.0,9,True,True,True,True,True,True,True,True,USGS_release_2021_2022,True,True
339022,2024-07-10,77.5,673.0,60,events__3e1e4d91f55636c84a4a382c,2024,ND,Northern Plains,29,3,3,2,2,2024-06-25,18.2,True,15.0,9,True,True,True,True,True,True,True,True,WQP_live_2023_2025,True,True
341692,2023-07-26,77.4,,60,events__ca53cffb16c22e1a671dd5e0,2023,ND,Northern Plains,5,1,1,0,0,2023-06-29,28.7,True,27.0,9,True,True,True,True,True,False,False,True,WQP_live_2023_2025,True,True
361919,2023-06-08,117.596,1388.0,60,events__f72434eac32fb5f335604b4c,2023,NE,Temporate Plains,36,1,1,1,1,2023-05-04,36.174,True,35.0,9,True,True,True,True,True,True,True,True,WQP_live_2023_2025,True,True
364854,2023-09-20,128.377,,60,events__d3819b59803c236ce0a81836,2023,NE,Southern Plains,4,1,1,1,1,2023-08-15,63.658,True,36.0,9,True,True,True,True,True,True,True,True,WQP_live_2023_2025,True,True
364854,2024-06-11,104.803,265.0,60,events__6f41303e9a727700561a8cbf,2024,NE,Southern Plains,6,1,1,0,0,2024-05-22,26.87,True,20.0,9,True,True,True,True,True,False,False,True,WQP_live_2023_2025,True,True
366991,2023-05-10,95.597,966.0,60,events__a084ca7feb63068ed6a0f5b7,2023,NE,Temporate Plains,40,0,0,0,0,2020-09-16,76.51,False,966.0,9,True,True,True,False,False,False,False,False,WQP_live_2023_2025,False,False
366991,2023-09-13,89.09,126.0,60,events__f66a65dc328c09fa745b0ad4,2023,NE,Temporate Plains,44,1,1,0,0,2023-08-16,58.348,True,28.0,9,True,True,True,True,True,False,False,True,WQP_live_2023_2025,True,True
367519,2023-06-07,88.076,2093.0,60,events__3ef46bd00fc6df46bf7ca9d3,2023,NE,Temporate Plains,31,1,1,0,0,2023-05-10,7.076,True,28.0,9,True,True,True,True,True,False,False,True,WQP_live_2023_2025,True,True
367519,2024-07-10,90.38,329.0,60,events__97f969baf617c1d0ddf11169,2024,NE,Temporate Plains,37,2,2,1,1,2024-06-12,69.067,True,28.0,9,True,True,True,True,True,True,True,True,WQP_live_2023_2025,True,True
369331,2022-06-28,77.925,2493.0,60,events__cd66e9135576d79aea065c0a,2022,KS,Temporate Plains,14,0,0,0,0,2021-09-08,20.1,True,293.0,9,True,True,True,False,False,False,False,True,USGS_release_2021_2022,False,False
373899,2023-07-06,98.325,1794.0,60,events__f9ce3d43ce75372337eaeb43,2023,NE,Temporate Plains,55,1,1,1,1,2023-06-01,14.542,True,35.0,9,True,True,True,True,True,True,True,True,WQP_live_2023_2025,True,True
373899,2024-06-04,680.477,273.0,60,events__68afaed6a1c383b374d3c607,2024,NE,Temporate Plains,59,1,1,1,1,2024-05-02,6.084,True,33.0,9,True,True,True,True,True,True,True,True,WQP_live_2023_2025,True,True
451829,2022-09-28,141.0,,60,events__dfa0e17fd7b864c71bfcef45,2022,CO,Western Mountains,1,1,1,1,1,2022-08-17,5.4,True,42.0,9,True,True,True,True,True,True,True,True,USGS_release_2021_2022,True,True
