panel,policy,display_name,observation_id,value,ecdf,denominator_n,metric,candidate_lake_n,origin_n,adjacent_pair_n,total_selection_slots,unique_selected_lakes,unique_lake_reach_percent,repeat_selection_median,repeat_selection_lower_quartile,repeat_selection_upper_quartile,repeat_selection_mean,jaccard_mean,jaccard_median,jaccard_lower_quartile,jaccard_upper_quartile,jaccard_turnover_mean
a,multi_horizon,Multi-horizon,2021-03-21,0.2059447983014862,0.007751937984496124,129,jaccard_overlap,2844,130,129,36631,1538,54.07876230661041,11.0,3.0,37.0,23.817295188556567,0.5129165200645733,0.5227882037533512,0.4601542416452442,0.5647382920110193,0.4870834799354266
a,multi_horizon,Multi-horizon,2025-02-02,0.3057471264367816,0.015503875968992248,129,jaccard_overlap,2844,130,129,36631,1538,54.07876230661041,11.0,3.0,37.0,23.817295188556567,0.5129165200645733,0.5227882037533512,0.4601542416452442,0.5647382920110193,0.4870834799354266
a,multi_horizon,Multi-horizon,2024-11-10,0.3117505995203837,0.023255813953488372,129,jaccard_overlap,2844,130,129,36631,1538,54.07876230661041,11.0,3.0,37.0,23.817295188556567,0.5129165200645733,0.5227882037533512,0.4601542416452442,0.5647382920110193,0.4870834799354266
a,multi_horizon,Multi-horizon,2023-04-16,0.3255269320843091,0.031007751937984496,129,jaccard_overlap,2844,130,129,36631,1538,54.07876230661041,11.0,3.0,37.0,23.817295188556567,0.5129165200645733,0.5227882037533512,0.4601542416452442,0.5647382920110193,0.4870834799354266
a,multi_horizon,Multi-horizon,2022-02-20,0.3271028037383177,0.03875968992248062,129,jaccard_overlap,2844,130,129,36631,1538,54.07876230661041,11.0,3.0,37.0,23.817295188556567,0.5129165200645733,0.5227882037533512,0.4601542416452442,0.5647382920110193,0.4870834799354266
a,multi_horizon,Multi-horizon,2022-12-11,0.3491686460807601,0.046511627906976744,129,jaccard_overlap,2844,130,129,36631,1538,54.07876230661041,11.0,3.0,37.0,23.817295188556567,0.5129165200645733,0.5227882037533512,0.4601542416452442,0.5647382920110193,0.4870834799354266
a,multi_horizon,Multi-horizon,2022-03-06,0.3786407766990291,0.05426356589147287,129,jaccard_overlap,2844,130,129,36631,1538,54.07876230661041,11.0,3.0,37.0,23.817295188556567,0.5129165200645733,0.5227882037533512,0.4601542416452442,0.5647382920110193,0.4870834799354266
a,multi_horizon,Multi-horizon,2022-02-06,0.3819951338199513,0.06201550387596899,129,jaccard_overlap,2844,130,129,36631,1538,54.07876230661041,11.0,3.0,37.0,23.817295188556567,0.5129165200645733,0.5227882037533512,0.4601542416452442,0.5647382920110193,0.4870834799354266
a,multi_horizon,Multi-horizon,2022-05-01,0.3819951338199513,0.06976744186046512,129,jaccard_overlap,2844,130,129,36631,1538,54.07876230661041,11.0,3.0,37.0,23.817295188556567,0.5129165200645733,0.5227882037533512,0.4601542416452442,0.5647382920110193,0.4870834799354266
a,multi_horizon,Multi-horizon,2024-03-03,0.3819951338199513,0.07751937984496124,129,jaccard_overlap,2844,130,129,36631,1538,54.07876230661041,11.0,3.0,37.0,23.817295188556567,0.5129165200645733,0.5227882037533512,0.4601542416452442,0.5647382920110193,0.4870834799354266
a,multi_horizon,Multi-horizon,2021-05-30,0.3887530562347188,0.08527131782945736,129,jaccard_overlap,2844,130,129,36631,1538,54.07876230661041,11.0,3.0,37.0,23.817295188556567,0.5129165200645733,0.5227882037533512,0.4601542416452442,0.5647382920110193,0.4870834799354266
a,multi_horizon,Multi-horizon,2023-05-28,0.3916256157635468,0.09302325581395349,129,jaccard_overlap,2844,130,129,36631,1538,54.07876230661041,11.0,3.0,37.0,23.817295188556567,0.5129165200645733,0.5227882037533512,0.4601542416452442,0.5647382920110193,0.4870834799354266
a,multi_horizon,Multi-horizon,2021-05-16,0.3990147783251231,0.10077519379844961,129,jaccard_overlap,2844,130,129,36631,1538,54.07876230661041,11.0,3.0,37.0,23.817295188556567,0.5129165200645733,0.5227882037533512,0.4601542416452442,0.5647382920110193,0.4870834799354266
a,multi_horizon,Multi-horizon,2022-03-20,0.3990147783251231,0.10852713178294573,129,jaccard_overlap,2844,130,129,36631,1538,54.07876230661041,11.0,3.0,37.0,23.817295188556567,0.5129165200645733,0.5227882037533512,0.4601542416452442,0.5647382920110193,0.4870834799354266
a,multi_horizon,Multi-horizon,2025-06-22,0.400990099009901,0.11627906976744186,129,jaccard_overlap,2844,130,129,36631,1538,54.07876230661041,11.0,3.0,37.0,23.817295188556567,0.5129165200645733,0.5227882037533512,0.4601542416452442,0.5647382920110193,0.4870834799354266
a,multi_horizon,Multi-horizon,2024-02-04,0.4164588528678304,0.12403100775193798,129,jaccard_overlap,2844,130,129,36631,1538,54.07876230661041,11.0,3.0,37.0,23.817295188556567,0.5129165200645733,0.5227882037533512,0.4601542416452442,0.5647382920110193,0.4870834799354266
a,multi_horizon,Multi-horizon,2025-03-02,0.4235588972431077,0.13178294573643412,129,jaccard_overlap,2844,130,129,36631,1538,54.07876230661041,11.0,3.0,37.0,23.817295188556567,0.5129165200645733,0.5227882037533512,0.4601542416452442,0.5647382920110193,0.4870834799354266
a,multi_horizon,Multi-horizon,2024-12-08,0.4300254452926209,0.13953488372093023,129,jaccard_overlap,2844,130,129,36631,1538,54.07876230661041,11.0,3.0,37.0,23.817295188556567,0.5129165200645733,0.5227882037533512,0.4601542416452442,0.5647382920110193,0.4870834799354266
a,multi_horizon,Multi-horizon,2024-09-29,0.4338624338624338,0.14728682170542637,129,jaccard_overlap,2844,130,129,36631,1538,54.07876230661041,11.0,3.0,37.0,23.817295188556567,0.5129165200645733,0.5227882037533512,0.4601542416452442,0.5647382920110193,0.4870834799354266
a,multi_horizon,Multi-horizon,2024-11-24,0.4401041666666667,0.15503875968992248,129,jaccard_overlap,2844,130,129,36631,1538,54.07876230661041,11.0,3.0,37.0,23.817295188556567,0.5129165200645733,0.5227882037533512,0.4601542416452442,0.5647382920110193,0.4870834799354266
a,multi_horizon,Multi-horizon,2025-05-25,0.4464285714285714,0.16279069767441862,129,jaccard_overlap,2844,130,129,36631,1538,54.07876230661041,11.0,3.0,37.0,23.817295188556567,0.5129165200645733,0.5227882037533512,0.4601542416452442,0.5647382920110193,0.4870834799354266
a,multi_horizon,Multi-horizon,2024-06-09,0.4473007712082262,0.17054263565891473,129,jaccard_overlap,2844,130,129,36631,1538,54.07876230661041,11.0,3.0,37.0,23.817295188556567,0.5129165200645733,0.5227882037533512,0.4601542416452442,0.5647382920110193,0.4870834799354266
a,multi_horizon,Multi-horizon,2025-07-20,0.4473007712082262,0.17829457364341086,129,jaccard_overlap,2844,130,129,36631,1538,54.07876230661041,11.0,3.0,37.0,23.817295188556567,0.5129165200645733,0.5227882037533512,0.4601542416452442,0.5647382920110193,0.4870834799354266
a,multi_horizon,Multi-horizon,2025-06-08,0.4501278772378516,0.18604651162790697,129,jaccard_overlap,2844,130,129,36631,1538,54.07876230661041,11.0,3.0,37.0,23.817295188556567,0.5129165200645733,0.5227882037533512,0.4601542416452442,0.5647382920110193,0.4870834799354266
a,multi_horizon,Multi-horizon,2023-06-25,0.4510309278350515,0.1937984496124031,129,jaccard_overlap,2844,130,129,36631,1538,54.07876230661041,11.0,3.0,37.0,23.817295188556567,0.5129165200645733,0.5227882037533512,0.4601542416452442,0.5647382920110193,0.4870834799354266
a,multi_horizon,Multi-horizon,2021-02-21,0.4526854219948849,0.20155038759689922,129,jaccard_overlap,2844,130,129,36631,1538,54.07876230661041,11.0,3.0,37.0,23.817295188556567,0.5129165200645733,0.5227882037533512,0.4601542416452442,0.5647382920110193,0.4870834799354266
a,multi_horizon,Multi-horizon,2025-03-16,0.4526854219948849,0.20930232558139536,129,jaccard_overlap,2844,130,129,36631,1538,54.07876230661041,11.0,3.0,37.0,23.817295188556567,0.5129165200645733,0.5227882037533512,0.4601542416452442,0.5647382920110193,0.4870834799354266
a,multi_horizon,Multi-horizon,2021-06-13,0.4538461538461538,0.21705426356589147,129,jaccard_overlap,2844,130,129,36631,1538,54.07876230661041,11.0,3.0,37.0,23.817295188556567,0.5129165200645733,0.5227882037533512,0.4601542416452442,0.5647382920110193,0.4870834799354266
a,multi_horizon,Multi-horizon,2024-04-28,0.455012853470437,0.2248062015503876,129,jaccard_overlap,2844,130,129,36631,1538,54.07876230661041,11.0,3.0,37.0,23.817295188556567,0.5129165200645733,0.5227882037533512,0.4601542416452442,0.5647382920110193,0.4870834799354266
a,multi_horizon,Multi-horizon,2025-04-13,0.4564102564102564,0.23255813953488372,129,jaccard_overlap,2844,130,129,36631,1538,54.07876230661041,11.0,3.0,37.0,23.817295188556567,0.5129165200645733,0.5227882037533512,0.4601542416452442,0.5647382920110193,0.4870834799354266
a,multi_horizon,Multi-horizon,2021-04-18,0.4601542416452442,0.24031007751937986,129,jaccard_overlap,2844,130,129,36631,1538,54.07876230661041,11.0,3.0,37.0,23.817295188556567,0.5129165200645733,0.5227882037533512,0.4601542416452442,0.5647382920110193,0.4870834799354266
a,multi_horizon,Multi-horizon,2021-12-26,0.4601542416452442,0.24806201550387597,129,jaccard_overlap,2844,130,129,36631,1538,54.07876230661041,11.0,3.0,37.0,23.817295188556567,0.5129165200645733,0.5227882037533512,0.4601542416452442,0.5647382920110193,0.4870834799354266
a,multi_horizon,Multi-horizon,2025-01-19,0.4601542416452442,0.2558139534883721,129,jaccard_overlap,2844,130,129,36631,1538,54.07876230661041,11.0,3.0,37.0,23.817295188556567,0.5129165200645733,0.5227882037533512,0.4601542416452442,0.5647382920110193,0.4870834799354266
a,multi_horizon,Multi-horizon,2024-09-01,0.4677419354838709,0.26356589147286824,129,jaccard_overlap,2844,130,129,36631,1538,54.07876230661041,11.0,3.0,37.0,23.817295188556567,0.5129165200645733,0.5227882037533512,0.4601542416452442,0.5647382920110193,0.4870834799354266
a,multi_horizon,Multi-horizon,2021-04-04,0.4753246753246753,0.2713178294573643,129,jaccard_overlap,2844,130,129,36631,1538,54.07876230661041,11.0,3.0,37.0,23.817295188556567,0.5129165200645733,0.5227882037533512,0.4601542416452442,0.5647382920110193,0.4870834799354266
a,multi_horizon,Multi-horizon,2022-04-17,0.4791666666666667,0.27906976744186046,129,jaccard_overlap,2844,130,129,36631,1538,54.07876230661041,11.0,3.0,37.0,23.817295188556567,0.5129165200645733,0.5227882037533512,0.4601542416452442,0.5647382920110193,0.4870834799354266
a,multi_horizon,Multi-horizon,2024-02-18,0.4791666666666667,0.2868217054263566,129,jaccard_overlap,2844,130,129,36631,1538,54.07876230661041,11.0,3.0,37.0,23.817295188556567,0.5129165200645733,0.5227882037533512,0.4601542416452442,0.5647382920110193,0.4870834799354266
a,multi_horizon,Multi-horizon,2022-06-26,0.4804177545691906,0.29457364341085274,129,jaccard_overlap,2844,130,129,36631,1538,54.07876230661041,11.0,3.0,37.0,23.817295188556567,0.5129165200645733,0.5227882037533512,0.4601542416452442,0.5647382920110193,0.4870834799354266
a,multi_horizon,Multi-horizon,2023-05-14,0.4804177545691906,0.3023255813953488,129,jaccard_overlap,2844,130,129,36631,1538,54.07876230661041,11.0,3.0,37.0,23.817295188556567,0.5129165200645733,0.5227882037533512,0.4601542416452442,0.5647382920110193,0.4870834799354266
a,multi_horizon,Multi-horizon,2022-12-25,0.4817708333333333,0.31007751937984496,129,jaccard_overlap,2844,130,129,36631,1538,54.07876230661041,11.0,3.0,37.0,23.817295188556567,0.5129165200645733,0.5227882037533512,0.4601542416452442,0.5647382920110193,0.4870834799354266
a,multi_horizon,Multi-horizon,2022-01-23,0.4830287206266319,0.3178294573643411,129,jaccard_overlap,2844,130,129,36631,1538,54.07876230661041,11.0,3.0,37.0,23.817295188556567,0.5129165200645733,0.5227882037533512,0.4601542416452442,0.5647382920110193,0.4870834799354266
a,multi_horizon,Multi-horizon,2023-03-19,0.4842931937172774,0.32558139534883723,129,jaccard_overlap,2844,130,129,36631,1538,54.07876230661041,11.0,3.0,37.0,23.817295188556567,0.5129165200645733,0.5227882037533512,0.4601542416452442,0.5647382920110193,0.4870834799354266
a,multi_horizon,Multi-horizon,2023-04-02,0.4855643044619422,0.3333333333333333,129,jaccard_overlap,2844,130,129,36631,1538,54.07876230661041,11.0,3.0,37.0,23.817295188556567,0.5129165200645733,0.5227882037533512,0.4601542416452442,0.5647382920110193,0.4870834799354266
a,multi_horizon,Multi-horizon,2022-05-15,0.4869109947643979,0.34108527131782945,129,jaccard_overlap,2844,130,129,36631,1538,54.07876230661041,11.0,3.0,37.0,23.817295188556567,0.5129165200645733,0.5227882037533512,0.4601542416452442,0.5647382920110193,0.4870834799354266
a,multi_horizon,Multi-horizon,2023-06-11,0.4881266490765171,0.3488372093023256,129,jaccard_overlap,2844,130,129,36631,1538,54.07876230661041,11.0,3.0,37.0,23.817295188556567,0.5129165200645733,0.5227882037533512,0.4601542416452442,0.5647382920110193,0.4870834799354266
a,multi_horizon,Multi-horizon,2024-12-22,0.4894736842105263,0.35658914728682173,129,jaccard_overlap,2844,130,129,36631,1538,54.07876230661041,11.0,3.0,37.0,23.817295188556567,0.5129165200645733,0.5227882037533512,0.4601542416452442,0.5647382920110193,0.4870834799354266
a,multi_horizon,Multi-horizon,2025-02-16,0.4908136482939632,0.3643410852713178,129,jaccard_overlap,2844,130,129,36631,1538,54.07876230661041,11.0,3.0,37.0,23.817295188556567,0.5129165200645733,0.5227882037533512,0.4601542416452442,0.5647382920110193,0.4870834799354266
a,multi_horizon,Multi-horizon,2024-03-31,0.4921052631578947,0.37209302325581395,129,jaccard_overlap,2844,130,129,36631,1538,54.07876230661041,11.0,3.0,37.0,23.817295188556567,0.5129165200645733,0.5227882037533512,0.4601542416452442,0.5647382920110193,0.4870834799354266
a,multi_horizon,Multi-horizon,2022-11-27,0.4947368421052631,0.3798449612403101,129,jaccard_overlap,2844,130,129,36631,1538,54.07876230661041,11.0,3.0,37.0,23.817295188556567,0.5129165200645733,0.5227882037533512,0.4601542416452442,0.5647382920110193,0.4870834799354266
a,multi_horizon,Multi-horizon,2021-05-02,0.4986807387862796,0.3875968992248062,129,jaccard_overlap,2844,130,129,36631,1538,54.07876230661041,11.0,3.0,37.0,23.817295188556567,0.5129165200645733,0.5227882037533512,0.4601542416452442,0.5647382920110193,0.4870834799354266
a,multi_horizon,Multi-horizon,2024-03-17,0.5026455026455027,0.3953488372093023,129,jaccard_overlap,2844,130,129,36631,1538,54.07876230661041,11.0,3.0,37.0,23.817295188556567,0.5129165200645733,0.5227882037533512,0.4601542416452442,0.5647382920110193,0.4870834799354266
a,multi_horizon,Multi-horizon,2024-05-12,0.5026595744680851,0.40310077519379844,129,jaccard_overlap,2844,130,129,36631,1538,54.07876230661041,11.0,3.0,37.0,23.817295188556567,0.5129165200645733,0.5227882037533512,0.4601542416452442,0.5647382920110193,0.4870834799354266
a,multi_horizon,Multi-horizon,2025-12-21,0.503957783641161,0.4108527131782946,129,jaccard_overlap,2844,130,129,36631,1538,54.07876230661041,11.0,3.0,37.0,23.817295188556567,0.5129165200645733,0.5227882037533512,0.4601542416452442,0.5647382920110193,0.4870834799354266
a,multi_horizon,Multi-horizon,2023-04-30,0.5039787798408488,0.4186046511627907,129,jaccard_overlap,2844,130,129,36631,1538,54.07876230661041,11.0,3.0,37.0,23.817295188556567,0.5129165200645733,0.5227882037533512,0.4601542416452442,0.5647382920110193,0.4870834799354266
a,multi_horizon,Multi-horizon,2023-01-22,0.5052910052910053,0.4263565891472868,129,jaccard_overlap,2844,130,129,36631,1538,54.07876230661041,11.0,3.0,37.0,23.817295188556567,0.5129165200645733,0.5227882037533512,0.4601542416452442,0.5647382920110193,0.4870834799354266
a,multi_horizon,Multi-horizon,2022-01-09,0.506631299734748,0.43410852713178294,129,jaccard_overlap,2844,130,129,36631,1538,54.07876230661041,11.0,3.0,37.0,23.817295188556567,0.5129165200645733,0.5227882037533512,0.4601542416452442,0.5647382920110193,0.4870834799354266
a,multi_horizon,Multi-horizon,2022-06-12,0.506631299734748,0.4418604651162791,129,jaccard_overlap,2844,130,129,36631,1538,54.07876230661041,11.0,3.0,37.0,23.817295188556567,0.5129165200645733,0.5227882037533512,0.4601542416452442,0.5647382920110193,0.4870834799354266
a,multi_horizon,Multi-horizon,2025-04-27,0.506631299734748,0.4496124031007752,129,jaccard_overlap,2844,130,129,36631,1538,54.07876230661041,11.0,3.0,37.0,23.817295188556567,0.5129165200645733,0.5227882037533512,0.4601542416452442,0.5647382920110193,0.4870834799354266
a,multi_horizon,Multi-horizon,2023-07-09,0.5080645161290323,0.4573643410852713,129,jaccard_overlap,2844,130,129,36631,1538,54.07876230661041,11.0,3.0,37.0,23.817295188556567,0.5129165200645733,0.5227882037533512,0.4601542416452442,0.5647382920110193,0.4870834799354266
a,multi_horizon,Multi-horizon,2021-02-07,0.5173333333333333,0.46511627906976744,129,jaccard_overlap,2844,130,129,36631,1538,54.07876230661041,11.0,3.0,37.0,23.817295188556567,0.5129165200645733,0.5227882037533512,0.4601542416452442,0.5647382920110193,0.4870834799354266
a,multi_horizon,Multi-horizon,2025-08-31,0.5177111716621253,0.4728682170542636,129,jaccard_overlap,2844,130,129,36631,1538,54.07876230661041,11.0,3.0,37.0,23.817295188556567,0.5129165200645733,0.5227882037533512,0.4601542416452442,0.5647382920110193,0.4870834799354266
a,multi_horizon,Multi-horizon,2022-05-29,0.5187165775401069,0.4806201550387597,129,jaccard_overlap,2844,130,129,36631,1538,54.07876230661041,11.0,3.0,37.0,23.817295188556567,0.5129165200645733,0.5227882037533512,0.4601542416452442,0.5647382920110193,0.4870834799354266
a,multi_horizon,Multi-horizon,2023-03-05,0.5187165775401069,0.4883720930232558,129,jaccard_overlap,2844,130,129,36631,1538,54.07876230661041,11.0,3.0,37.0,23.817295188556567,0.5129165200645733,0.5227882037533512,0.4601542416452442,0.5647382920110193,0.4870834799354266
a,multi_horizon,Multi-horizon,2024-05-26,0.5202156334231806,0.49612403100775193,129,jaccard_overlap,2844,130,129,36631,1538,54.07876230661041,11.0,3.0,37.0,23.817295188556567,0.5129165200645733,0.5227882037533512,0.4601542416452442,0.5647382920110193,0.4870834799354266
a,multi_horizon,Multi-horizon,2021-03-07,0.5227882037533512,0.5038759689922481,129,jaccard_overlap,2844,130,129,36631,1538,54.07876230661041,11.0,3.0,37.0,23.817295188556567,0.5129165200645733,0.5227882037533512,0.4601542416452442,0.5647382920110193,0.4870834799354266
a,multi_horizon,Multi-horizon,2024-08-18,0.525,0.5116279069767442,129,jaccard_overlap,2844,130,129,36631,1538,54.07876230661041,11.0,3.0,37.0,23.817295188556567,0.5129165200645733,0.5227882037533512,0.4601542416452442,0.5647382920110193,0.4870834799354266
a,multi_horizon,Multi-horizon,2021-06-27,0.5297297297297298,0.5193798449612403,129,jaccard_overlap,2844,130,129,36631,1538,54.07876230661041,11.0,3.0,37.0,23.817295188556567,0.5129165200645733,0.5227882037533512,0.4601542416452442,0.5647382920110193,0.4870834799354266
a,multi_horizon,Multi-horizon,2023-02-05,0.5309973045822103,0.5271317829457365,129,jaccard_overlap,2844,130,129,36631,1538,54.07876230661041,11.0,3.0,37.0,23.817295188556567,0.5129165200645733,0.5227882037533512,0.4601542416452442,0.5647382920110193,0.4870834799354266
a,multi_horizon,Multi-horizon,2023-12-24,0.5309973045822103,0.5348837209302325,129,jaccard_overlap,2844,130,129,36631,1538,54.07876230661041,11.0,3.0,37.0,23.817295188556567,0.5129165200645733,0.5227882037533512,0.4601542416452442,0.5647382920110193,0.4870834799354266
a,multi_horizon,Multi-horizon,2021-07-11,0.5311653116531165,0.5426356589147286,129,jaccard_overlap,2844,130,129,36631,1538,54.07876230661041,11.0,3.0,37.0,23.817295188556567,0.5129165200645733,0.5227882037533512,0.4601542416452442,0.5647382920110193,0.4870834799354266
a,multi_horizon,Multi-horizon,2023-01-08,0.532258064516129,0.5503875968992248,129,jaccard_overlap,2844,130,129,36631,1538,54.07876230661041,11.0,3.0,37.0,23.817295188556567,0.5129165200645733,0.5227882037533512,0.4601542416452442,0.5647382920110193,0.4870834799354266
a,multi_horizon,Multi-horizon,2025-07-06,0.5353260869565217,0.5581395348837209,129,jaccard_overlap,2844,130,129,36631,1538,54.07876230661041,11.0,3.0,37.0,23.817295188556567,0.5129165200645733,0.5227882037533512,0.4601542416452442,0.5647382920110193,0.4870834799354266
a,multi_horizon,Multi-horizon,2025-01-05,0.5365853658536586,0.5658914728682171,129,jaccard_overlap,2844,130,129,36631,1538,54.07876230661041,11.0,3.0,37.0,23.817295188556567,0.5129165200645733,0.5227882037533512,0.4601542416452442,0.5647382920110193,0.4870834799354266
a,multi_horizon,Multi-horizon,2024-04-14,0.5422343324250681,0.5736434108527132,129,jaccard_overlap,2844,130,129,36631,1538,54.07876230661041,11.0,3.0,37.0,23.817295188556567,0.5129165200645733,0.5227882037533512,0.4601542416452442,0.5647382920110193,0.4870834799354266
a,multi_horizon,Multi-horizon,2024-10-27,0.5426136363636364,0.5813953488372093,129,jaccard_overlap,2844,130,129,36631,1538,54.07876230661041,11.0,3.0,37.0,23.817295188556567,0.5129165200645733,0.5227882037533512,0.4601542416452442,0.5647382920110193,0.4870834799354266
a,multi_horizon,Multi-horizon,2025-08-03,0.5426997245179064,0.5891472868217055,129,jaccard_overlap,2844,130,129,36631,1538,54.07876230661041,11.0,3.0,37.0,23.817295188556567,0.5129165200645733,0.5227882037533512,0.4601542416452442,0.5647382920110193,0.4870834799354266
a,multi_horizon,Multi-horizon,2024-07-21,0.5431754874651811,0.5968992248062015,129,jaccard_overlap,2844,130,129,36631,1538,54.07876230661041,11.0,3.0,37.0,23.817295188556567,0.5129165200645733,0.5227882037533512,0.4601542416452442,0.5647382920110193,0.4870834799354266
a,multi_horizon,Multi-horizon,2024-08-04,0.5434173669467787,0.6046511627906976,129,jaccard_overlap,2844,130,129,36631,1538,54.07876230661041,11.0,3.0,37.0,23.817295188556567,0.5129165200645733,0.5227882037533512,0.4601542416452442,0.5647382920110193,0.4870834799354266
a,multi_horizon,Multi-horizon,2025-03-30,0.5434782608695652,0.6124031007751938,129,jaccard_overlap,2844,130,129,36631,1538,54.07876230661041,11.0,3.0,37.0,23.817295188556567,0.5129165200645733,0.5227882037533512,0.4601542416452442,0.5647382920110193,0.4870834799354266
a,multi_horizon,Multi-horizon,2023-07-23,0.5441988950276243,0.6201550387596899,129,jaccard_overlap,2844,130,129,36631,1538,54.07876230661041,11.0,3.0,37.0,23.817295188556567,0.5129165200645733,0.5227882037533512,0.4601542416452442,0.5647382920110193,0.4870834799354266
a,multi_horizon,Multi-horizon,2021-01-24,0.5489130434782609,0.627906976744186,129,jaccard_overlap,2844,130,129,36631,1538,54.07876230661041,11.0,3.0,37.0,23.817295188556567,0.5129165200645733,0.5227882037533512,0.4601542416452442,0.5647382920110193,0.4870834799354266
a,multi_horizon,Multi-horizon,2025-09-28,0.5518207282913166,0.6356589147286822,129,jaccard_overlap,2844,130,129,36631,1538,54.07876230661041,11.0,3.0,37.0,23.817295188556567,0.5129165200645733,0.5227882037533512,0.4601542416452442,0.5647382920110193,0.4870834799354266
a,multi_horizon,Multi-horizon,2021-11-28,0.5519125683060109,0.6434108527131783,129,jaccard_overlap,2844,130,129,36631,1538,54.07876230661041,11.0,3.0,37.0,23.817295188556567,0.5129165200645733,0.5227882037533512,0.4601542416452442,0.5647382920110193,0.4870834799354266
a,multi_horizon,Multi-horizon,2024-01-07,0.5519125683060109,0.6511627906976745,129,jaccard_overlap,2844,130,129,36631,1538,54.07876230661041,11.0,3.0,37.0,23.817295188556567,0.5129165200645733,0.5227882037533512,0.4601542416452442,0.5647382920110193,0.4870834799354266
a,multi_horizon,Multi-horizon,2024-09-15,0.5542857142857143,0.6589147286821705,129,jaccard_overlap,2844,130,129,36631,1538,54.07876230661041,11.0,3.0,37.0,23.817295188556567,0.5129165200645733,0.5227882037533512,0.4601542416452442,0.5647382920110193,0.4870834799354266
a,multi_horizon,Multi-horizon,2022-07-10,0.554945054945055,0.6666666666666666,129,jaccard_overlap,2844,130,129,36631,1538,54.07876230661041,11.0,3.0,37.0,23.817295188556567,0.5129165200645733,0.5227882037533512,0.4601542416452442,0.5647382920110193,0.4870834799354266
a,multi_horizon,Multi-horizon,2022-07-24,0.554945054945055,0.6744186046511628,129,jaccard_overlap,2844,130,129,36631,1538,54.07876230661041,11.0,3.0,37.0,23.817295188556567,0.5129165200645733,0.5227882037533512,0.4601542416452442,0.5647382920110193,0.4870834799354266
a,multi_horizon,Multi-horizon,2022-08-07,0.554945054945055,0.6821705426356589,129,jaccard_overlap,2844,130,129,36631,1538,54.07876230661041,11.0,3.0,37.0,23.817295188556567,0.5129165200645733,0.5227882037533512,0.4601542416452442,0.5647382920110193,0.4870834799354266
a,multi_horizon,Multi-horizon,2023-02-19,0.5561643835616439,0.689922480620155,129,jaccard_overlap,2844,130,129,36631,1538,54.07876230661041,11.0,3.0,37.0,23.817295188556567,0.5129165200645733,0.5227882037533512,0.4601542416452442,0.5647382920110193,0.4870834799354266
a,multi_horizon,Multi-horizon,2024-06-23,0.5583333333333333,0.6976744186046512,129,jaccard_overlap,2844,130,129,36631,1538,54.07876230661041,11.0,3.0,37.0,23.817295188556567,0.5129165200645733,0.5227882037533512,0.4601542416452442,0.5647382920110193,0.4870834799354266
a,multi_horizon,Multi-horizon,2025-08-17,0.5586592178770949,0.7054263565891473,129,jaccard_overlap,2844,130,129,36631,1538,54.07876230661041,11.0,3.0,37.0,23.817295188556567,0.5129165200645733,0.5227882037533512,0.4601542416452442,0.5647382920110193,0.4870834799354266
a,multi_horizon,Multi-horizon,2023-11-26,0.5598885793871866,0.7131782945736435,129,jaccard_overlap,2844,130,129,36631,1538,54.07876230661041,11.0,3.0,37.0,23.817295188556567,0.5129165200645733,0.5227882037533512,0.4601542416452442,0.5647382920110193,0.4870834799354266
a,multi_horizon,Multi-horizon,2023-08-06,0.5602240896358543,0.7209302325581395,129,jaccard_overlap,2844,130,129,36631,1538,54.07876230661041,11.0,3.0,37.0,23.817295188556567,0.5129165200645733,0.5227882037533512,0.4601542416452442,0.5647382920110193,0.4870834799354266
a,multi_horizon,Multi-horizon,2023-08-20,0.5605633802816902,0.7286821705426356,129,jaccard_overlap,2844,130,129,36631,1538,54.07876230661041,11.0,3.0,37.0,23.817295188556567,0.5129165200645733,0.5227882037533512,0.4601542416452442,0.5647382920110193,0.4870834799354266
a,multi_horizon,Multi-horizon,2023-10-15,0.5628571428571428,0.7364341085271318,129,jaccard_overlap,2844,130,129,36631,1538,54.07876230661041,11.0,3.0,37.0,23.817295188556567,0.5129165200645733,0.5227882037533512,0.4601542416452442,0.5647382920110193,0.4870834799354266
a,multi_horizon,Multi-horizon,2025-09-14,0.5633802816901409,0.7441860465116279,129,jaccard_overlap,2844,130,129,36631,1538,54.07876230661041,11.0,3.0,37.0,23.817295188556567,0.5129165200645733,0.5227882037533512,0.4601542416452442,0.5647382920110193,0.4870834799354266
a,multi_horizon,Multi-horizon,2021-12-12,0.5647382920110193,0.751937984496124,129,jaccard_overlap,2844,130,129,36631,1538,54.07876230661041,11.0,3.0,37.0,23.817295188556567,0.5129165200645733,0.5227882037533512,0.4601542416452442,0.5647382920110193,0.4870834799354266
a,multi_horizon,Multi-horizon,2023-10-29,0.5669515669515669,0.7596899224806202,129,jaccard_overlap,2844,130,129,36631,1538,54.07876230661041,11.0,3.0,37.0,23.817295188556567,0.5129165200645733,0.5227882037533512,0.4601542416452442,0.5647382920110193,0.4870834799354266
a,multi_horizon,Multi-horizon,2022-10-16,0.5678670360110804,0.7674418604651163,129,jaccard_overlap,2844,130,129,36631,1538,54.07876230661041,11.0,3.0,37.0,23.817295188556567,0.5129165200645733,0.5227882037533512,0.4601542416452442,0.5647382920110193,0.4870834799354266
a,multi_horizon,Multi-horizon,2025-11-23,0.5694444444444444,0.7751937984496124,129,jaccard_overlap,2844,130,129,36631,1538,54.07876230661041,11.0,3.0,37.0,23.817295188556567,0.5129165200645733,0.5227882037533512,0.4601542416452442,0.5647382920110193,0.4870834799354266
a,multi_horizon,Multi-horizon,2023-10-01,0.5718390804597702,0.7829457364341085,129,jaccard_overlap,2844,130,129,36631,1538,54.07876230661041,11.0,3.0,37.0,23.817295188556567,0.5129165200645733,0.5227882037533512,0.4601542416452442,0.5647382920110193,0.4870834799354266
a,multi_horizon,Multi-horizon,2021-10-31,0.575,0.7906976744186046,129,jaccard_overlap,2844,130,129,36631,1538,54.07876230661041,11.0,3.0,37.0,23.817295188556567,0.5129165200645733,0.5227882037533512,0.4601542416452442,0.5647382920110193,0.4870834799354266
a,multi_horizon,Multi-horizon,2023-12-10,0.5766016713091922,0.7984496124031008,129,jaccard_overlap,2844,130,129,36631,1538,54.07876230661041,11.0,3.0,37.0,23.817295188556567,0.5129165200645733,0.5227882037533512,0.4601542416452442,0.5647382920110193,0.4870834799354266
a,multi_horizon,Multi-horizon,2022-11-13,0.5777777777777777,0.8062015503875969,129,jaccard_overlap,2844,130,129,36631,1538,54.07876230661041,11.0,3.0,37.0,23.817295188556567,0.5129165200645733,0.5227882037533512,0.4601542416452442,0.5647382920110193,0.4870834799354266
a,multi_horizon,Multi-horizon,2024-01-21,0.5777777777777777,0.813953488372093,129,jaccard_overlap,2844,130,129,36631,1538,54.07876230661041,11.0,3.0,37.0,23.817295188556567,0.5129165200645733,0.5227882037533512,0.4601542416452442,0.5647382920110193,0.4870834799354266
a,multi_horizon,Multi-horizon,2022-09-04,0.5810055865921788,0.8217054263565892,129,jaccard_overlap,2844,130,129,36631,1538,54.07876230661041,11.0,3.0,37.0,23.817295188556567,0.5129165200645733,0.5227882037533512,0.4601542416452442,0.5647382920110193,0.4870834799354266
a,multi_horizon,Multi-horizon,2022-04-03,0.5821727019498607,0.8294573643410853,129,jaccard_overlap,2844,130,129,36631,1538,54.07876230661041,11.0,3.0,37.0,23.817295188556567,0.5129165200645733,0.5227882037533512,0.4601542416452442,0.5647382920110193,0.4870834799354266
a,multi_horizon,Multi-horizon,2025-10-12,0.5828571428571429,0.8372093023255814,129,jaccard_overlap,2844,130,129,36631,1538,54.07876230661041,11.0,3.0,37.0,23.817295188556567,0.5129165200645733,0.5227882037533512,0.4601542416452442,0.5647382920110193,0.4870834799354266
a,multi_horizon,Multi-horizon,2022-10-30,0.5882352941176471,0.8449612403100775,129,jaccard_overlap,2844,130,129,36631,1538,54.07876230661041,11.0,3.0,37.0,23.817295188556567,0.5129165200645733,0.5227882037533512,0.4601542416452442,0.5647382920110193,0.4870834799354266
a,multi_horizon,Multi-horizon,2021-08-08,0.5887323943661972,0.8527131782945736,129,jaccard_overlap,2844,130,129,36631,1538,54.07876230661041,11.0,3.0,37.0,23.817295188556567,0.5129165200645733,0.5227882037533512,0.4601542416452442,0.5647382920110193,0.4870834799354266
a,multi_horizon,Multi-horizon,2024-10-13,0.5929203539823009,0.8604651162790697,129,jaccard_overlap,2844,130,129,36631,1538,54.07876230661041,11.0,3.0,37.0,23.817295188556567,0.5129165200645733,0.5227882037533512,0.4601542416452442,0.5647382920110193,0.4870834799354266
a,multi_horizon,Multi-horizon,2025-12-07,0.5938375350140056,0.8682170542635659,129,jaccard_overlap,2844,130,129,36631,1538,54.07876230661041,11.0,3.0,37.0,23.817295188556567,0.5129165200645733,0.5227882037533512,0.4601542416452442,0.5647382920110193,0.4870834799354266
a,multi_horizon,Multi-horizon,2021-11-14,0.6,0.875968992248062,129,jaccard_overlap,2844,130,129,36631,1538,54.07876230661041,11.0,3.0,37.0,23.817295188556567,0.5129165200645733,0.5227882037533512,0.4601542416452442,0.5647382920110193,0.4870834799354266
a,multi_horizon,Multi-horizon,2021-10-03,0.6005665722379604,0.8837209302325582,129,jaccard_overlap,2844,130,129,36631,1538,54.07876230661041,11.0,3.0,37.0,23.817295188556567,0.5129165200645733,0.5227882037533512,0.4601542416452442,0.5647382920110193,0.4870834799354266
a,multi_horizon,Multi-horizon,2021-08-22,0.6022727272727273,0.8914728682170543,129,jaccard_overlap,2844,130,129,36631,1538,54.07876230661041,11.0,3.0,37.0,23.817295188556567,0.5129165200645733,0.5227882037533512,0.4601542416452442,0.5647382920110193,0.4870834799354266
a,multi_horizon,Multi-horizon,2025-10-26,0.6023054755043228,0.8992248062015504,129,jaccard_overlap,2844,130,129,36631,1538,54.07876230661041,11.0,3.0,37.0,23.817295188556567,0.5129165200645733,0.5227882037533512,0.4601542416452442,0.5647382920110193,0.4870834799354266
a,multi_horizon,Multi-horizon,2022-08-21,0.603399433427762,0.9069767441860465,129,jaccard_overlap,2844,130,129,36631,1538,54.07876230661041,11.0,3.0,37.0,23.817295188556567,0.5129165200645733,0.5227882037533512,0.4601542416452442,0.5647382920110193,0.4870834799354266
a,multi_horizon,Multi-horizon,2021-09-19,0.6068376068376068,0.9147286821705426,129,jaccard_overlap,2844,130,129,36631,1538,54.07876230661041,11.0,3.0,37.0,23.817295188556567,0.5129165200645733,0.5227882037533512,0.4601542416452442,0.5647382920110193,0.4870834799354266
a,multi_horizon,Multi-horizon,2024-07-07,0.6080691642651297,0.9224806201550387,129,jaccard_overlap,2844,130,129,36631,1538,54.07876230661041,11.0,3.0,37.0,23.817295188556567,0.5129165200645733,0.5227882037533512,0.4601542416452442,0.5647382920110193,0.4870834799354266
a,multi_horizon,Multi-horizon,2025-05-11,0.6107954545454546,0.9302325581395349,129,jaccard_overlap,2844,130,129,36631,1538,54.07876230661041,11.0,3.0,37.0,23.817295188556567,0.5129165200645733,0.5227882037533512,0.4601542416452442,0.5647382920110193,0.4870834799354266
a,multi_horizon,Multi-horizon,2023-09-03,0.6158357771260997,0.937984496124031,129,jaccard_overlap,2844,130,129,36631,1538,54.07876230661041,11.0,3.0,37.0,23.817295188556567,0.5129165200645733,0.5227882037533512,0.4601542416452442,0.5647382920110193,0.4870834799354266
a,multi_horizon,Multi-horizon,2023-11-12,0.6294117647058823,0.9457364341085271,129,jaccard_overlap,2844,130,129,36631,1538,54.07876230661041,11.0,3.0,37.0,23.817295188556567,0.5129165200645733,0.5227882037533512,0.4601542416452442,0.5647382920110193,0.4870834799354266
a,multi_horizon,Multi-horizon,2022-09-18,0.6358381502890174,0.9534883720930233,129,jaccard_overlap,2844,130,129,36631,1538,54.07876230661041,11.0,3.0,37.0,23.817295188556567,0.5129165200645733,0.5227882037533512,0.4601542416452442,0.5647382920110193,0.4870834799354266
a,multi_horizon,Multi-horizon,2025-11-09,0.6374269005847953,0.9612403100775194,129,jaccard_overlap,2844,130,129,36631,1538,54.07876230661041,11.0,3.0,37.0,23.817295188556567,0.5129165200645733,0.5227882037533512,0.4601542416452442,0.5647382920110193,0.4870834799354266
a,multi_horizon,Multi-horizon,2023-09-17,0.6388059701492538,0.9689922480620154,129,jaccard_overlap,2844,130,129,36631,1538,54.07876230661041,11.0,3.0,37.0,23.817295188556567,0.5129165200645733,0.5227882037533512,0.4601542416452442,0.5647382920110193,0.4870834799354266
a,multi_horizon,Multi-horizon,2021-07-25,0.6395348837209303,0.9767441860465116,129,jaccard_overlap,2844,130,129,36631,1538,54.07876230661041,11.0,3.0,37.0,23.817295188556567,0.5129165200645733,0.5227882037533512,0.4601542416452442,0.5647382920110193,0.4870834799354266
a,multi_horizon,Multi-horizon,2022-10-02,0.6549707602339181,0.9844961240310077,129,jaccard_overlap,2844,130,129,36631,1538,54.07876230661041,11.0,3.0,37.0,23.817295188556567,0.5129165200645733,0.5227882037533512,0.4601542416452442,0.5647382920110193,0.4870834799354266
a,multi_horizon,Multi-horizon,2021-09-05,0.6987951807228916,0.9922480620155039,129,jaccard_overlap,2844,130,129,36631,1538,54.07876230661041,11.0,3.0,37.0,23.817295188556567,0.5129165200645733,0.5227882037533512,0.4601542416452442,0.5647382920110193,0.4870834799354266
a,multi_horizon,Multi-horizon,2021-10-17,0.6996996996996997,1.0,129,jaccard_overlap,2844,130,129,36631,1538,54.07876230661041,11.0,3.0,37.0,23.817295188556567,0.5129165200645733,0.5227882037533512,0.4601542416452442,0.5647382920110193,0.4870834799354266
b,multi_horizon,Multi-horizon,1011,1.0,0.0006501950585175553,1538,selection_n,2844,130,129,36631,1538,54.07876230661041,11.0,3.0,37.0,23.817295188556567,0.5129165200645733,0.5227882037533512,0.4601542416452442,0.5647382920110193,0.4870834799354266
b,multi_horizon,Multi-horizon,102115,1.0,0.0013003901170351106,1538,selection_n,2844,130,129,36631,1538,54.07876230661041,11.0,3.0,37.0,23.817295188556567,0.5129165200645733,0.5227882037533512,0.4601542416452442,0.5647382920110193,0.4870834799354266
b,multi_horizon,Multi-horizon,105615,1.0,0.0019505851755526658,1538,selection_n,2844,130,129,36631,1538,54.07876230661041,11.0,3.0,37.0,23.817295188556567,0.5129165200645733,0.5227882037533512,0.4601542416452442,0.5647382920110193,0.4870834799354266
b,multi_horizon,Multi-horizon,1080,1.0,0.002600780234070221,1538,selection_n,2844,130,129,36631,1538,54.07876230661041,11.0,3.0,37.0,23.817295188556567,0.5129165200645733,0.5227882037533512,0.4601542416452442,0.5647382920110193,0.4870834799354266
b,multi_horizon,Multi-horizon,108335,1.0,0.003250975292587776,1538,selection_n,2844,130,129,36631,1538,54.07876230661041,11.0,3.0,37.0,23.817295188556567,0.5129165200645733,0.5227882037533512,0.4601542416452442,0.5647382920110193,0.4870834799354266
b,multi_horizon,Multi-horizon,109001,1.0,0.0039011703511053317,1538,selection_n,2844,130,129,36631,1538,54.07876230661041,11.0,3.0,37.0,23.817295188556567,0.5129165200645733,0.5227882037533512,0.4601542416452442,0.5647382920110193,0.4870834799354266
b,multi_horizon,Multi-horizon,109348,1.0,0.004551365409622887,1538,selection_n,2844,130,129,36631,1538,54.07876230661041,11.0,3.0,37.0,23.817295188556567,0.5129165200645733,0.5227882037533512,0.4601542416452442,0.5647382920110193,0.4870834799354266
b,multi_horizon,Multi-horizon,111522,1.0,0.005201560468140442,1538,selection_n,2844,130,129,36631,1538,54.07876230661041,11.0,3.0,37.0,23.817295188556567,0.5129165200645733,0.5227882037533512,0.4601542416452442,0.5647382920110193,0.4870834799354266
b,multi_horizon,Multi-horizon,116877,1.0,0.005851755526657998,1538,selection_n,2844,130,129,36631,1538,54.07876230661041,11.0,3.0,37.0,23.817295188556567,0.5129165200645733,0.5227882037533512,0.4601542416452442,0.5647382920110193,0.4870834799354266
b,multi_horizon,Multi-horizon,1171,1.0,0.006501950585175552,1538,selection_n,2844,130,129,36631,1538,54.07876230661041,11.0,3.0,37.0,23.817295188556567,0.5129165200645733,0.5227882037533512,0.4601542416452442,0.5647382920110193,0.4870834799354266
b,multi_horizon,Multi-horizon,11794,1.0,0.007152145643693108,1538,selection_n,2844,130,129,36631,1538,54.07876230661041,11.0,3.0,37.0,23.817295188556567,0.5129165200645733,0.5227882037533512,0.4601542416452442,0.5647382920110193,0.4870834799354266
b,multi_horizon,Multi-horizon,127308,1.0,0.007802340702210663,1538,selection_n,2844,130,129,36631,1538,54.07876230661041,11.0,3.0,37.0,23.817295188556567,0.5129165200645733,0.5227882037533512,0.4601542416452442,0.5647382920110193,0.4870834799354266
b,multi_horizon,Multi-horizon,131577,1.0,0.008452535760728219,1538,selection_n,2844,130,129,36631,1538,54.07876230661041,11.0,3.0,37.0,23.817295188556567,0.5129165200645733,0.5227882037533512,0.4601542416452442,0.5647382920110193,0.4870834799354266
b,multi_horizon,Multi-horizon,131584,1.0,0.009102730819245773,1538,selection_n,2844,130,129,36631,1538,54.07876230661041,11.0,3.0,37.0,23.817295188556567,0.5129165200645733,0.5227882037533512,0.4601542416452442,0.5647382920110193,0.4870834799354266
b,multi_horizon,Multi-horizon,1321,1.0,0.00975292587776333,1538,selection_n,2844,130,129,36631,1538,54.07876230661041,11.0,3.0,37.0,23.817295188556567,0.5129165200645733,0.5227882037533512,0.4601542416452442,0.5647382920110193,0.4870834799354266
b,multi_horizon,Multi-horizon,1337,1.0,0.010403120936280884,1538,selection_n,2844,130,129,36631,1538,54.07876230661041,11.0,3.0,37.0,23.817295188556567,0.5129165200645733,0.5227882037533512,0.4601542416452442,0.5647382920110193,0.4870834799354266
b,multi_horizon,Multi-horizon,134617,1.0,0.011053315994798439,1538,selection_n,2844,130,129,36631,1538,54.07876230661041,11.0,3.0,37.0,23.817295188556567,0.5129165200645733,0.5227882037533512,0.4601542416452442,0.5647382920110193,0.4870834799354266
b,multi_horizon,Multi-horizon,136603,1.0,0.011703511053315995,1538,selection_n,2844,130,129,36631,1538,54.07876230661041,11.0,3.0,37.0,23.817295188556567,0.5129165200645733,0.5227882037533512,0.4601542416452442,0.5647382920110193,0.4870834799354266
b,multi_horizon,Multi-horizon,137300,1.0,0.01235370611183355,1538,selection_n,2844,130,129,36631,1538,54.07876230661041,11.0,3.0,37.0,23.817295188556567,0.5129165200645733,0.5227882037533512,0.4601542416452442,0.5647382920110193,0.4870834799354266
b,multi_horizon,Multi-horizon,139780,1.0,0.013003901170351105,1538,selection_n,2844,130,129,36631,1538,54.07876230661041,11.0,3.0,37.0,23.817295188556567,0.5129165200645733,0.5227882037533512,0.4601542416452442,0.5647382920110193,0.4870834799354266
b,multi_horizon,Multi-horizon,140770,1.0,0.013654096228868661,1538,selection_n,2844,130,129,36631,1538,54.07876230661041,11.0,3.0,37.0,23.817295188556567,0.5129165200645733,0.5227882037533512,0.4601542416452442,0.5647382920110193,0.4870834799354266
b,multi_horizon,Multi-horizon,1423,1.0,0.014304291287386216,1538,selection_n,2844,130,129,36631,1538,54.07876230661041,11.0,3.0,37.0,23.817295188556567,0.5129165200645733,0.5227882037533512,0.4601542416452442,0.5647382920110193,0.4870834799354266
b,multi_horizon,Multi-horizon,145448,1.0,0.01495448634590377,1538,selection_n,2844,130,129,36631,1538,54.07876230661041,11.0,3.0,37.0,23.817295188556567,0.5129165200645733,0.5227882037533512,0.4601542416452442,0.5647382920110193,0.4870834799354266
b,multi_horizon,Multi-horizon,146161,1.0,0.015604681404421327,1538,selection_n,2844,130,129,36631,1538,54.07876230661041,11.0,3.0,37.0,23.817295188556567,0.5129165200645733,0.5227882037533512,0.4601542416452442,0.5647382920110193,0.4870834799354266
b,multi_horizon,Multi-horizon,146689,1.0,0.016254876462938883,1538,selection_n,2844,130,129,36631,1538,54.07876230661041,11.0,3.0,37.0,23.817295188556567,0.5129165200645733,0.5227882037533512,0.4601542416452442,0.5647382920110193,0.4870834799354266
b,multi_horizon,Multi-horizon,148049,1.0,0.016905071521456438,1538,selection_n,2844,130,129,36631,1538,54.07876230661041,11.0,3.0,37.0,23.817295188556567,0.5129165200645733,0.5227882037533512,0.4601542416452442,0.5647382920110193,0.4870834799354266
b,multi_horizon,Multi-horizon,148488,1.0,0.017555266579973992,1538,selection_n,2844,130,129,36631,1538,54.07876230661041,11.0,3.0,37.0,23.817295188556567,0.5129165200645733,0.5227882037533512,0.4601542416452442,0.5647382920110193,0.4870834799354266
b,multi_horizon,Multi-horizon,149106,1.0,0.018205461638491547,1538,selection_n,2844,130,129,36631,1538,54.07876230661041,11.0,3.0,37.0,23.817295188556567,0.5129165200645733,0.5227882037533512,0.4601542416452442,0.5647382920110193,0.4870834799354266
b,multi_horizon,Multi-horizon,150208,1.0,0.0188556566970091,1538,selection_n,2844,130,129,36631,1538,54.07876230661041,11.0,3.0,37.0,23.817295188556567,0.5129165200645733,0.5227882037533512,0.4601542416452442,0.5647382920110193,0.4870834799354266
b,multi_horizon,Multi-horizon,150376,1.0,0.01950585175552666,1538,selection_n,2844,130,129,36631,1538,54.07876230661041,11.0,3.0,37.0,23.817295188556567,0.5129165200645733,0.5227882037533512,0.4601542416452442,0.5647382920110193,0.4870834799354266
b,multi_horizon,Multi-horizon,150591,1.0,0.020156046814044214,1538,selection_n,2844,130,129,36631,1538,54.07876230661041,11.0,3.0,37.0,23.817295188556567,0.5129165200645733,0.5227882037533512,0.4601542416452442,0.5647382920110193,0.4870834799354266
b,multi_horizon,Multi-horizon,150733,1.0,0.02080624187256177,1538,selection_n,2844,130,129,36631,1538,54.07876230661041,11.0,3.0,37.0,23.817295188556567,0.5129165200645733,0.5227882037533512,0.4601542416452442,0.5647382920110193,0.4870834799354266
b,multi_horizon,Multi-horizon,150962,1.0,0.021456436931079324,1538,selection_n,2844,130,129,36631,1538,54.07876230661041,11.0,3.0,37.0,23.817295188556567,0.5129165200645733,0.5227882037533512,0.4601542416452442,0.5647382920110193,0.4870834799354266
b,multi_horizon,Multi-horizon,151760,1.0,0.022106631989596878,1538,selection_n,2844,130,129,36631,1538,54.07876230661041,11.0,3.0,37.0,23.817295188556567,0.5129165200645733,0.5227882037533512,0.4601542416452442,0.5647382920110193,0.4870834799354266
b,multi_horizon,Multi-horizon,152360,1.0,0.022756827048114433,1538,selection_n,2844,130,129,36631,1538,54.07876230661041,11.0,3.0,37.0,23.817295188556567,0.5129165200645733,0.5227882037533512,0.4601542416452442,0.5647382920110193,0.4870834799354266
b,multi_horizon,Multi-horizon,152693,1.0,0.02340702210663199,1538,selection_n,2844,130,129,36631,1538,54.07876230661041,11.0,3.0,37.0,23.817295188556567,0.5129165200645733,0.5227882037533512,0.4601542416452442,0.5647382920110193,0.4870834799354266
b,multi_horizon,Multi-horizon,152959,1.0,0.024057217165149546,1538,selection_n,2844,130,129,36631,1538,54.07876230661041,11.0,3.0,37.0,23.817295188556567,0.5129165200645733,0.5227882037533512,0.4601542416452442,0.5647382920110193,0.4870834799354266
b,multi_horizon,Multi-horizon,153252,1.0,0.0247074122236671,1538,selection_n,2844,130,129,36631,1538,54.07876230661041,11.0,3.0,37.0,23.817295188556567,0.5129165200645733,0.5227882037533512,0.4601542416452442,0.5647382920110193,0.4870834799354266
b,multi_horizon,Multi-horizon,153841,1.0,0.025357607282184655,1538,selection_n,2844,130,129,36631,1538,54.07876230661041,11.0,3.0,37.0,23.817295188556567,0.5129165200645733,0.5227882037533512,0.4601542416452442,0.5647382920110193,0.4870834799354266
b,multi_horizon,Multi-horizon,153842,1.0,0.02600780234070221,1538,selection_n,2844,130,129,36631,1538,54.07876230661041,11.0,3.0,37.0,23.817295188556567,0.5129165200645733,0.5227882037533512,0.4601542416452442,0.5647382920110193,0.4870834799354266
b,multi_horizon,Multi-horizon,154146,1.0,0.026657997399219768,1538,selection_n,2844,130,129,36631,1538,54.07876230661041,11.0,3.0,37.0,23.817295188556567,0.5129165200645733,0.5227882037533512,0.4601542416452442,0.5647382920110193,0.4870834799354266
b,multi_horizon,Multi-horizon,155322,1.0,0.027308192457737322,1538,selection_n,2844,130,129,36631,1538,54.07876230661041,11.0,3.0,37.0,23.817295188556567,0.5129165200645733,0.5227882037533512,0.4601542416452442,0.5647382920110193,0.4870834799354266
b,multi_horizon,Multi-horizon,155606,1.0,0.027958387516254877,1538,selection_n,2844,130,129,36631,1538,54.07876230661041,11.0,3.0,37.0,23.817295188556567,0.5129165200645733,0.5227882037533512,0.4601542416452442,0.5647382920110193,0.4870834799354266
b,multi_horizon,Multi-horizon,156272,1.0,0.02860858257477243,1538,selection_n,2844,130,129,36631,1538,54.07876230661041,11.0,3.0,37.0,23.817295188556567,0.5129165200645733,0.5227882037533512,0.4601542416452442,0.5647382920110193,0.4870834799354266
b,multi_horizon,Multi-horizon,157215,1.0,0.029258777633289986,1538,selection_n,2844,130,129,36631,1538,54.07876230661041,11.0,3.0,37.0,23.817295188556567,0.5129165200645733,0.5227882037533512,0.4601542416452442,0.5647382920110193,0.4870834799354266
b,multi_horizon,Multi-horizon,157614,1.0,0.02990897269180754,1538,selection_n,2844,130,129,36631,1538,54.07876230661041,11.0,3.0,37.0,23.817295188556567,0.5129165200645733,0.5227882037533512,0.4601542416452442,0.5647382920110193,0.4870834799354266
b,multi_horizon,Multi-horizon,157616,1.0,0.0305591677503251,1538,selection_n,2844,130,129,36631,1538,54.07876230661041,11.0,3.0,37.0,23.817295188556567,0.5129165200645733,0.5227882037533512,0.4601542416452442,0.5647382920110193,0.4870834799354266
b,multi_horizon,Multi-horizon,15797,1.0,0.031209362808842653,1538,selection_n,2844,130,129,36631,1538,54.07876230661041,11.0,3.0,37.0,23.817295188556567,0.5129165200645733,0.5227882037533512,0.4601542416452442,0.5647382920110193,0.4870834799354266
b,multi_horizon,Multi-horizon,159754,1.0,0.03185955786736021,1538,selection_n,2844,130,129,36631,1538,54.07876230661041,11.0,3.0,37.0,23.817295188556567,0.5129165200645733,0.5227882037533512,0.4601542416452442,0.5647382920110193,0.4870834799354266
b,multi_horizon,Multi-horizon,166788,1.0,0.032509752925877766,1538,selection_n,2844,130,129,36631,1538,54.07876230661041,11.0,3.0,37.0,23.817295188556567,0.5129165200645733,0.5227882037533512,0.4601542416452442,0.5647382920110193,0.4870834799354266
b,multi_horizon,Multi-horizon,17128,1.0,0.03315994798439532,1538,selection_n,2844,130,129,36631,1538,54.07876230661041,11.0,3.0,37.0,23.817295188556567,0.5129165200645733,0.5227882037533512,0.4601542416452442,0.5647382920110193,0.4870834799354266
b,multi_horizon,Multi-horizon,1751,1.0,0.033810143042912875,1538,selection_n,2844,130,129,36631,1538,54.07876230661041,11.0,3.0,37.0,23.817295188556567,0.5129165200645733,0.5227882037533512,0.4601542416452442,0.5647382920110193,0.4870834799354266
b,multi_horizon,Multi-horizon,176999,1.0,0.03446033810143043,1538,selection_n,2844,130,129,36631,1538,54.07876230661041,11.0,3.0,37.0,23.817295188556567,0.5129165200645733,0.5227882037533512,0.4601542416452442,0.5647382920110193,0.4870834799354266
b,multi_horizon,Multi-horizon,178489,1.0,0.035110533159947985,1538,selection_n,2844,130,129,36631,1538,54.07876230661041,11.0,3.0,37.0,23.817295188556567,0.5129165200645733,0.5227882037533512,0.4601542416452442,0.5647382920110193,0.4870834799354266
b,multi_horizon,Multi-horizon,17947,1.0,0.03576072821846554,1538,selection_n,2844,130,129,36631,1538,54.07876230661041,11.0,3.0,37.0,23.817295188556567,0.5129165200645733,0.5227882037533512,0.4601542416452442,0.5647382920110193,0.4870834799354266
b,multi_horizon,Multi-horizon,184269,1.0,0.036410923276983094,1538,selection_n,2844,130,129,36631,1538,54.07876230661041,11.0,3.0,37.0,23.817295188556567,0.5129165200645733,0.5227882037533512,0.4601542416452442,0.5647382920110193,0.4870834799354266
b,multi_horizon,Multi-horizon,184289,1.0,0.03706111833550065,1538,selection_n,2844,130,129,36631,1538,54.07876230661041,11.0,3.0,37.0,23.817295188556567,0.5129165200645733,0.5227882037533512,0.4601542416452442,0.5647382920110193,0.4870834799354266
b,multi_horizon,Multi-horizon,185919,1.0,0.0377113133940182,1538,selection_n,2844,130,129,36631,1538,54.07876230661041,11.0,3.0,37.0,23.817295188556567,0.5129165200645733,0.5227882037533512,0.4601542416452442,0.5647382920110193,0.4870834799354266
b,multi_horizon,Multi-horizon,185950,1.0,0.03836150845253576,1538,selection_n,2844,130,129,36631,1538,54.07876230661041,11.0,3.0,37.0,23.817295188556567,0.5129165200645733,0.5227882037533512,0.4601542416452442,0.5647382920110193,0.4870834799354266
b,multi_horizon,Multi-horizon,185952,1.0,0.03901170351105332,1538,selection_n,2844,130,129,36631,1538,54.07876230661041,11.0,3.0,37.0,23.817295188556567,0.5129165200645733,0.5227882037533512,0.4601542416452442,0.5647382920110193,0.4870834799354266
b,multi_horizon,Multi-horizon,185962,1.0,0.03966189856957087,1538,selection_n,2844,130,129,36631,1538,54.07876230661041,11.0,3.0,37.0,23.817295188556567,0.5129165200645733,0.5227882037533512,0.4601542416452442,0.5647382920110193,0.4870834799354266
b,multi_horizon,Multi-horizon,186063,1.0,0.04031209362808843,1538,selection_n,2844,130,129,36631,1538,54.07876230661041,11.0,3.0,37.0,23.817295188556567,0.5129165200645733,0.5227882037533512,0.4601542416452442,0.5647382920110193,0.4870834799354266
b,multi_horizon,Multi-horizon,186156,1.0,0.04096228868660598,1538,selection_n,2844,130,129,36631,1538,54.07876230661041,11.0,3.0,37.0,23.817295188556567,0.5129165200645733,0.5227882037533512,0.4601542416452442,0.5647382920110193,0.4870834799354266
b,multi_horizon,Multi-horizon,186200,1.0,0.04161248374512354,1538,selection_n,2844,130,129,36631,1538,54.07876230661041,11.0,3.0,37.0,23.817295188556567,0.5129165200645733,0.5227882037533512,0.4601542416452442,0.5647382920110193,0.4870834799354266
b,multi_horizon,Multi-horizon,186601,1.0,0.04226267880364109,1538,selection_n,2844,130,129,36631,1538,54.07876230661041,11.0,3.0,37.0,23.817295188556567,0.5129165200645733,0.5227882037533512,0.4601542416452442,0.5647382920110193,0.4870834799354266
b,multi_horizon,Multi-horizon,187077,1.0,0.04291287386215865,1538,selection_n,2844,130,129,36631,1538,54.07876230661041,11.0,3.0,37.0,23.817295188556567,0.5129165200645733,0.5227882037533512,0.4601542416452442,0.5647382920110193,0.4870834799354266
b,multi_horizon,Multi-horizon,187109,1.0,0.043563068920676205,1538,selection_n,2844,130,129,36631,1538,54.07876230661041,11.0,3.0,37.0,23.817295188556567,0.5129165200645733,0.5227882037533512,0.4601542416452442,0.5647382920110193,0.4870834799354266
b,multi_horizon,Multi-horizon,187122,1.0,0.044213263979193757,1538,selection_n,2844,130,129,36631,1538,54.07876230661041,11.0,3.0,37.0,23.817295188556567,0.5129165200645733,0.5227882037533512,0.4601542416452442,0.5647382920110193,0.4870834799354266
b,multi_horizon,Multi-horizon,187306,1.0,0.044863459037711315,1538,selection_n,2844,130,129,36631,1538,54.07876230661041,11.0,3.0,37.0,23.817295188556567,0.5129165200645733,0.5227882037533512,0.4601542416452442,0.5647382920110193,0.4870834799354266
b,multi_horizon,Multi-horizon,187869,1.0,0.045513654096228866,1538,selection_n,2844,130,129,36631,1538,54.07876230661041,11.0,3.0,37.0,23.817295188556567,0.5129165200645733,0.5227882037533512,0.4601542416452442,0.5647382920110193,0.4870834799354266
b,multi_horizon,Multi-horizon,1879,1.0,0.046163849154746424,1538,selection_n,2844,130,129,36631,1538,54.07876230661041,11.0,3.0,37.0,23.817295188556567,0.5129165200645733,0.5227882037533512,0.4601542416452442,0.5647382920110193,0.4870834799354266
b,multi_horizon,Multi-horizon,188039,1.0,0.04681404421326398,1538,selection_n,2844,130,129,36631,1538,54.07876230661041,11.0,3.0,37.0,23.817295188556567,0.5129165200645733,0.5227882037533512,0.4601542416452442,0.5647382920110193,0.4870834799354266
b,multi_horizon,Multi-horizon,188388,1.0,0.04746423927178153,1538,selection_n,2844,130,129,36631,1538,54.07876230661041,11.0,3.0,37.0,23.817295188556567,0.5129165200645733,0.5227882037533512,0.4601542416452442,0.5647382920110193,0.4870834799354266
b,multi_horizon,Multi-horizon,188717,1.0,0.04811443433029909,1538,selection_n,2844,130,129,36631,1538,54.07876230661041,11.0,3.0,37.0,23.817295188556567,0.5129165200645733,0.5227882037533512,0.4601542416452442,0.5647382920110193,0.4870834799354266
b,multi_horizon,Multi-horizon,188723,1.0,0.04876462938881664,1538,selection_n,2844,130,129,36631,1538,54.07876230661041,11.0,3.0,37.0,23.817295188556567,0.5129165200645733,0.5227882037533512,0.4601542416452442,0.5647382920110193,0.4870834799354266
b,multi_horizon,Multi-horizon,189207,1.0,0.0494148244473342,1538,selection_n,2844,130,129,36631,1538,54.07876230661041,11.0,3.0,37.0,23.817295188556567,0.5129165200645733,0.5227882037533512,0.4601542416452442,0.5647382920110193,0.4870834799354266
b,multi_horizon,Multi-horizon,189777,1.0,0.05006501950585176,1538,selection_n,2844,130,129,36631,1538,54.07876230661041,11.0,3.0,37.0,23.817295188556567,0.5129165200645733,0.5227882037533512,0.4601542416452442,0.5647382920110193,0.4870834799354266
b,multi_horizon,Multi-horizon,190012,1.0,0.05071521456436931,1538,selection_n,2844,130,129,36631,1538,54.07876230661041,11.0,3.0,37.0,23.817295188556567,0.5129165200645733,0.5227882037533512,0.4601542416452442,0.5647382920110193,0.4870834799354266
b,multi_horizon,Multi-horizon,190298,1.0,0.05136540962288687,1538,selection_n,2844,130,129,36631,1538,54.07876230661041,11.0,3.0,37.0,23.817295188556567,0.5129165200645733,0.5227882037533512,0.4601542416452442,0.5647382920110193,0.4870834799354266
b,multi_horizon,Multi-horizon,190343,1.0,0.05201560468140442,1538,selection_n,2844,130,129,36631,1538,54.07876230661041,11.0,3.0,37.0,23.817295188556567,0.5129165200645733,0.5227882037533512,0.4601542416452442,0.5647382920110193,0.4870834799354266
b,multi_horizon,Multi-horizon,190360,1.0,0.05266579973992198,1538,selection_n,2844,130,129,36631,1538,54.07876230661041,11.0,3.0,37.0,23.817295188556567,0.5129165200645733,0.5227882037533512,0.4601542416452442,0.5647382920110193,0.4870834799354266
b,multi_horizon,Multi-horizon,191194,1.0,0.053315994798439535,1538,selection_n,2844,130,129,36631,1538,54.07876230661041,11.0,3.0,37.0,23.817295188556567,0.5129165200645733,0.5227882037533512,0.4601542416452442,0.5647382920110193,0.4870834799354266
b,multi_horizon,Multi-horizon,191328,1.0,0.053966189856957086,1538,selection_n,2844,130,129,36631,1538,54.07876230661041,11.0,3.0,37.0,23.817295188556567,0.5129165200645733,0.5227882037533512,0.4601542416452442,0.5647382920110193,0.4870834799354266
b,multi_horizon,Multi-horizon,191335,1.0,0.054616384915474644,1538,selection_n,2844,130,129,36631,1538,54.07876230661041,11.0,3.0,37.0,23.817295188556567,0.5129165200645733,0.5227882037533512,0.4601542416452442,0.5647382920110193,0.4870834799354266
b,multi_horizon,Multi-horizon,191470,1.0,0.055266579973992196,1538,selection_n,2844,130,129,36631,1538,54.07876230661041,11.0,3.0,37.0,23.817295188556567,0.5129165200645733,0.5227882037533512,0.4601542416452442,0.5647382920110193,0.4870834799354266
b,multi_horizon,Multi-horizon,192501,1.0,0.055916775032509754,1538,selection_n,2844,130,129,36631,1538,54.07876230661041,11.0,3.0,37.0,23.817295188556567,0.5129165200645733,0.5227882037533512,0.4601542416452442,0.5647382920110193,0.4870834799354266
b,multi_horizon,Multi-horizon,192607,1.0,0.056566970091027305,1538,selection_n,2844,130,129,36631,1538,54.07876230661041,11.0,3.0,37.0,23.817295188556567,0.5129165200645733,0.5227882037533512,0.4601542416452442,0.5647382920110193,0.4870834799354266
b,multi_horizon,Multi-horizon,193370,1.0,0.05721716514954486,1538,selection_n,2844,130,129,36631,1538,54.07876230661041,11.0,3.0,37.0,23.817295188556567,0.5129165200645733,0.5227882037533512,0.4601542416452442,0.5647382920110193,0.4870834799354266
b,multi_horizon,Multi-horizon,194879,1.0,0.05786736020806242,1538,selection_n,2844,130,129,36631,1538,54.07876230661041,11.0,3.0,37.0,23.817295188556567,0.5129165200645733,0.5227882037533512,0.4601542416452442,0.5647382920110193,0.4870834799354266
b,multi_horizon,Multi-horizon,195569,1.0,0.05851755526657997,1538,selection_n,2844,130,129,36631,1538,54.07876230661041,11.0,3.0,37.0,23.817295188556567,0.5129165200645733,0.5227882037533512,0.4601542416452442,0.5647382920110193,0.4870834799354266
b,multi_horizon,Multi-horizon,196850,1.0,0.05916775032509753,1538,selection_n,2844,130,129,36631,1538,54.07876230661041,11.0,3.0,37.0,23.817295188556567,0.5129165200645733,0.5227882037533512,0.4601542416452442,0.5647382920110193,0.4870834799354266
b,multi_horizon,Multi-horizon,198081,1.0,0.05981794538361508,1538,selection_n,2844,130,129,36631,1538,54.07876230661041,11.0,3.0,37.0,23.817295188556567,0.5129165200645733,0.5227882037533512,0.4601542416452442,0.5647382920110193,0.4870834799354266
b,multi_horizon,Multi-horizon,198113,1.0,0.06046814044213264,1538,selection_n,2844,130,129,36631,1538,54.07876230661041,11.0,3.0,37.0,23.817295188556567,0.5129165200645733,0.5227882037533512,0.4601542416452442,0.5647382920110193,0.4870834799354266
b,multi_horizon,Multi-horizon,198623,1.0,0.0611183355006502,1538,selection_n,2844,130,129,36631,1538,54.07876230661041,11.0,3.0,37.0,23.817295188556567,0.5129165200645733,0.5227882037533512,0.4601542416452442,0.5647382920110193,0.4870834799354266
b,multi_horizon,Multi-horizon,199694,1.0,0.06176853055916775,1538,selection_n,2844,130,129,36631,1538,54.07876230661041,11.0,3.0,37.0,23.817295188556567,0.5129165200645733,0.5227882037533512,0.4601542416452442,0.5647382920110193,0.4870834799354266
b,multi_horizon,Multi-horizon,199817,1.0,0.06241872561768531,1538,selection_n,2844,130,129,36631,1538,54.07876230661041,11.0,3.0,37.0,23.817295188556567,0.5129165200645733,0.5227882037533512,0.4601542416452442,0.5647382920110193,0.4870834799354266
b,multi_horizon,Multi-horizon,199877,1.0,0.06306892067620286,1538,selection_n,2844,130,129,36631,1538,54.07876230661041,11.0,3.0,37.0,23.817295188556567,0.5129165200645733,0.5227882037533512,0.4601542416452442,0.5647382920110193,0.4870834799354266
b,multi_horizon,Multi-horizon,2000,1.0,0.06371911573472042,1538,selection_n,2844,130,129,36631,1538,54.07876230661041,11.0,3.0,37.0,23.817295188556567,0.5129165200645733,0.5227882037533512,0.4601542416452442,0.5647382920110193,0.4870834799354266
b,multi_horizon,Multi-horizon,20042,1.0,0.06436931079323797,1538,selection_n,2844,130,129,36631,1538,54.07876230661041,11.0,3.0,37.0,23.817295188556567,0.5129165200645733,0.5227882037533512,0.4601542416452442,0.5647382920110193,0.4870834799354266
b,multi_horizon,Multi-horizon,200697,1.0,0.06501950585175553,1538,selection_n,2844,130,129,36631,1538,54.07876230661041,11.0,3.0,37.0,23.817295188556567,0.5129165200645733,0.5227882037533512,0.4601542416452442,0.5647382920110193,0.4870834799354266
b,multi_horizon,Multi-horizon,200903,1.0,0.06566970091027308,1538,selection_n,2844,130,129,36631,1538,54.07876230661041,11.0,3.0,37.0,23.817295188556567,0.5129165200645733,0.5227882037533512,0.4601542416452442,0.5647382920110193,0.4870834799354266
b,multi_horizon,Multi-horizon,201116,1.0,0.06631989596879063,1538,selection_n,2844,130,129,36631,1538,54.07876230661041,11.0,3.0,37.0,23.817295188556567,0.5129165200645733,0.5227882037533512,0.4601542416452442,0.5647382920110193,0.4870834799354266
b,multi_horizon,Multi-horizon,202163,1.0,0.06697009102730819,1538,selection_n,2844,130,129,36631,1538,54.07876230661041,11.0,3.0,37.0,23.817295188556567,0.5129165200645733,0.5227882037533512,0.4601542416452442,0.5647382920110193,0.4870834799354266
b,multi_horizon,Multi-horizon,202353,1.0,0.06762028608582575,1538,selection_n,2844,130,129,36631,1538,54.07876230661041,11.0,3.0,37.0,23.817295188556567,0.5129165200645733,0.5227882037533512,0.4601542416452442,0.5647382920110193,0.4870834799354266
b,multi_horizon,Multi-horizon,2028,1.0,0.06827048114434331,1538,selection_n,2844,130,129,36631,1538,54.07876230661041,11.0,3.0,37.0,23.817295188556567,0.5129165200645733,0.5227882037533512,0.4601542416452442,0.5647382920110193,0.4870834799354266
b,multi_horizon,Multi-horizon,203332,1.0,0.06892067620286085,1538,selection_n,2844,130,129,36631,1538,54.07876230661041,11.0,3.0,37.0,23.817295188556567,0.5129165200645733,0.5227882037533512,0.4601542416452442,0.5647382920110193,0.4870834799354266
b,multi_horizon,Multi-horizon,203993,1.0,0.06957087126137841,1538,selection_n,2844,130,129,36631,1538,54.07876230661041,11.0,3.0,37.0,23.817295188556567,0.5129165200645733,0.5227882037533512,0.4601542416452442,0.5647382920110193,0.4870834799354266
b,multi_horizon,Multi-horizon,206706,1.0,0.07022106631989597,1538,selection_n,2844,130,129,36631,1538,54.07876230661041,11.0,3.0,37.0,23.817295188556567,0.5129165200645733,0.5227882037533512,0.4601542416452442,0.5647382920110193,0.4870834799354266
b,multi_horizon,Multi-horizon,208080,1.0,0.07087126137841353,1538,selection_n,2844,130,129,36631,1538,54.07876230661041,11.0,3.0,37.0,23.817295188556567,0.5129165200645733,0.5227882037533512,0.4601542416452442,0.5647382920110193,0.4870834799354266
b,multi_horizon,Multi-horizon,209135,1.0,0.07152145643693109,1538,selection_n,2844,130,129,36631,1538,54.07876230661041,11.0,3.0,37.0,23.817295188556567,0.5129165200645733,0.5227882037533512,0.4601542416452442,0.5647382920110193,0.4870834799354266
b,multi_horizon,Multi-horizon,210106,1.0,0.07217165149544863,1538,selection_n,2844,130,129,36631,1538,54.07876230661041,11.0,3.0,37.0,23.817295188556567,0.5129165200645733,0.5227882037533512,0.4601542416452442,0.5647382920110193,0.4870834799354266
b,multi_horizon,Multi-horizon,210741,1.0,0.07282184655396619,1538,selection_n,2844,130,129,36631,1538,54.07876230661041,11.0,3.0,37.0,23.817295188556567,0.5129165200645733,0.5227882037533512,0.4601542416452442,0.5647382920110193,0.4870834799354266
b,multi_horizon,Multi-horizon,211430,1.0,0.07347204161248375,1538,selection_n,2844,130,129,36631,1538,54.07876230661041,11.0,3.0,37.0,23.817295188556567,0.5129165200645733,0.5227882037533512,0.4601542416452442,0.5647382920110193,0.4870834799354266
b,multi_horizon,Multi-horizon,211529,1.0,0.0741222366710013,1538,selection_n,2844,130,129,36631,1538,54.07876230661041,11.0,3.0,37.0,23.817295188556567,0.5129165200645733,0.5227882037533512,0.4601542416452442,0.5647382920110193,0.4870834799354266
b,multi_horizon,Multi-horizon,213000,1.0,0.07477243172951886,1538,selection_n,2844,130,129,36631,1538,54.07876230661041,11.0,3.0,37.0,23.817295188556567,0.5129165200645733,0.5227882037533512,0.4601542416452442,0.5647382920110193,0.4870834799354266
b,multi_horizon,Multi-horizon,213492,1.0,0.0754226267880364,1538,selection_n,2844,130,129,36631,1538,54.07876230661041,11.0,3.0,37.0,23.817295188556567,0.5129165200645733,0.5227882037533512,0.4601542416452442,0.5647382920110193,0.4870834799354266
b,multi_horizon,Multi-horizon,214354,1.0,0.07607282184655396,1538,selection_n,2844,130,129,36631,1538,54.07876230661041,11.0,3.0,37.0,23.817295188556567,0.5129165200645733,0.5227882037533512,0.4601542416452442,0.5647382920110193,0.4870834799354266
b,multi_horizon,Multi-horizon,2164,1.0,0.07672301690507152,1538,selection_n,2844,130,129,36631,1538,54.07876230661041,11.0,3.0,37.0,23.817295188556567,0.5129165200645733,0.5227882037533512,0.4601542416452442,0.5647382920110193,0.4870834799354266
b,multi_horizon,Multi-horizon,221063,1.0,0.07737321196358908,1538,selection_n,2844,130,129,36631,1538,54.07876230661041,11.0,3.0,37.0,23.817295188556567,0.5129165200645733,0.5227882037533512,0.4601542416452442,0.5647382920110193,0.4870834799354266
b,multi_horizon,Multi-horizon,221065,1.0,0.07802340702210664,1538,selection_n,2844,130,129,36631,1538,54.07876230661041,11.0,3.0,37.0,23.817295188556567,0.5129165200645733,0.5227882037533512,0.4601542416452442,0.5647382920110193,0.4870834799354266
b,multi_horizon,Multi-horizon,221080,1.0,0.07867360208062418,1538,selection_n,2844,130,129,36631,1538,54.07876230661041,11.0,3.0,37.0,23.817295188556567,0.5129165200645733,0.5227882037533512,0.4601542416452442,0.5647382920110193,0.4870834799354266
b,multi_horizon,Multi-horizon,222401,1.0,0.07932379713914174,1538,selection_n,2844,130,129,36631,1538,54.07876230661041,11.0,3.0,37.0,23.817295188556567,0.5129165200645733,0.5227882037533512,0.4601542416452442,0.5647382920110193,0.4870834799354266
b,multi_horizon,Multi-horizon,222849,1.0,0.0799739921976593,1538,selection_n,2844,130,129,36631,1538,54.07876230661041,11.0,3.0,37.0,23.817295188556567,0.5129165200645733,0.5227882037533512,0.4601542416452442,0.5647382920110193,0.4870834799354266
b,multi_horizon,Multi-horizon,223042,1.0,0.08062418725617686,1538,selection_n,2844,130,129,36631,1538,54.07876230661041,11.0,3.0,37.0,23.817295188556567,0.5129165200645733,0.5227882037533512,0.4601542416452442,0.5647382920110193,0.4870834799354266
b,multi_horizon,Multi-horizon,223123,1.0,0.0812743823146944,1538,selection_n,2844,130,129,36631,1538,54.07876230661041,11.0,3.0,37.0,23.817295188556567,0.5129165200645733,0.5227882037533512,0.4601542416452442,0.5647382920110193,0.4870834799354266
b,multi_horizon,Multi-horizon,229465,1.0,0.08192457737321196,1538,selection_n,2844,130,129,36631,1538,54.07876230661041,11.0,3.0,37.0,23.817295188556567,0.5129165200645733,0.5227882037533512,0.4601542416452442,0.5647382920110193,0.4870834799354266
b,multi_horizon,Multi-horizon,232780,1.0,0.08257477243172952,1538,selection_n,2844,130,129,36631,1538,54.07876230661041,11.0,3.0,37.0,23.817295188556567,0.5129165200645733,0.5227882037533512,0.4601542416452442,0.5647382920110193,0.4870834799354266
b,multi_horizon,Multi-horizon,233071,1.0,0.08322496749024708,1538,selection_n,2844,130,129,36631,1538,54.07876230661041,11.0,3.0,37.0,23.817295188556567,0.5129165200645733,0.5227882037533512,0.4601542416452442,0.5647382920110193,0.4870834799354266
b,multi_horizon,Multi-horizon,233096,1.0,0.08387516254876463,1538,selection_n,2844,130,129,36631,1538,54.07876230661041,11.0,3.0,37.0,23.817295188556567,0.5129165200645733,0.5227882037533512,0.4601542416452442,0.5647382920110193,0.4870834799354266
b,multi_horizon,Multi-horizon,233495,1.0,0.08452535760728218,1538,selection_n,2844,130,129,36631,1538,54.07876230661041,11.0,3.0,37.0,23.817295188556567,0.5129165200645733,0.5227882037533512,0.4601542416452442,0.5647382920110193,0.4870834799354266
b,multi_horizon,Multi-horizon,233838,1.0,0.08517555266579974,1538,selection_n,2844,130,129,36631,1538,54.07876230661041,11.0,3.0,37.0,23.817295188556567,0.5129165200645733,0.5227882037533512,0.4601542416452442,0.5647382920110193,0.4870834799354266
b,multi_horizon,Multi-horizon,2347,1.0,0.0858257477243173,1538,selection_n,2844,130,129,36631,1538,54.07876230661041,11.0,3.0,37.0,23.817295188556567,0.5129165200645733,0.5227882037533512,0.4601542416452442,0.5647382920110193,0.4870834799354266
b,multi_horizon,Multi-horizon,2424,1.0,0.08647594278283485,1538,selection_n,2844,130,129,36631,1538,54.07876230661041,11.0,3.0,37.0,23.817295188556567,0.5129165200645733,0.5227882037533512,0.4601542416452442,0.5647382920110193,0.4870834799354266
b,multi_horizon,Multi-horizon,244048,1.0,0.08712613784135241,1538,selection_n,2844,130,129,36631,1538,54.07876230661041,11.0,3.0,37.0,23.817295188556567,0.5129165200645733,0.5227882037533512,0.4601542416452442,0.5647382920110193,0.4870834799354266
b,multi_horizon,Multi-horizon,252717,1.0,0.08777633289986995,1538,selection_n,2844,130,129,36631,1538,54.07876230661041,11.0,3.0,37.0,23.817295188556567,0.5129165200645733,0.5227882037533512,0.4601542416452442,0.5647382920110193,0.4870834799354266
b,multi_horizon,Multi-horizon,25348,1.0,0.08842652795838751,1538,selection_n,2844,130,129,36631,1538,54.07876230661041,11.0,3.0,37.0,23.817295188556567,0.5129165200645733,0.5227882037533512,0.4601542416452442,0.5647382920110193,0.4870834799354266
b,multi_horizon,Multi-horizon,2545,1.0,0.08907672301690507,1538,selection_n,2844,130,129,36631,1538,54.07876230661041,11.0,3.0,37.0,23.817295188556567,0.5129165200645733,0.5227882037533512,0.4601542416452442,0.5647382920110193,0.4870834799354266
b,multi_horizon,Multi-horizon,257872,1.0,0.08972691807542263,1538,selection_n,2844,130,129,36631,1538,54.07876230661041,11.0,3.0,37.0,23.817295188556567,0.5129165200645733,0.5227882037533512,0.4601542416452442,0.5647382920110193,0.4870834799354266
b,multi_horizon,Multi-horizon,2588,1.0,0.09037711313394019,1538,selection_n,2844,130,129,36631,1538,54.07876230661041,11.0,3.0,37.0,23.817295188556567,0.5129165200645733,0.5227882037533512,0.4601542416452442,0.5647382920110193,0.4870834799354266
b,multi_horizon,Multi-horizon,26713,1.0,0.09102730819245773,1538,selection_n,2844,130,129,36631,1538,54.07876230661041,11.0,3.0,37.0,23.817295188556567,0.5129165200645733,0.5227882037533512,0.4601542416452442,0.5647382920110193,0.4870834799354266
b,multi_horizon,Multi-horizon,2716,1.0,0.09167750325097529,1538,selection_n,2844,130,129,36631,1538,54.07876230661041,11.0,3.0,37.0,23.817295188556567,0.5129165200645733,0.5227882037533512,0.4601542416452442,0.5647382920110193,0.4870834799354266
b,multi_horizon,Multi-horizon,276567,1.0,0.09232769830949285,1538,selection_n,2844,130,129,36631,1538,54.07876230661041,11.0,3.0,37.0,23.817295188556567,0.5129165200645733,0.5227882037533512,0.4601542416452442,0.5647382920110193,0.4870834799354266
b,multi_horizon,Multi-horizon,2777,1.0,0.0929778933680104,1538,selection_n,2844,130,129,36631,1538,54.07876230661041,11.0,3.0,37.0,23.817295188556567,0.5129165200645733,0.5227882037533512,0.4601542416452442,0.5647382920110193,0.4870834799354266
b,multi_horizon,Multi-horizon,283,1.0,0.09362808842652796,1538,selection_n,2844,130,129,36631,1538,54.07876230661041,11.0,3.0,37.0,23.817295188556567,0.5129165200645733,0.5227882037533512,0.4601542416452442,0.5647382920110193,0.4870834799354266
b,multi_horizon,Multi-horizon,2841,1.0,0.09427828348504551,1538,selection_n,2844,130,129,36631,1538,54.07876230661041,11.0,3.0,37.0,23.817295188556567,0.5129165200645733,0.5227882037533512,0.4601542416452442,0.5647382920110193,0.4870834799354266
b,multi_horizon,Multi-horizon,287039,1.0,0.09492847854356307,1538,selection_n,2844,130,129,36631,1538,54.07876230661041,11.0,3.0,37.0,23.817295188556567,0.5129165200645733,0.5227882037533512,0.4601542416452442,0.5647382920110193,0.4870834799354266
b,multi_horizon,Multi-horizon,2876,1.0,0.09557867360208062,1538,selection_n,2844,130,129,36631,1538,54.07876230661041,11.0,3.0,37.0,23.817295188556567,0.5129165200645733,0.5227882037533512,0.4601542416452442,0.5647382920110193,0.4870834799354266
b,multi_horizon,Multi-horizon,2919,1.0,0.09622886866059818,1538,selection_n,2844,130,129,36631,1538,54.07876230661041,11.0,3.0,37.0,23.817295188556567,0.5129165200645733,0.5227882037533512,0.4601542416452442,0.5647382920110193,0.4870834799354266
b,multi_horizon,Multi-horizon,2952,1.0,0.09687906371911574,1538,selection_n,2844,130,129,36631,1538,54.07876230661041,11.0,3.0,37.0,23.817295188556567,0.5129165200645733,0.5227882037533512,0.4601542416452442,0.5647382920110193,0.4870834799354266
b,multi_horizon,Multi-horizon,299391,1.0,0.09752925877763328,1538,selection_n,2844,130,129,36631,1538,54.07876230661041,11.0,3.0,37.0,23.817295188556567,0.5129165200645733,0.5227882037533512,0.4601542416452442,0.5647382920110193,0.4870834799354266
b,multi_horizon,Multi-horizon,3024,1.0,0.09817945383615084,1538,selection_n,2844,130,129,36631,1538,54.07876230661041,11.0,3.0,37.0,23.817295188556567,0.5129165200645733,0.5227882037533512,0.4601542416452442,0.5647382920110193,0.4870834799354266
b,multi_horizon,Multi-horizon,3118,1.0,0.0988296488946684,1538,selection_n,2844,130,129,36631,1538,54.07876230661041,11.0,3.0,37.0,23.817295188556567,0.5129165200645733,0.5227882037533512,0.4601542416452442,0.5647382920110193,0.4870834799354266
b,multi_horizon,Multi-horizon,31198,1.0,0.09947984395318596,1538,selection_n,2844,130,129,36631,1538,54.07876230661041,11.0,3.0,37.0,23.817295188556567,0.5129165200645733,0.5227882037533512,0.4601542416452442,0.5647382920110193,0.4870834799354266
b,multi_horizon,Multi-horizon,3209,1.0,0.10013003901170352,1538,selection_n,2844,130,129,36631,1538,54.07876230661041,11.0,3.0,37.0,23.817295188556567,0.5129165200645733,0.5227882037533512,0.4601542416452442,0.5647382920110193,0.4870834799354266
b,multi_horizon,Multi-horizon,32609,1.0,0.10078023407022106,1538,selection_n,2844,130,129,36631,1538,54.07876230661041,11.0,3.0,37.0,23.817295188556567,0.5129165200645733,0.5227882037533512,0.4601542416452442,0.5647382920110193,0.4870834799354266
b,multi_horizon,Multi-horizon,32612,1.0,0.10143042912873862,1538,selection_n,2844,130,129,36631,1538,54.07876230661041,11.0,3.0,37.0,23.817295188556567,0.5129165200645733,0.5227882037533512,0.4601542416452442,0.5647382920110193,0.4870834799354266
b,multi_horizon,Multi-horizon,3392,1.0,0.10208062418725618,1538,selection_n,2844,130,129,36631,1538,54.07876230661041,11.0,3.0,37.0,23.817295188556567,0.5129165200645733,0.5227882037533512,0.4601542416452442,0.5647382920110193,0.4870834799354266
b,multi_horizon,Multi-horizon,3418,1.0,0.10273081924577374,1538,selection_n,2844,130,129,36631,1538,54.07876230661041,11.0,3.0,37.0,23.817295188556567,0.5129165200645733,0.5227882037533512,0.4601542416452442,0.5647382920110193,0.4870834799354266
b,multi_horizon,Multi-horizon,34659,1.0,0.1033810143042913,1538,selection_n,2844,130,129,36631,1538,54.07876230661041,11.0,3.0,37.0,23.817295188556567,0.5129165200645733,0.5227882037533512,0.4601542416452442,0.5647382920110193,0.4870834799354266
b,multi_horizon,Multi-horizon,351721,1.0,0.10403120936280884,1538,selection_n,2844,130,129,36631,1538,54.07876230661041,11.0,3.0,37.0,23.817295188556567,0.5129165200645733,0.5227882037533512,0.4601542416452442,0.5647382920110193,0.4870834799354266
b,multi_horizon,Multi-horizon,352431,1.0,0.1046814044213264,1538,selection_n,2844,130,129,36631,1538,54.07876230661041,11.0,3.0,37.0,23.817295188556567,0.5129165200645733,0.5227882037533512,0.4601542416452442,0.5647382920110193,0.4870834799354266
b,multi_horizon,Multi-horizon,3528,1.0,0.10533159947984395,1538,selection_n,2844,130,129,36631,1538,54.07876230661041,11.0,3.0,37.0,23.817295188556567,0.5129165200645733,0.5227882037533512,0.4601542416452442,0.5647382920110193,0.4870834799354266
b,multi_horizon,Multi-horizon,3530,1.0,0.10598179453836151,1538,selection_n,2844,130,129,36631,1538,54.07876230661041,11.0,3.0,37.0,23.817295188556567,0.5129165200645733,0.5227882037533512,0.4601542416452442,0.5647382920110193,0.4870834799354266
b,multi_horizon,Multi-horizon,356289,1.0,0.10663198959687907,1538,selection_n,2844,130,129,36631,1538,54.07876230661041,11.0,3.0,37.0,23.817295188556567,0.5129165200645733,0.5227882037533512,0.4601542416452442,0.5647382920110193,0.4870834799354266
b,multi_horizon,Multi-horizon,35794,1.0,0.10728218465539661,1538,selection_n,2844,130,129,36631,1538,54.07876230661041,11.0,3.0,37.0,23.817295188556567,0.5129165200645733,0.5227882037533512,0.4601542416452442,0.5647382920110193,0.4870834799354266
b,multi_horizon,Multi-horizon,3592,1.0,0.10793237971391417,1538,selection_n,2844,130,129,36631,1538,54.07876230661041,11.0,3.0,37.0,23.817295188556567,0.5129165200645733,0.5227882037533512,0.4601542416452442,0.5647382920110193,0.4870834799354266
b,multi_horizon,Multi-horizon,3598,1.0,0.10858257477243173,1538,selection_n,2844,130,129,36631,1538,54.07876230661041,11.0,3.0,37.0,23.817295188556567,0.5129165200645733,0.5227882037533512,0.4601542416452442,0.5647382920110193,0.4870834799354266
b,multi_horizon,Multi-horizon,3630,1.0,0.10923276983094929,1538,selection_n,2844,130,129,36631,1538,54.07876230661041,11.0,3.0,37.0,23.817295188556567,0.5129165200645733,0.5227882037533512,0.4601542416452442,0.5647382920110193,0.4870834799354266
b,multi_horizon,Multi-horizon,3646,1.0,0.10988296488946683,1538,selection_n,2844,130,129,36631,1538,54.07876230661041,11.0,3.0,37.0,23.817295188556567,0.5129165200645733,0.5227882037533512,0.4601542416452442,0.5647382920110193,0.4870834799354266
b,multi_horizon,Multi-horizon,3773,1.0,0.11053315994798439,1538,selection_n,2844,130,129,36631,1538,54.07876230661041,11.0,3.0,37.0,23.817295188556567,0.5129165200645733,0.5227882037533512,0.4601542416452442,0.5647382920110193,0.4870834799354266
b,multi_horizon,Multi-horizon,3892,1.0,0.11118335500650195,1538,selection_n,2844,130,129,36631,1538,54.07876230661041,11.0,3.0,37.0,23.817295188556567,0.5129165200645733,0.5227882037533512,0.4601542416452442,0.5647382920110193,0.4870834799354266
b,multi_horizon,Multi-horizon,390651,1.0,0.11183355006501951,1538,selection_n,2844,130,129,36631,1538,54.07876230661041,11.0,3.0,37.0,23.817295188556567,0.5129165200645733,0.5227882037533512,0.4601542416452442,0.5647382920110193,0.4870834799354266
b,multi_horizon,Multi-horizon,4052,1.0,0.11248374512353707,1538,selection_n,2844,130,129,36631,1538,54.07876230661041,11.0,3.0,37.0,23.817295188556567,0.5129165200645733,0.5227882037533512,0.4601542416452442,0.5647382920110193,0.4870834799354266
b,multi_horizon,Multi-horizon,405744,1.0,0.11313394018205461,1538,selection_n,2844,130,129,36631,1538,54.07876230661041,11.0,3.0,37.0,23.817295188556567,0.5129165200645733,0.5227882037533512,0.4601542416452442,0.5647382920110193,0.4870834799354266
b,multi_horizon,Multi-horizon,4061,1.0,0.11378413524057217,1538,selection_n,2844,130,129,36631,1538,54.07876230661041,11.0,3.0,37.0,23.817295188556567,0.5129165200645733,0.5227882037533512,0.4601542416452442,0.5647382920110193,0.4870834799354266
b,multi_horizon,Multi-horizon,409269,1.0,0.11443433029908973,1538,selection_n,2844,130,129,36631,1538,54.07876230661041,11.0,3.0,37.0,23.817295188556567,0.5129165200645733,0.5227882037533512,0.4601542416452442,0.5647382920110193,0.4870834799354266
b,multi_horizon,Multi-horizon,41066,1.0,0.11508452535760728,1538,selection_n,2844,130,129,36631,1538,54.07876230661041,11.0,3.0,37.0,23.817295188556567,0.5129165200645733,0.5227882037533512,0.4601542416452442,0.5647382920110193,0.4870834799354266
b,multi_horizon,Multi-horizon,4115,1.0,0.11573472041612484,1538,selection_n,2844,130,129,36631,1538,54.07876230661041,11.0,3.0,37.0,23.817295188556567,0.5129165200645733,0.5227882037533512,0.4601542416452442,0.5647382920110193,0.4870834799354266
b,multi_horizon,Multi-horizon,41777,1.0,0.11638491547464239,1538,selection_n,2844,130,129,36631,1538,54.07876230661041,11.0,3.0,37.0,23.817295188556567,0.5129165200645733,0.5227882037533512,0.4601542416452442,0.5647382920110193,0.4870834799354266
b,multi_horizon,Multi-horizon,43237,1.0,0.11703511053315994,1538,selection_n,2844,130,129,36631,1538,54.07876230661041,11.0,3.0,37.0,23.817295188556567,0.5129165200645733,0.5227882037533512,0.4601542416452442,0.5647382920110193,0.4870834799354266
b,multi_horizon,Multi-horizon,4468,1.0,0.1176853055916775,1538,selection_n,2844,130,129,36631,1538,54.07876230661041,11.0,3.0,37.0,23.817295188556567,0.5129165200645733,0.5227882037533512,0.4601542416452442,0.5647382920110193,0.4870834799354266
b,multi_horizon,Multi-horizon,4494,1.0,0.11833550065019506,1538,selection_n,2844,130,129,36631,1538,54.07876230661041,11.0,3.0,37.0,23.817295188556567,0.5129165200645733,0.5227882037533512,0.4601542416452442,0.5647382920110193,0.4870834799354266
b,multi_horizon,Multi-horizon,451136,1.0,0.11898569570871262,1538,selection_n,2844,130,129,36631,1538,54.07876230661041,11.0,3.0,37.0,23.817295188556567,0.5129165200645733,0.5227882037533512,0.4601542416452442,0.5647382920110193,0.4870834799354266
b,multi_horizon,Multi-horizon,452897,1.0,0.11963589076723016,1538,selection_n,2844,130,129,36631,1538,54.07876230661041,11.0,3.0,37.0,23.817295188556567,0.5129165200645733,0.5227882037533512,0.4601542416452442,0.5647382920110193,0.4870834799354266
b,multi_horizon,Multi-horizon,453125,1.0,0.12028608582574772,1538,selection_n,2844,130,129,36631,1538,54.07876230661041,11.0,3.0,37.0,23.817295188556567,0.5129165200645733,0.5227882037533512,0.4601542416452442,0.5647382920110193,0.4870834799354266
b,multi_horizon,Multi-horizon,456619,1.0,0.12093628088426528,1538,selection_n,2844,130,129,36631,1538,54.07876230661041,11.0,3.0,37.0,23.817295188556567,0.5129165200645733,0.5227882037533512,0.4601542416452442,0.5647382920110193,0.4870834799354266
b,multi_horizon,Multi-horizon,4717,1.0,0.12158647594278284,1538,selection_n,2844,130,129,36631,1538,54.07876230661041,11.0,3.0,37.0,23.817295188556567,0.5129165200645733,0.5227882037533512,0.4601542416452442,0.5647382920110193,0.4870834799354266
b,multi_horizon,Multi-horizon,48314,1.0,0.1222366710013004,1538,selection_n,2844,130,129,36631,1538,54.07876230661041,11.0,3.0,37.0,23.817295188556567,0.5129165200645733,0.5227882037533512,0.4601542416452442,0.5647382920110193,0.4870834799354266
b,multi_horizon,Multi-horizon,552,1.0,0.12288686605981794,1538,selection_n,2844,130,129,36631,1538,54.07876230661041,11.0,3.0,37.0,23.817295188556567,0.5129165200645733,0.5227882037533512,0.4601542416452442,0.5647382920110193,0.4870834799354266
b,multi_horizon,Multi-horizon,5728,1.0,0.1235370611183355,1538,selection_n,2844,130,129,36631,1538,54.07876230661041,11.0,3.0,37.0,23.817295188556567,0.5129165200645733,0.5227882037533512,0.4601542416452442,0.5647382920110193,0.4870834799354266
b,multi_horizon,Multi-horizon,57670,1.0,0.12418725617685306,1538,selection_n,2844,130,129,36631,1538,54.07876230661041,11.0,3.0,37.0,23.817295188556567,0.5129165200645733,0.5227882037533512,0.4601542416452442,0.5647382920110193,0.4870834799354266
b,multi_horizon,Multi-horizon,59793,1.0,0.12483745123537061,1538,selection_n,2844,130,129,36631,1538,54.07876230661041,11.0,3.0,37.0,23.817295188556567,0.5129165200645733,0.5227882037533512,0.4601542416452442,0.5647382920110193,0.4870834799354266
b,multi_horizon,Multi-horizon,6071,1.0,0.12548764629388817,1538,selection_n,2844,130,129,36631,1538,54.07876230661041,11.0,3.0,37.0,23.817295188556567,0.5129165200645733,0.5227882037533512,0.4601542416452442,0.5647382920110193,0.4870834799354266
b,multi_horizon,Multi-horizon,610,1.0,0.12613784135240572,1538,selection_n,2844,130,129,36631,1538,54.07876230661041,11.0,3.0,37.0,23.817295188556567,0.5129165200645733,0.5227882037533512,0.4601542416452442,0.5647382920110193,0.4870834799354266
b,multi_horizon,Multi-horizon,6190,1.0,0.1267880364109233,1538,selection_n,2844,130,129,36631,1538,54.07876230661041,11.0,3.0,37.0,23.817295188556567,0.5129165200645733,0.5227882037533512,0.4601542416452442,0.5647382920110193,0.4870834799354266
b,multi_horizon,Multi-horizon,62783,1.0,0.12743823146944083,1538,selection_n,2844,130,129,36631,1538,54.07876230661041,11.0,3.0,37.0,23.817295188556567,0.5129165200645733,0.5227882037533512,0.4601542416452442,0.5647382920110193,0.4870834799354266
b,multi_horizon,Multi-horizon,62854,1.0,0.12808842652795838,1538,selection_n,2844,130,129,36631,1538,54.07876230661041,11.0,3.0,37.0,23.817295188556567,0.5129165200645733,0.5227882037533512,0.4601542416452442,0.5647382920110193,0.4870834799354266
b,multi_horizon,Multi-horizon,64935,1.0,0.12873862158647595,1538,selection_n,2844,130,129,36631,1538,54.07876230661041,11.0,3.0,37.0,23.817295188556567,0.5129165200645733,0.5227882037533512,0.4601542416452442,0.5647382920110193,0.4870834799354266
b,multi_horizon,Multi-horizon,66962,1.0,0.1293888166449935,1538,selection_n,2844,130,129,36631,1538,54.07876230661041,11.0,3.0,37.0,23.817295188556567,0.5129165200645733,0.5227882037533512,0.4601542416452442,0.5647382920110193,0.4870834799354266
b,multi_horizon,Multi-horizon,67008,1.0,0.13003901170351106,1538,selection_n,2844,130,129,36631,1538,54.07876230661041,11.0,3.0,37.0,23.817295188556567,0.5129165200645733,0.5227882037533512,0.4601542416452442,0.5647382920110193,0.4870834799354266
b,multi_horizon,Multi-horizon,68075,1.0,0.1306892067620286,1538,selection_n,2844,130,129,36631,1538,54.07876230661041,11.0,3.0,37.0,23.817295188556567,0.5129165200645733,0.5227882037533512,0.4601542416452442,0.5647382920110193,0.4870834799354266
b,multi_horizon,Multi-horizon,68958,1.0,0.13133940182054615,1538,selection_n,2844,130,129,36631,1538,54.07876230661041,11.0,3.0,37.0,23.817295188556567,0.5129165200645733,0.5227882037533512,0.4601542416452442,0.5647382920110193,0.4870834799354266
b,multi_horizon,Multi-horizon,7031,1.0,0.13198959687906373,1538,selection_n,2844,130,129,36631,1538,54.07876230661041,11.0,3.0,37.0,23.817295188556567,0.5129165200645733,0.5227882037533512,0.4601542416452442,0.5647382920110193,0.4870834799354266
b,multi_horizon,Multi-horizon,71126,1.0,0.13263979193758127,1538,selection_n,2844,130,129,36631,1538,54.07876230661041,11.0,3.0,37.0,23.817295188556567,0.5129165200645733,0.5227882037533512,0.4601542416452442,0.5647382920110193,0.4870834799354266
b,multi_horizon,Multi-horizon,75267,1.0,0.13328998699609884,1538,selection_n,2844,130,129,36631,1538,54.07876230661041,11.0,3.0,37.0,23.817295188556567,0.5129165200645733,0.5227882037533512,0.4601542416452442,0.5647382920110193,0.4870834799354266
b,multi_horizon,Multi-horizon,75277,1.0,0.13394018205461639,1538,selection_n,2844,130,129,36631,1538,54.07876230661041,11.0,3.0,37.0,23.817295188556567,0.5129165200645733,0.5227882037533512,0.4601542416452442,0.5647382920110193,0.4870834799354266
b,multi_horizon,Multi-horizon,766,1.0,0.13459037711313393,1538,selection_n,2844,130,129,36631,1538,54.07876230661041,11.0,3.0,37.0,23.817295188556567,0.5129165200645733,0.5227882037533512,0.4601542416452442,0.5647382920110193,0.4870834799354266
b,multi_horizon,Multi-horizon,768,1.0,0.1352405721716515,1538,selection_n,2844,130,129,36631,1538,54.07876230661041,11.0,3.0,37.0,23.817295188556567,0.5129165200645733,0.5227882037533512,0.4601542416452442,0.5647382920110193,0.4870834799354266
b,multi_horizon,Multi-horizon,78419,1.0,0.13589076723016905,1538,selection_n,2844,130,129,36631,1538,54.07876230661041,11.0,3.0,37.0,23.817295188556567,0.5129165200645733,0.5227882037533512,0.4601542416452442,0.5647382920110193,0.4870834799354266
b,multi_horizon,Multi-horizon,79503,1.0,0.13654096228868662,1538,selection_n,2844,130,129,36631,1538,54.07876230661041,11.0,3.0,37.0,23.817295188556567,0.5129165200645733,0.5227882037533512,0.4601542416452442,0.5647382920110193,0.4870834799354266
b,multi_horizon,Multi-horizon,80490,1.0,0.13719115734720416,1538,selection_n,2844,130,129,36631,1538,54.07876230661041,11.0,3.0,37.0,23.817295188556567,0.5129165200645733,0.5227882037533512,0.4601542416452442,0.5647382920110193,0.4870834799354266
b,multi_horizon,Multi-horizon,81594,1.0,0.1378413524057217,1538,selection_n,2844,130,129,36631,1538,54.07876230661041,11.0,3.0,37.0,23.817295188556567,0.5129165200645733,0.5227882037533512,0.4601542416452442,0.5647382920110193,0.4870834799354266
b,multi_horizon,Multi-horizon,84688,1.0,0.13849154746423928,1538,selection_n,2844,130,129,36631,1538,54.07876230661041,11.0,3.0,37.0,23.817295188556567,0.5129165200645733,0.5227882037533512,0.4601542416452442,0.5647382920110193,0.4870834799354266
b,multi_horizon,Multi-horizon,85792,1.0,0.13914174252275682,1538,selection_n,2844,130,129,36631,1538,54.07876230661041,11.0,3.0,37.0,23.817295188556567,0.5129165200645733,0.5227882037533512,0.4601542416452442,0.5647382920110193,0.4870834799354266
b,multi_horizon,Multi-horizon,8809,1.0,0.1397919375812744,1538,selection_n,2844,130,129,36631,1538,54.07876230661041,11.0,3.0,37.0,23.817295188556567,0.5129165200645733,0.5227882037533512,0.4601542416452442,0.5647382920110193,0.4870834799354266
b,multi_horizon,Multi-horizon,88965,1.0,0.14044213263979194,1538,selection_n,2844,130,129,36631,1538,54.07876230661041,11.0,3.0,37.0,23.817295188556567,0.5129165200645733,0.5227882037533512,0.4601542416452442,0.5647382920110193,0.4870834799354266
b,multi_horizon,Multi-horizon,92026,1.0,0.14109232769830948,1538,selection_n,2844,130,129,36631,1538,54.07876230661041,11.0,3.0,37.0,23.817295188556567,0.5129165200645733,0.5227882037533512,0.4601542416452442,0.5647382920110193,0.4870834799354266
b,multi_horizon,Multi-horizon,924,1.0,0.14174252275682706,1538,selection_n,2844,130,129,36631,1538,54.07876230661041,11.0,3.0,37.0,23.817295188556567,0.5129165200645733,0.5227882037533512,0.4601542416452442,0.5647382920110193,0.4870834799354266
b,multi_horizon,Multi-horizon,96068,1.0,0.1423927178153446,1538,selection_n,2844,130,129,36631,1538,54.07876230661041,11.0,3.0,37.0,23.817295188556567,0.5129165200645733,0.5227882037533512,0.4601542416452442,0.5647382920110193,0.4870834799354266
b,multi_horizon,Multi-horizon,97859,1.0,0.14304291287386217,1538,selection_n,2844,130,129,36631,1538,54.07876230661041,11.0,3.0,37.0,23.817295188556567,0.5129165200645733,0.5227882037533512,0.4601542416452442,0.5647382920110193,0.4870834799354266
b,multi_horizon,Multi-horizon,98420,1.0,0.14369310793237972,1538,selection_n,2844,130,129,36631,1538,54.07876230661041,11.0,3.0,37.0,23.817295188556567,0.5129165200645733,0.5227882037533512,0.4601542416452442,0.5647382920110193,0.4870834799354266
b,multi_horizon,Multi-horizon,103186,2.0,0.14434330299089726,1538,selection_n,2844,130,129,36631,1538,54.07876230661041,11.0,3.0,37.0,23.817295188556567,0.5129165200645733,0.5227882037533512,0.4601542416452442,0.5647382920110193,0.4870834799354266
b,multi_horizon,Multi-horizon,107382,2.0,0.14499349804941483,1538,selection_n,2844,130,129,36631,1538,54.07876230661041,11.0,3.0,37.0,23.817295188556567,0.5129165200645733,0.5227882037533512,0.4601542416452442,0.5647382920110193,0.4870834799354266
b,multi_horizon,Multi-horizon,11095,2.0,0.14564369310793238,1538,selection_n,2844,130,129,36631,1538,54.07876230661041,11.0,3.0,37.0,23.817295188556567,0.5129165200645733,0.5227882037533512,0.4601542416452442,0.5647382920110193,0.4870834799354266
b,multi_horizon,Multi-horizon,114507,2.0,0.14629388816644995,1538,selection_n,2844,130,129,36631,1538,54.07876230661041,11.0,3.0,37.0,23.817295188556567,0.5129165200645733,0.5227882037533512,0.4601542416452442,0.5647382920110193,0.4870834799354266
b,multi_horizon,Multi-horizon,117631,2.0,0.1469440832249675,1538,selection_n,2844,130,129,36631,1538,54.07876230661041,11.0,3.0,37.0,23.817295188556567,0.5129165200645733,0.5227882037533512,0.4601542416452442,0.5647382920110193,0.4870834799354266
b,multi_horizon,Multi-horizon,1183,2.0,0.14759427828348504,1538,selection_n,2844,130,129,36631,1538,54.07876230661041,11.0,3.0,37.0,23.817295188556567,0.5129165200645733,0.5227882037533512,0.4601542416452442,0.5647382920110193,0.4870834799354266
b,multi_horizon,Multi-horizon,119746,2.0,0.1482444733420026,1538,selection_n,2844,130,129,36631,1538,54.07876230661041,11.0,3.0,37.0,23.817295188556567,0.5129165200645733,0.5227882037533512,0.4601542416452442,0.5647382920110193,0.4870834799354266
b,multi_horizon,Multi-horizon,1212,2.0,0.14889466840052015,1538,selection_n,2844,130,129,36631,1538,54.07876230661041,11.0,3.0,37.0,23.817295188556567,0.5129165200645733,0.5227882037533512,0.4601542416452442,0.5647382920110193,0.4870834799354266
b,multi_horizon,Multi-horizon,121932,2.0,0.14954486345903772,1538,selection_n,2844,130,129,36631,1538,54.07876230661041,11.0,3.0,37.0,23.817295188556567,0.5129165200645733,0.5227882037533512,0.4601542416452442,0.5647382920110193,0.4870834799354266
b,multi_horizon,Multi-horizon,126759,2.0,0.15019505851755527,1538,selection_n,2844,130,129,36631,1538,54.07876230661041,11.0,3.0,37.0,23.817295188556567,0.5129165200645733,0.5227882037533512,0.4601542416452442,0.5647382920110193,0.4870834799354266
b,multi_horizon,Multi-horizon,129494,2.0,0.1508452535760728,1538,selection_n,2844,130,129,36631,1538,54.07876230661041,11.0,3.0,37.0,23.817295188556567,0.5129165200645733,0.5227882037533512,0.4601542416452442,0.5647382920110193,0.4870834799354266
b,multi_horizon,Multi-horizon,134618,2.0,0.15149544863459039,1538,selection_n,2844,130,129,36631,1538,54.07876230661041,11.0,3.0,37.0,23.817295188556567,0.5129165200645733,0.5227882037533512,0.4601542416452442,0.5647382920110193,0.4870834799354266
b,multi_horizon,Multi-horizon,139439,2.0,0.15214564369310793,1538,selection_n,2844,130,129,36631,1538,54.07876230661041,11.0,3.0,37.0,23.817295188556567,0.5129165200645733,0.5227882037533512,0.4601542416452442,0.5647382920110193,0.4870834799354266
b,multi_horizon,Multi-horizon,146084,2.0,0.1527958387516255,1538,selection_n,2844,130,129,36631,1538,54.07876230661041,11.0,3.0,37.0,23.817295188556567,0.5129165200645733,0.5227882037533512,0.4601542416452442,0.5647382920110193,0.4870834799354266
b,multi_horizon,Multi-horizon,147679,2.0,0.15344603381014305,1538,selection_n,2844,130,129,36631,1538,54.07876230661041,11.0,3.0,37.0,23.817295188556567,0.5129165200645733,0.5227882037533512,0.4601542416452442,0.5647382920110193,0.4870834799354266
b,multi_horizon,Multi-horizon,147887,2.0,0.1540962288686606,1538,selection_n,2844,130,129,36631,1538,54.07876230661041,11.0,3.0,37.0,23.817295188556567,0.5129165200645733,0.5227882037533512,0.4601542416452442,0.5647382920110193,0.4870834799354266
b,multi_horizon,Multi-horizon,147889,2.0,0.15474642392717816,1538,selection_n,2844,130,129,36631,1538,54.07876230661041,11.0,3.0,37.0,23.817295188556567,0.5129165200645733,0.5227882037533512,0.4601542416452442,0.5647382920110193,0.4870834799354266
b,multi_horizon,Multi-horizon,151700,2.0,0.1553966189856957,1538,selection_n,2844,130,129,36631,1538,54.07876230661041,11.0,3.0,37.0,23.817295188556567,0.5129165200645733,0.5227882037533512,0.4601542416452442,0.5647382920110193,0.4870834799354266
b,multi_horizon,Multi-horizon,155321,2.0,0.15604681404421328,1538,selection_n,2844,130,129,36631,1538,54.07876230661041,11.0,3.0,37.0,23.817295188556567,0.5129165200645733,0.5227882037533512,0.4601542416452442,0.5647382920110193,0.4870834799354266
b,multi_horizon,Multi-horizon,1572,2.0,0.15669700910273082,1538,selection_n,2844,130,129,36631,1538,54.07876230661041,11.0,3.0,37.0,23.817295188556567,0.5129165200645733,0.5227882037533512,0.4601542416452442,0.5647382920110193,0.4870834799354266
b,multi_horizon,Multi-horizon,157618,2.0,0.15734720416124837,1538,selection_n,2844,130,129,36631,1538,54.07876230661041,11.0,3.0,37.0,23.817295188556567,0.5129165200645733,0.5227882037533512,0.4601542416452442,0.5647382920110193,0.4870834799354266
b,multi_horizon,Multi-horizon,159755,2.0,0.15799739921976594,1538,selection_n,2844,130,129,36631,1538,54.07876230661041,11.0,3.0,37.0,23.817295188556567,0.5129165200645733,0.5227882037533512,0.4601542416452442,0.5647382920110193,0.4870834799354266
b,multi_horizon,Multi-horizon,1649,2.0,0.15864759427828348,1538,selection_n,2844,130,129,36631,1538,54.07876230661041,11.0,3.0,37.0,23.817295188556567,0.5129165200645733,0.5227882037533512,0.4601542416452442,0.5647382920110193,0.4870834799354266
b,multi_horizon,Multi-horizon,16834,2.0,0.15929778933680103,1538,selection_n,2844,130,129,36631,1538,54.07876230661041,11.0,3.0,37.0,23.817295188556567,0.5129165200645733,0.5227882037533512,0.4601542416452442,0.5647382920110193,0.4870834799354266
b,multi_horizon,Multi-horizon,184735,2.0,0.1599479843953186,1538,selection_n,2844,130,129,36631,1538,54.07876230661041,11.0,3.0,37.0,23.817295188556567,0.5129165200645733,0.5227882037533512,0.4601542416452442,0.5647382920110193,0.4870834799354266
b,multi_horizon,Multi-horizon,184740,2.0,0.16059817945383614,1538,selection_n,2844,130,129,36631,1538,54.07876230661041,11.0,3.0,37.0,23.817295188556567,0.5129165200645733,0.5227882037533512,0.4601542416452442,0.5647382920110193,0.4870834799354266
b,multi_horizon,Multi-horizon,185735,2.0,0.16124837451235371,1538,selection_n,2844,130,129,36631,1538,54.07876230661041,11.0,3.0,37.0,23.817295188556567,0.5129165200645733,0.5227882037533512,0.4601542416452442,0.5647382920110193,0.4870834799354266
b,multi_horizon,Multi-horizon,185961,2.0,0.16189856957087126,1538,selection_n,2844,130,129,36631,1538,54.07876230661041,11.0,3.0,37.0,23.817295188556567,0.5129165200645733,0.5227882037533512,0.4601542416452442,0.5647382920110193,0.4870834799354266
b,multi_horizon,Multi-horizon,187064,2.0,0.1625487646293888,1538,selection_n,2844,130,129,36631,1538,54.07876230661041,11.0,3.0,37.0,23.817295188556567,0.5129165200645733,0.5227882037533512,0.4601542416452442,0.5647382920110193,0.4870834799354266
b,multi_horizon,Multi-horizon,188138,2.0,0.16319895968790638,1538,selection_n,2844,130,129,36631,1538,54.07876230661041,11.0,3.0,37.0,23.817295188556567,0.5129165200645733,0.5227882037533512,0.4601542416452442,0.5647382920110193,0.4870834799354266
b,multi_horizon,Multi-horizon,188250,2.0,0.16384915474642392,1538,selection_n,2844,130,129,36631,1538,54.07876230661041,11.0,3.0,37.0,23.817295188556567,0.5129165200645733,0.5227882037533512,0.4601542416452442,0.5647382920110193,0.4870834799354266
b,multi_horizon,Multi-horizon,189356,2.0,0.1644993498049415,1538,selection_n,2844,130,129,36631,1538,54.07876230661041,11.0,3.0,37.0,23.817295188556567,0.5129165200645733,0.5227882037533512,0.4601542416452442,0.5647382920110193,0.4870834799354266
b,multi_horizon,Multi-horizon,189776,2.0,0.16514954486345904,1538,selection_n,2844,130,129,36631,1538,54.07876230661041,11.0,3.0,37.0,23.817295188556567,0.5129165200645733,0.5227882037533512,0.4601542416452442,0.5647382920110193,0.4870834799354266
b,multi_horizon,Multi-horizon,189781,2.0,0.16579973992197658,1538,selection_n,2844,130,129,36631,1538,54.07876230661041,11.0,3.0,37.0,23.817295188556567,0.5129165200645733,0.5227882037533512,0.4601542416452442,0.5647382920110193,0.4870834799354266
b,multi_horizon,Multi-horizon,190332,2.0,0.16644993498049415,1538,selection_n,2844,130,129,36631,1538,54.07876230661041,11.0,3.0,37.0,23.817295188556567,0.5129165200645733,0.5227882037533512,0.4601542416452442,0.5647382920110193,0.4870834799354266
b,multi_horizon,Multi-horizon,190379,2.0,0.1671001300390117,1538,selection_n,2844,130,129,36631,1538,54.07876230661041,11.0,3.0,37.0,23.817295188556567,0.5129165200645733,0.5227882037533512,0.4601542416452442,0.5647382920110193,0.4870834799354266
b,multi_horizon,Multi-horizon,191,2.0,0.16775032509752927,1538,selection_n,2844,130,129,36631,1538,54.07876230661041,11.0,3.0,37.0,23.817295188556567,0.5129165200645733,0.5227882037533512,0.4601542416452442,0.5647382920110193,0.4870834799354266
b,multi_horizon,Multi-horizon,191305,2.0,0.1684005201560468,1538,selection_n,2844,130,129,36631,1538,54.07876230661041,11.0,3.0,37.0,23.817295188556567,0.5129165200645733,0.5227882037533512,0.4601542416452442,0.5647382920110193,0.4870834799354266
b,multi_horizon,Multi-horizon,192451,2.0,0.16905071521456436,1538,selection_n,2844,130,129,36631,1538,54.07876230661041,11.0,3.0,37.0,23.817295188556567,0.5129165200645733,0.5227882037533512,0.4601542416452442,0.5647382920110193,0.4870834799354266
b,multi_horizon,Multi-horizon,192505,2.0,0.16970091027308193,1538,selection_n,2844,130,129,36631,1538,54.07876230661041,11.0,3.0,37.0,23.817295188556567,0.5129165200645733,0.5227882037533512,0.4601542416452442,0.5647382920110193,0.4870834799354266
b,multi_horizon,Multi-horizon,192524,2.0,0.17035110533159947,1538,selection_n,2844,130,129,36631,1538,54.07876230661041,11.0,3.0,37.0,23.817295188556567,0.5129165200645733,0.5227882037533512,0.4601542416452442,0.5647382920110193,0.4870834799354266
b,multi_horizon,Multi-horizon,193439,2.0,0.17100130039011704,1538,selection_n,2844,130,129,36631,1538,54.07876230661041,11.0,3.0,37.0,23.817295188556567,0.5129165200645733,0.5227882037533512,0.4601542416452442,0.5647382920110193,0.4870834799354266
b,multi_horizon,Multi-horizon,193547,2.0,0.1716514954486346,1538,selection_n,2844,130,129,36631,1538,54.07876230661041,11.0,3.0,37.0,23.817295188556567,0.5129165200645733,0.5227882037533512,0.4601542416452442,0.5647382920110193,0.4870834799354266
b,multi_horizon,Multi-horizon,195570,2.0,0.17230169050715213,1538,selection_n,2844,130,129,36631,1538,54.07876230661041,11.0,3.0,37.0,23.817295188556567,0.5129165200645733,0.5227882037533512,0.4601542416452442,0.5647382920110193,0.4870834799354266
b,multi_horizon,Multi-horizon,195999,2.0,0.1729518855656697,1538,selection_n,2844,130,129,36631,1538,54.07876230661041,11.0,3.0,37.0,23.817295188556567,0.5129165200645733,0.5227882037533512,0.4601542416452442,0.5647382920110193,0.4870834799354266
b,multi_horizon,Multi-horizon,197317,2.0,0.17360208062418725,1538,selection_n,2844,130,129,36631,1538,54.07876230661041,11.0,3.0,37.0,23.817295188556567,0.5129165200645733,0.5227882037533512,0.4601542416452442,0.5647382920110193,0.4870834799354266
b,multi_horizon,Multi-horizon,198339,2.0,0.17425227568270482,1538,selection_n,2844,130,129,36631,1538,54.07876230661041,11.0,3.0,37.0,23.817295188556567,0.5129165200645733,0.5227882037533512,0.4601542416452442,0.5647382920110193,0.4870834799354266
b,multi_horizon,Multi-horizon,198475,2.0,0.17490247074122237,1538,selection_n,2844,130,129,36631,1538,54.07876230661041,11.0,3.0,37.0,23.817295188556567,0.5129165200645733,0.5227882037533512,0.4601542416452442,0.5647382920110193,0.4870834799354266
b,multi_horizon,Multi-horizon,198665,2.0,0.1755526657997399,1538,selection_n,2844,130,129,36631,1538,54.07876230661041,11.0,3.0,37.0,23.817295188556567,0.5129165200645733,0.5227882037533512,0.4601542416452442,0.5647382920110193,0.4870834799354266
b,multi_horizon,Multi-horizon,20012,2.0,0.17620286085825748,1538,selection_n,2844,130,129,36631,1538,54.07876230661041,11.0,3.0,37.0,23.817295188556567,0.5129165200645733,0.5227882037533512,0.4601542416452442,0.5647382920110193,0.4870834799354266
b,multi_horizon,Multi-horizon,201226,2.0,0.17685305591677503,1538,selection_n,2844,130,129,36631,1538,54.07876230661041,11.0,3.0,37.0,23.817295188556567,0.5129165200645733,0.5227882037533512,0.4601542416452442,0.5647382920110193,0.4870834799354266
b,multi_horizon,Multi-horizon,2017,2.0,0.1775032509752926,1538,selection_n,2844,130,129,36631,1538,54.07876230661041,11.0,3.0,37.0,23.817295188556567,0.5129165200645733,0.5227882037533512,0.4601542416452442,0.5647382920110193,0.4870834799354266
b,multi_horizon,Multi-horizon,202234,2.0,0.17815344603381014,1538,selection_n,2844,130,129,36631,1538,54.07876230661041,11.0,3.0,37.0,23.817295188556567,0.5129165200645733,0.5227882037533512,0.4601542416452442,0.5647382920110193,0.4870834799354266
b,multi_horizon,Multi-horizon,203249,2.0,0.1788036410923277,1538,selection_n,2844,130,129,36631,1538,54.07876230661041,11.0,3.0,37.0,23.817295188556567,0.5129165200645733,0.5227882037533512,0.4601542416452442,0.5647382920110193,0.4870834799354266
b,multi_horizon,Multi-horizon,204255,2.0,0.17945383615084526,1538,selection_n,2844,130,129,36631,1538,54.07876230661041,11.0,3.0,37.0,23.817295188556567,0.5129165200645733,0.5227882037533512,0.4601542416452442,0.5647382920110193,0.4870834799354266
b,multi_horizon,Multi-horizon,205635,2.0,0.1801040312093628,1538,selection_n,2844,130,129,36631,1538,54.07876230661041,11.0,3.0,37.0,23.817295188556567,0.5129165200645733,0.5227882037533512,0.4601542416452442,0.5647382920110193,0.4870834799354266
b,multi_horizon,Multi-horizon,206551,2.0,0.18075422626788037,1538,selection_n,2844,130,129,36631,1538,54.07876230661041,11.0,3.0,37.0,23.817295188556567,0.5129165200645733,0.5227882037533512,0.4601542416452442,0.5647382920110193,0.4870834799354266
b,multi_horizon,Multi-horizon,209279,2.0,0.18140442132639792,1538,selection_n,2844,130,129,36631,1538,54.07876230661041,11.0,3.0,37.0,23.817295188556567,0.5129165200645733,0.5227882037533512,0.4601542416452442,0.5647382920110193,0.4870834799354266
b,multi_horizon,Multi-horizon,209285,2.0,0.18205461638491546,1538,selection_n,2844,130,129,36631,1538,54.07876230661041,11.0,3.0,37.0,23.817295188556567,0.5129165200645733,0.5227882037533512,0.4601542416452442,0.5647382920110193,0.4870834799354266
b,multi_horizon,Multi-horizon,210190,2.0,0.18270481144343304,1538,selection_n,2844,130,129,36631,1538,54.07876230661041,11.0,3.0,37.0,23.817295188556567,0.5129165200645733,0.5227882037533512,0.4601542416452442,0.5647382920110193,0.4870834799354266
b,multi_horizon,Multi-horizon,211009,2.0,0.18335500650195058,1538,selection_n,2844,130,129,36631,1538,54.07876230661041,11.0,3.0,37.0,23.817295188556567,0.5129165200645733,0.5227882037533512,0.4601542416452442,0.5647382920110193,0.4870834799354266
b,multi_horizon,Multi-horizon,211460,2.0,0.18400520156046815,1538,selection_n,2844,130,129,36631,1538,54.07876230661041,11.0,3.0,37.0,23.817295188556567,0.5129165200645733,0.5227882037533512,0.4601542416452442,0.5647382920110193,0.4870834799354266
b,multi_horizon,Multi-horizon,211603,2.0,0.1846553966189857,1538,selection_n,2844,130,129,36631,1538,54.07876230661041,11.0,3.0,37.0,23.817295188556567,0.5129165200645733,0.5227882037533512,0.4601542416452442,0.5647382920110193,0.4870834799354266
b,multi_horizon,Multi-horizon,2135,2.0,0.18530559167750324,1538,selection_n,2844,130,129,36631,1538,54.07876230661041,11.0,3.0,37.0,23.817295188556567,0.5129165200645733,0.5227882037533512,0.4601542416452442,0.5647382920110193,0.4870834799354266
b,multi_horizon,Multi-horizon,2145,2.0,0.1859557867360208,1538,selection_n,2844,130,129,36631,1538,54.07876230661041,11.0,3.0,37.0,23.817295188556567,0.5129165200645733,0.5227882037533512,0.4601542416452442,0.5647382920110193,0.4870834799354266
b,multi_horizon,Multi-horizon,221406,2.0,0.18660598179453836,1538,selection_n,2844,130,129,36631,1538,54.07876230661041,11.0,3.0,37.0,23.817295188556567,0.5129165200645733,0.5227882037533512,0.4601542416452442,0.5647382920110193,0.4870834799354266
b,multi_horizon,Multi-horizon,221721,2.0,0.18725617685305593,1538,selection_n,2844,130,129,36631,1538,54.07876230661041,11.0,3.0,37.0,23.817295188556567,0.5129165200645733,0.5227882037533512,0.4601542416452442,0.5647382920110193,0.4870834799354266
b,multi_horizon,Multi-horizon,222106,2.0,0.18790637191157347,1538,selection_n,2844,130,129,36631,1538,54.07876230661041,11.0,3.0,37.0,23.817295188556567,0.5129165200645733,0.5227882037533512,0.4601542416452442,0.5647382920110193,0.4870834799354266
b,multi_horizon,Multi-horizon,222429,2.0,0.18855656697009102,1538,selection_n,2844,130,129,36631,1538,54.07876230661041,11.0,3.0,37.0,23.817295188556567,0.5129165200645733,0.5227882037533512,0.4601542416452442,0.5647382920110193,0.4870834799354266
b,multi_horizon,Multi-horizon,222467,2.0,0.1892067620286086,1538,selection_n,2844,130,129,36631,1538,54.07876230661041,11.0,3.0,37.0,23.817295188556567,0.5129165200645733,0.5227882037533512,0.4601542416452442,0.5647382920110193,0.4870834799354266
b,multi_horizon,Multi-horizon,2490,2.0,0.18985695708712613,1538,selection_n,2844,130,129,36631,1538,54.07876230661041,11.0,3.0,37.0,23.817295188556567,0.5129165200645733,0.5227882037533512,0.4601542416452442,0.5647382920110193,0.4870834799354266
b,multi_horizon,Multi-horizon,251,2.0,0.1905071521456437,1538,selection_n,2844,130,129,36631,1538,54.07876230661041,11.0,3.0,37.0,23.817295188556567,0.5129165200645733,0.5227882037533512,0.4601542416452442,0.5647382920110193,0.4870834799354266
b,multi_horizon,Multi-horizon,254047,2.0,0.19115734720416125,1538,selection_n,2844,130,129,36631,1538,54.07876230661041,11.0,3.0,37.0,23.817295188556567,0.5129165200645733,0.5227882037533512,0.4601542416452442,0.5647382920110193,0.4870834799354266
b,multi_horizon,Multi-horizon,2648,2.0,0.1918075422626788,1538,selection_n,2844,130,129,36631,1538,54.07876230661041,11.0,3.0,37.0,23.817295188556567,0.5129165200645733,0.5227882037533512,0.4601542416452442,0.5647382920110193,0.4870834799354266
b,multi_horizon,Multi-horizon,2785,2.0,0.19245773732119636,1538,selection_n,2844,130,129,36631,1538,54.07876230661041,11.0,3.0,37.0,23.817295188556567,0.5129165200645733,0.5227882037533512,0.4601542416452442,0.5647382920110193,0.4870834799354266
b,multi_horizon,Multi-horizon,30606,2.0,0.1931079323797139,1538,selection_n,2844,130,129,36631,1538,54.07876230661041,11.0,3.0,37.0,23.817295188556567,0.5129165200645733,0.5227882037533512,0.4601542416452442,0.5647382920110193,0.4870834799354266
b,multi_horizon,Multi-horizon,31602,2.0,0.19375812743823148,1538,selection_n,2844,130,129,36631,1538,54.07876230661041,11.0,3.0,37.0,23.817295188556567,0.5129165200645733,0.5227882037533512,0.4601542416452442,0.5647382920110193,0.4870834799354266
b,multi_horizon,Multi-horizon,3313,2.0,0.19440832249674903,1538,selection_n,2844,130,129,36631,1538,54.07876230661041,11.0,3.0,37.0,23.817295188556567,0.5129165200645733,0.5227882037533512,0.4601542416452442,0.5647382920110193,0.4870834799354266
b,multi_horizon,Multi-horizon,346442,2.0,0.19505851755526657,1538,selection_n,2844,130,129,36631,1538,54.07876230661041,11.0,3.0,37.0,23.817295188556567,0.5129165200645733,0.5227882037533512,0.4601542416452442,0.5647382920110193,0.4870834799354266
b,multi_horizon,Multi-horizon,349624,2.0,0.19570871261378414,1538,selection_n,2844,130,129,36631,1538,54.07876230661041,11.0,3.0,37.0,23.817295188556567,0.5129165200645733,0.5227882037533512,0.4601542416452442,0.5647382920110193,0.4870834799354266
b,multi_horizon,Multi-horizon,3523,2.0,0.19635890767230169,1538,selection_n,2844,130,129,36631,1538,54.07876230661041,11.0,3.0,37.0,23.817295188556567,0.5129165200645733,0.5227882037533512,0.4601542416452442,0.5647382920110193,0.4870834799354266
b,multi_horizon,Multi-horizon,3529,2.0,0.19700910273081926,1538,selection_n,2844,130,129,36631,1538,54.07876230661041,11.0,3.0,37.0,23.817295188556567,0.5129165200645733,0.5227882037533512,0.4601542416452442,0.5647382920110193,0.4870834799354266
b,multi_horizon,Multi-horizon,35778,2.0,0.1976592977893368,1538,selection_n,2844,130,129,36631,1538,54.07876230661041,11.0,3.0,37.0,23.817295188556567,0.5129165200645733,0.5227882037533512,0.4601542416452442,0.5647382920110193,0.4870834799354266
b,multi_horizon,Multi-horizon,3673,2.0,0.19830949284785435,1538,selection_n,2844,130,129,36631,1538,54.07876230661041,11.0,3.0,37.0,23.817295188556567,0.5129165200645733,0.5227882037533512,0.4601542416452442,0.5647382920110193,0.4870834799354266
b,multi_horizon,Multi-horizon,3686,2.0,0.19895968790637192,1538,selection_n,2844,130,129,36631,1538,54.07876230661041,11.0,3.0,37.0,23.817295188556567,0.5129165200645733,0.5227882037533512,0.4601542416452442,0.5647382920110193,0.4870834799354266
b,multi_horizon,Multi-horizon,381133,2.0,0.19960988296488946,1538,selection_n,2844,130,129,36631,1538,54.07876230661041,11.0,3.0,37.0,23.817295188556567,0.5129165200645733,0.5227882037533512,0.4601542416452442,0.5647382920110193,0.4870834799354266
b,multi_horizon,Multi-horizon,38853,2.0,0.20026007802340703,1538,selection_n,2844,130,129,36631,1538,54.07876230661041,11.0,3.0,37.0,23.817295188556567,0.5129165200645733,0.5227882037533512,0.4601542416452442,0.5647382920110193,0.4870834799354266
b,multi_horizon,Multi-horizon,40075,2.0,0.20091027308192458,1538,selection_n,2844,130,129,36631,1538,54.07876230661041,11.0,3.0,37.0,23.817295188556567,0.5129165200645733,0.5227882037533512,0.4601542416452442,0.5647382920110193,0.4870834799354266
b,multi_horizon,Multi-horizon,40766,2.0,0.20156046814044212,1538,selection_n,2844,130,129,36631,1538,54.07876230661041,11.0,3.0,37.0,23.817295188556567,0.5129165200645733,0.5227882037533512,0.4601542416452442,0.5647382920110193,0.4870834799354266
b,multi_horizon,Multi-horizon,4141,2.0,0.2022106631989597,1538,selection_n,2844,130,129,36631,1538,54.07876230661041,11.0,3.0,37.0,23.817295188556567,0.5129165200645733,0.5227882037533512,0.4601542416452442,0.5647382920110193,0.4870834799354266
b,multi_horizon,Multi-horizon,43198,2.0,0.20286085825747724,1538,selection_n,2844,130,129,36631,1538,54.07876230661041,11.0,3.0,37.0,23.817295188556567,0.5129165200645733,0.5227882037533512,0.4601542416452442,0.5647382920110193,0.4870834799354266
b,multi_horizon,Multi-horizon,436,2.0,0.2035110533159948,1538,selection_n,2844,130,129,36631,1538,54.07876230661041,11.0,3.0,37.0,23.817295188556567,0.5129165200645733,0.5227882037533512,0.4601542416452442,0.5647382920110193,0.4870834799354266
b,multi_horizon,Multi-horizon,44272,2.0,0.20416124837451236,1538,selection_n,2844,130,129,36631,1538,54.07876230661041,11.0,3.0,37.0,23.817295188556567,0.5129165200645733,0.5227882037533512,0.4601542416452442,0.5647382920110193,0.4870834799354266
b,multi_horizon,Multi-horizon,4465,2.0,0.2048114434330299,1538,selection_n,2844,130,129,36631,1538,54.07876230661041,11.0,3.0,37.0,23.817295188556567,0.5129165200645733,0.5227882037533512,0.4601542416452442,0.5647382920110193,0.4870834799354266
b,multi_horizon,Multi-horizon,4478,2.0,0.20546163849154747,1538,selection_n,2844,130,129,36631,1538,54.07876230661041,11.0,3.0,37.0,23.817295188556567,0.5129165200645733,0.5227882037533512,0.4601542416452442,0.5647382920110193,0.4870834799354266
b,multi_horizon,Multi-horizon,449847,2.0,0.20611183355006502,1538,selection_n,2844,130,129,36631,1538,54.07876230661041,11.0,3.0,37.0,23.817295188556567,0.5129165200645733,0.5227882037533512,0.4601542416452442,0.5647382920110193,0.4870834799354266
b,multi_horizon,Multi-horizon,451138,2.0,0.2067620286085826,1538,selection_n,2844,130,129,36631,1538,54.07876230661041,11.0,3.0,37.0,23.817295188556567,0.5129165200645733,0.5227882037533512,0.4601542416452442,0.5647382920110193,0.4870834799354266
b,multi_horizon,Multi-horizon,45290,2.0,0.20741222366710013,1538,selection_n,2844,130,129,36631,1538,54.07876230661041,11.0,3.0,37.0,23.817295188556567,0.5129165200645733,0.5227882037533512,0.4601542416452442,0.5647382920110193,0.4870834799354266
b,multi_horizon,Multi-horizon,4556,2.0,0.20806241872561768,1538,selection_n,2844,130,129,36631,1538,54.07876230661041,11.0,3.0,37.0,23.817295188556567,0.5129165200645733,0.5227882037533512,0.4601542416452442,0.5647382920110193,0.4870834799354266
b,multi_horizon,Multi-horizon,47258,2.0,0.20871261378413525,1538,selection_n,2844,130,129,36631,1538,54.07876230661041,11.0,3.0,37.0,23.817295188556567,0.5129165200645733,0.5227882037533512,0.4601542416452442,0.5647382920110193,0.4870834799354266
b,multi_horizon,Multi-horizon,5035,2.0,0.2093628088426528,1538,selection_n,2844,130,129,36631,1538,54.07876230661041,11.0,3.0,37.0,23.817295188556567,0.5129165200645733,0.5227882037533512,0.4601542416452442,0.5647382920110193,0.4870834799354266
b,multi_horizon,Multi-horizon,5072,2.0,0.21001300390117036,1538,selection_n,2844,130,129,36631,1538,54.07876230661041,11.0,3.0,37.0,23.817295188556567,0.5129165200645733,0.5227882037533512,0.4601542416452442,0.5647382920110193,0.4870834799354266
b,multi_horizon,Multi-horizon,51486,2.0,0.2106631989596879,1538,selection_n,2844,130,129,36631,1538,54.07876230661041,11.0,3.0,37.0,23.817295188556567,0.5129165200645733,0.5227882037533512,0.4601542416452442,0.5647382920110193,0.4870834799354266
b,multi_horizon,Multi-horizon,5314,2.0,0.21131339401820545,1538,selection_n,2844,130,129,36631,1538,54.07876230661041,11.0,3.0,37.0,23.817295188556567,0.5129165200645733,0.5227882037533512,0.4601542416452442,0.5647382920110193,0.4870834799354266
b,multi_horizon,Multi-horizon,533,2.0,0.21196358907672302,1538,selection_n,2844,130,129,36631,1538,54.07876230661041,11.0,3.0,37.0,23.817295188556567,0.5129165200645733,0.5227882037533512,0.4601542416452442,0.5647382920110193,0.4870834799354266
b,multi_horizon,Multi-horizon,544,2.0,0.21261378413524057,1538,selection_n,2844,130,129,36631,1538,54.07876230661041,11.0,3.0,37.0,23.817295188556567,0.5129165200645733,0.5227882037533512,0.4601542416452442,0.5647382920110193,0.4870834799354266
b,multi_horizon,Multi-horizon,55599,2.0,0.21326397919375814,1538,selection_n,2844,130,129,36631,1538,54.07876230661041,11.0,3.0,37.0,23.817295188556567,0.5129165200645733,0.5227882037533512,0.4601542416452442,0.5647382920110193,0.4870834799354266
b,multi_horizon,Multi-horizon,5723,2.0,0.21391417425227569,1538,selection_n,2844,130,129,36631,1538,54.07876230661041,11.0,3.0,37.0,23.817295188556567,0.5129165200645733,0.5227882037533512,0.4601542416452442,0.5647382920110193,0.4870834799354266
b,multi_horizon,Multi-horizon,58773,2.0,0.21456436931079323,1538,selection_n,2844,130,129,36631,1538,54.07876230661041,11.0,3.0,37.0,23.817295188556567,0.5129165200645733,0.5227882037533512,0.4601542416452442,0.5647382920110193,0.4870834799354266
b,multi_horizon,Multi-horizon,60086,2.0,0.2152145643693108,1538,selection_n,2844,130,129,36631,1538,54.07876230661041,11.0,3.0,37.0,23.817295188556567,0.5129165200645733,0.5227882037533512,0.4601542416452442,0.5647382920110193,0.4870834799354266
b,multi_horizon,Multi-horizon,6066,2.0,0.21586475942782835,1538,selection_n,2844,130,129,36631,1538,54.07876230661041,11.0,3.0,37.0,23.817295188556567,0.5129165200645733,0.5227882037533512,0.4601542416452442,0.5647382920110193,0.4870834799354266
b,multi_horizon,Multi-horizon,6228,2.0,0.21651495448634592,1538,selection_n,2844,130,129,36631,1538,54.07876230661041,11.0,3.0,37.0,23.817295188556567,0.5129165200645733,0.5227882037533512,0.4601542416452442,0.5647382920110193,0.4870834799354266
b,multi_horizon,Multi-horizon,65300,2.0,0.21716514954486346,1538,selection_n,2844,130,129,36631,1538,54.07876230661041,11.0,3.0,37.0,23.817295188556567,0.5129165200645733,0.5227882037533512,0.4601542416452442,0.5647382920110193,0.4870834799354266
b,multi_horizon,Multi-horizon,69657,2.0,0.217815344603381,1538,selection_n,2844,130,129,36631,1538,54.07876230661041,11.0,3.0,37.0,23.817295188556567,0.5129165200645733,0.5227882037533512,0.4601542416452442,0.5647382920110193,0.4870834799354266
b,multi_horizon,Multi-horizon,700,2.0,0.21846553966189858,1538,selection_n,2844,130,129,36631,1538,54.07876230661041,11.0,3.0,37.0,23.817295188556567,0.5129165200645733,0.5227882037533512,0.4601542416452442,0.5647382920110193,0.4870834799354266
b,multi_horizon,Multi-horizon,70058,2.0,0.21911573472041612,1538,selection_n,2844,130,129,36631,1538,54.07876230661041,11.0,3.0,37.0,23.817295188556567,0.5129165200645733,0.5227882037533512,0.4601542416452442,0.5647382920110193,0.4870834799354266
b,multi_horizon,Multi-horizon,76267,2.0,0.21976592977893367,1538,selection_n,2844,130,129,36631,1538,54.07876230661041,11.0,3.0,37.0,23.817295188556567,0.5129165200645733,0.5227882037533512,0.4601542416452442,0.5647382920110193,0.4870834799354266
b,multi_horizon,Multi-horizon,82180,2.0,0.22041612483745124,1538,selection_n,2844,130,129,36631,1538,54.07876230661041,11.0,3.0,37.0,23.817295188556567,0.5129165200645733,0.5227882037533512,0.4601542416452442,0.5647382920110193,0.4870834799354266
b,multi_horizon,Multi-horizon,84011,2.0,0.22106631989596878,1538,selection_n,2844,130,129,36631,1538,54.07876230661041,11.0,3.0,37.0,23.817295188556567,0.5129165200645733,0.5227882037533512,0.4601542416452442,0.5647382920110193,0.4870834799354266
b,multi_horizon,Multi-horizon,843,2.0,0.22171651495448635,1538,selection_n,2844,130,129,36631,1538,54.07876230661041,11.0,3.0,37.0,23.817295188556567,0.5129165200645733,0.5227882037533512,0.4601542416452442,0.5647382920110193,0.4870834799354266
b,multi_horizon,Multi-horizon,85738,2.0,0.2223667100130039,1538,selection_n,2844,130,129,36631,1538,54.07876230661041,11.0,3.0,37.0,23.817295188556567,0.5129165200645733,0.5227882037533512,0.4601542416452442,0.5647382920110193,0.4870834799354266
b,multi_horizon,Multi-horizon,88833,2.0,0.22301690507152144,1538,selection_n,2844,130,129,36631,1538,54.07876230661041,11.0,3.0,37.0,23.817295188556567,0.5129165200645733,0.5227882037533512,0.4601542416452442,0.5647382920110193,0.4870834799354266
b,multi_horizon,Multi-horizon,88845,2.0,0.22366710013003901,1538,selection_n,2844,130,129,36631,1538,54.07876230661041,11.0,3.0,37.0,23.817295188556567,0.5129165200645733,0.5227882037533512,0.4601542416452442,0.5647382920110193,0.4870834799354266
b,multi_horizon,Multi-horizon,95004,2.0,0.22431729518855656,1538,selection_n,2844,130,129,36631,1538,54.07876230661041,11.0,3.0,37.0,23.817295188556567,0.5129165200645733,0.5227882037533512,0.4601542416452442,0.5647382920110193,0.4870834799354266
b,multi_horizon,Multi-horizon,98189,2.0,0.22496749024707413,1538,selection_n,2844,130,129,36631,1538,54.07876230661041,11.0,3.0,37.0,23.817295188556567,0.5129165200645733,0.5227882037533512,0.4601542416452442,0.5647382920110193,0.4870834799354266
b,multi_horizon,Multi-horizon,98382,2.0,0.22561768530559168,1538,selection_n,2844,130,129,36631,1538,54.07876230661041,11.0,3.0,37.0,23.817295188556567,0.5129165200645733,0.5227882037533512,0.4601542416452442,0.5647382920110193,0.4870834799354266
b,multi_horizon,Multi-horizon,9883,2.0,0.22626788036410922,1538,selection_n,2844,130,129,36631,1538,54.07876230661041,11.0,3.0,37.0,23.817295188556567,0.5129165200645733,0.5227882037533512,0.4601542416452442,0.5647382920110193,0.4870834799354266
b,multi_horizon,Multi-horizon,990,2.0,0.2269180754226268,1538,selection_n,2844,130,129,36631,1538,54.07876230661041,11.0,3.0,37.0,23.817295188556567,0.5129165200645733,0.5227882037533512,0.4601542416452442,0.5647382920110193,0.4870834799354266
b,multi_horizon,Multi-horizon,9914,2.0,0.22756827048114434,1538,selection_n,2844,130,129,36631,1538,54.07876230661041,11.0,3.0,37.0,23.817295188556567,0.5129165200645733,0.5227882037533512,0.4601542416452442,0.5647382920110193,0.4870834799354266
b,multi_horizon,Multi-horizon,126262,3.0,0.2282184655396619,1538,selection_n,2844,130,129,36631,1538,54.07876230661041,11.0,3.0,37.0,23.817295188556567,0.5129165200645733,0.5227882037533512,0.4601542416452442,0.5647382920110193,0.4870834799354266
b,multi_horizon,Multi-horizon,131962,3.0,0.22886866059817945,1538,selection_n,2844,130,129,36631,1538,54.07876230661041,11.0,3.0,37.0,23.817295188556567,0.5129165200645733,0.5227882037533512,0.4601542416452442,0.5647382920110193,0.4870834799354266
b,multi_horizon,Multi-horizon,135698,3.0,0.229518855656697,1538,selection_n,2844,130,129,36631,1538,54.07876230661041,11.0,3.0,37.0,23.817295188556567,0.5129165200645733,0.5227882037533512,0.4601542416452442,0.5647382920110193,0.4870834799354266
b,multi_horizon,Multi-horizon,144716,3.0,0.23016905071521457,1538,selection_n,2844,130,129,36631,1538,54.07876230661041,11.0,3.0,37.0,23.817295188556567,0.5129165200645733,0.5227882037533512,0.4601542416452442,0.5647382920110193,0.4870834799354266
b,multi_horizon,Multi-horizon,145449,3.0,0.2308192457737321,1538,selection_n,2844,130,129,36631,1538,54.07876230661041,11.0,3.0,37.0,23.817295188556567,0.5129165200645733,0.5227882037533512,0.4601542416452442,0.5647382920110193,0.4870834799354266
b,multi_horizon,Multi-horizon,145451,3.0,0.23146944083224968,1538,selection_n,2844,130,129,36631,1538,54.07876230661041,11.0,3.0,37.0,23.817295188556567,0.5129165200645733,0.5227882037533512,0.4601542416452442,0.5647382920110193,0.4870834799354266
b,multi_horizon,Multi-horizon,146116,3.0,0.23211963589076723,1538,selection_n,2844,130,129,36631,1538,54.07876230661041,11.0,3.0,37.0,23.817295188556567,0.5129165200645733,0.5227882037533512,0.4601542416452442,0.5647382920110193,0.4870834799354266
b,multi_horizon,Multi-horizon,14882,3.0,0.23276983094928477,1538,selection_n,2844,130,129,36631,1538,54.07876230661041,11.0,3.0,37.0,23.817295188556567,0.5129165200645733,0.5227882037533512,0.4601542416452442,0.5647382920110193,0.4870834799354266
b,multi_horizon,Multi-horizon,1834,3.0,0.23342002600780234,1538,selection_n,2844,130,129,36631,1538,54.07876230661041,11.0,3.0,37.0,23.817295188556567,0.5129165200645733,0.5227882037533512,0.4601542416452442,0.5647382920110193,0.4870834799354266
b,multi_horizon,Multi-horizon,186048,3.0,0.2340702210663199,1538,selection_n,2844,130,129,36631,1538,54.07876230661041,11.0,3.0,37.0,23.817295188556567,0.5129165200645733,0.5227882037533512,0.4601542416452442,0.5647382920110193,0.4870834799354266
b,multi_horizon,Multi-horizon,186510,3.0,0.23472041612483746,1538,selection_n,2844,130,129,36631,1538,54.07876230661041,11.0,3.0,37.0,23.817295188556567,0.5129165200645733,0.5227882037533512,0.4601542416452442,0.5647382920110193,0.4870834799354266
b,multi_horizon,Multi-horizon,187044,3.0,0.235370611183355,1538,selection_n,2844,130,129,36631,1538,54.07876230661041,11.0,3.0,37.0,23.817295188556567,0.5129165200645733,0.5227882037533512,0.4601542416452442,0.5647382920110193,0.4870834799354266
b,multi_horizon,Multi-horizon,188167,3.0,0.23602080624187255,1538,selection_n,2844,130,129,36631,1538,54.07876230661041,11.0,3.0,37.0,23.817295188556567,0.5129165200645733,0.5227882037533512,0.4601542416452442,0.5647382920110193,0.4870834799354266
b,multi_horizon,Multi-horizon,188169,3.0,0.23667100130039012,1538,selection_n,2844,130,129,36631,1538,54.07876230661041,11.0,3.0,37.0,23.817295188556567,0.5129165200645733,0.5227882037533512,0.4601542416452442,0.5647382920110193,0.4870834799354266
b,multi_horizon,Multi-horizon,188323,3.0,0.23732119635890767,1538,selection_n,2844,130,129,36631,1538,54.07876230661041,11.0,3.0,37.0,23.817295188556567,0.5129165200645733,0.5227882037533512,0.4601542416452442,0.5647382920110193,0.4870834799354266
b,multi_horizon,Multi-horizon,188340,3.0,0.23797139141742524,1538,selection_n,2844,130,129,36631,1538,54.07876230661041,11.0,3.0,37.0,23.817295188556567,0.5129165200645733,0.5227882037533512,0.4601542416452442,0.5647382920110193,0.4870834799354266
b,multi_horizon,Multi-horizon,189157,3.0,0.23862158647594278,1538,selection_n,2844,130,129,36631,1538,54.07876230661041,11.0,3.0,37.0,23.817295188556567,0.5129165200645733,0.5227882037533512,0.4601542416452442,0.5647382920110193,0.4870834799354266
b,multi_horizon,Multi-horizon,189209,3.0,0.23927178153446033,1538,selection_n,2844,130,129,36631,1538,54.07876230661041,11.0,3.0,37.0,23.817295188556567,0.5129165200645733,0.5227882037533512,0.4601542416452442,0.5647382920110193,0.4870834799354266
b,multi_horizon,Multi-horizon,190150,3.0,0.2399219765929779,1538,selection_n,2844,130,129,36631,1538,54.07876230661041,11.0,3.0,37.0,23.817295188556567,0.5129165200645733,0.5227882037533512,0.4601542416452442,0.5647382920110193,0.4870834799354266
b,multi_horizon,Multi-horizon,190436,3.0,0.24057217165149544,1538,selection_n,2844,130,129,36631,1538,54.07876230661041,11.0,3.0,37.0,23.817295188556567,0.5129165200645733,0.5227882037533512,0.4601542416452442,0.5647382920110193,0.4870834799354266
b,multi_horizon,Multi-horizon,192134,3.0,0.24122236671001301,1538,selection_n,2844,130,129,36631,1538,54.07876230661041,11.0,3.0,37.0,23.817295188556567,0.5129165200645733,0.5227882037533512,0.4601542416452442,0.5647382920110193,0.4870834799354266
b,multi_horizon,Multi-horizon,192523,3.0,0.24187256176853056,1538,selection_n,2844,130,129,36631,1538,54.07876230661041,11.0,3.0,37.0,23.817295188556567,0.5129165200645733,0.5227882037533512,0.4601542416452442,0.5647382920110193,0.4870834799354266
b,multi_horizon,Multi-horizon,193500,3.0,0.2425227568270481,1538,selection_n,2844,130,129,36631,1538,54.07876230661041,11.0,3.0,37.0,23.817295188556567,0.5129165200645733,0.5227882037533512,0.4601542416452442,0.5647382920110193,0.4870834799354266
b,multi_horizon,Multi-horizon,193546,3.0,0.24317295188556567,1538,selection_n,2844,130,129,36631,1538,54.07876230661041,11.0,3.0,37.0,23.817295188556567,0.5129165200645733,0.5227882037533512,0.4601542416452442,0.5647382920110193,0.4870834799354266
b,multi_horizon,Multi-horizon,193647,3.0,0.24382314694408322,1538,selection_n,2844,130,129,36631,1538,54.07876230661041,11.0,3.0,37.0,23.817295188556567,0.5129165200645733,0.5227882037533512,0.4601542416452442,0.5647382920110193,0.4870834799354266
b,multi_horizon,Multi-horizon,194649,3.0,0.2444733420026008,1538,selection_n,2844,130,129,36631,1538,54.07876230661041,11.0,3.0,37.0,23.817295188556567,0.5129165200645733,0.5227882037533512,0.4601542416452442,0.5647382920110193,0.4870834799354266
b,multi_horizon,Multi-horizon,194882,3.0,0.24512353706111834,1538,selection_n,2844,130,129,36631,1538,54.07876230661041,11.0,3.0,37.0,23.817295188556567,0.5129165200645733,0.5227882037533512,0.4601542416452442,0.5647382920110193,0.4870834799354266
b,multi_horizon,Multi-horizon,194896,3.0,0.24577373211963588,1538,selection_n,2844,130,129,36631,1538,54.07876230661041,11.0,3.0,37.0,23.817295188556567,0.5129165200645733,0.5227882037533512,0.4601542416452442,0.5647382920110193,0.4870834799354266
b,multi_horizon,Multi-horizon,196005,3.0,0.24642392717815345,1538,selection_n,2844,130,129,36631,1538,54.07876230661041,11.0,3.0,37.0,23.817295188556567,0.5129165200645733,0.5227882037533512,0.4601542416452442,0.5647382920110193,0.4870834799354266
b,multi_horizon,Multi-horizon,196853,3.0,0.247074122236671,1538,selection_n,2844,130,129,36631,1538,54.07876230661041,11.0,3.0,37.0,23.817295188556567,0.5129165200645733,0.5227882037533512,0.4601542416452442,0.5647382920110193,0.4870834799354266
b,multi_horizon,Multi-horizon,196855,3.0,0.24772431729518857,1538,selection_n,2844,130,129,36631,1538,54.07876230661041,11.0,3.0,37.0,23.817295188556567,0.5129165200645733,0.5227882037533512,0.4601542416452442,0.5647382920110193,0.4870834799354266
b,multi_horizon,Multi-horizon,197149,3.0,0.2483745123537061,1538,selection_n,2844,130,129,36631,1538,54.07876230661041,11.0,3.0,37.0,23.817295188556567,0.5129165200645733,0.5227882037533512,0.4601542416452442,0.5647382920110193,0.4870834799354266
b,multi_horizon,Multi-horizon,198607,3.0,0.24902470741222366,1538,selection_n,2844,130,129,36631,1538,54.07876230661041,11.0,3.0,37.0,23.817295188556567,0.5129165200645733,0.5227882037533512,0.4601542416452442,0.5647382920110193,0.4870834799354266
b,multi_horizon,Multi-horizon,199782,3.0,0.24967490247074123,1538,selection_n,2844,130,129,36631,1538,54.07876230661041,11.0,3.0,37.0,23.817295188556567,0.5129165200645733,0.5227882037533512,0.4601542416452442,0.5647382920110193,0.4870834799354266
b,multi_horizon,Multi-horizon,199879,3.0,0.2503250975292588,1538,selection_n,2844,130,129,36631,1538,54.07876230661041,11.0,3.0,37.0,23.817295188556567,0.5129165200645733,0.5227882037533512,0.4601542416452442,0.5647382920110193,0.4870834799354266
b,multi_horizon,Multi-horizon,199921,3.0,0.25097529258777634,1538,selection_n,2844,130,129,36631,1538,54.07876230661041,11.0,3.0,37.0,23.817295188556567,0.5129165200645733,0.5227882037533512,0.4601542416452442,0.5647382920110193,0.4870834799354266
b,multi_horizon,Multi-horizon,202183,3.0,0.2516254876462939,1538,selection_n,2844,130,129,36631,1538,54.07876230661041,11.0,3.0,37.0,23.817295188556567,0.5129165200645733,0.5227882037533512,0.4601542416452442,0.5647382920110193,0.4870834799354266
b,multi_horizon,Multi-horizon,20327,3.0,0.25227568270481143,1538,selection_n,2844,130,129,36631,1538,54.07876230661041,11.0,3.0,37.0,23.817295188556567,0.5129165200645733,0.5227882037533512,0.4601542416452442,0.5647382920110193,0.4870834799354266
b,multi_horizon,Multi-horizon,203661,3.0,0.252925877763329,1538,selection_n,2844,130,129,36631,1538,54.07876230661041,11.0,3.0,37.0,23.817295188556567,0.5129165200645733,0.5227882037533512,0.4601542416452442,0.5647382920110193,0.4870834799354266
b,multi_horizon,Multi-horizon,210478,3.0,0.2535760728218466,1538,selection_n,2844,130,129,36631,1538,54.07876230661041,11.0,3.0,37.0,23.817295188556567,0.5129165200645733,0.5227882037533512,0.4601542416452442,0.5647382920110193,0.4870834799354266
b,multi_horizon,Multi-horizon,219561,3.0,0.2542262678803641,1538,selection_n,2844,130,129,36631,1538,54.07876230661041,11.0,3.0,37.0,23.817295188556567,0.5129165200645733,0.5227882037533512,0.4601542416452442,0.5647382920110193,0.4870834799354266
b,multi_horizon,Multi-horizon,220741,3.0,0.25487646293888166,1538,selection_n,2844,130,129,36631,1538,54.07876230661041,11.0,3.0,37.0,23.817295188556567,0.5129165200645733,0.5227882037533512,0.4601542416452442,0.5647382920110193,0.4870834799354266
b,multi_horizon,Multi-horizon,220993,3.0,0.2555266579973992,1538,selection_n,2844,130,129,36631,1538,54.07876230661041,11.0,3.0,37.0,23.817295188556567,0.5129165200645733,0.5227882037533512,0.4601542416452442,0.5647382920110193,0.4870834799354266
b,multi_horizon,Multi-horizon,221,3.0,0.25617685305591675,1538,selection_n,2844,130,129,36631,1538,54.07876230661041,11.0,3.0,37.0,23.817295188556567,0.5129165200645733,0.5227882037533512,0.4601542416452442,0.5647382920110193,0.4870834799354266
b,multi_horizon,Multi-horizon,221007,3.0,0.25682704811443435,1538,selection_n,2844,130,129,36631,1538,54.07876230661041,11.0,3.0,37.0,23.817295188556567,0.5129165200645733,0.5227882037533512,0.4601542416452442,0.5647382920110193,0.4870834799354266
b,multi_horizon,Multi-horizon,221415,3.0,0.2574772431729519,1538,selection_n,2844,130,129,36631,1538,54.07876230661041,11.0,3.0,37.0,23.817295188556567,0.5129165200645733,0.5227882037533512,0.4601542416452442,0.5647382920110193,0.4870834799354266
b,multi_horizon,Multi-horizon,221426,3.0,0.25812743823146944,1538,selection_n,2844,130,129,36631,1538,54.07876230661041,11.0,3.0,37.0,23.817295188556567,0.5129165200645733,0.5227882037533512,0.4601542416452442,0.5647382920110193,0.4870834799354266
b,multi_horizon,Multi-horizon,221704,3.0,0.258777633289987,1538,selection_n,2844,130,129,36631,1538,54.07876230661041,11.0,3.0,37.0,23.817295188556567,0.5129165200645733,0.5227882037533512,0.4601542416452442,0.5647382920110193,0.4870834799354266
b,multi_horizon,Multi-horizon,222098,3.0,0.25942782834850453,1538,selection_n,2844,130,129,36631,1538,54.07876230661041,11.0,3.0,37.0,23.817295188556567,0.5129165200645733,0.5227882037533512,0.4601542416452442,0.5647382920110193,0.4870834799354266
b,multi_horizon,Multi-horizon,222104,3.0,0.26007802340702213,1538,selection_n,2844,130,129,36631,1538,54.07876230661041,11.0,3.0,37.0,23.817295188556567,0.5129165200645733,0.5227882037533512,0.4601542416452442,0.5647382920110193,0.4870834799354266
b,multi_horizon,Multi-horizon,22249,3.0,0.2607282184655397,1538,selection_n,2844,130,129,36631,1538,54.07876230661041,11.0,3.0,37.0,23.817295188556567,0.5129165200645733,0.5227882037533512,0.4601542416452442,0.5647382920110193,0.4870834799354266
b,multi_horizon,Multi-horizon,223192,3.0,0.2613784135240572,1538,selection_n,2844,130,129,36631,1538,54.07876230661041,11.0,3.0,37.0,23.817295188556567,0.5129165200645733,0.5227882037533512,0.4601542416452442,0.5647382920110193,0.4870834799354266
b,multi_horizon,Multi-horizon,228,3.0,0.26202860858257476,1538,selection_n,2844,130,129,36631,1538,54.07876230661041,11.0,3.0,37.0,23.817295188556567,0.5129165200645733,0.5227882037533512,0.4601542416452442,0.5647382920110193,0.4870834799354266
b,multi_horizon,Multi-horizon,2319,3.0,0.2626788036410923,1538,selection_n,2844,130,129,36631,1538,54.07876230661041,11.0,3.0,37.0,23.817295188556567,0.5129165200645733,0.5227882037533512,0.4601542416452442,0.5647382920110193,0.4870834799354266
b,multi_horizon,Multi-horizon,2329,3.0,0.2633289986996099,1538,selection_n,2844,130,129,36631,1538,54.07876230661041,11.0,3.0,37.0,23.817295188556567,0.5129165200645733,0.5227882037533512,0.4601542416452442,0.5647382920110193,0.4870834799354266
b,multi_horizon,Multi-horizon,234508,3.0,0.26397919375812745,1538,selection_n,2844,130,129,36631,1538,54.07876230661041,11.0,3.0,37.0,23.817295188556567,0.5129165200645733,0.5227882037533512,0.4601542416452442,0.5647382920110193,0.4870834799354266
b,multi_horizon,Multi-horizon,245407,3.0,0.264629388816645,1538,selection_n,2844,130,129,36631,1538,54.07876230661041,11.0,3.0,37.0,23.817295188556567,0.5129165200645733,0.5227882037533512,0.4601542416452442,0.5647382920110193,0.4870834799354266
b,multi_horizon,Multi-horizon,248116,3.0,0.26527958387516254,1538,selection_n,2844,130,129,36631,1538,54.07876230661041,11.0,3.0,37.0,23.817295188556567,0.5129165200645733,0.5227882037533512,0.4601542416452442,0.5647382920110193,0.4870834799354266
b,multi_horizon,Multi-horizon,25449,3.0,0.2659297789336801,1538,selection_n,2844,130,129,36631,1538,54.07876230661041,11.0,3.0,37.0,23.817295188556567,0.5129165200645733,0.5227882037533512,0.4601542416452442,0.5647382920110193,0.4870834799354266
b,multi_horizon,Multi-horizon,28018,3.0,0.2665799739921977,1538,selection_n,2844,130,129,36631,1538,54.07876230661041,11.0,3.0,37.0,23.817295188556567,0.5129165200645733,0.5227882037533512,0.4601542416452442,0.5647382920110193,0.4870834799354266
b,multi_horizon,Multi-horizon,28356,3.0,0.2672301690507152,1538,selection_n,2844,130,129,36631,1538,54.07876230661041,11.0,3.0,37.0,23.817295188556567,0.5129165200645733,0.5227882037533512,0.4601542416452442,0.5647382920110193,0.4870834799354266
b,multi_horizon,Multi-horizon,28440,3.0,0.26788036410923277,1538,selection_n,2844,130,129,36631,1538,54.07876230661041,11.0,3.0,37.0,23.817295188556567,0.5129165200645733,0.5227882037533512,0.4601542416452442,0.5647382920110193,0.4870834799354266
b,multi_horizon,Multi-horizon,29483,3.0,0.2685305591677503,1538,selection_n,2844,130,129,36631,1538,54.07876230661041,11.0,3.0,37.0,23.817295188556567,0.5129165200645733,0.5227882037533512,0.4601542416452442,0.5647382920110193,0.4870834799354266
b,multi_horizon,Multi-horizon,297899,3.0,0.26918075422626786,1538,selection_n,2844,130,129,36631,1538,54.07876230661041,11.0,3.0,37.0,23.817295188556567,0.5129165200645733,0.5227882037533512,0.4601542416452442,0.5647382920110193,0.4870834799354266
b,multi_horizon,Multi-horizon,336493,3.0,0.26983094928478546,1538,selection_n,2844,130,129,36631,1538,54.07876230661041,11.0,3.0,37.0,23.817295188556567,0.5129165200645733,0.5227882037533512,0.4601542416452442,0.5647382920110193,0.4870834799354266
b,multi_horizon,Multi-horizon,34726,3.0,0.270481144343303,1538,selection_n,2844,130,129,36631,1538,54.07876230661041,11.0,3.0,37.0,23.817295188556567,0.5129165200645733,0.5227882037533512,0.4601542416452442,0.5647382920110193,0.4870834799354266
b,multi_horizon,Multi-horizon,3542,3.0,0.27113133940182055,1538,selection_n,2844,130,129,36631,1538,54.07876230661041,11.0,3.0,37.0,23.817295188556567,0.5129165200645733,0.5227882037533512,0.4601542416452442,0.5647382920110193,0.4870834799354266
b,multi_horizon,Multi-horizon,35808,3.0,0.2717815344603381,1538,selection_n,2844,130,129,36631,1538,54.07876230661041,11.0,3.0,37.0,23.817295188556567,0.5129165200645733,0.5227882037533512,0.4601542416452442,0.5647382920110193,0.4870834799354266
b,multi_horizon,Multi-horizon,36762,3.0,0.27243172951885564,1538,selection_n,2844,130,129,36631,1538,54.07876230661041,11.0,3.0,37.0,23.817295188556567,0.5129165200645733,0.5227882037533512,0.4601542416452442,0.5647382920110193,0.4870834799354266
b,multi_horizon,Multi-horizon,4797,3.0,0.27308192457737324,1538,selection_n,2844,130,129,36631,1538,54.07876230661041,11.0,3.0,37.0,23.817295188556567,0.5129165200645733,0.5227882037533512,0.4601542416452442,0.5647382920110193,0.4870834799354266
b,multi_horizon,Multi-horizon,4867,3.0,0.2737321196358908,1538,selection_n,2844,130,129,36631,1538,54.07876230661041,11.0,3.0,37.0,23.817295188556567,0.5129165200645733,0.5227882037533512,0.4601542416452442,0.5647382920110193,0.4870834799354266
b,multi_horizon,Multi-horizon,4962,3.0,0.2743823146944083,1538,selection_n,2844,130,129,36631,1538,54.07876230661041,11.0,3.0,37.0,23.817295188556567,0.5129165200645733,0.5227882037533512,0.4601542416452442,0.5647382920110193,0.4870834799354266
b,multi_horizon,Multi-horizon,507,3.0,0.27503250975292587,1538,selection_n,2844,130,129,36631,1538,54.07876230661041,11.0,3.0,37.0,23.817295188556567,0.5129165200645733,0.5227882037533512,0.4601542416452442,0.5647382920110193,0.4870834799354266
b,multi_horizon,Multi-horizon,5414,3.0,0.2756827048114434,1538,selection_n,2844,130,129,36631,1538,54.07876230661041,11.0,3.0,37.0,23.817295188556567,0.5129165200645733,0.5227882037533512,0.4601542416452442,0.5647382920110193,0.4870834799354266
b,multi_horizon,Multi-horizon,5458,3.0,0.276332899869961,1538,selection_n,2844,130,129,36631,1538,54.07876230661041,11.0,3.0,37.0,23.817295188556567,0.5129165200645733,0.5227882037533512,0.4601542416452442,0.5647382920110193,0.4870834799354266
b,multi_horizon,Multi-horizon,59579,3.0,0.27698309492847856,1538,selection_n,2844,130,129,36631,1538,54.07876230661041,11.0,3.0,37.0,23.817295188556567,0.5129165200645733,0.5227882037533512,0.4601542416452442,0.5647382920110193,0.4870834799354266
b,multi_horizon,Multi-horizon,6220,3.0,0.2776332899869961,1538,selection_n,2844,130,129,36631,1538,54.07876230661041,11.0,3.0,37.0,23.817295188556567,0.5129165200645733,0.5227882037533512,0.4601542416452442,0.5647382920110193,0.4870834799354266
b,multi_horizon,Multi-horizon,6226,3.0,0.27828348504551365,1538,selection_n,2844,130,129,36631,1538,54.07876230661041,11.0,3.0,37.0,23.817295188556567,0.5129165200645733,0.5227882037533512,0.4601542416452442,0.5647382920110193,0.4870834799354266
b,multi_horizon,Multi-horizon,6961,3.0,0.2789336801040312,1538,selection_n,2844,130,129,36631,1538,54.07876230661041,11.0,3.0,37.0,23.817295188556567,0.5129165200645733,0.5227882037533512,0.4601542416452442,0.5647382920110193,0.4870834799354266
b,multi_horizon,Multi-horizon,7025,3.0,0.2795838751625488,1538,selection_n,2844,130,129,36631,1538,54.07876230661041,11.0,3.0,37.0,23.817295188556567,0.5129165200645733,0.5227882037533512,0.4601542416452442,0.5647382920110193,0.4870834799354266
b,multi_horizon,Multi-horizon,71100,3.0,0.28023407022106633,1538,selection_n,2844,130,129,36631,1538,54.07876230661041,11.0,3.0,37.0,23.817295188556567,0.5129165200645733,0.5227882037533512,0.4601542416452442,0.5647382920110193,0.4870834799354266
b,multi_horizon,Multi-horizon,7388,3.0,0.2808842652795839,1538,selection_n,2844,130,129,36631,1538,54.07876230661041,11.0,3.0,37.0,23.817295188556567,0.5129165200645733,0.5227882037533512,0.4601542416452442,0.5647382920110193,0.4870834799354266
b,multi_horizon,Multi-horizon,83936,3.0,0.2815344603381014,1538,selection_n,2844,130,129,36631,1538,54.07876230661041,11.0,3.0,37.0,23.817295188556567,0.5129165200645733,0.5227882037533512,0.4601542416452442,0.5647382920110193,0.4870834799354266
b,multi_horizon,Multi-horizon,857,3.0,0.28218465539661897,1538,selection_n,2844,130,129,36631,1538,54.07876230661041,11.0,3.0,37.0,23.817295188556567,0.5129165200645733,0.5227882037533512,0.4601542416452442,0.5647382920110193,0.4870834799354266
b,multi_horizon,Multi-horizon,87796,3.0,0.28283485045513657,1538,selection_n,2844,130,129,36631,1538,54.07876230661041,11.0,3.0,37.0,23.817295188556567,0.5129165200645733,0.5227882037533512,0.4601542416452442,0.5647382920110193,0.4870834799354266
b,multi_horizon,Multi-horizon,90901,3.0,0.2834850455136541,1538,selection_n,2844,130,129,36631,1538,54.07876230661041,11.0,3.0,37.0,23.817295188556567,0.5129165200645733,0.5227882037533512,0.4601542416452442,0.5647382920110193,0.4870834799354266
b,multi_horizon,Multi-horizon,1003,4.0,0.28413524057217165,1538,selection_n,2844,130,129,36631,1538,54.07876230661041,11.0,3.0,37.0,23.817295188556567,0.5129165200645733,0.5227882037533512,0.4601542416452442,0.5647382920110193,0.4870834799354266
b,multi_horizon,Multi-horizon,1258,4.0,0.2847854356306892,1538,selection_n,2844,130,129,36631,1538,54.07876230661041,11.0,3.0,37.0,23.817295188556567,0.5129165200645733,0.5227882037533512,0.4601542416452442,0.5647382920110193,0.4870834799354266
b,multi_horizon,Multi-horizon,139707,4.0,0.28543563068920674,1538,selection_n,2844,130,129,36631,1538,54.07876230661041,11.0,3.0,37.0,23.817295188556567,0.5129165200645733,0.5227882037533512,0.4601542416452442,0.5647382920110193,0.4870834799354266
b,multi_horizon,Multi-horizon,139785,4.0,0.28608582574772434,1538,selection_n,2844,130,129,36631,1538,54.07876230661041,11.0,3.0,37.0,23.817295188556567,0.5129165200645733,0.5227882037533512,0.4601542416452442,0.5647382920110193,0.4870834799354266
b,multi_horizon,Multi-horizon,146085,4.0,0.2867360208062419,1538,selection_n,2844,130,129,36631,1538,54.07876230661041,11.0,3.0,37.0,23.817295188556567,0.5129165200645733,0.5227882037533512,0.4601542416452442,0.5647382920110193,0.4870834799354266
b,multi_horizon,Multi-horizon,146568,4.0,0.28738621586475943,1538,selection_n,2844,130,129,36631,1538,54.07876230661041,11.0,3.0,37.0,23.817295188556567,0.5129165200645733,0.5227882037533512,0.4601542416452442,0.5647382920110193,0.4870834799354266
b,multi_horizon,Multi-horizon,14815,4.0,0.288036410923277,1538,selection_n,2844,130,129,36631,1538,54.07876230661041,11.0,3.0,37.0,23.817295188556567,0.5129165200645733,0.5227882037533512,0.4601542416452442,0.5647382920110193,0.4870834799354266
b,multi_horizon,Multi-horizon,154664,4.0,0.2886866059817945,1538,selection_n,2844,130,129,36631,1538,54.07876230661041,11.0,3.0,37.0,23.817295188556567,0.5129165200645733,0.5227882037533512,0.4601542416452442,0.5647382920110193,0.4870834799354266
b,multi_horizon,Multi-horizon,156240,4.0,0.2893368010403121,1538,selection_n,2844,130,129,36631,1538,54.07876230661041,11.0,3.0,37.0,23.817295188556567,0.5129165200645733,0.5227882037533512,0.4601542416452442,0.5647382920110193,0.4870834799354266
b,multi_horizon,Multi-horizon,1703,4.0,0.28998699609882966,1538,selection_n,2844,130,129,36631,1538,54.07876230661041,11.0,3.0,37.0,23.817295188556567,0.5129165200645733,0.5227882037533512,0.4601542416452442,0.5647382920110193,0.4870834799354266
b,multi_horizon,Multi-horizon,185454,4.0,0.2906371911573472,1538,selection_n,2844,130,129,36631,1538,54.07876230661041,11.0,3.0,37.0,23.817295188556567,0.5129165200645733,0.5227882037533512,0.4601542416452442,0.5647382920110193,0.4870834799354266
b,multi_horizon,Multi-horizon,185972,4.0,0.29128738621586475,1538,selection_n,2844,130,129,36631,1538,54.07876230661041,11.0,3.0,37.0,23.817295188556567,0.5129165200645733,0.5227882037533512,0.4601542416452442,0.5647382920110193,0.4870834799354266
b,multi_horizon,Multi-horizon,186008,4.0,0.2919375812743823,1538,selection_n,2844,130,129,36631,1538,54.07876230661041,11.0,3.0,37.0,23.817295188556567,0.5129165200645733,0.5227882037533512,0.4601542416452442,0.5647382920110193,0.4870834799354266
b,multi_horizon,Multi-horizon,187051,4.0,0.2925877763328999,1538,selection_n,2844,130,129,36631,1538,54.07876230661041,11.0,3.0,37.0,23.817295188556567,0.5129165200645733,0.5227882037533512,0.4601542416452442,0.5647382920110193,0.4870834799354266
b,multi_horizon,Multi-horizon,188190,4.0,0.29323797139141744,1538,selection_n,2844,130,129,36631,1538,54.07876230661041,11.0,3.0,37.0,23.817295188556567,0.5129165200645733,0.5227882037533512,0.4601542416452442,0.5647382920110193,0.4870834799354266
b,multi_horizon,Multi-horizon,190146,4.0,0.293888166449935,1538,selection_n,2844,130,129,36631,1538,54.07876230661041,11.0,3.0,37.0,23.817295188556567,0.5129165200645733,0.5227882037533512,0.4601542416452442,0.5647382920110193,0.4870834799354266
b,multi_horizon,Multi-horizon,190852,4.0,0.29453836150845253,1538,selection_n,2844,130,129,36631,1538,54.07876230661041,11.0,3.0,37.0,23.817295188556567,0.5129165200645733,0.5227882037533512,0.4601542416452442,0.5647382920110193,0.4870834799354266
b,multi_horizon,Multi-horizon,191324,4.0,0.2951885565669701,1538,selection_n,2844,130,129,36631,1538,54.07876230661041,11.0,3.0,37.0,23.817295188556567,0.5129165200645733,0.5227882037533512,0.4601542416452442,0.5647382920110193,0.4870834799354266
b,multi_horizon,Multi-horizon,191474,4.0,0.2958387516254877,1538,selection_n,2844,130,129,36631,1538,54.07876230661041,11.0,3.0,37.0,23.817295188556567,0.5129165200645733,0.5227882037533512,0.4601542416452442,0.5647382920110193,0.4870834799354266
b,multi_horizon,Multi-horizon,192560,4.0,0.2964889466840052,1538,selection_n,2844,130,129,36631,1538,54.07876230661041,11.0,3.0,37.0,23.817295188556567,0.5129165200645733,0.5227882037533512,0.4601542416452442,0.5647382920110193,0.4870834799354266
b,multi_horizon,Multi-horizon,193419,4.0,0.29713914174252276,1538,selection_n,2844,130,129,36631,1538,54.07876230661041,11.0,3.0,37.0,23.817295188556567,0.5129165200645733,0.5227882037533512,0.4601542416452442,0.5647382920110193,0.4870834799354266
b,multi_horizon,Multi-horizon,193545,4.0,0.2977893368010403,1538,selection_n,2844,130,129,36631,1538,54.07876230661041,11.0,3.0,37.0,23.817295188556567,0.5129165200645733,0.5227882037533512,0.4601542416452442,0.5647382920110193,0.4870834799354266
b,multi_horizon,Multi-horizon,194337,4.0,0.29843953185955785,1538,selection_n,2844,130,129,36631,1538,54.07876230661041,11.0,3.0,37.0,23.817295188556567,0.5129165200645733,0.5227882037533512,0.4601542416452442,0.5647382920110193,0.4870834799354266
b,multi_horizon,Multi-horizon,196072,4.0,0.29908972691807545,1538,selection_n,2844,130,129,36631,1538,54.07876230661041,11.0,3.0,37.0,23.817295188556567,0.5129165200645733,0.5227882037533512,0.4601542416452442,0.5647382920110193,0.4870834799354266
b,multi_horizon,Multi-horizon,197360,4.0,0.299739921976593,1538,selection_n,2844,130,129,36631,1538,54.07876230661041,11.0,3.0,37.0,23.817295188556567,0.5129165200645733,0.5227882037533512,0.4601542416452442,0.5647382920110193,0.4870834799354266
b,multi_horizon,Multi-horizon,198118,4.0,0.30039011703511054,1538,selection_n,2844,130,129,36631,1538,54.07876230661041,11.0,3.0,37.0,23.817295188556567,0.5129165200645733,0.5227882037533512,0.4601542416452442,0.5647382920110193,0.4870834799354266
b,multi_horizon,Multi-horizon,198426,4.0,0.3010403120936281,1538,selection_n,2844,130,129,36631,1538,54.07876230661041,11.0,3.0,37.0,23.817295188556567,0.5129165200645733,0.5227882037533512,0.4601542416452442,0.5647382920110193,0.4870834799354266
b,multi_horizon,Multi-horizon,199962,4.0,0.3016905071521456,1538,selection_n,2844,130,129,36631,1538,54.07876230661041,11.0,3.0,37.0,23.817295188556567,0.5129165200645733,0.5227882037533512,0.4601542416452442,0.5647382920110193,0.4870834799354266
b,multi_horizon,Multi-horizon,20093,4.0,0.3023407022106632,1538,selection_n,2844,130,129,36631,1538,54.07876230661041,11.0,3.0,37.0,23.817295188556567,0.5129165200645733,0.5227882037533512,0.4601542416452442,0.5647382920110193,0.4870834799354266
b,multi_horizon,Multi-horizon,206553,4.0,0.30299089726918077,1538,selection_n,2844,130,129,36631,1538,54.07876230661041,11.0,3.0,37.0,23.817295188556567,0.5129165200645733,0.5227882037533512,0.4601542416452442,0.5647382920110193,0.4870834799354266
b,multi_horizon,Multi-horizon,211057,4.0,0.3036410923276983,1538,selection_n,2844,130,129,36631,1538,54.07876230661041,11.0,3.0,37.0,23.817295188556567,0.5129165200645733,0.5227882037533512,0.4601542416452442,0.5647382920110193,0.4870834799354266
b,multi_horizon,Multi-horizon,21140,4.0,0.30429128738621586,1538,selection_n,2844,130,129,36631,1538,54.07876230661041,11.0,3.0,37.0,23.817295188556567,0.5129165200645733,0.5227882037533512,0.4601542416452442,0.5647382920110193,0.4870834799354266
b,multi_horizon,Multi-horizon,211494,4.0,0.3049414824447334,1538,selection_n,2844,130,129,36631,1538,54.07876230661041,11.0,3.0,37.0,23.817295188556567,0.5129165200645733,0.5227882037533512,0.4601542416452442,0.5647382920110193,0.4870834799354266
b,multi_horizon,Multi-horizon,220725,4.0,0.305591677503251,1538,selection_n,2844,130,129,36631,1538,54.07876230661041,11.0,3.0,37.0,23.817295188556567,0.5129165200645733,0.5227882037533512,0.4601542416452442,0.5647382920110193,0.4870834799354266
b,multi_horizon,Multi-horizon,222115,4.0,0.30624187256176855,1538,selection_n,2844,130,129,36631,1538,54.07876230661041,11.0,3.0,37.0,23.817295188556567,0.5129165200645733,0.5227882037533512,0.4601542416452442,0.5647382920110193,0.4870834799354266
b,multi_horizon,Multi-horizon,223043,4.0,0.3068920676202861,1538,selection_n,2844,130,129,36631,1538,54.07876230661041,11.0,3.0,37.0,23.817295188556567,0.5129165200645733,0.5227882037533512,0.4601542416452442,0.5647382920110193,0.4870834799354266
b,multi_horizon,Multi-horizon,223190,4.0,0.30754226267880364,1538,selection_n,2844,130,129,36631,1538,54.07876230661041,11.0,3.0,37.0,23.817295188556567,0.5129165200645733,0.5227882037533512,0.4601542416452442,0.5647382920110193,0.4870834799354266
b,multi_horizon,Multi-horizon,225408,4.0,0.3081924577373212,1538,selection_n,2844,130,129,36631,1538,54.07876230661041,11.0,3.0,37.0,23.817295188556567,0.5129165200645733,0.5227882037533512,0.4601542416452442,0.5647382920110193,0.4870834799354266
b,multi_horizon,Multi-horizon,225409,4.0,0.3088426527958388,1538,selection_n,2844,130,129,36631,1538,54.07876230661041,11.0,3.0,37.0,23.817295188556567,0.5129165200645733,0.5227882037533512,0.4601542416452442,0.5647382920110193,0.4870834799354266
b,multi_horizon,Multi-horizon,234778,4.0,0.3094928478543563,1538,selection_n,2844,130,129,36631,1538,54.07876230661041,11.0,3.0,37.0,23.817295188556567,0.5129165200645733,0.5227882037533512,0.4601542416452442,0.5647382920110193,0.4870834799354266
b,multi_horizon,Multi-horizon,235399,4.0,0.31014304291287387,1538,selection_n,2844,130,129,36631,1538,54.07876230661041,11.0,3.0,37.0,23.817295188556567,0.5129165200645733,0.5227882037533512,0.4601542416452442,0.5647382920110193,0.4870834799354266
b,multi_horizon,Multi-horizon,28705,4.0,0.3107932379713914,1538,selection_n,2844,130,129,36631,1538,54.07876230661041,11.0,3.0,37.0,23.817295188556567,0.5129165200645733,0.5227882037533512,0.4601542416452442,0.5647382920110193,0.4870834799354266
b,multi_horizon,Multi-horizon,339024,4.0,0.31144343302990896,1538,selection_n,2844,130,129,36631,1538,54.07876230661041,11.0,3.0,37.0,23.817295188556567,0.5129165200645733,0.5227882037533512,0.4601542416452442,0.5647382920110193,0.4870834799354266
b,multi_horizon,Multi-horizon,350982,4.0,0.31209362808842656,1538,selection_n,2844,130,129,36631,1538,54.07876230661041,11.0,3.0,37.0,23.817295188556567,0.5129165200645733,0.5227882037533512,0.4601542416452442,0.5647382920110193,0.4870834799354266
b,multi_horizon,Multi-horizon,350988,4.0,0.3127438231469441,1538,selection_n,2844,130,129,36631,1538,54.07876230661041,11.0,3.0,37.0,23.817295188556567,0.5129165200645733,0.5227882037533512,0.4601542416452442,0.5647382920110193,0.4870834799354266
b,multi_horizon,Multi-horizon,35683,4.0,0.31339401820546164,1538,selection_n,2844,130,129,36631,1538,54.07876230661041,11.0,3.0,37.0,23.817295188556567,0.5129165200645733,0.5227882037533512,0.4601542416452442,0.5647382920110193,0.4870834799354266
b,multi_horizon,Multi-horizon,358471,4.0,0.3140442132639792,1538,selection_n,2844,130,129,36631,1538,54.07876230661041,11.0,3.0,37.0,23.817295188556567,0.5129165200645733,0.5227882037533512,0.4601542416452442,0.5647382920110193,0.4870834799354266
b,multi_horizon,Multi-horizon,3802,4.0,0.31469440832249673,1538,selection_n,2844,130,129,36631,1538,54.07876230661041,11.0,3.0,37.0,23.817295188556567,0.5129165200645733,0.5227882037533512,0.4601542416452442,0.5647382920110193,0.4870834799354266
b,multi_horizon,Multi-horizon,3950,4.0,0.3153446033810143,1538,selection_n,2844,130,129,36631,1538,54.07876230661041,11.0,3.0,37.0,23.817295188556567,0.5129165200645733,0.5227882037533512,0.4601542416452442,0.5647382920110193,0.4870834799354266
b,multi_horizon,Multi-horizon,4200,4.0,0.3159947984395319,1538,selection_n,2844,130,129,36631,1538,54.07876230661041,11.0,3.0,37.0,23.817295188556567,0.5129165200645733,0.5227882037533512,0.4601542416452442,0.5647382920110193,0.4870834799354266
b,multi_horizon,Multi-horizon,450954,4.0,0.3166449934980494,1538,selection_n,2844,130,129,36631,1538,54.07876230661041,11.0,3.0,37.0,23.817295188556567,0.5129165200645733,0.5227882037533512,0.4601542416452442,0.5647382920110193,0.4870834799354266
b,multi_horizon,Multi-horizon,453097,4.0,0.31729518855656696,1538,selection_n,2844,130,129,36631,1538,54.07876230661041,11.0,3.0,37.0,23.817295188556567,0.5129165200645733,0.5227882037533512,0.4601542416452442,0.5647382920110193,0.4870834799354266
b,multi_horizon,Multi-horizon,456650,4.0,0.3179453836150845,1538,selection_n,2844,130,129,36631,1538,54.07876230661041,11.0,3.0,37.0,23.817295188556567,0.5129165200645733,0.5227882037533512,0.4601542416452442,0.5647382920110193,0.4870834799354266
b,multi_horizon,Multi-horizon,5032,4.0,0.31859557867360205,1538,selection_n,2844,130,129,36631,1538,54.07876230661041,11.0,3.0,37.0,23.817295188556567,0.5129165200645733,0.5227882037533512,0.4601542416452442,0.5647382920110193,0.4870834799354266
b,multi_horizon,Multi-horizon,52842,4.0,0.31924577373211965,1538,selection_n,2844,130,129,36631,1538,54.07876230661041,11.0,3.0,37.0,23.817295188556567,0.5129165200645733,0.5227882037533512,0.4601542416452442,0.5647382920110193,0.4870834799354266
b,multi_horizon,Multi-horizon,55226,4.0,0.3198959687906372,1538,selection_n,2844,130,129,36631,1538,54.07876230661041,11.0,3.0,37.0,23.817295188556567,0.5129165200645733,0.5227882037533512,0.4601542416452442,0.5647382920110193,0.4870834799354266
b,multi_horizon,Multi-horizon,55528,4.0,0.32054616384915474,1538,selection_n,2844,130,129,36631,1538,54.07876230661041,11.0,3.0,37.0,23.817295188556567,0.5129165200645733,0.5227882037533512,0.4601542416452442,0.5647382920110193,0.4870834799354266
b,multi_horizon,Multi-horizon,55898,4.0,0.3211963589076723,1538,selection_n,2844,130,129,36631,1538,54.07876230661041,11.0,3.0,37.0,23.817295188556567,0.5129165200645733,0.5227882037533512,0.4601542416452442,0.5647382920110193,0.4870834799354266
b,multi_horizon,Multi-horizon,5722,4.0,0.32184655396618983,1538,selection_n,2844,130,129,36631,1538,54.07876230661041,11.0,3.0,37.0,23.817295188556567,0.5129165200645733,0.5227882037533512,0.4601542416452442,0.5647382920110193,0.4870834799354266
b,multi_horizon,Multi-horizon,69070,4.0,0.32249674902470743,1538,selection_n,2844,130,129,36631,1538,54.07876230661041,11.0,3.0,37.0,23.817295188556567,0.5129165200645733,0.5227882037533512,0.4601542416452442,0.5647382920110193,0.4870834799354266
b,multi_horizon,Multi-horizon,7395,4.0,0.323146944083225,1538,selection_n,2844,130,129,36631,1538,54.07876230661041,11.0,3.0,37.0,23.817295188556567,0.5129165200645733,0.5227882037533512,0.4601542416452442,0.5647382920110193,0.4870834799354266
b,multi_horizon,Multi-horizon,75223,4.0,0.3237971391417425,1538,selection_n,2844,130,129,36631,1538,54.07876230661041,11.0,3.0,37.0,23.817295188556567,0.5129165200645733,0.5227882037533512,0.4601542416452442,0.5647382920110193,0.4870834799354266
b,multi_horizon,Multi-horizon,79488,4.0,0.32444733420026006,1538,selection_n,2844,130,129,36631,1538,54.07876230661041,11.0,3.0,37.0,23.817295188556567,0.5129165200645733,0.5227882037533512,0.4601542416452442,0.5647382920110193,0.4870834799354266
b,multi_horizon,Multi-horizon,84,4.0,0.3250975292587776,1538,selection_n,2844,130,129,36631,1538,54.07876230661041,11.0,3.0,37.0,23.817295188556567,0.5129165200645733,0.5227882037533512,0.4601542416452442,0.5647382920110193,0.4870834799354266
b,multi_horizon,Multi-horizon,87813,4.0,0.3257477243172952,1538,selection_n,2844,130,129,36631,1538,54.07876230661041,11.0,3.0,37.0,23.817295188556567,0.5129165200645733,0.5227882037533512,0.4601542416452442,0.5647382920110193,0.4870834799354266
b,multi_horizon,Multi-horizon,92987,4.0,0.32639791937581275,1538,selection_n,2844,130,129,36631,1538,54.07876230661041,11.0,3.0,37.0,23.817295188556567,0.5129165200645733,0.5227882037533512,0.4601542416452442,0.5647382920110193,0.4870834799354266
b,multi_horizon,Multi-horizon,93311,4.0,0.3270481144343303,1538,selection_n,2844,130,129,36631,1538,54.07876230661041,11.0,3.0,37.0,23.817295188556567,0.5129165200645733,0.5227882037533512,0.4601542416452442,0.5647382920110193,0.4870834799354266
b,multi_horizon,Multi-horizon,94023,4.0,0.32769830949284784,1538,selection_n,2844,130,129,36631,1538,54.07876230661041,11.0,3.0,37.0,23.817295188556567,0.5129165200645733,0.5227882037533512,0.4601542416452442,0.5647382920110193,0.4870834799354266
b,multi_horizon,Multi-horizon,960,4.0,0.3283485045513654,1538,selection_n,2844,130,129,36631,1538,54.07876230661041,11.0,3.0,37.0,23.817295188556567,0.5129165200645733,0.5227882037533512,0.4601542416452442,0.5647382920110193,0.4870834799354266
b,multi_horizon,Multi-horizon,96015,4.0,0.328998699609883,1538,selection_n,2844,130,129,36631,1538,54.07876230661041,11.0,3.0,37.0,23.817295188556567,0.5129165200645733,0.5227882037533512,0.4601542416452442,0.5647382920110193,0.4870834799354266
b,multi_horizon,Multi-horizon,9632,4.0,0.3296488946684005,1538,selection_n,2844,130,129,36631,1538,54.07876230661041,11.0,3.0,37.0,23.817295188556567,0.5129165200645733,0.5227882037533512,0.4601542416452442,0.5647382920110193,0.4870834799354266
b,multi_horizon,Multi-horizon,97105,4.0,0.33029908972691807,1538,selection_n,2844,130,129,36631,1538,54.07876230661041,11.0,3.0,37.0,23.817295188556567,0.5129165200645733,0.5227882037533512,0.4601542416452442,0.5647382920110193,0.4870834799354266
b,multi_horizon,Multi-horizon,103486,5.0,0.3309492847854356,1538,selection_n,2844,130,129,36631,1538,54.07876230661041,11.0,3.0,37.0,23.817295188556567,0.5129165200645733,0.5227882037533512,0.4601542416452442,0.5647382920110193,0.4870834799354266
b,multi_horizon,Multi-horizon,1143,5.0,0.33159947984395316,1538,selection_n,2844,130,129,36631,1538,54.07876230661041,11.0,3.0,37.0,23.817295188556567,0.5129165200645733,0.5227882037533512,0.4601542416452442,0.5647382920110193,0.4870834799354266
b,multi_horizon,Multi-horizon,118786,5.0,0.33224967490247076,1538,selection_n,2844,130,129,36631,1538,54.07876230661041,11.0,3.0,37.0,23.817295188556567,0.5129165200645733,0.5227882037533512,0.4601542416452442,0.5647382920110193,0.4870834799354266
b,multi_horizon,Multi-horizon,119801,5.0,0.3328998699609883,1538,selection_n,2844,130,129,36631,1538,54.07876230661041,11.0,3.0,37.0,23.817295188556567,0.5129165200645733,0.5227882037533512,0.4601542416452442,0.5647382920110193,0.4870834799354266
b,multi_horizon,Multi-horizon,120911,5.0,0.33355006501950585,1538,selection_n,2844,130,129,36631,1538,54.07876230661041,11.0,3.0,37.0,23.817295188556567,0.5129165200645733,0.5227882037533512,0.4601542416452442,0.5647382920110193,0.4870834799354266
b,multi_horizon,Multi-horizon,121221,5.0,0.3342002600780234,1538,selection_n,2844,130,129,36631,1538,54.07876230661041,11.0,3.0,37.0,23.817295188556567,0.5129165200645733,0.5227882037533512,0.4601542416452442,0.5647382920110193,0.4870834799354266
b,multi_horizon,Multi-horizon,127316,5.0,0.33485045513654094,1538,selection_n,2844,130,129,36631,1538,54.07876230661041,11.0,3.0,37.0,23.817295188556567,0.5129165200645733,0.5227882037533512,0.4601542416452442,0.5647382920110193,0.4870834799354266
b,multi_horizon,Multi-horizon,1466,5.0,0.33550065019505854,1538,selection_n,2844,130,129,36631,1538,54.07876230661041,11.0,3.0,37.0,23.817295188556567,0.5129165200645733,0.5227882037533512,0.4601542416452442,0.5647382920110193,0.4870834799354266
b,multi_horizon,Multi-horizon,148032,5.0,0.3361508452535761,1538,selection_n,2844,130,129,36631,1538,54.07876230661041,11.0,3.0,37.0,23.817295188556567,0.5129165200645733,0.5227882037533512,0.4601542416452442,0.5647382920110193,0.4870834799354266
b,multi_horizon,Multi-horizon,155023,5.0,0.3368010403120936,1538,selection_n,2844,130,129,36631,1538,54.07876230661041,11.0,3.0,37.0,23.817295188556567,0.5129165200645733,0.5227882037533512,0.4601542416452442,0.5647382920110193,0.4870834799354266
b,multi_horizon,Multi-horizon,1556,5.0,0.33745123537061117,1538,selection_n,2844,130,129,36631,1538,54.07876230661041,11.0,3.0,37.0,23.817295188556567,0.5129165200645733,0.5227882037533512,0.4601542416452442,0.5647382920110193,0.4870834799354266
b,multi_horizon,Multi-horizon,157617,5.0,0.3381014304291287,1538,selection_n,2844,130,129,36631,1538,54.07876230661041,11.0,3.0,37.0,23.817295188556567,0.5129165200645733,0.5227882037533512,0.4601542416452442,0.5647382920110193,0.4870834799354266
b,multi_horizon,Multi-horizon,15848,5.0,0.3387516254876463,1538,selection_n,2844,130,129,36631,1538,54.07876230661041,11.0,3.0,37.0,23.817295188556567,0.5129165200645733,0.5227882037533512,0.4601542416452442,0.5647382920110193,0.4870834799354266
b,multi_horizon,Multi-horizon,184813,5.0,0.33940182054616386,1538,selection_n,2844,130,129,36631,1538,54.07876230661041,11.0,3.0,37.0,23.817295188556567,0.5129165200645733,0.5227882037533512,0.4601542416452442,0.5647382920110193,0.4870834799354266
b,multi_horizon,Multi-horizon,184964,5.0,0.3400520156046814,1538,selection_n,2844,130,129,36631,1538,54.07876230661041,11.0,3.0,37.0,23.817295188556567,0.5129165200645733,0.5227882037533512,0.4601542416452442,0.5647382920110193,0.4870834799354266
b,multi_horizon,Multi-horizon,185973,5.0,0.34070221066319895,1538,selection_n,2844,130,129,36631,1538,54.07876230661041,11.0,3.0,37.0,23.817295188556567,0.5129165200645733,0.5227882037533512,0.4601542416452442,0.5647382920110193,0.4870834799354266
b,multi_horizon,Multi-horizon,186080,5.0,0.3413524057217165,1538,selection_n,2844,130,129,36631,1538,54.07876230661041,11.0,3.0,37.0,23.817295188556567,0.5129165200645733,0.5227882037533512,0.4601542416452442,0.5647382920110193,0.4870834799354266
b,multi_horizon,Multi-horizon,186194,5.0,0.3420026007802341,1538,selection_n,2844,130,129,36631,1538,54.07876230661041,11.0,3.0,37.0,23.817295188556567,0.5129165200645733,0.5227882037533512,0.4601542416452442,0.5647382920110193,0.4870834799354266
b,multi_horizon,Multi-horizon,189109,5.0,0.34265279583875163,1538,selection_n,2844,130,129,36631,1538,54.07876230661041,11.0,3.0,37.0,23.817295188556567,0.5129165200645733,0.5227882037533512,0.4601542416452442,0.5647382920110193,0.4870834799354266
b,multi_horizon,Multi-horizon,190378,5.0,0.3433029908972692,1538,selection_n,2844,130,129,36631,1538,54.07876230661041,11.0,3.0,37.0,23.817295188556567,0.5129165200645733,0.5227882037533512,0.4601542416452442,0.5647382920110193,0.4870834799354266
b,multi_horizon,Multi-horizon,191399,5.0,0.3439531859557867,1538,selection_n,2844,130,129,36631,1538,54.07876230661041,11.0,3.0,37.0,23.817295188556567,0.5129165200645733,0.5227882037533512,0.4601542416452442,0.5647382920110193,0.4870834799354266
b,multi_horizon,Multi-horizon,192220,5.0,0.34460338101430427,1538,selection_n,2844,130,129,36631,1538,54.07876230661041,11.0,3.0,37.0,23.817295188556567,0.5129165200645733,0.5227882037533512,0.4601542416452442,0.5647382920110193,0.4870834799354266
b,multi_horizon,Multi-horizon,192520,5.0,0.34525357607282187,1538,selection_n,2844,130,129,36631,1538,54.07876230661041,11.0,3.0,37.0,23.817295188556567,0.5129165200645733,0.5227882037533512,0.4601542416452442,0.5647382920110193,0.4870834799354266
b,multi_horizon,Multi-horizon,192521,5.0,0.3459037711313394,1538,selection_n,2844,130,129,36631,1538,54.07876230661041,11.0,3.0,37.0,23.817295188556567,0.5129165200645733,0.5227882037533512,0.4601542416452442,0.5647382920110193,0.4870834799354266
b,multi_horizon,Multi-horizon,193665,5.0,0.34655396618985695,1538,selection_n,2844,130,129,36631,1538,54.07876230661041,11.0,3.0,37.0,23.817295188556567,0.5129165200645733,0.5227882037533512,0.4601542416452442,0.5647382920110193,0.4870834799354266
b,multi_horizon,Multi-horizon,194336,5.0,0.3472041612483745,1538,selection_n,2844,130,129,36631,1538,54.07876230661041,11.0,3.0,37.0,23.817295188556567,0.5129165200645733,0.5227882037533512,0.4601542416452442,0.5647382920110193,0.4870834799354266
b,multi_horizon,Multi-horizon,197077,5.0,0.34785435630689204,1538,selection_n,2844,130,129,36631,1538,54.07876230661041,11.0,3.0,37.0,23.817295188556567,0.5129165200645733,0.5227882037533512,0.4601542416452442,0.5647382920110193,0.4870834799354266
b,multi_horizon,Multi-horizon,198112,5.0,0.34850455136540964,1538,selection_n,2844,130,129,36631,1538,54.07876230661041,11.0,3.0,37.0,23.817295188556567,0.5129165200645733,0.5227882037533512,0.4601542416452442,0.5647382920110193,0.4870834799354266
b,multi_horizon,Multi-horizon,199754,5.0,0.3491547464239272,1538,selection_n,2844,130,129,36631,1538,54.07876230661041,11.0,3.0,37.0,23.817295188556567,0.5129165200645733,0.5227882037533512,0.4601542416452442,0.5647382920110193,0.4870834799354266
b,multi_horizon,Multi-horizon,201138,5.0,0.34980494148244473,1538,selection_n,2844,130,129,36631,1538,54.07876230661041,11.0,3.0,37.0,23.817295188556567,0.5129165200645733,0.5227882037533512,0.4601542416452442,0.5647382920110193,0.4870834799354266
b,multi_horizon,Multi-horizon,201145,5.0,0.3504551365409623,1538,selection_n,2844,130,129,36631,1538,54.07876230661041,11.0,3.0,37.0,23.817295188556567,0.5129165200645733,0.5227882037533512,0.4601542416452442,0.5647382920110193,0.4870834799354266
b,multi_horizon,Multi-horizon,208738,5.0,0.3511053315994798,1538,selection_n,2844,130,129,36631,1538,54.07876230661041,11.0,3.0,37.0,23.817295188556567,0.5129165200645733,0.5227882037533512,0.4601542416452442,0.5647382920110193,0.4870834799354266
b,multi_horizon,Multi-horizon,217122,5.0,0.3517555266579974,1538,selection_n,2844,130,129,36631,1538,54.07876230661041,11.0,3.0,37.0,23.817295188556567,0.5129165200645733,0.5227882037533512,0.4601542416452442,0.5647382920110193,0.4870834799354266
b,multi_horizon,Multi-horizon,21775,5.0,0.35240572171651496,1538,selection_n,2844,130,129,36631,1538,54.07876230661041,11.0,3.0,37.0,23.817295188556567,0.5129165200645733,0.5227882037533512,0.4601542416452442,0.5647382920110193,0.4870834799354266
b,multi_horizon,Multi-horizon,2220,5.0,0.3530559167750325,1538,selection_n,2844,130,129,36631,1538,54.07876230661041,11.0,3.0,37.0,23.817295188556567,0.5129165200645733,0.5227882037533512,0.4601542416452442,0.5647382920110193,0.4870834799354266
b,multi_horizon,Multi-horizon,222430,5.0,0.35370611183355005,1538,selection_n,2844,130,129,36631,1538,54.07876230661041,11.0,3.0,37.0,23.817295188556567,0.5129165200645733,0.5227882037533512,0.4601542416452442,0.5647382920110193,0.4870834799354266
b,multi_horizon,Multi-horizon,223605,5.0,0.3543563068920676,1538,selection_n,2844,130,129,36631,1538,54.07876230661041,11.0,3.0,37.0,23.817295188556567,0.5129165200645733,0.5227882037533512,0.4601542416452442,0.5647382920110193,0.4870834799354266
b,multi_horizon,Multi-horizon,232429,5.0,0.3550065019505852,1538,selection_n,2844,130,129,36631,1538,54.07876230661041,11.0,3.0,37.0,23.817295188556567,0.5129165200645733,0.5227882037533512,0.4601542416452442,0.5647382920110193,0.4870834799354266
b,multi_horizon,Multi-horizon,233944,5.0,0.35565669700910274,1538,selection_n,2844,130,129,36631,1538,54.07876230661041,11.0,3.0,37.0,23.817295188556567,0.5129165200645733,0.5227882037533512,0.4601542416452442,0.5647382920110193,0.4870834799354266
b,multi_horizon,Multi-horizon,234759,5.0,0.3563068920676203,1538,selection_n,2844,130,129,36631,1538,54.07876230661041,11.0,3.0,37.0,23.817295188556567,0.5129165200645733,0.5227882037533512,0.4601542416452442,0.5647382920110193,0.4870834799354266
b,multi_horizon,Multi-horizon,234763,5.0,0.35695708712613783,1538,selection_n,2844,130,129,36631,1538,54.07876230661041,11.0,3.0,37.0,23.817295188556567,0.5129165200645733,0.5227882037533512,0.4601542416452442,0.5647382920110193,0.4870834799354266
b,multi_horizon,Multi-horizon,2576,5.0,0.3576072821846554,1538,selection_n,2844,130,129,36631,1538,54.07876230661041,11.0,3.0,37.0,23.817295188556567,0.5129165200645733,0.5227882037533512,0.4601542416452442,0.5647382920110193,0.4870834799354266
b,multi_horizon,Multi-horizon,2738,5.0,0.358257477243173,1538,selection_n,2844,130,129,36631,1538,54.07876230661041,11.0,3.0,37.0,23.817295188556567,0.5129165200645733,0.5227882037533512,0.4601542416452442,0.5647382920110193,0.4870834799354266
b,multi_horizon,Multi-horizon,314257,5.0,0.3589076723016905,1538,selection_n,2844,130,129,36631,1538,54.07876230661041,11.0,3.0,37.0,23.817295188556567,0.5129165200645733,0.5227882037533512,0.4601542416452442,0.5647382920110193,0.4870834799354266
b,multi_horizon,Multi-horizon,335,5.0,0.35955786736020806,1538,selection_n,2844,130,129,36631,1538,54.07876230661041,11.0,3.0,37.0,23.817295188556567,0.5129165200645733,0.5227882037533512,0.4601542416452442,0.5647382920110193,0.4870834799354266
b,multi_horizon,Multi-horizon,335876,5.0,0.3602080624187256,1538,selection_n,2844,130,129,36631,1538,54.07876230661041,11.0,3.0,37.0,23.817295188556567,0.5129165200645733,0.5227882037533512,0.4601542416452442,0.5647382920110193,0.4870834799354266
b,multi_horizon,Multi-horizon,350285,5.0,0.36085825747724315,1538,selection_n,2844,130,129,36631,1538,54.07876230661041,11.0,3.0,37.0,23.817295188556567,0.5129165200645733,0.5227882037533512,0.4601542416452442,0.5647382920110193,0.4870834799354266
b,multi_horizon,Multi-horizon,351099,5.0,0.36150845253576075,1538,selection_n,2844,130,129,36631,1538,54.07876230661041,11.0,3.0,37.0,23.817295188556567,0.5129165200645733,0.5227882037533512,0.4601542416452442,0.5647382920110193,0.4870834799354266
b,multi_horizon,Multi-horizon,357451,5.0,0.3621586475942783,1538,selection_n,2844,130,129,36631,1538,54.07876230661041,11.0,3.0,37.0,23.817295188556567,0.5129165200645733,0.5227882037533512,0.4601542416452442,0.5647382920110193,0.4870834799354266
b,multi_horizon,Multi-horizon,364887,5.0,0.36280884265279584,1538,selection_n,2844,130,129,36631,1538,54.07876230661041,11.0,3.0,37.0,23.817295188556567,0.5129165200645733,0.5227882037533512,0.4601542416452442,0.5647382920110193,0.4870834799354266
b,multi_horizon,Multi-horizon,368101,5.0,0.3634590377113134,1538,selection_n,2844,130,129,36631,1538,54.07876230661041,11.0,3.0,37.0,23.817295188556567,0.5129165200645733,0.5227882037533512,0.4601542416452442,0.5647382920110193,0.4870834799354266
b,multi_horizon,Multi-horizon,375,5.0,0.3641092327698309,1538,selection_n,2844,130,129,36631,1538,54.07876230661041,11.0,3.0,37.0,23.817295188556567,0.5129165200645733,0.5227882037533512,0.4601542416452442,0.5647382920110193,0.4870834799354266
b,multi_horizon,Multi-horizon,38156,5.0,0.3647594278283485,1538,selection_n,2844,130,129,36631,1538,54.07876230661041,11.0,3.0,37.0,23.817295188556567,0.5129165200645733,0.5227882037533512,0.4601542416452442,0.5647382920110193,0.4870834799354266
b,multi_horizon,Multi-horizon,3900,5.0,0.36540962288686607,1538,selection_n,2844,130,129,36631,1538,54.07876230661041,11.0,3.0,37.0,23.817295188556567,0.5129165200645733,0.5227882037533512,0.4601542416452442,0.5647382920110193,0.4870834799354266
b,multi_horizon,Multi-horizon,408132,5.0,0.3660598179453836,1538,selection_n,2844,130,129,36631,1538,54.07876230661041,11.0,3.0,37.0,23.817295188556567,0.5129165200645733,0.5227882037533512,0.4601542416452442,0.5647382920110193,0.4870834799354266
b,multi_horizon,Multi-horizon,52808,5.0,0.36671001300390116,1538,selection_n,2844,130,129,36631,1538,54.07876230661041,11.0,3.0,37.0,23.817295188556567,0.5129165200645733,0.5227882037533512,0.4601542416452442,0.5647382920110193,0.4870834799354266
b,multi_horizon,Multi-horizon,54660,5.0,0.3673602080624187,1538,selection_n,2844,130,129,36631,1538,54.07876230661041,11.0,3.0,37.0,23.817295188556567,0.5129165200645733,0.5227882037533512,0.4601542416452442,0.5647382920110193,0.4870834799354266
b,multi_horizon,Multi-horizon,594,5.0,0.3680104031209363,1538,selection_n,2844,130,129,36631,1538,54.07876230661041,11.0,3.0,37.0,23.817295188556567,0.5129165200645733,0.5227882037533512,0.4601542416452442,0.5647382920110193,0.4870834799354266
b,multi_horizon,Multi-horizon,59799,5.0,0.36866059817945385,1538,selection_n,2844,130,129,36631,1538,54.07876230661041,11.0,3.0,37.0,23.817295188556567,0.5129165200645733,0.5227882037533512,0.4601542416452442,0.5647382920110193,0.4870834799354266
b,multi_horizon,Multi-horizon,6996,5.0,0.3693107932379714,1538,selection_n,2844,130,129,36631,1538,54.07876230661041,11.0,3.0,37.0,23.817295188556567,0.5129165200645733,0.5227882037533512,0.4601542416452442,0.5647382920110193,0.4870834799354266
b,multi_horizon,Multi-horizon,74509,5.0,0.36996098829648894,1538,selection_n,2844,130,129,36631,1538,54.07876230661041,11.0,3.0,37.0,23.817295188556567,0.5129165200645733,0.5227882037533512,0.4601542416452442,0.5647382920110193,0.4870834799354266
b,multi_horizon,Multi-horizon,8803,5.0,0.3706111833550065,1538,selection_n,2844,130,129,36631,1538,54.07876230661041,11.0,3.0,37.0,23.817295188556567,0.5129165200645733,0.5227882037533512,0.4601542416452442,0.5647382920110193,0.4870834799354266
b,multi_horizon,Multi-horizon,103166,6.0,0.3712613784135241,1538,selection_n,2844,130,129,36631,1538,54.07876230661041,11.0,3.0,37.0,23.817295188556567,0.5129165200645733,0.5227882037533512,0.4601542416452442,0.5647382920110193,0.4870834799354266
b,multi_horizon,Multi-horizon,112493,6.0,0.3719115734720416,1538,selection_n,2844,130,129,36631,1538,54.07876230661041,11.0,3.0,37.0,23.817295188556567,0.5129165200645733,0.5227882037533512,0.4601542416452442,0.5647382920110193,0.4870834799354266
b,multi_horizon,Multi-horizon,1166,6.0,0.37256176853055917,1538,selection_n,2844,130,129,36631,1538,54.07876230661041,11.0,3.0,37.0,23.817295188556567,0.5129165200645733,0.5227882037533512,0.4601542416452442,0.5647382920110193,0.4870834799354266
b,multi_horizon,Multi-horizon,119753,6.0,0.3732119635890767,1538,selection_n,2844,130,129,36631,1538,54.07876230661041,11.0,3.0,37.0,23.817295188556567,0.5129165200645733,0.5227882037533512,0.4601542416452442,0.5647382920110193,0.4870834799354266
b,multi_horizon,Multi-horizon,122961,6.0,0.37386215864759426,1538,selection_n,2844,130,129,36631,1538,54.07876230661041,11.0,3.0,37.0,23.817295188556567,0.5129165200645733,0.5227882037533512,0.4601542416452442,0.5647382920110193,0.4870834799354266
b,multi_horizon,Multi-horizon,123003,6.0,0.37451235370611186,1538,selection_n,2844,130,129,36631,1538,54.07876230661041,11.0,3.0,37.0,23.817295188556567,0.5129165200645733,0.5227882037533512,0.4601542416452442,0.5647382920110193,0.4870834799354266
b,multi_horizon,Multi-horizon,1451,6.0,0.3751625487646294,1538,selection_n,2844,130,129,36631,1538,54.07876230661041,11.0,3.0,37.0,23.817295188556567,0.5129165200645733,0.5227882037533512,0.4601542416452442,0.5647382920110193,0.4870834799354266
b,multi_horizon,Multi-horizon,186898,6.0,0.37581274382314694,1538,selection_n,2844,130,129,36631,1538,54.07876230661041,11.0,3.0,37.0,23.817295188556567,0.5129165200645733,0.5227882037533512,0.4601542416452442,0.5647382920110193,0.4870834799354266
b,multi_horizon,Multi-horizon,186986,6.0,0.3764629388816645,1538,selection_n,2844,130,129,36631,1538,54.07876230661041,11.0,3.0,37.0,23.817295188556567,0.5129165200645733,0.5227882037533512,0.4601542416452442,0.5647382920110193,0.4870834799354266
b,multi_horizon,Multi-horizon,188251,6.0,0.37711313394018203,1538,selection_n,2844,130,129,36631,1538,54.07876230661041,11.0,3.0,37.0,23.817295188556567,0.5129165200645733,0.5227882037533512,0.4601542416452442,0.5647382920110193,0.4870834799354266
b,multi_horizon,Multi-horizon,189241,6.0,0.37776332899869963,1538,selection_n,2844,130,129,36631,1538,54.07876230661041,11.0,3.0,37.0,23.817295188556567,0.5129165200645733,0.5227882037533512,0.4601542416452442,0.5647382920110193,0.4870834799354266
b,multi_horizon,Multi-horizon,190364,6.0,0.3784135240572172,1538,selection_n,2844,130,129,36631,1538,54.07876230661041,11.0,3.0,37.0,23.817295188556567,0.5129165200645733,0.5227882037533512,0.4601542416452442,0.5647382920110193,0.4870834799354266
b,multi_horizon,Multi-horizon,191437,6.0,0.3790637191157347,1538,selection_n,2844,130,129,36631,1538,54.07876230661041,11.0,3.0,37.0,23.817295188556567,0.5129165200645733,0.5227882037533512,0.4601542416452442,0.5647382920110193,0.4870834799354266
b,multi_horizon,Multi-horizon,194637,6.0,0.37971391417425226,1538,selection_n,2844,130,129,36631,1538,54.07876230661041,11.0,3.0,37.0,23.817295188556567,0.5129165200645733,0.5227882037533512,0.4601542416452442,0.5647382920110193,0.4870834799354266
b,multi_horizon,Multi-horizon,195841,6.0,0.3803641092327698,1538,selection_n,2844,130,129,36631,1538,54.07876230661041,11.0,3.0,37.0,23.817295188556567,0.5129165200645733,0.5227882037533512,0.4601542416452442,0.5647382920110193,0.4870834799354266
b,multi_horizon,Multi-horizon,197264,6.0,0.3810143042912874,1538,selection_n,2844,130,129,36631,1538,54.07876230661041,11.0,3.0,37.0,23.817295188556567,0.5129165200645733,0.5227882037533512,0.4601542416452442,0.5647382920110193,0.4870834799354266
b,multi_horizon,Multi-horizon,197346,6.0,0.38166449934980495,1538,selection_n,2844,130,129,36631,1538,54.07876230661041,11.0,3.0,37.0,23.817295188556567,0.5129165200645733,0.5227882037533512,0.4601542416452442,0.5647382920110193,0.4870834799354266
b,multi_horizon,Multi-horizon,199678,6.0,0.3823146944083225,1538,selection_n,2844,130,129,36631,1538,54.07876230661041,11.0,3.0,37.0,23.817295188556567,0.5129165200645733,0.5227882037533512,0.4601542416452442,0.5647382920110193,0.4870834799354266
b,multi_horizon,Multi-horizon,203222,6.0,0.38296488946684004,1538,selection_n,2844,130,129,36631,1538,54.07876230661041,11.0,3.0,37.0,23.817295188556567,0.5129165200645733,0.5227882037533512,0.4601542416452442,0.5647382920110193,0.4870834799354266
b,multi_horizon,Multi-horizon,205356,6.0,0.3836150845253576,1538,selection_n,2844,130,129,36631,1538,54.07876230661041,11.0,3.0,37.0,23.817295188556567,0.5129165200645733,0.5227882037533512,0.4601542416452442,0.5647382920110193,0.4870834799354266
b,multi_horizon,Multi-horizon,206829,6.0,0.3842652795838752,1538,selection_n,2844,130,129,36631,1538,54.07876230661041,11.0,3.0,37.0,23.817295188556567,0.5129165200645733,0.5227882037533512,0.4601542416452442,0.5647382920110193,0.4870834799354266
b,multi_horizon,Multi-horizon,207134,6.0,0.38491547464239273,1538,selection_n,2844,130,129,36631,1538,54.07876230661041,11.0,3.0,37.0,23.817295188556567,0.5129165200645733,0.5227882037533512,0.4601542416452442,0.5647382920110193,0.4870834799354266
b,multi_horizon,Multi-horizon,207753,6.0,0.3855656697009103,1538,selection_n,2844,130,129,36631,1538,54.07876230661041,11.0,3.0,37.0,23.817295188556567,0.5129165200645733,0.5227882037533512,0.4601542416452442,0.5647382920110193,0.4870834799354266
b,multi_horizon,Multi-horizon,208808,6.0,0.3862158647594278,1538,selection_n,2844,130,129,36631,1538,54.07876230661041,11.0,3.0,37.0,23.817295188556567,0.5129165200645733,0.5227882037533512,0.4601542416452442,0.5647382920110193,0.4870834799354266
b,multi_horizon,Multi-horizon,211488,6.0,0.38686605981794536,1538,selection_n,2844,130,129,36631,1538,54.07876230661041,11.0,3.0,37.0,23.817295188556567,0.5129165200645733,0.5227882037533512,0.4601542416452442,0.5647382920110193,0.4870834799354266
b,multi_horizon,Multi-horizon,219480,6.0,0.38751625487646296,1538,selection_n,2844,130,129,36631,1538,54.07876230661041,11.0,3.0,37.0,23.817295188556567,0.5129165200645733,0.5227882037533512,0.4601542416452442,0.5647382920110193,0.4870834799354266
b,multi_horizon,Multi-horizon,230302,6.0,0.3881664499349805,1538,selection_n,2844,130,129,36631,1538,54.07876230661041,11.0,3.0,37.0,23.817295188556567,0.5129165200645733,0.5227882037533512,0.4601542416452442,0.5647382920110193,0.4870834799354266
b,multi_horizon,Multi-horizon,249460,6.0,0.38881664499349805,1538,selection_n,2844,130,129,36631,1538,54.07876230661041,11.0,3.0,37.0,23.817295188556567,0.5129165200645733,0.5227882037533512,0.4601542416452442,0.5647382920110193,0.4870834799354266
b,multi_horizon,Multi-horizon,250875,6.0,0.3894668400520156,1538,selection_n,2844,130,129,36631,1538,54.07876230661041,11.0,3.0,37.0,23.817295188556567,0.5129165200645733,0.5227882037533512,0.4601542416452442,0.5647382920110193,0.4870834799354266
b,multi_horizon,Multi-horizon,254722,6.0,0.39011703511053314,1538,selection_n,2844,130,129,36631,1538,54.07876230661041,11.0,3.0,37.0,23.817295188556567,0.5129165200645733,0.5227882037533512,0.4601542416452442,0.5647382920110193,0.4870834799354266
b,multi_horizon,Multi-horizon,2589,6.0,0.39076723016905074,1538,selection_n,2844,130,129,36631,1538,54.07876230661041,11.0,3.0,37.0,23.817295188556567,0.5129165200645733,0.5227882037533512,0.4601542416452442,0.5647382920110193,0.4870834799354266
b,multi_horizon,Multi-horizon,274828,6.0,0.3914174252275683,1538,selection_n,2844,130,129,36631,1538,54.07876230661041,11.0,3.0,37.0,23.817295188556567,0.5129165200645733,0.5227882037533512,0.4601542416452442,0.5647382920110193,0.4870834799354266
b,multi_horizon,Multi-horizon,2846,6.0,0.3920676202860858,1538,selection_n,2844,130,129,36631,1538,54.07876230661041,11.0,3.0,37.0,23.817295188556567,0.5129165200645733,0.5227882037533512,0.4601542416452442,0.5647382920110193,0.4870834799354266
b,multi_horizon,Multi-horizon,32638,6.0,0.39271781534460337,1538,selection_n,2844,130,129,36631,1538,54.07876230661041,11.0,3.0,37.0,23.817295188556567,0.5129165200645733,0.5227882037533512,0.4601542416452442,0.5647382920110193,0.4870834799354266
b,multi_horizon,Multi-horizon,33659,6.0,0.3933680104031209,1538,selection_n,2844,130,129,36631,1538,54.07876230661041,11.0,3.0,37.0,23.817295188556567,0.5129165200645733,0.5227882037533512,0.4601542416452442,0.5647382920110193,0.4870834799354266
b,multi_horizon,Multi-horizon,3501,6.0,0.3940182054616385,1538,selection_n,2844,130,129,36631,1538,54.07876230661041,11.0,3.0,37.0,23.817295188556567,0.5129165200645733,0.5227882037533512,0.4601542416452442,0.5647382920110193,0.4870834799354266
b,multi_horizon,Multi-horizon,3637,6.0,0.39466840052015606,1538,selection_n,2844,130,129,36631,1538,54.07876230661041,11.0,3.0,37.0,23.817295188556567,0.5129165200645733,0.5227882037533512,0.4601542416452442,0.5647382920110193,0.4870834799354266
b,multi_horizon,Multi-horizon,36724,6.0,0.3953185955786736,1538,selection_n,2844,130,129,36631,1538,54.07876230661041,11.0,3.0,37.0,23.817295188556567,0.5129165200645733,0.5227882037533512,0.4601542416452442,0.5647382920110193,0.4870834799354266
b,multi_horizon,Multi-horizon,374604,6.0,0.39596879063719115,1538,selection_n,2844,130,129,36631,1538,54.07876230661041,11.0,3.0,37.0,23.817295188556567,0.5129165200645733,0.5227882037533512,0.4601542416452442,0.5647382920110193,0.4870834799354266
b,multi_horizon,Multi-horizon,41352,6.0,0.3966189856957087,1538,selection_n,2844,130,129,36631,1538,54.07876230661041,11.0,3.0,37.0,23.817295188556567,0.5129165200645733,0.5227882037533512,0.4601542416452442,0.5647382920110193,0.4870834799354266
b,multi_horizon,Multi-horizon,42225,6.0,0.3972691807542263,1538,selection_n,2844,130,129,36631,1538,54.07876230661041,11.0,3.0,37.0,23.817295188556567,0.5129165200645733,0.5227882037533512,0.4601542416452442,0.5647382920110193,0.4870834799354266
b,multi_horizon,Multi-horizon,442,6.0,0.39791937581274384,1538,selection_n,2844,130,129,36631,1538,54.07876230661041,11.0,3.0,37.0,23.817295188556567,0.5129165200645733,0.5227882037533512,0.4601542416452442,0.5647382920110193,0.4870834799354266
b,multi_horizon,Multi-horizon,50432,6.0,0.3985695708712614,1538,selection_n,2844,130,129,36631,1538,54.07876230661041,11.0,3.0,37.0,23.817295188556567,0.5129165200645733,0.5227882037533512,0.4601542416452442,0.5647382920110193,0.4870834799354266
b,multi_horizon,Multi-horizon,55617,6.0,0.3992197659297789,1538,selection_n,2844,130,129,36631,1538,54.07876230661041,11.0,3.0,37.0,23.817295188556567,0.5129165200645733,0.5227882037533512,0.4601542416452442,0.5647382920110193,0.4870834799354266
b,multi_horizon,Multi-horizon,6187,6.0,0.39986996098829647,1538,selection_n,2844,130,129,36631,1538,54.07876230661041,11.0,3.0,37.0,23.817295188556567,0.5129165200645733,0.5227882037533512,0.4601542416452442,0.5647382920110193,0.4870834799354266
b,multi_horizon,Multi-horizon,6215,6.0,0.40052015604681407,1538,selection_n,2844,130,129,36631,1538,54.07876230661041,11.0,3.0,37.0,23.817295188556567,0.5129165200645733,0.5227882037533512,0.4601542416452442,0.5647382920110193,0.4870834799354266
b,multi_horizon,Multi-horizon,7019,6.0,0.4011703511053316,1538,selection_n,2844,130,129,36631,1538,54.07876230661041,11.0,3.0,37.0,23.817295188556567,0.5129165200645733,0.5227882037533512,0.4601542416452442,0.5647382920110193,0.4870834799354266
b,multi_horizon,Multi-horizon,7034,6.0,0.40182054616384916,1538,selection_n,2844,130,129,36631,1538,54.07876230661041,11.0,3.0,37.0,23.817295188556567,0.5129165200645733,0.5227882037533512,0.4601542416452442,0.5647382920110193,0.4870834799354266
b,multi_horizon,Multi-horizon,76283,6.0,0.4024707412223667,1538,selection_n,2844,130,129,36631,1538,54.07876230661041,11.0,3.0,37.0,23.817295188556567,0.5129165200645733,0.5227882037533512,0.4601542416452442,0.5647382920110193,0.4870834799354266
b,multi_horizon,Multi-horizon,90878,6.0,0.40312093628088425,1538,selection_n,2844,130,129,36631,1538,54.07876230661041,11.0,3.0,37.0,23.817295188556567,0.5129165200645733,0.5227882037533512,0.4601542416452442,0.5647382920110193,0.4870834799354266
b,multi_horizon,Multi-horizon,91948,6.0,0.40377113133940185,1538,selection_n,2844,130,129,36631,1538,54.07876230661041,11.0,3.0,37.0,23.817295188556567,0.5129165200645733,0.5227882037533512,0.4601542416452442,0.5647382920110193,0.4870834799354266
b,multi_horizon,Multi-horizon,94084,6.0,0.4044213263979194,1538,selection_n,2844,130,129,36631,1538,54.07876230661041,11.0,3.0,37.0,23.817295188556567,0.5129165200645733,0.5227882037533512,0.4601542416452442,0.5647382920110193,0.4870834799354266
b,multi_horizon,Multi-horizon,124051,7.0,0.40507152145643693,1538,selection_n,2844,130,129,36631,1538,54.07876230661041,11.0,3.0,37.0,23.817295188556567,0.5129165200645733,0.5227882037533512,0.4601542416452442,0.5647382920110193,0.4870834799354266
b,multi_horizon,Multi-horizon,125143,7.0,0.4057217165149545,1538,selection_n,2844,130,129,36631,1538,54.07876230661041,11.0,3.0,37.0,23.817295188556567,0.5129165200645733,0.5227882037533512,0.4601542416452442,0.5647382920110193,0.4870834799354266
b,multi_horizon,Multi-horizon,1378,7.0,0.406371911573472,1538,selection_n,2844,130,129,36631,1538,54.07876230661041,11.0,3.0,37.0,23.817295188556567,0.5129165200645733,0.5227882037533512,0.4601542416452442,0.5647382920110193,0.4870834799354266
b,multi_horizon,Multi-horizon,138812,7.0,0.4070221066319896,1538,selection_n,2844,130,129,36631,1538,54.07876230661041,11.0,3.0,37.0,23.817295188556567,0.5129165200645733,0.5227882037533512,0.4601542416452442,0.5647382920110193,0.4870834799354266
b,multi_horizon,Multi-horizon,154148,7.0,0.40767230169050717,1538,selection_n,2844,130,129,36631,1538,54.07876230661041,11.0,3.0,37.0,23.817295188556567,0.5129165200645733,0.5227882037533512,0.4601542416452442,0.5647382920110193,0.4870834799354266
b,multi_horizon,Multi-horizon,184298,7.0,0.4083224967490247,1538,selection_n,2844,130,129,36631,1538,54.07876230661041,11.0,3.0,37.0,23.817295188556567,0.5129165200645733,0.5227882037533512,0.4601542416452442,0.5647382920110193,0.4870834799354266
b,multi_horizon,Multi-horizon,191435,7.0,0.40897269180754225,1538,selection_n,2844,130,129,36631,1538,54.07876230661041,11.0,3.0,37.0,23.817295188556567,0.5129165200645733,0.5227882037533512,0.4601542416452442,0.5647382920110193,0.4870834799354266
b,multi_horizon,Multi-horizon,192522,7.0,0.4096228868660598,1538,selection_n,2844,130,129,36631,1538,54.07876230661041,11.0,3.0,37.0,23.817295188556567,0.5129165200645733,0.5227882037533512,0.4601542416452442,0.5647382920110193,0.4870834799354266
b,multi_horizon,Multi-horizon,194341,7.0,0.4102730819245774,1538,selection_n,2844,130,129,36631,1538,54.07876230661041,11.0,3.0,37.0,23.817295188556567,0.5129165200645733,0.5227882037533512,0.4601542416452442,0.5647382920110193,0.4870834799354266
b,multi_horizon,Multi-horizon,196028,7.0,0.41092327698309494,1538,selection_n,2844,130,129,36631,1538,54.07876230661041,11.0,3.0,37.0,23.817295188556567,0.5129165200645733,0.5227882037533512,0.4601542416452442,0.5647382920110193,0.4870834799354266
b,multi_horizon,Multi-horizon,197273,7.0,0.4115734720416125,1538,selection_n,2844,130,129,36631,1538,54.07876230661041,11.0,3.0,37.0,23.817295188556567,0.5129165200645733,0.5227882037533512,0.4601542416452442,0.5647382920110193,0.4870834799354266
b,multi_horizon,Multi-horizon,198600,7.0,0.41222366710013003,1538,selection_n,2844,130,129,36631,1538,54.07876230661041,11.0,3.0,37.0,23.817295188556567,0.5129165200645733,0.5227882037533512,0.4601542416452442,0.5647382920110193,0.4870834799354266
b,multi_horizon,Multi-horizon,198601,7.0,0.4128738621586476,1538,selection_n,2844,130,129,36631,1538,54.07876230661041,11.0,3.0,37.0,23.817295188556567,0.5129165200645733,0.5227882037533512,0.4601542416452442,0.5647382920110193,0.4870834799354266
b,multi_horizon,Multi-horizon,199368,7.0,0.4135240572171652,1538,selection_n,2844,130,129,36631,1538,54.07876230661041,11.0,3.0,37.0,23.817295188556567,0.5129165200645733,0.5227882037533512,0.4601542416452442,0.5647382920110193,0.4870834799354266
b,multi_horizon,Multi-horizon,201697,7.0,0.4141742522756827,1538,selection_n,2844,130,129,36631,1538,54.07876230661041,11.0,3.0,37.0,23.817295188556567,0.5129165200645733,0.5227882037533512,0.4601542416452442,0.5647382920110193,0.4870834799354266
b,multi_horizon,Multi-horizon,202191,7.0,0.41482444733420026,1538,selection_n,2844,130,129,36631,1538,54.07876230661041,11.0,3.0,37.0,23.817295188556567,0.5129165200645733,0.5227882037533512,0.4601542416452442,0.5647382920110193,0.4870834799354266
b,multi_horizon,Multi-horizon,202387,7.0,0.4154746423927178,1538,selection_n,2844,130,129,36631,1538,54.07876230661041,11.0,3.0,37.0,23.817295188556567,0.5129165200645733,0.5227882037533512,0.4601542416452442,0.5647382920110193,0.4870834799354266
b,multi_horizon,Multi-horizon,202440,7.0,0.41612483745123535,1538,selection_n,2844,130,129,36631,1538,54.07876230661041,11.0,3.0,37.0,23.817295188556567,0.5129165200645733,0.5227882037533512,0.4601542416452442,0.5647382920110193,0.4870834799354266
b,multi_horizon,Multi-horizon,203220,7.0,0.41677503250975295,1538,selection_n,2844,130,129,36631,1538,54.07876230661041,11.0,3.0,37.0,23.817295188556567,0.5129165200645733,0.5227882037533512,0.4601542416452442,0.5647382920110193,0.4870834799354266
b,multi_horizon,Multi-horizon,207094,7.0,0.4174252275682705,1538,selection_n,2844,130,129,36631,1538,54.07876230661041,11.0,3.0,37.0,23.817295188556567,0.5129165200645733,0.5227882037533512,0.4601542416452442,0.5647382920110193,0.4870834799354266
b,multi_horizon,Multi-horizon,210703,7.0,0.41807542262678804,1538,selection_n,2844,130,129,36631,1538,54.07876230661041,11.0,3.0,37.0,23.817295188556567,0.5129165200645733,0.5227882037533512,0.4601542416452442,0.5647382920110193,0.4870834799354266
b,multi_horizon,Multi-horizon,222090,7.0,0.4187256176853056,1538,selection_n,2844,130,129,36631,1538,54.07876230661041,11.0,3.0,37.0,23.817295188556567,0.5129165200645733,0.5227882037533512,0.4601542416452442,0.5647382920110193,0.4870834799354266
b,multi_horizon,Multi-horizon,227455,7.0,0.41937581274382313,1538,selection_n,2844,130,129,36631,1538,54.07876230661041,11.0,3.0,37.0,23.817295188556567,0.5129165200645733,0.5227882037533512,0.4601542416452442,0.5647382920110193,0.4870834799354266
b,multi_horizon,Multi-horizon,316501,7.0,0.42002600780234073,1538,selection_n,2844,130,129,36631,1538,54.07876230661041,11.0,3.0,37.0,23.817295188556567,0.5129165200645733,0.5227882037533512,0.4601542416452442,0.5647382920110193,0.4870834799354266
b,multi_horizon,Multi-horizon,335894,7.0,0.4206762028608583,1538,selection_n,2844,130,129,36631,1538,54.07876230661041,11.0,3.0,37.0,23.817295188556567,0.5129165200645733,0.5227882037533512,0.4601542416452442,0.5647382920110193,0.4870834799354266
b,multi_horizon,Multi-horizon,41137,7.0,0.4213263979193758,1538,selection_n,2844,130,129,36631,1538,54.07876230661041,11.0,3.0,37.0,23.817295188556567,0.5129165200645733,0.5227882037533512,0.4601542416452442,0.5647382920110193,0.4870834799354266
b,multi_horizon,Multi-horizon,4274,7.0,0.42197659297789336,1538,selection_n,2844,130,129,36631,1538,54.07876230661041,11.0,3.0,37.0,23.817295188556567,0.5129165200645733,0.5227882037533512,0.4601542416452442,0.5647382920110193,0.4870834799354266
b,multi_horizon,Multi-horizon,456651,7.0,0.4226267880364109,1538,selection_n,2844,130,129,36631,1538,54.07876230661041,11.0,3.0,37.0,23.817295188556567,0.5129165200645733,0.5227882037533512,0.4601542416452442,0.5647382920110193,0.4870834799354266
b,multi_horizon,Multi-horizon,55313,7.0,0.4232769830949285,1538,selection_n,2844,130,129,36631,1538,54.07876230661041,11.0,3.0,37.0,23.817295188556567,0.5129165200645733,0.5227882037533512,0.4601542416452442,0.5647382920110193,0.4870834799354266
b,multi_horizon,Multi-horizon,55609,7.0,0.42392717815344605,1538,selection_n,2844,130,129,36631,1538,54.07876230661041,11.0,3.0,37.0,23.817295188556567,0.5129165200645733,0.5227882037533512,0.4601542416452442,0.5647382920110193,0.4870834799354266
b,multi_horizon,Multi-horizon,6207,7.0,0.4245773732119636,1538,selection_n,2844,130,129,36631,1538,54.07876230661041,11.0,3.0,37.0,23.817295188556567,0.5129165200645733,0.5227882037533512,0.4601542416452442,0.5647382920110193,0.4870834799354266
b,multi_horizon,Multi-horizon,6217,7.0,0.42522756827048114,1538,selection_n,2844,130,129,36631,1538,54.07876230661041,11.0,3.0,37.0,23.817295188556567,0.5129165200645733,0.5227882037533512,0.4601542416452442,0.5647382920110193,0.4870834799354266
b,multi_horizon,Multi-horizon,6219,7.0,0.4258777633289987,1538,selection_n,2844,130,129,36631,1538,54.07876230661041,11.0,3.0,37.0,23.817295188556567,0.5129165200645733,0.5227882037533512,0.4601542416452442,0.5647382920110193,0.4870834799354266
b,multi_horizon,Multi-horizon,6457,7.0,0.4265279583875163,1538,selection_n,2844,130,129,36631,1538,54.07876230661041,11.0,3.0,37.0,23.817295188556567,0.5129165200645733,0.5227882037533512,0.4601542416452442,0.5647382920110193,0.4870834799354266
b,multi_horizon,Multi-horizon,69015,7.0,0.4271781534460338,1538,selection_n,2844,130,129,36631,1538,54.07876230661041,11.0,3.0,37.0,23.817295188556567,0.5129165200645733,0.5227882037533512,0.4601542416452442,0.5647382920110193,0.4870834799354266
b,multi_horizon,Multi-horizon,7017,7.0,0.42782834850455137,1538,selection_n,2844,130,129,36631,1538,54.07876230661041,11.0,3.0,37.0,23.817295188556567,0.5129165200645733,0.5227882037533512,0.4601542416452442,0.5647382920110193,0.4870834799354266
b,multi_horizon,Multi-horizon,7442,7.0,0.4284785435630689,1538,selection_n,2844,130,129,36631,1538,54.07876230661041,11.0,3.0,37.0,23.817295188556567,0.5129165200645733,0.5227882037533512,0.4601542416452442,0.5647382920110193,0.4870834799354266
b,multi_horizon,Multi-horizon,82526,7.0,0.42912873862158646,1538,selection_n,2844,130,129,36631,1538,54.07876230661041,11.0,3.0,37.0,23.817295188556567,0.5129165200645733,0.5227882037533512,0.4601542416452442,0.5647382920110193,0.4870834799354266
b,multi_horizon,Multi-horizon,96122,7.0,0.42977893368010406,1538,selection_n,2844,130,129,36631,1538,54.07876230661041,11.0,3.0,37.0,23.817295188556567,0.5129165200645733,0.5227882037533512,0.4601542416452442,0.5647382920110193,0.4870834799354266
b,multi_horizon,Multi-horizon,145310,8.0,0.4304291287386216,1538,selection_n,2844,130,129,36631,1538,54.07876230661041,11.0,3.0,37.0,23.817295188556567,0.5129165200645733,0.5227882037533512,0.4601542416452442,0.5647382920110193,0.4870834799354266
b,multi_horizon,Multi-horizon,1547,8.0,0.43107932379713915,1538,selection_n,2844,130,129,36631,1538,54.07876230661041,11.0,3.0,37.0,23.817295188556567,0.5129165200645733,0.5227882037533512,0.4601542416452442,0.5647382920110193,0.4870834799354266
b,multi_horizon,Multi-horizon,185998,8.0,0.4317295188556567,1538,selection_n,2844,130,129,36631,1538,54.07876230661041,11.0,3.0,37.0,23.817295188556567,0.5129165200645733,0.5227882037533512,0.4601542416452442,0.5647382920110193,0.4870834799354266
b,multi_horizon,Multi-horizon,187927,8.0,0.43237971391417424,1538,selection_n,2844,130,129,36631,1538,54.07876230661041,11.0,3.0,37.0,23.817295188556567,0.5129165200645733,0.5227882037533512,0.4601542416452442,0.5647382920110193,0.4870834799354266
b,multi_horizon,Multi-horizon,188104,8.0,0.43302990897269183,1538,selection_n,2844,130,129,36631,1538,54.07876230661041,11.0,3.0,37.0,23.817295188556567,0.5129165200645733,0.5227882037533512,0.4601542416452442,0.5647382920110193,0.4870834799354266
b,multi_horizon,Multi-horizon,189149,8.0,0.4336801040312094,1538,selection_n,2844,130,129,36631,1538,54.07876230661041,11.0,3.0,37.0,23.817295188556567,0.5129165200645733,0.5227882037533512,0.4601542416452442,0.5647382920110193,0.4870834799354266
b,multi_horizon,Multi-horizon,189773,8.0,0.4343302990897269,1538,selection_n,2844,130,129,36631,1538,54.07876230661041,11.0,3.0,37.0,23.817295188556567,0.5129165200645733,0.5227882037533512,0.4601542416452442,0.5647382920110193,0.4870834799354266
b,multi_horizon,Multi-horizon,189774,8.0,0.43498049414824447,1538,selection_n,2844,130,129,36631,1538,54.07876230661041,11.0,3.0,37.0,23.817295188556567,0.5129165200645733,0.5227882037533512,0.4601542416452442,0.5647382920110193,0.4870834799354266
b,multi_horizon,Multi-horizon,196083,8.0,0.435630689206762,1538,selection_n,2844,130,129,36631,1538,54.07876230661041,11.0,3.0,37.0,23.817295188556567,0.5129165200645733,0.5227882037533512,0.4601542416452442,0.5647382920110193,0.4870834799354266
b,multi_horizon,Multi-horizon,206550,8.0,0.4362808842652796,1538,selection_n,2844,130,129,36631,1538,54.07876230661041,11.0,3.0,37.0,23.817295188556567,0.5129165200645733,0.5227882037533512,0.4601542416452442,0.5647382920110193,0.4870834799354266
b,multi_horizon,Multi-horizon,209587,8.0,0.43693107932379716,1538,selection_n,2844,130,129,36631,1538,54.07876230661041,11.0,3.0,37.0,23.817295188556567,0.5129165200645733,0.5227882037533512,0.4601542416452442,0.5647382920110193,0.4870834799354266
b,multi_horizon,Multi-horizon,235932,8.0,0.4375812743823147,1538,selection_n,2844,130,129,36631,1538,54.07876230661041,11.0,3.0,37.0,23.817295188556567,0.5129165200645733,0.5227882037533512,0.4601542416452442,0.5647382920110193,0.4870834799354266
b,multi_horizon,Multi-horizon,284642,8.0,0.43823146944083224,1538,selection_n,2844,130,129,36631,1538,54.07876230661041,11.0,3.0,37.0,23.817295188556567,0.5129165200645733,0.5227882037533512,0.4601542416452442,0.5647382920110193,0.4870834799354266
b,multi_horizon,Multi-horizon,28465,8.0,0.4388816644993498,1538,selection_n,2844,130,129,36631,1538,54.07876230661041,11.0,3.0,37.0,23.817295188556567,0.5129165200645733,0.5227882037533512,0.4601542416452442,0.5647382920110193,0.4870834799354266
b,multi_horizon,Multi-horizon,28499,8.0,0.43953185955786733,1538,selection_n,2844,130,129,36631,1538,54.07876230661041,11.0,3.0,37.0,23.817295188556567,0.5129165200645733,0.5227882037533512,0.4601542416452442,0.5647382920110193,0.4870834799354266
b,multi_horizon,Multi-horizon,2913,8.0,0.44018205461638493,1538,selection_n,2844,130,129,36631,1538,54.07876230661041,11.0,3.0,37.0,23.817295188556567,0.5129165200645733,0.5227882037533512,0.4601542416452442,0.5647382920110193,0.4870834799354266
b,multi_horizon,Multi-horizon,347313,8.0,0.4408322496749025,1538,selection_n,2844,130,129,36631,1538,54.07876230661041,11.0,3.0,37.0,23.817295188556567,0.5129165200645733,0.5227882037533512,0.4601542416452442,0.5647382920110193,0.4870834799354266
b,multi_horizon,Multi-horizon,348700,8.0,0.44148244473342,1538,selection_n,2844,130,129,36631,1538,54.07876230661041,11.0,3.0,37.0,23.817295188556567,0.5129165200645733,0.5227882037533512,0.4601542416452442,0.5647382920110193,0.4870834799354266
b,multi_horizon,Multi-horizon,355281,8.0,0.44213263979193757,1538,selection_n,2844,130,129,36631,1538,54.07876230661041,11.0,3.0,37.0,23.817295188556567,0.5129165200645733,0.5227882037533512,0.4601542416452442,0.5647382920110193,0.4870834799354266
b,multi_horizon,Multi-horizon,4771,8.0,0.4427828348504551,1538,selection_n,2844,130,129,36631,1538,54.07876230661041,11.0,3.0,37.0,23.817295188556567,0.5129165200645733,0.5227882037533512,0.4601542416452442,0.5647382920110193,0.4870834799354266
b,multi_horizon,Multi-horizon,51452,8.0,0.4434330299089727,1538,selection_n,2844,130,129,36631,1538,54.07876230661041,11.0,3.0,37.0,23.817295188556567,0.5129165200645733,0.5227882037533512,0.4601542416452442,0.5647382920110193,0.4870834799354266
b,multi_horizon,Multi-horizon,5575,8.0,0.44408322496749025,1538,selection_n,2844,130,129,36631,1538,54.07876230661041,11.0,3.0,37.0,23.817295188556567,0.5129165200645733,0.5227882037533512,0.4601542416452442,0.5647382920110193,0.4870834799354266
b,multi_horizon,Multi-horizon,59770,8.0,0.4447334200260078,1538,selection_n,2844,130,129,36631,1538,54.07876230661041,11.0,3.0,37.0,23.817295188556567,0.5129165200645733,0.5227882037533512,0.4601542416452442,0.5647382920110193,0.4870834799354266
b,multi_horizon,Multi-horizon,64,8.0,0.44538361508452534,1538,selection_n,2844,130,129,36631,1538,54.07876230661041,11.0,3.0,37.0,23.817295188556567,0.5129165200645733,0.5227882037533512,0.4601542416452442,0.5647382920110193,0.4870834799354266
b,multi_horizon,Multi-horizon,66241,8.0,0.4460338101430429,1538,selection_n,2844,130,129,36631,1538,54.07876230661041,11.0,3.0,37.0,23.817295188556567,0.5129165200645733,0.5227882037533512,0.4601542416452442,0.5647382920110193,0.4870834799354266
b,multi_horizon,Multi-horizon,70049,8.0,0.4466840052015605,1538,selection_n,2844,130,129,36631,1538,54.07876230661041,11.0,3.0,37.0,23.817295188556567,0.5129165200645733,0.5227882037533512,0.4601542416452442,0.5647382920110193,0.4870834799354266
b,multi_horizon,Multi-horizon,7011,8.0,0.44733420026007803,1538,selection_n,2844,130,129,36631,1538,54.07876230661041,11.0,3.0,37.0,23.817295188556567,0.5129165200645733,0.5227882037533512,0.4601542416452442,0.5647382920110193,0.4870834799354266
b,multi_horizon,Multi-horizon,105575,9.0,0.4479843953185956,1538,selection_n,2844,130,129,36631,1538,54.07876230661041,11.0,3.0,37.0,23.817295188556567,0.5129165200645733,0.5227882037533512,0.4601542416452442,0.5647382920110193,0.4870834799354266
b,multi_horizon,Multi-horizon,1090,9.0,0.4486345903771131,1538,selection_n,2844,130,129,36631,1538,54.07876230661041,11.0,3.0,37.0,23.817295188556567,0.5129165200645733,0.5227882037533512,0.4601542416452442,0.5647382920110193,0.4870834799354266
b,multi_horizon,Multi-horizon,118775,9.0,0.44928478543563066,1538,selection_n,2844,130,129,36631,1538,54.07876230661041,11.0,3.0,37.0,23.817295188556567,0.5129165200645733,0.5227882037533512,0.4601542416452442,0.5647382920110193,0.4870834799354266
b,multi_horizon,Multi-horizon,123314,9.0,0.44993498049414826,1538,selection_n,2844,130,129,36631,1538,54.07876230661041,11.0,3.0,37.0,23.817295188556567,0.5129165200645733,0.5227882037533512,0.4601542416452442,0.5647382920110193,0.4870834799354266
b,multi_horizon,Multi-horizon,143887,9.0,0.4505851755526658,1538,selection_n,2844,130,129,36631,1538,54.07876230661041,11.0,3.0,37.0,23.817295188556567,0.5129165200645733,0.5227882037533512,0.4601542416452442,0.5647382920110193,0.4870834799354266
b,multi_horizon,Multi-horizon,150428,9.0,0.45123537061118335,1538,selection_n,2844,130,129,36631,1538,54.07876230661041,11.0,3.0,37.0,23.817295188556567,0.5129165200645733,0.5227882037533512,0.4601542416452442,0.5647382920110193,0.4870834799354266
b,multi_horizon,Multi-horizon,154413,9.0,0.4518855656697009,1538,selection_n,2844,130,129,36631,1538,54.07876230661041,11.0,3.0,37.0,23.817295188556567,0.5129165200645733,0.5227882037533512,0.4601542416452442,0.5647382920110193,0.4870834799354266
b,multi_horizon,Multi-horizon,17954,9.0,0.45253576072821844,1538,selection_n,2844,130,129,36631,1538,54.07876230661041,11.0,3.0,37.0,23.817295188556567,0.5129165200645733,0.5227882037533512,0.4601542416452442,0.5647382920110193,0.4870834799354266
b,multi_horizon,Multi-horizon,184965,9.0,0.45318595578673604,1538,selection_n,2844,130,129,36631,1538,54.07876230661041,11.0,3.0,37.0,23.817295188556567,0.5129165200645733,0.5227882037533512,0.4601542416452442,0.5647382920110193,0.4870834799354266
b,multi_horizon,Multi-horizon,189270,9.0,0.4538361508452536,1538,selection_n,2844,130,129,36631,1538,54.07876230661041,11.0,3.0,37.0,23.817295188556567,0.5129165200645733,0.5227882037533512,0.4601542416452442,0.5647382920110193,0.4870834799354266
b,multi_horizon,Multi-horizon,1895,9.0,0.4544863459037711,1538,selection_n,2844,130,129,36631,1538,54.07876230661041,11.0,3.0,37.0,23.817295188556567,0.5129165200645733,0.5227882037533512,0.4601542416452442,0.5647382920110193,0.4870834799354266
b,multi_horizon,Multi-horizon,197085,9.0,0.45513654096228867,1538,selection_n,2844,130,129,36631,1538,54.07876230661041,11.0,3.0,37.0,23.817295188556567,0.5129165200645733,0.5227882037533512,0.4601542416452442,0.5647382920110193,0.4870834799354266
b,multi_horizon,Multi-horizon,197306,9.0,0.4557867360208062,1538,selection_n,2844,130,129,36631,1538,54.07876230661041,11.0,3.0,37.0,23.817295188556567,0.5129165200645733,0.5227882037533512,0.4601542416452442,0.5647382920110193,0.4870834799354266
b,multi_horizon,Multi-horizon,202372,9.0,0.4564369310793238,1538,selection_n,2844,130,129,36631,1538,54.07876230661041,11.0,3.0,37.0,23.817295188556567,0.5129165200645733,0.5227882037533512,0.4601542416452442,0.5647382920110193,0.4870834799354266
b,multi_horizon,Multi-horizon,202408,9.0,0.45708712613784136,1538,selection_n,2844,130,129,36631,1538,54.07876230661041,11.0,3.0,37.0,23.817295188556567,0.5129165200645733,0.5227882037533512,0.4601542416452442,0.5647382920110193,0.4870834799354266
b,multi_horizon,Multi-horizon,207924,9.0,0.4577373211963589,1538,selection_n,2844,130,129,36631,1538,54.07876230661041,11.0,3.0,37.0,23.817295188556567,0.5129165200645733,0.5227882037533512,0.4601542416452442,0.5647382920110193,0.4870834799354266
b,multi_horizon,Multi-horizon,211920,9.0,0.45838751625487645,1538,selection_n,2844,130,129,36631,1538,54.07876230661041,11.0,3.0,37.0,23.817295188556567,0.5129165200645733,0.5227882037533512,0.4601542416452442,0.5647382920110193,0.4870834799354266
b,multi_horizon,Multi-horizon,221287,9.0,0.459037711313394,1538,selection_n,2844,130,129,36631,1538,54.07876230661041,11.0,3.0,37.0,23.817295188556567,0.5129165200645733,0.5227882037533512,0.4601542416452442,0.5647382920110193,0.4870834799354266
b,multi_horizon,Multi-horizon,244047,9.0,0.4596879063719116,1538,selection_n,2844,130,129,36631,1538,54.07876230661041,11.0,3.0,37.0,23.817295188556567,0.5129165200645733,0.5227882037533512,0.4601542416452442,0.5647382920110193,0.4870834799354266
b,multi_horizon,Multi-horizon,32704,9.0,0.46033810143042914,1538,selection_n,2844,130,129,36631,1538,54.07876230661041,11.0,3.0,37.0,23.817295188556567,0.5129165200645733,0.5227882037533512,0.4601542416452442,0.5647382920110193,0.4870834799354266
b,multi_horizon,Multi-horizon,365518,9.0,0.4609882964889467,1538,selection_n,2844,130,129,36631,1538,54.07876230661041,11.0,3.0,37.0,23.817295188556567,0.5129165200645733,0.5227882037533512,0.4601542416452442,0.5647382920110193,0.4870834799354266
b,multi_horizon,Multi-horizon,369331,9.0,0.4616384915474642,1538,selection_n,2844,130,129,36631,1538,54.07876230661041,11.0,3.0,37.0,23.817295188556567,0.5129165200645733,0.5227882037533512,0.4601542416452442,0.5647382920110193,0.4870834799354266
b,multi_horizon,Multi-horizon,3734,9.0,0.46228868660598177,1538,selection_n,2844,130,129,36631,1538,54.07876230661041,11.0,3.0,37.0,23.817295188556567,0.5129165200645733,0.5227882037533512,0.4601542416452442,0.5647382920110193,0.4870834799354266
b,multi_horizon,Multi-horizon,3960,9.0,0.46293888166449937,1538,selection_n,2844,130,129,36631,1538,54.07876230661041,11.0,3.0,37.0,23.817295188556567,0.5129165200645733,0.5227882037533512,0.4601542416452442,0.5647382920110193,0.4870834799354266
b,multi_horizon,Multi-horizon,451829,9.0,0.4635890767230169,1538,selection_n,2844,130,129,36631,1538,54.07876230661041,11.0,3.0,37.0,23.817295188556567,0.5129165200645733,0.5227882037533512,0.4601542416452442,0.5647382920110193,0.4870834799354266
b,multi_horizon,Multi-horizon,454431,9.0,0.46423927178153446,1538,selection_n,2844,130,129,36631,1538,54.07876230661041,11.0,3.0,37.0,23.817295188556567,0.5129165200645733,0.5227882037533512,0.4601542416452442,0.5647382920110193,0.4870834799354266
b,multi_horizon,Multi-horizon,456547,9.0,0.464889466840052,1538,selection_n,2844,130,129,36631,1538,54.07876230661041,11.0,3.0,37.0,23.817295188556567,0.5129165200645733,0.5227882037533512,0.4601542416452442,0.5647382920110193,0.4870834799354266
b,multi_horizon,Multi-horizon,459440,9.0,0.46553966189856955,1538,selection_n,2844,130,129,36631,1538,54.07876230661041,11.0,3.0,37.0,23.817295188556567,0.5129165200645733,0.5227882037533512,0.4601542416452442,0.5647382920110193,0.4870834799354266
b,multi_horizon,Multi-horizon,519,9.0,0.46618985695708715,1538,selection_n,2844,130,129,36631,1538,54.07876230661041,11.0,3.0,37.0,23.817295188556567,0.5129165200645733,0.5227882037533512,0.4601542416452442,0.5647382920110193,0.4870834799354266
b,multi_horizon,Multi-horizon,64981,9.0,0.4668400520156047,1538,selection_n,2844,130,129,36631,1538,54.07876230661041,11.0,3.0,37.0,23.817295188556567,0.5129165200645733,0.5227882037533512,0.4601542416452442,0.5647382920110193,0.4870834799354266
b,multi_horizon,Multi-horizon,7042,9.0,0.46749024707412223,1538,selection_n,2844,130,129,36631,1538,54.07876230661041,11.0,3.0,37.0,23.817295188556567,0.5129165200645733,0.5227882037533512,0.4601542416452442,0.5647382920110193,0.4870834799354266
b,multi_horizon,Multi-horizon,11685,10.0,0.4681404421326398,1538,selection_n,2844,130,129,36631,1538,54.07876230661041,11.0,3.0,37.0,23.817295188556567,0.5129165200645733,0.5227882037533512,0.4601542416452442,0.5647382920110193,0.4870834799354266
b,multi_horizon,Multi-horizon,142,10.0,0.4687906371911573,1538,selection_n,2844,130,129,36631,1538,54.07876230661041,11.0,3.0,37.0,23.817295188556567,0.5129165200645733,0.5227882037533512,0.4601542416452442,0.5647382920110193,0.4870834799354266
b,multi_horizon,Multi-horizon,1636,10.0,0.4694408322496749,1538,selection_n,2844,130,129,36631,1538,54.07876230661041,11.0,3.0,37.0,23.817295188556567,0.5129165200645733,0.5227882037533512,0.4601542416452442,0.5647382920110193,0.4870834799354266
b,multi_horizon,Multi-horizon,1822,10.0,0.47009102730819247,1538,selection_n,2844,130,129,36631,1538,54.07876230661041,11.0,3.0,37.0,23.817295188556567,0.5129165200645733,0.5227882037533512,0.4601542416452442,0.5647382920110193,0.4870834799354266
b,multi_horizon,Multi-horizon,184461,10.0,0.47074122236671,1538,selection_n,2844,130,129,36631,1538,54.07876230661041,11.0,3.0,37.0,23.817295188556567,0.5129165200645733,0.5227882037533512,0.4601542416452442,0.5647382920110193,0.4870834799354266
b,multi_horizon,Multi-horizon,184883,10.0,0.47139141742522755,1538,selection_n,2844,130,129,36631,1538,54.07876230661041,11.0,3.0,37.0,23.817295188556567,0.5129165200645733,0.5227882037533512,0.4601542416452442,0.5647382920110193,0.4870834799354266
b,multi_horizon,Multi-horizon,185729,10.0,0.4720416124837451,1538,selection_n,2844,130,129,36631,1538,54.07876230661041,11.0,3.0,37.0,23.817295188556567,0.5129165200645733,0.5227882037533512,0.4601542416452442,0.5647382920110193,0.4870834799354266
b,multi_horizon,Multi-horizon,187078,10.0,0.4726918075422627,1538,selection_n,2844,130,129,36631,1538,54.07876230661041,11.0,3.0,37.0,23.817295188556567,0.5129165200645733,0.5227882037533512,0.4601542416452442,0.5647382920110193,0.4870834799354266
b,multi_horizon,Multi-horizon,187093,10.0,0.47334200260078024,1538,selection_n,2844,130,129,36631,1538,54.07876230661041,11.0,3.0,37.0,23.817295188556567,0.5129165200645733,0.5227882037533512,0.4601542416452442,0.5647382920110193,0.4870834799354266
b,multi_horizon,Multi-horizon,188106,10.0,0.4739921976592978,1538,selection_n,2844,130,129,36631,1538,54.07876230661041,11.0,3.0,37.0,23.817295188556567,0.5129165200645733,0.5227882037533512,0.4601542416452442,0.5647382920110193,0.4870834799354266
b,multi_horizon,Multi-horizon,189304,10.0,0.47464239271781533,1538,selection_n,2844,130,129,36631,1538,54.07876230661041,11.0,3.0,37.0,23.817295188556567,0.5129165200645733,0.5227882037533512,0.4601542416452442,0.5647382920110193,0.4870834799354266
b,multi_horizon,Multi-horizon,191467,10.0,0.4752925877763329,1538,selection_n,2844,130,129,36631,1538,54.07876230661041,11.0,3.0,37.0,23.817295188556567,0.5129165200645733,0.5227882037533512,0.4601542416452442,0.5647382920110193,0.4870834799354266
b,multi_horizon,Multi-horizon,195565,10.0,0.4759427828348505,1538,selection_n,2844,130,129,36631,1538,54.07876230661041,11.0,3.0,37.0,23.817295188556567,0.5129165200645733,0.5227882037533512,0.4601542416452442,0.5647382920110193,0.4870834799354266
b,multi_horizon,Multi-horizon,202327,10.0,0.476592977893368,1538,selection_n,2844,130,129,36631,1538,54.07876230661041,11.0,3.0,37.0,23.817295188556567,0.5129165200645733,0.5227882037533512,0.4601542416452442,0.5647382920110193,0.4870834799354266
b,multi_horizon,Multi-horizon,211398,10.0,0.47724317295188556,1538,selection_n,2844,130,129,36631,1538,54.07876230661041,11.0,3.0,37.0,23.817295188556567,0.5129165200645733,0.5227882037533512,0.4601542416452442,0.5647382920110193,0.4870834799354266
b,multi_horizon,Multi-horizon,316078,10.0,0.4778933680104031,1538,selection_n,2844,130,129,36631,1538,54.07876230661041,11.0,3.0,37.0,23.817295188556567,0.5129165200645733,0.5227882037533512,0.4601542416452442,0.5647382920110193,0.4870834799354266
b,multi_horizon,Multi-horizon,316709,10.0,0.47854356306892065,1538,selection_n,2844,130,129,36631,1538,54.07876230661041,11.0,3.0,37.0,23.817295188556567,0.5129165200645733,0.5227882037533512,0.4601542416452442,0.5647382920110193,0.4870834799354266
b,multi_horizon,Multi-horizon,367842,10.0,0.47919375812743825,1538,selection_n,2844,130,129,36631,1538,54.07876230661041,11.0,3.0,37.0,23.817295188556567,0.5129165200645733,0.5227882037533512,0.4601542416452442,0.5647382920110193,0.4870834799354266
b,multi_horizon,Multi-horizon,4072,10.0,0.4798439531859558,1538,selection_n,2844,130,129,36631,1538,54.07876230661041,11.0,3.0,37.0,23.817295188556567,0.5129165200645733,0.5227882037533512,0.4601542416452442,0.5647382920110193,0.4870834799354266
b,multi_horizon,Multi-horizon,4229,10.0,0.48049414824447334,1538,selection_n,2844,130,129,36631,1538,54.07876230661041,11.0,3.0,37.0,23.817295188556567,0.5129165200645733,0.5227882037533512,0.4601542416452442,0.5647382920110193,0.4870834799354266
b,multi_horizon,Multi-horizon,5168,10.0,0.4811443433029909,1538,selection_n,2844,130,129,36631,1538,54.07876230661041,11.0,3.0,37.0,23.817295188556567,0.5129165200645733,0.5227882037533512,0.4601542416452442,0.5647382920110193,0.4870834799354266
b,multi_horizon,Multi-horizon,5724,10.0,0.48179453836150843,1538,selection_n,2844,130,129,36631,1538,54.07876230661041,11.0,3.0,37.0,23.817295188556567,0.5129165200645733,0.5227882037533512,0.4601542416452442,0.5647382920110193,0.4870834799354266
b,multi_horizon,Multi-horizon,6987,10.0,0.48244473342002603,1538,selection_n,2844,130,129,36631,1538,54.07876230661041,11.0,3.0,37.0,23.817295188556567,0.5129165200645733,0.5227882037533512,0.4601542416452442,0.5647382920110193,0.4870834799354266
b,multi_horizon,Multi-horizon,78447,10.0,0.4830949284785436,1538,selection_n,2844,130,129,36631,1538,54.07876230661041,11.0,3.0,37.0,23.817295188556567,0.5129165200645733,0.5227882037533512,0.4601542416452442,0.5647382920110193,0.4870834799354266
b,multi_horizon,Multi-horizon,89901,10.0,0.4837451235370611,1538,selection_n,2844,130,129,36631,1538,54.07876230661041,11.0,3.0,37.0,23.817295188556567,0.5129165200645733,0.5227882037533512,0.4601542416452442,0.5647382920110193,0.4870834799354266
b,multi_horizon,Multi-horizon,1013,11.0,0.48439531859557866,1538,selection_n,2844,130,129,36631,1538,54.07876230661041,11.0,3.0,37.0,23.817295188556567,0.5129165200645733,0.5227882037533512,0.4601542416452442,0.5647382920110193,0.4870834799354266
b,multi_horizon,Multi-horizon,103214,11.0,0.4850455136540962,1538,selection_n,2844,130,129,36631,1538,54.07876230661041,11.0,3.0,37.0,23.817295188556567,0.5129165200645733,0.5227882037533512,0.4601542416452442,0.5647382920110193,0.4870834799354266
b,multi_horizon,Multi-horizon,106260,11.0,0.4856957087126138,1538,selection_n,2844,130,129,36631,1538,54.07876230661041,11.0,3.0,37.0,23.817295188556567,0.5129165200645733,0.5227882037533512,0.4601542416452442,0.5647382920110193,0.4870834799354266
b,multi_horizon,Multi-horizon,12016,11.0,0.48634590377113135,1538,selection_n,2844,130,129,36631,1538,54.07876230661041,11.0,3.0,37.0,23.817295188556567,0.5129165200645733,0.5227882037533512,0.4601542416452442,0.5647382920110193,0.4870834799354266
b,multi_horizon,Multi-horizon,129153,11.0,0.4869960988296489,1538,selection_n,2844,130,129,36631,1538,54.07876230661041,11.0,3.0,37.0,23.817295188556567,0.5129165200645733,0.5227882037533512,0.4601542416452442,0.5647382920110193,0.4870834799354266
b,multi_horizon,Multi-horizon,14775,11.0,0.48764629388816644,1538,selection_n,2844,130,129,36631,1538,54.07876230661041,11.0,3.0,37.0,23.817295188556567,0.5129165200645733,0.5227882037533512,0.4601542416452442,0.5647382920110193,0.4870834799354266
b,multi_horizon,Multi-horizon,147892,11.0,0.488296488946684,1538,selection_n,2844,130,129,36631,1538,54.07876230661041,11.0,3.0,37.0,23.817295188556567,0.5129165200645733,0.5227882037533512,0.4601542416452442,0.5647382920110193,0.4870834799354266
b,multi_horizon,Multi-horizon,184463,11.0,0.4889466840052016,1538,selection_n,2844,130,129,36631,1538,54.07876230661041,11.0,3.0,37.0,23.817295188556567,0.5129165200645733,0.5227882037533512,0.4601542416452442,0.5647382920110193,0.4870834799354266
b,multi_horizon,Multi-horizon,187326,11.0,0.4895968790637191,1538,selection_n,2844,130,129,36631,1538,54.07876230661041,11.0,3.0,37.0,23.817295188556567,0.5129165200645733,0.5227882037533512,0.4601542416452442,0.5647382920110193,0.4870834799354266
b,multi_horizon,Multi-horizon,188722,11.0,0.49024707412223667,1538,selection_n,2844,130,129,36631,1538,54.07876230661041,11.0,3.0,37.0,23.817295188556567,0.5129165200645733,0.5227882037533512,0.4601542416452442,0.5647382920110193,0.4870834799354266
b,multi_horizon,Multi-horizon,189769,11.0,0.4908972691807542,1538,selection_n,2844,130,129,36631,1538,54.07876230661041,11.0,3.0,37.0,23.817295188556567,0.5129165200645733,0.5227882037533512,0.4601542416452442,0.5647382920110193,0.4870834799354266
b,multi_horizon,Multi-horizon,191955,11.0,0.49154746423927176,1538,selection_n,2844,130,129,36631,1538,54.07876230661041,11.0,3.0,37.0,23.817295188556567,0.5129165200645733,0.5227882037533512,0.4601542416452442,0.5647382920110193,0.4870834799354266
b,multi_horizon,Multi-horizon,196029,11.0,0.49219765929778936,1538,selection_n,2844,130,129,36631,1538,54.07876230661041,11.0,3.0,37.0,23.817295188556567,0.5129165200645733,0.5227882037533512,0.4601542416452442,0.5647382920110193,0.4870834799354266
b,multi_horizon,Multi-horizon,207769,11.0,0.4928478543563069,1538,selection_n,2844,130,129,36631,1538,54.07876230661041,11.0,3.0,37.0,23.817295188556567,0.5129165200645733,0.5227882037533512,0.4601542416452442,0.5647382920110193,0.4870834799354266
b,multi_horizon,Multi-horizon,2237,11.0,0.49349804941482445,1538,selection_n,2844,130,129,36631,1538,54.07876230661041,11.0,3.0,37.0,23.817295188556567,0.5129165200645733,0.5227882037533512,0.4601542416452442,0.5647382920110193,0.4870834799354266
b,multi_horizon,Multi-horizon,233011,11.0,0.494148244473342,1538,selection_n,2844,130,129,36631,1538,54.07876230661041,11.0,3.0,37.0,23.817295188556567,0.5129165200645733,0.5227882037533512,0.4601542416452442,0.5647382920110193,0.4870834799354266
b,multi_horizon,Multi-horizon,27495,11.0,0.49479843953185954,1538,selection_n,2844,130,129,36631,1538,54.07876230661041,11.0,3.0,37.0,23.817295188556567,0.5129165200645733,0.5227882037533512,0.4601542416452442,0.5647382920110193,0.4870834799354266
b,multi_horizon,Multi-horizon,3041,11.0,0.49544863459037713,1538,selection_n,2844,130,129,36631,1538,54.07876230661041,11.0,3.0,37.0,23.817295188556567,0.5129165200645733,0.5227882037533512,0.4601542416452442,0.5647382920110193,0.4870834799354266
b,multi_horizon,Multi-horizon,31964,11.0,0.4960988296488947,1538,selection_n,2844,130,129,36631,1538,54.07876230661041,11.0,3.0,37.0,23.817295188556567,0.5129165200645733,0.5227882037533512,0.4601542416452442,0.5647382920110193,0.4870834799354266
b,multi_horizon,Multi-horizon,3548,11.0,0.4967490247074122,1538,selection_n,2844,130,129,36631,1538,54.07876230661041,11.0,3.0,37.0,23.817295188556567,0.5129165200645733,0.5227882037533512,0.4601542416452442,0.5647382920110193,0.4870834799354266
b,multi_horizon,Multi-horizon,464341,11.0,0.49739921976592977,1538,selection_n,2844,130,129,36631,1538,54.07876230661041,11.0,3.0,37.0,23.817295188556567,0.5129165200645733,0.5227882037533512,0.4601542416452442,0.5647382920110193,0.4870834799354266
b,multi_horizon,Multi-horizon,4701,11.0,0.4980494148244473,1538,selection_n,2844,130,129,36631,1538,54.07876230661041,11.0,3.0,37.0,23.817295188556567,0.5129165200645733,0.5227882037533512,0.4601542416452442,0.5647382920110193,0.4870834799354266
b,multi_horizon,Multi-horizon,4709,11.0,0.4986996098829649,1538,selection_n,2844,130,129,36631,1538,54.07876230661041,11.0,3.0,37.0,23.817295188556567,0.5129165200645733,0.5227882037533512,0.4601542416452442,0.5647382920110193,0.4870834799354266
b,multi_horizon,Multi-horizon,537,11.0,0.49934980494148246,1538,selection_n,2844,130,129,36631,1538,54.07876230661041,11.0,3.0,37.0,23.817295188556567,0.5129165200645733,0.5227882037533512,0.4601542416452442,0.5647382920110193,0.4870834799354266
b,multi_horizon,Multi-horizon,6061,11.0,0.5,1538,selection_n,2844,130,129,36631,1538,54.07876230661041,11.0,3.0,37.0,23.817295188556567,0.5129165200645733,0.5227882037533512,0.4601542416452442,0.5647382920110193,0.4870834799354266
b,multi_horizon,Multi-horizon,6963,11.0,0.5006501950585176,1538,selection_n,2844,130,129,36631,1538,54.07876230661041,11.0,3.0,37.0,23.817295188556567,0.5129165200645733,0.5227882037533512,0.4601542416452442,0.5647382920110193,0.4870834799354266
b,multi_horizon,Multi-horizon,6995,11.0,0.5013003901170351,1538,selection_n,2844,130,129,36631,1538,54.07876230661041,11.0,3.0,37.0,23.817295188556567,0.5129165200645733,0.5227882037533512,0.4601542416452442,0.5647382920110193,0.4870834799354266
b,multi_horizon,Multi-horizon,93011,11.0,0.5019505851755527,1538,selection_n,2844,130,129,36631,1538,54.07876230661041,11.0,3.0,37.0,23.817295188556567,0.5129165200645733,0.5227882037533512,0.4601542416452442,0.5647382920110193,0.4870834799354266
b,multi_horizon,Multi-horizon,975,11.0,0.5026007802340702,1538,selection_n,2844,130,129,36631,1538,54.07876230661041,11.0,3.0,37.0,23.817295188556567,0.5129165200645733,0.5227882037533512,0.4601542416452442,0.5647382920110193,0.4870834799354266
b,multi_horizon,Multi-horizon,124017,12.0,0.5032509752925878,1538,selection_n,2844,130,129,36631,1538,54.07876230661041,11.0,3.0,37.0,23.817295188556567,0.5129165200645733,0.5227882037533512,0.4601542416452442,0.5647382920110193,0.4870834799354266
b,multi_horizon,Multi-horizon,186513,12.0,0.5039011703511054,1538,selection_n,2844,130,129,36631,1538,54.07876230661041,11.0,3.0,37.0,23.817295188556567,0.5129165200645733,0.5227882037533512,0.4601542416452442,0.5647382920110193,0.4870834799354266
b,multi_horizon,Multi-horizon,186978,12.0,0.5045513654096229,1538,selection_n,2844,130,129,36631,1538,54.07876230661041,11.0,3.0,37.0,23.817295188556567,0.5129165200645733,0.5227882037533512,0.4601542416452442,0.5647382920110193,0.4870834799354266
b,multi_horizon,Multi-horizon,187345,12.0,0.5052015604681405,1538,selection_n,2844,130,129,36631,1538,54.07876230661041,11.0,3.0,37.0,23.817295188556567,0.5129165200645733,0.5227882037533512,0.4601542416452442,0.5647382920110193,0.4870834799354266
b,multi_horizon,Multi-horizon,189292,12.0,0.505851755526658,1538,selection_n,2844,130,129,36631,1538,54.07876230661041,11.0,3.0,37.0,23.817295188556567,0.5129165200645733,0.5227882037533512,0.4601542416452442,0.5647382920110193,0.4870834799354266
b,multi_horizon,Multi-horizon,189913,12.0,0.5065019505851756,1538,selection_n,2844,130,129,36631,1538,54.07876230661041,11.0,3.0,37.0,23.817295188556567,0.5129165200645733,0.5227882037533512,0.4601542416452442,0.5647382920110193,0.4870834799354266
b,multi_horizon,Multi-horizon,191170,12.0,0.5071521456436932,1538,selection_n,2844,130,129,36631,1538,54.07876230661041,11.0,3.0,37.0,23.817295188556567,0.5129165200645733,0.5227882037533512,0.4601542416452442,0.5647382920110193,0.4870834799354266
b,multi_horizon,Multi-horizon,194790,12.0,0.5078023407022106,1538,selection_n,2844,130,129,36631,1538,54.07876230661041,11.0,3.0,37.0,23.817295188556567,0.5129165200645733,0.5227882037533512,0.4601542416452442,0.5647382920110193,0.4870834799354266
b,multi_horizon,Multi-horizon,195963,12.0,0.5084525357607282,1538,selection_n,2844,130,129,36631,1538,54.07876230661041,11.0,3.0,37.0,23.817295188556567,0.5129165200645733,0.5227882037533512,0.4601542416452442,0.5647382920110193,0.4870834799354266
b,multi_horizon,Multi-horizon,197222,12.0,0.5091027308192457,1538,selection_n,2844,130,129,36631,1538,54.07876230661041,11.0,3.0,37.0,23.817295188556567,0.5129165200645733,0.5227882037533512,0.4601542416452442,0.5647382920110193,0.4870834799354266
b,multi_horizon,Multi-horizon,201099,12.0,0.5097529258777633,1538,selection_n,2844,130,129,36631,1538,54.07876230661041,11.0,3.0,37.0,23.817295188556567,0.5129165200645733,0.5227882037533512,0.4601542416452442,0.5647382920110193,0.4870834799354266
b,multi_horizon,Multi-horizon,203398,12.0,0.5104031209362809,1538,selection_n,2844,130,129,36631,1538,54.07876230661041,11.0,3.0,37.0,23.817295188556567,0.5129165200645733,0.5227882037533512,0.4601542416452442,0.5647382920110193,0.4870834799354266
b,multi_horizon,Multi-horizon,244745,12.0,0.5110533159947984,1538,selection_n,2844,130,129,36631,1538,54.07876230661041,11.0,3.0,37.0,23.817295188556567,0.5129165200645733,0.5227882037533512,0.4601542416452442,0.5647382920110193,0.4870834799354266
b,multi_horizon,Multi-horizon,332622,12.0,0.511703511053316,1538,selection_n,2844,130,129,36631,1538,54.07876230661041,11.0,3.0,37.0,23.817295188556567,0.5129165200645733,0.5227882037533512,0.4601542416452442,0.5647382920110193,0.4870834799354266
b,multi_horizon,Multi-horizon,337057,12.0,0.5123537061118335,1538,selection_n,2844,130,129,36631,1538,54.07876230661041,11.0,3.0,37.0,23.817295188556567,0.5129165200645733,0.5227882037533512,0.4601542416452442,0.5647382920110193,0.4870834799354266
b,multi_horizon,Multi-horizon,353800,12.0,0.5130039011703511,1538,selection_n,2844,130,129,36631,1538,54.07876230661041,11.0,3.0,37.0,23.817295188556567,0.5129165200645733,0.5227882037533512,0.4601542416452442,0.5647382920110193,0.4870834799354266
b,multi_horizon,Multi-horizon,39957,12.0,0.5136540962288687,1538,selection_n,2844,130,129,36631,1538,54.07876230661041,11.0,3.0,37.0,23.817295188556567,0.5129165200645733,0.5227882037533512,0.4601542416452442,0.5647382920110193,0.4870834799354266
b,multi_horizon,Multi-horizon,4098,12.0,0.5143042912873862,1538,selection_n,2844,130,129,36631,1538,54.07876230661041,11.0,3.0,37.0,23.817295188556567,0.5129165200645733,0.5227882037533512,0.4601542416452442,0.5647382920110193,0.4870834799354266
b,multi_horizon,Multi-horizon,4211,12.0,0.5149544863459038,1538,selection_n,2844,130,129,36631,1538,54.07876230661041,11.0,3.0,37.0,23.817295188556567,0.5129165200645733,0.5227882037533512,0.4601542416452442,0.5647382920110193,0.4870834799354266
b,multi_horizon,Multi-horizon,5541,12.0,0.5156046814044213,1538,selection_n,2844,130,129,36631,1538,54.07876230661041,11.0,3.0,37.0,23.817295188556567,0.5129165200645733,0.5227882037533512,0.4601542416452442,0.5647382920110193,0.4870834799354266
b,multi_horizon,Multi-horizon,67996,12.0,0.5162548764629389,1538,selection_n,2844,130,129,36631,1538,54.07876230661041,11.0,3.0,37.0,23.817295188556567,0.5129165200645733,0.5227882037533512,0.4601542416452442,0.5647382920110193,0.4870834799354266
b,multi_horizon,Multi-horizon,13785,13.0,0.5169050715214565,1538,selection_n,2844,130,129,36631,1538,54.07876230661041,11.0,3.0,37.0,23.817295188556567,0.5129165200645733,0.5227882037533512,0.4601542416452442,0.5647382920110193,0.4870834799354266
b,multi_horizon,Multi-horizon,148490,13.0,0.517555266579974,1538,selection_n,2844,130,129,36631,1538,54.07876230661041,11.0,3.0,37.0,23.817295188556567,0.5129165200645733,0.5227882037533512,0.4601542416452442,0.5647382920110193,0.4870834799354266
b,multi_horizon,Multi-horizon,149391,13.0,0.5182054616384916,1538,selection_n,2844,130,129,36631,1538,54.07876230661041,11.0,3.0,37.0,23.817295188556567,0.5129165200645733,0.5227882037533512,0.4601542416452442,0.5647382920110193,0.4870834799354266
b,multi_horizon,Multi-horizon,16913,13.0,0.5188556566970091,1538,selection_n,2844,130,129,36631,1538,54.07876230661041,11.0,3.0,37.0,23.817295188556567,0.5129165200645733,0.5227882037533512,0.4601542416452442,0.5647382920110193,0.4870834799354266
b,multi_horizon,Multi-horizon,184874,13.0,0.5195058517555267,1538,selection_n,2844,130,129,36631,1538,54.07876230661041,11.0,3.0,37.0,23.817295188556567,0.5129165200645733,0.5227882037533512,0.4601542416452442,0.5647382920110193,0.4870834799354266
b,multi_horizon,Multi-horizon,188996,13.0,0.5201560468140443,1538,selection_n,2844,130,129,36631,1538,54.07876230661041,11.0,3.0,37.0,23.817295188556567,0.5129165200645733,0.5227882037533512,0.4601542416452442,0.5647382920110193,0.4870834799354266
b,multi_horizon,Multi-horizon,194617,13.0,0.5208062418725617,1538,selection_n,2844,130,129,36631,1538,54.07876230661041,11.0,3.0,37.0,23.817295188556567,0.5129165200645733,0.5227882037533512,0.4601542416452442,0.5647382920110193,0.4870834799354266
b,multi_horizon,Multi-horizon,198109,13.0,0.5214564369310793,1538,selection_n,2844,130,129,36631,1538,54.07876230661041,11.0,3.0,37.0,23.817295188556567,0.5129165200645733,0.5227882037533512,0.4601542416452442,0.5647382920110193,0.4870834799354266
b,multi_horizon,Multi-horizon,199369,13.0,0.5221066319895968,1538,selection_n,2844,130,129,36631,1538,54.07876230661041,11.0,3.0,37.0,23.817295188556567,0.5129165200645733,0.5227882037533512,0.4601542416452442,0.5647382920110193,0.4870834799354266
b,multi_horizon,Multi-horizon,199894,13.0,0.5227568270481144,1538,selection_n,2844,130,129,36631,1538,54.07876230661041,11.0,3.0,37.0,23.817295188556567,0.5129165200645733,0.5227882037533512,0.4601542416452442,0.5647382920110193,0.4870834799354266
b,multi_horizon,Multi-horizon,287040,13.0,0.523407022106632,1538,selection_n,2844,130,129,36631,1538,54.07876230661041,11.0,3.0,37.0,23.817295188556567,0.5129165200645733,0.5227882037533512,0.4601542416452442,0.5647382920110193,0.4870834799354266
b,multi_horizon,Multi-horizon,28733,13.0,0.5240572171651495,1538,selection_n,2844,130,129,36631,1538,54.07876230661041,11.0,3.0,37.0,23.817295188556567,0.5129165200645733,0.5227882037533512,0.4601542416452442,0.5647382920110193,0.4870834799354266
b,multi_horizon,Multi-horizon,2936,13.0,0.5247074122236671,1538,selection_n,2844,130,129,36631,1538,54.07876230661041,11.0,3.0,37.0,23.817295188556567,0.5129165200645733,0.5227882037533512,0.4601542416452442,0.5647382920110193,0.4870834799354266
b,multi_horizon,Multi-horizon,334169,13.0,0.5253576072821846,1538,selection_n,2844,130,129,36631,1538,54.07876230661041,11.0,3.0,37.0,23.817295188556567,0.5129165200645733,0.5227882037533512,0.4601542416452442,0.5647382920110193,0.4870834799354266
b,multi_horizon,Multi-horizon,5171,13.0,0.5260078023407022,1538,selection_n,2844,130,129,36631,1538,54.07876230661041,11.0,3.0,37.0,23.817295188556567,0.5129165200645733,0.5227882037533512,0.4601542416452442,0.5647382920110193,0.4870834799354266
b,multi_horizon,Multi-horizon,57681,13.0,0.5266579973992198,1538,selection_n,2844,130,129,36631,1538,54.07876230661041,11.0,3.0,37.0,23.817295188556567,0.5129165200645733,0.5227882037533512,0.4601542416452442,0.5647382920110193,0.4870834799354266
b,multi_horizon,Multi-horizon,58719,13.0,0.5273081924577373,1538,selection_n,2844,130,129,36631,1538,54.07876230661041,11.0,3.0,37.0,23.817295188556567,0.5129165200645733,0.5227882037533512,0.4601542416452442,0.5647382920110193,0.4870834799354266
b,multi_horizon,Multi-horizon,6191,13.0,0.5279583875162549,1538,selection_n,2844,130,129,36631,1538,54.07876230661041,11.0,3.0,37.0,23.817295188556567,0.5129165200645733,0.5227882037533512,0.4601542416452442,0.5647382920110193,0.4870834799354266
b,multi_horizon,Multi-horizon,6962,13.0,0.5286085825747724,1538,selection_n,2844,130,129,36631,1538,54.07876230661041,11.0,3.0,37.0,23.817295188556567,0.5129165200645733,0.5227882037533512,0.4601542416452442,0.5647382920110193,0.4870834799354266
b,multi_horizon,Multi-horizon,6984,13.0,0.52925877763329,1538,selection_n,2844,130,129,36631,1538,54.07876230661041,11.0,3.0,37.0,23.817295188556567,0.5129165200645733,0.5227882037533512,0.4601542416452442,0.5647382920110193,0.4870834799354266
b,multi_horizon,Multi-horizon,6989,13.0,0.5299089726918076,1538,selection_n,2844,130,129,36631,1538,54.07876230661041,11.0,3.0,37.0,23.817295188556567,0.5129165200645733,0.5227882037533512,0.4601542416452442,0.5647382920110193,0.4870834799354266
b,multi_horizon,Multi-horizon,7010,13.0,0.5305591677503251,1538,selection_n,2844,130,129,36631,1538,54.07876230661041,11.0,3.0,37.0,23.817295188556567,0.5129165200645733,0.5227882037533512,0.4601542416452442,0.5647382920110193,0.4870834799354266
b,multi_horizon,Multi-horizon,72460,13.0,0.5312093628088427,1538,selection_n,2844,130,129,36631,1538,54.07876230661041,11.0,3.0,37.0,23.817295188556567,0.5129165200645733,0.5227882037533512,0.4601542416452442,0.5647382920110193,0.4870834799354266
b,multi_horizon,Multi-horizon,90332,13.0,0.5318595578673602,1538,selection_n,2844,130,129,36631,1538,54.07876230661041,11.0,3.0,37.0,23.817295188556567,0.5129165200645733,0.5227882037533512,0.4601542416452442,0.5647382920110193,0.4870834799354266
b,multi_horizon,Multi-horizon,119767,14.0,0.5325097529258778,1538,selection_n,2844,130,129,36631,1538,54.07876230661041,11.0,3.0,37.0,23.817295188556567,0.5129165200645733,0.5227882037533512,0.4601542416452442,0.5647382920110193,0.4870834799354266
b,multi_horizon,Multi-horizon,1334,14.0,0.5331599479843954,1538,selection_n,2844,130,129,36631,1538,54.07876230661041,11.0,3.0,37.0,23.817295188556567,0.5129165200645733,0.5227882037533512,0.4601542416452442,0.5647382920110193,0.4870834799354266
b,multi_horizon,Multi-horizon,19981,14.0,0.5338101430429129,1538,selection_n,2844,130,129,36631,1538,54.07876230661041,11.0,3.0,37.0,23.817295188556567,0.5129165200645733,0.5227882037533512,0.4601542416452442,0.5647382920110193,0.4870834799354266
b,multi_horizon,Multi-horizon,202371,14.0,0.5344603381014305,1538,selection_n,2844,130,129,36631,1538,54.07876230661041,11.0,3.0,37.0,23.817295188556567,0.5129165200645733,0.5227882037533512,0.4601542416452442,0.5647382920110193,0.4870834799354266
b,multi_horizon,Multi-horizon,2046,14.0,0.5351105331599479,1538,selection_n,2844,130,129,36631,1538,54.07876230661041,11.0,3.0,37.0,23.817295188556567,0.5129165200645733,0.5227882037533512,0.4601542416452442,0.5647382920110193,0.4870834799354266
b,multi_horizon,Multi-horizon,205292,14.0,0.5357607282184655,1538,selection_n,2844,130,129,36631,1538,54.07876230661041,11.0,3.0,37.0,23.817295188556567,0.5129165200645733,0.5227882037533512,0.4601542416452442,0.5647382920110193,0.4870834799354266
b,multi_horizon,Multi-horizon,206557,14.0,0.5364109232769831,1538,selection_n,2844,130,129,36631,1538,54.07876230661041,11.0,3.0,37.0,23.817295188556567,0.5129165200645733,0.5227882037533512,0.4601542416452442,0.5647382920110193,0.4870834799354266
b,multi_horizon,Multi-horizon,207559,14.0,0.5370611183355006,1538,selection_n,2844,130,129,36631,1538,54.07876230661041,11.0,3.0,37.0,23.817295188556567,0.5129165200645733,0.5227882037533512,0.4601542416452442,0.5647382920110193,0.4870834799354266
b,multi_horizon,Multi-horizon,235369,14.0,0.5377113133940182,1538,selection_n,2844,130,129,36631,1538,54.07876230661041,11.0,3.0,37.0,23.817295188556567,0.5129165200645733,0.5227882037533512,0.4601542416452442,0.5647382920110193,0.4870834799354266
b,multi_horizon,Multi-horizon,314507,14.0,0.5383615084525357,1538,selection_n,2844,130,129,36631,1538,54.07876230661041,11.0,3.0,37.0,23.817295188556567,0.5129165200645733,0.5227882037533512,0.4601542416452442,0.5647382920110193,0.4870834799354266
b,multi_horizon,Multi-horizon,315375,14.0,0.5390117035110533,1538,selection_n,2844,130,129,36631,1538,54.07876230661041,11.0,3.0,37.0,23.817295188556567,0.5129165200645733,0.5227882037533512,0.4601542416452442,0.5647382920110193,0.4870834799354266
b,multi_horizon,Multi-horizon,341114,14.0,0.5396618985695709,1538,selection_n,2844,130,129,36631,1538,54.07876230661041,11.0,3.0,37.0,23.817295188556567,0.5129165200645733,0.5227882037533512,0.4601542416452442,0.5647382920110193,0.4870834799354266
b,multi_horizon,Multi-horizon,343127,14.0,0.5403120936280884,1538,selection_n,2844,130,129,36631,1538,54.07876230661041,11.0,3.0,37.0,23.817295188556567,0.5129165200645733,0.5227882037533512,0.4601542416452442,0.5647382920110193,0.4870834799354266
b,multi_horizon,Multi-horizon,360338,14.0,0.540962288686606,1538,selection_n,2844,130,129,36631,1538,54.07876230661041,11.0,3.0,37.0,23.817295188556567,0.5129165200645733,0.5227882037533512,0.4601542416452442,0.5647382920110193,0.4870834799354266
b,multi_horizon,Multi-horizon,367519,14.0,0.5416124837451235,1538,selection_n,2844,130,129,36631,1538,54.07876230661041,11.0,3.0,37.0,23.817295188556567,0.5129165200645733,0.5227882037533512,0.4601542416452442,0.5647382920110193,0.4870834799354266
b,multi_horizon,Multi-horizon,4632,14.0,0.5422626788036411,1538,selection_n,2844,130,129,36631,1538,54.07876230661041,11.0,3.0,37.0,23.817295188556567,0.5129165200645733,0.5227882037533512,0.4601542416452442,0.5647382920110193,0.4870834799354266
b,multi_horizon,Multi-horizon,4863,14.0,0.5429128738621587,1538,selection_n,2844,130,129,36631,1538,54.07876230661041,11.0,3.0,37.0,23.817295188556567,0.5129165200645733,0.5227882037533512,0.4601542416452442,0.5647382920110193,0.4870834799354266
b,multi_horizon,Multi-horizon,51019,14.0,0.5435630689206762,1538,selection_n,2844,130,129,36631,1538,54.07876230661041,11.0,3.0,37.0,23.817295188556567,0.5129165200645733,0.5227882037533512,0.4601542416452442,0.5647382920110193,0.4870834799354266
b,multi_horizon,Multi-horizon,765,14.0,0.5442132639791938,1538,selection_n,2844,130,129,36631,1538,54.07876230661041,11.0,3.0,37.0,23.817295188556567,0.5129165200645733,0.5227882037533512,0.4601542416452442,0.5647382920110193,0.4870834799354266
b,multi_horizon,Multi-horizon,114491,15.0,0.5448634590377113,1538,selection_n,2844,130,129,36631,1538,54.07876230661041,11.0,3.0,37.0,23.817295188556567,0.5129165200645733,0.5227882037533512,0.4601542416452442,0.5647382920110193,0.4870834799354266
b,multi_horizon,Multi-horizon,148485,15.0,0.5455136540962289,1538,selection_n,2844,130,129,36631,1538,54.07876230661041,11.0,3.0,37.0,23.817295188556567,0.5129165200645733,0.5227882037533512,0.4601542416452442,0.5647382920110193,0.4870834799354266
b,multi_horizon,Multi-horizon,150097,15.0,0.5461638491547465,1538,selection_n,2844,130,129,36631,1538,54.07876230661041,11.0,3.0,37.0,23.817295188556567,0.5129165200645733,0.5227882037533512,0.4601542416452442,0.5647382920110193,0.4870834799354266
b,multi_horizon,Multi-horizon,15979,15.0,0.546814044213264,1538,selection_n,2844,130,129,36631,1538,54.07876230661041,11.0,3.0,37.0,23.817295188556567,0.5129165200645733,0.5227882037533512,0.4601542416452442,0.5647382920110193,0.4870834799354266
b,multi_horizon,Multi-horizon,17959,15.0,0.5474642392717816,1538,selection_n,2844,130,129,36631,1538,54.07876230661041,11.0,3.0,37.0,23.817295188556567,0.5129165200645733,0.5227882037533512,0.4601542416452442,0.5647382920110193,0.4870834799354266
b,multi_horizon,Multi-horizon,18261,15.0,0.548114434330299,1538,selection_n,2844,130,129,36631,1538,54.07876230661041,11.0,3.0,37.0,23.817295188556567,0.5129165200645733,0.5227882037533512,0.4601542416452442,0.5647382920110193,0.4870834799354266
b,multi_horizon,Multi-horizon,186831,15.0,0.5487646293888166,1538,selection_n,2844,130,129,36631,1538,54.07876230661041,11.0,3.0,37.0,23.817295188556567,0.5129165200645733,0.5227882037533512,0.4601542416452442,0.5647382920110193,0.4870834799354266
b,multi_horizon,Multi-horizon,188716,15.0,0.5494148244473342,1538,selection_n,2844,130,129,36631,1538,54.07876230661041,11.0,3.0,37.0,23.817295188556567,0.5129165200645733,0.5227882037533512,0.4601542416452442,0.5647382920110193,0.4870834799354266
b,multi_horizon,Multi-horizon,189080,15.0,0.5500650195058517,1538,selection_n,2844,130,129,36631,1538,54.07876230661041,11.0,3.0,37.0,23.817295188556567,0.5129165200645733,0.5227882037533512,0.4601542416452442,0.5647382920110193,0.4870834799354266
b,multi_horizon,Multi-horizon,190428,15.0,0.5507152145643693,1538,selection_n,2844,130,129,36631,1538,54.07876230661041,11.0,3.0,37.0,23.817295188556567,0.5129165200645733,0.5227882037533512,0.4601542416452442,0.5647382920110193,0.4870834799354266
b,multi_horizon,Multi-horizon,191448,15.0,0.5513654096228868,1538,selection_n,2844,130,129,36631,1538,54.07876230661041,11.0,3.0,37.0,23.817295188556567,0.5129165200645733,0.5227882037533512,0.4601542416452442,0.5647382920110193,0.4870834799354266
b,multi_horizon,Multi-horizon,192592,15.0,0.5520156046814044,1538,selection_n,2844,130,129,36631,1538,54.07876230661041,11.0,3.0,37.0,23.817295188556567,0.5129165200645733,0.5227882037533512,0.4601542416452442,0.5647382920110193,0.4870834799354266
b,multi_horizon,Multi-horizon,194794,15.0,0.552665799739922,1538,selection_n,2844,130,129,36631,1538,54.07876230661041,11.0,3.0,37.0,23.817295188556567,0.5129165200645733,0.5227882037533512,0.4601542416452442,0.5647382920110193,0.4870834799354266
b,multi_horizon,Multi-horizon,199861,15.0,0.5533159947984395,1538,selection_n,2844,130,129,36631,1538,54.07876230661041,11.0,3.0,37.0,23.817295188556567,0.5129165200645733,0.5227882037533512,0.4601542416452442,0.5647382920110193,0.4870834799354266
b,multi_horizon,Multi-horizon,199920,15.0,0.5539661898569571,1538,selection_n,2844,130,129,36631,1538,54.07876230661041,11.0,3.0,37.0,23.817295188556567,0.5129165200645733,0.5227882037533512,0.4601542416452442,0.5647382920110193,0.4870834799354266
b,multi_horizon,Multi-horizon,205410,15.0,0.5546163849154746,1538,selection_n,2844,130,129,36631,1538,54.07876230661041,11.0,3.0,37.0,23.817295188556567,0.5129165200645733,0.5227882037533512,0.4601542416452442,0.5647382920110193,0.4870834799354266
b,multi_horizon,Multi-horizon,208958,15.0,0.5552665799739922,1538,selection_n,2844,130,129,36631,1538,54.07876230661041,11.0,3.0,37.0,23.817295188556567,0.5129165200645733,0.5227882037533512,0.4601542416452442,0.5647382920110193,0.4870834799354266
b,multi_horizon,Multi-horizon,209224,15.0,0.5559167750325098,1538,selection_n,2844,130,129,36631,1538,54.07876230661041,11.0,3.0,37.0,23.817295188556567,0.5129165200645733,0.5227882037533512,0.4601542416452442,0.5647382920110193,0.4870834799354266
b,multi_horizon,Multi-horizon,216510,15.0,0.5565669700910273,1538,selection_n,2844,130,129,36631,1538,54.07876230661041,11.0,3.0,37.0,23.817295188556567,0.5129165200645733,0.5227882037533512,0.4601542416452442,0.5647382920110193,0.4870834799354266
b,multi_horizon,Multi-horizon,235370,15.0,0.5572171651495449,1538,selection_n,2844,130,129,36631,1538,54.07876230661041,11.0,3.0,37.0,23.817295188556567,0.5129165200645733,0.5227882037533512,0.4601542416452442,0.5647382920110193,0.4870834799354266
b,multi_horizon,Multi-horizon,3264,15.0,0.5578673602080624,1538,selection_n,2844,130,129,36631,1538,54.07876230661041,11.0,3.0,37.0,23.817295188556567,0.5129165200645733,0.5227882037533512,0.4601542416452442,0.5647382920110193,0.4870834799354266
b,multi_horizon,Multi-horizon,33700,15.0,0.55851755526658,1538,selection_n,2844,130,129,36631,1538,54.07876230661041,11.0,3.0,37.0,23.817295188556567,0.5129165200645733,0.5227882037533512,0.4601542416452442,0.5647382920110193,0.4870834799354266
b,multi_horizon,Multi-horizon,3859,15.0,0.5591677503250976,1538,selection_n,2844,130,129,36631,1538,54.07876230661041,11.0,3.0,37.0,23.817295188556567,0.5129165200645733,0.5227882037533512,0.4601542416452442,0.5647382920110193,0.4870834799354266
b,multi_horizon,Multi-horizon,4190,15.0,0.5598179453836151,1538,selection_n,2844,130,129,36631,1538,54.07876230661041,11.0,3.0,37.0,23.817295188556567,0.5129165200645733,0.5227882037533512,0.4601542416452442,0.5647382920110193,0.4870834799354266
b,multi_horizon,Multi-horizon,456333,15.0,0.5604681404421327,1538,selection_n,2844,130,129,36631,1538,54.07876230661041,11.0,3.0,37.0,23.817295188556567,0.5129165200645733,0.5227882037533512,0.4601542416452442,0.5647382920110193,0.4870834799354266
b,multi_horizon,Multi-horizon,66005,15.0,0.5611183355006502,1538,selection_n,2844,130,129,36631,1538,54.07876230661041,11.0,3.0,37.0,23.817295188556567,0.5129165200645733,0.5227882037533512,0.4601542416452442,0.5647382920110193,0.4870834799354266
b,multi_horizon,Multi-horizon,726,15.0,0.5617685305591678,1538,selection_n,2844,130,129,36631,1538,54.07876230661041,11.0,3.0,37.0,23.817295188556567,0.5129165200645733,0.5227882037533512,0.4601542416452442,0.5647382920110193,0.4870834799354266
b,multi_horizon,Multi-horizon,121869,16.0,0.5624187256176854,1538,selection_n,2844,130,129,36631,1538,54.07876230661041,11.0,3.0,37.0,23.817295188556567,0.5129165200645733,0.5227882037533512,0.4601542416452442,0.5647382920110193,0.4870834799354266
b,multi_horizon,Multi-horizon,147888,16.0,0.5630689206762028,1538,selection_n,2844,130,129,36631,1538,54.07876230661041,11.0,3.0,37.0,23.817295188556567,0.5129165200645733,0.5227882037533512,0.4601542416452442,0.5647382920110193,0.4870834799354266
b,multi_horizon,Multi-horizon,1699,16.0,0.5637191157347204,1538,selection_n,2844,130,129,36631,1538,54.07876230661041,11.0,3.0,37.0,23.817295188556567,0.5129165200645733,0.5227882037533512,0.4601542416452442,0.5647382920110193,0.4870834799354266
b,multi_horizon,Multi-horizon,187037,16.0,0.5643693107932379,1538,selection_n,2844,130,129,36631,1538,54.07876230661041,11.0,3.0,37.0,23.817295188556567,0.5129165200645733,0.5227882037533512,0.4601542416452442,0.5647382920110193,0.4870834799354266
b,multi_horizon,Multi-horizon,1964,16.0,0.5650195058517555,1538,selection_n,2844,130,129,36631,1538,54.07876230661041,11.0,3.0,37.0,23.817295188556567,0.5129165200645733,0.5227882037533512,0.4601542416452442,0.5647382920110193,0.4870834799354266
b,multi_horizon,Multi-horizon,200686,16.0,0.5656697009102731,1538,selection_n,2844,130,129,36631,1538,54.07876230661041,11.0,3.0,37.0,23.817295188556567,0.5129165200645733,0.5227882037533512,0.4601542416452442,0.5647382920110193,0.4870834799354266
b,multi_horizon,Multi-horizon,211847,16.0,0.5663198959687906,1538,selection_n,2844,130,129,36631,1538,54.07876230661041,11.0,3.0,37.0,23.817295188556567,0.5129165200645733,0.5227882037533512,0.4601542416452442,0.5647382920110193,0.4870834799354266
b,multi_horizon,Multi-horizon,213254,16.0,0.5669700910273082,1538,selection_n,2844,130,129,36631,1538,54.07876230661041,11.0,3.0,37.0,23.817295188556567,0.5129165200645733,0.5227882037533512,0.4601542416452442,0.5647382920110193,0.4870834799354266
b,multi_horizon,Multi-horizon,221339,16.0,0.5676202860858257,1538,selection_n,2844,130,129,36631,1538,54.07876230661041,11.0,3.0,37.0,23.817295188556567,0.5129165200645733,0.5227882037533512,0.4601542416452442,0.5647382920110193,0.4870834799354266
b,multi_horizon,Multi-horizon,222638,16.0,0.5682704811443433,1538,selection_n,2844,130,129,36631,1538,54.07876230661041,11.0,3.0,37.0,23.817295188556567,0.5129165200645733,0.5227882037533512,0.4601542416452442,0.5647382920110193,0.4870834799354266
b,multi_horizon,Multi-horizon,310696,16.0,0.5689206762028609,1538,selection_n,2844,130,129,36631,1538,54.07876230661041,11.0,3.0,37.0,23.817295188556567,0.5129165200645733,0.5227882037533512,0.4601542416452442,0.5647382920110193,0.4870834799354266
b,multi_horizon,Multi-horizon,328,16.0,0.5695708712613784,1538,selection_n,2844,130,129,36631,1538,54.07876230661041,11.0,3.0,37.0,23.817295188556567,0.5129165200645733,0.5227882037533512,0.4601542416452442,0.5647382920110193,0.4870834799354266
b,multi_horizon,Multi-horizon,350312,16.0,0.570221066319896,1538,selection_n,2844,130,129,36631,1538,54.07876230661041,11.0,3.0,37.0,23.817295188556567,0.5129165200645733,0.5227882037533512,0.4601542416452442,0.5647382920110193,0.4870834799354266
b,multi_horizon,Multi-horizon,352117,16.0,0.5708712613784135,1538,selection_n,2844,130,129,36631,1538,54.07876230661041,11.0,3.0,37.0,23.817295188556567,0.5129165200645733,0.5227882037533512,0.4601542416452442,0.5647382920110193,0.4870834799354266
b,multi_horizon,Multi-horizon,356292,16.0,0.5715214564369311,1538,selection_n,2844,130,129,36631,1538,54.07876230661041,11.0,3.0,37.0,23.817295188556567,0.5129165200645733,0.5227882037533512,0.4601542416452442,0.5647382920110193,0.4870834799354266
b,multi_horizon,Multi-horizon,36845,16.0,0.5721716514954487,1538,selection_n,2844,130,129,36631,1538,54.07876230661041,11.0,3.0,37.0,23.817295188556567,0.5129165200645733,0.5227882037533512,0.4601542416452442,0.5647382920110193,0.4870834799354266
b,multi_horizon,Multi-horizon,4351,16.0,0.5728218465539662,1538,selection_n,2844,130,129,36631,1538,54.07876230661041,11.0,3.0,37.0,23.817295188556567,0.5129165200645733,0.5227882037533512,0.4601542416452442,0.5647382920110193,0.4870834799354266
b,multi_horizon,Multi-horizon,5118,16.0,0.5734720416124838,1538,selection_n,2844,130,129,36631,1538,54.07876230661041,11.0,3.0,37.0,23.817295188556567,0.5129165200645733,0.5227882037533512,0.4601542416452442,0.5647382920110193,0.4870834799354266
b,multi_horizon,Multi-horizon,6967,16.0,0.5741222366710013,1538,selection_n,2844,130,129,36631,1538,54.07876230661041,11.0,3.0,37.0,23.817295188556567,0.5129165200645733,0.5227882037533512,0.4601542416452442,0.5647382920110193,0.4870834799354266
b,multi_horizon,Multi-horizon,6980,16.0,0.5747724317295189,1538,selection_n,2844,130,129,36631,1538,54.07876230661041,11.0,3.0,37.0,23.817295188556567,0.5129165200645733,0.5227882037533512,0.4601542416452442,0.5647382920110193,0.4870834799354266
b,multi_horizon,Multi-horizon,6991,16.0,0.5754226267880365,1538,selection_n,2844,130,129,36631,1538,54.07876230661041,11.0,3.0,37.0,23.817295188556567,0.5129165200645733,0.5227882037533512,0.4601542416452442,0.5647382920110193,0.4870834799354266
b,multi_horizon,Multi-horizon,1065,17.0,0.576072821846554,1538,selection_n,2844,130,129,36631,1538,54.07876230661041,11.0,3.0,37.0,23.817295188556567,0.5129165200645733,0.5227882037533512,0.4601542416452442,0.5647382920110193,0.4870834799354266
b,multi_horizon,Multi-horizon,123972,17.0,0.5767230169050716,1538,selection_n,2844,130,129,36631,1538,54.07876230661041,11.0,3.0,37.0,23.817295188556567,0.5129165200645733,0.5227882037533512,0.4601542416452442,0.5647382920110193,0.4870834799354266
b,multi_horizon,Multi-horizon,142130,17.0,0.577373211963589,1538,selection_n,2844,130,129,36631,1538,54.07876230661041,11.0,3.0,37.0,23.817295188556567,0.5129165200645733,0.5227882037533512,0.4601542416452442,0.5647382920110193,0.4870834799354266
b,multi_horizon,Multi-horizon,1664,17.0,0.5780234070221066,1538,selection_n,2844,130,129,36631,1538,54.07876230661041,11.0,3.0,37.0,23.817295188556567,0.5129165200645733,0.5227882037533512,0.4601542416452442,0.5647382920110193,0.4870834799354266
b,multi_horizon,Multi-horizon,1750,17.0,0.5786736020806242,1538,selection_n,2844,130,129,36631,1538,54.07876230661041,11.0,3.0,37.0,23.817295188556567,0.5129165200645733,0.5227882037533512,0.4601542416452442,0.5647382920110193,0.4870834799354266
b,multi_horizon,Multi-horizon,188,17.0,0.5793237971391417,1538,selection_n,2844,130,129,36631,1538,54.07876230661041,11.0,3.0,37.0,23.817295188556567,0.5129165200645733,0.5227882037533512,0.4601542416452442,0.5647382920110193,0.4870834799354266
b,multi_horizon,Multi-horizon,221089,17.0,0.5799739921976593,1538,selection_n,2844,130,129,36631,1538,54.07876230661041,11.0,3.0,37.0,23.817295188556567,0.5129165200645733,0.5227882037533512,0.4601542416452442,0.5647382920110193,0.4870834799354266
b,multi_horizon,Multi-horizon,287042,17.0,0.5806241872561768,1538,selection_n,2844,130,129,36631,1538,54.07876230661041,11.0,3.0,37.0,23.817295188556567,0.5129165200645733,0.5227882037533512,0.4601542416452442,0.5647382920110193,0.4870834799354266
b,multi_horizon,Multi-horizon,31636,17.0,0.5812743823146944,1538,selection_n,2844,130,129,36631,1538,54.07876230661041,11.0,3.0,37.0,23.817295188556567,0.5129165200645733,0.5227882037533512,0.4601542416452442,0.5647382920110193,0.4870834799354266
b,multi_horizon,Multi-horizon,33689,17.0,0.581924577373212,1538,selection_n,2844,130,129,36631,1538,54.07876230661041,11.0,3.0,37.0,23.817295188556567,0.5129165200645733,0.5227882037533512,0.4601542416452442,0.5647382920110193,0.4870834799354266
b,multi_horizon,Multi-horizon,3474,17.0,0.5825747724317295,1538,selection_n,2844,130,129,36631,1538,54.07876230661041,11.0,3.0,37.0,23.817295188556567,0.5129165200645733,0.5227882037533512,0.4601542416452442,0.5647382920110193,0.4870834799354266
b,multi_horizon,Multi-horizon,366189,17.0,0.5832249674902471,1538,selection_n,2844,130,129,36631,1538,54.07876230661041,11.0,3.0,37.0,23.817295188556567,0.5129165200645733,0.5227882037533512,0.4601542416452442,0.5647382920110193,0.4870834799354266
b,multi_horizon,Multi-horizon,438780,17.0,0.5838751625487646,1538,selection_n,2844,130,129,36631,1538,54.07876230661041,11.0,3.0,37.0,23.817295188556567,0.5129165200645733,0.5227882037533512,0.4601542416452442,0.5647382920110193,0.4870834799354266
b,multi_horizon,Multi-horizon,4637,17.0,0.5845253576072822,1538,selection_n,2844,130,129,36631,1538,54.07876230661041,11.0,3.0,37.0,23.817295188556567,0.5129165200645733,0.5227882037533512,0.4601542416452442,0.5647382920110193,0.4870834799354266
b,multi_horizon,Multi-horizon,60687,17.0,0.5851755526657998,1538,selection_n,2844,130,129,36631,1538,54.07876230661041,11.0,3.0,37.0,23.817295188556567,0.5129165200645733,0.5227882037533512,0.4601542416452442,0.5647382920110193,0.4870834799354266
b,multi_horizon,Multi-horizon,6212,17.0,0.5858257477243173,1538,selection_n,2844,130,129,36631,1538,54.07876230661041,11.0,3.0,37.0,23.817295188556567,0.5129165200645733,0.5227882037533512,0.4601542416452442,0.5647382920110193,0.4870834799354266
b,multi_horizon,Multi-horizon,6960,17.0,0.5864759427828349,1538,selection_n,2844,130,129,36631,1538,54.07876230661041,11.0,3.0,37.0,23.817295188556567,0.5129165200645733,0.5227882037533512,0.4601542416452442,0.5647382920110193,0.4870834799354266
b,multi_horizon,Multi-horizon,7455,17.0,0.5871261378413524,1538,selection_n,2844,130,129,36631,1538,54.07876230661041,11.0,3.0,37.0,23.817295188556567,0.5129165200645733,0.5227882037533512,0.4601542416452442,0.5647382920110193,0.4870834799354266
b,multi_horizon,Multi-horizon,97084,17.0,0.58777633289987,1538,selection_n,2844,130,129,36631,1538,54.07876230661041,11.0,3.0,37.0,23.817295188556567,0.5129165200645733,0.5227882037533512,0.4601542416452442,0.5647382920110193,0.4870834799354266
b,multi_horizon,Multi-horizon,111528,18.0,0.5884265279583876,1538,selection_n,2844,130,129,36631,1538,54.07876230661041,11.0,3.0,37.0,23.817295188556567,0.5129165200645733,0.5227882037533512,0.4601542416452442,0.5647382920110193,0.4870834799354266
b,multi_horizon,Multi-horizon,145304,18.0,0.5890767230169051,1538,selection_n,2844,130,129,36631,1538,54.07876230661041,11.0,3.0,37.0,23.817295188556567,0.5129165200645733,0.5227882037533512,0.4601542416452442,0.5647382920110193,0.4870834799354266
b,multi_horizon,Multi-horizon,148489,18.0,0.5897269180754227,1538,selection_n,2844,130,129,36631,1538,54.07876230661041,11.0,3.0,37.0,23.817295188556567,0.5129165200645733,0.5227882037533512,0.4601542416452442,0.5647382920110193,0.4870834799354266
b,multi_horizon,Multi-horizon,1610,18.0,0.5903771131339401,1538,selection_n,2844,130,129,36631,1538,54.07876230661041,11.0,3.0,37.0,23.817295188556567,0.5129165200645733,0.5227882037533512,0.4601542416452442,0.5647382920110193,0.4870834799354266
b,multi_horizon,Multi-horizon,185755,18.0,0.5910273081924577,1538,selection_n,2844,130,129,36631,1538,54.07876230661041,11.0,3.0,37.0,23.817295188556567,0.5129165200645733,0.5227882037533512,0.4601542416452442,0.5647382920110193,0.4870834799354266
b,multi_horizon,Multi-horizon,191722,18.0,0.5916775032509753,1538,selection_n,2844,130,129,36631,1538,54.07876230661041,11.0,3.0,37.0,23.817295188556567,0.5129165200645733,0.5227882037533512,0.4601542416452442,0.5647382920110193,0.4870834799354266
b,multi_horizon,Multi-horizon,202341,18.0,0.5923276983094928,1538,selection_n,2844,130,129,36631,1538,54.07876230661041,11.0,3.0,37.0,23.817295188556567,0.5129165200645733,0.5227882037533512,0.4601542416452442,0.5647382920110193,0.4870834799354266
b,multi_horizon,Multi-horizon,203199,18.0,0.5929778933680104,1538,selection_n,2844,130,129,36631,1538,54.07876230661041,11.0,3.0,37.0,23.817295188556567,0.5129165200645733,0.5227882037533512,0.4601542416452442,0.5647382920110193,0.4870834799354266
b,multi_horizon,Multi-horizon,204755,18.0,0.5936280884265279,1538,selection_n,2844,130,129,36631,1538,54.07876230661041,11.0,3.0,37.0,23.817295188556567,0.5129165200645733,0.5227882037533512,0.4601542416452442,0.5647382920110193,0.4870834799354266
b,multi_horizon,Multi-horizon,211281,18.0,0.5942782834850455,1538,selection_n,2844,130,129,36631,1538,54.07876230661041,11.0,3.0,37.0,23.817295188556567,0.5129165200645733,0.5227882037533512,0.4601542416452442,0.5647382920110193,0.4870834799354266
b,multi_horizon,Multi-horizon,213319,18.0,0.5949284785435631,1538,selection_n,2844,130,129,36631,1538,54.07876230661041,11.0,3.0,37.0,23.817295188556567,0.5129165200645733,0.5227882037533512,0.4601542416452442,0.5647382920110193,0.4870834799354266
b,multi_horizon,Multi-horizon,315713,18.0,0.5955786736020806,1538,selection_n,2844,130,129,36631,1538,54.07876230661041,11.0,3.0,37.0,23.817295188556567,0.5129165200645733,0.5227882037533512,0.4601542416452442,0.5647382920110193,0.4870834799354266
b,multi_horizon,Multi-horizon,3307,18.0,0.5962288686605982,1538,selection_n,2844,130,129,36631,1538,54.07876230661041,11.0,3.0,37.0,23.817295188556567,0.5129165200645733,0.5227882037533512,0.4601542416452442,0.5647382920110193,0.4870834799354266
b,multi_horizon,Multi-horizon,342601,18.0,0.5968790637191157,1538,selection_n,2844,130,129,36631,1538,54.07876230661041,11.0,3.0,37.0,23.817295188556567,0.5129165200645733,0.5227882037533512,0.4601542416452442,0.5647382920110193,0.4870834799354266
b,multi_horizon,Multi-horizon,365958,18.0,0.5975292587776333,1538,selection_n,2844,130,129,36631,1538,54.07876230661041,11.0,3.0,37.0,23.817295188556567,0.5129165200645733,0.5227882037533512,0.4601542416452442,0.5647382920110193,0.4870834799354266
b,multi_horizon,Multi-horizon,3801,18.0,0.5981794538361509,1538,selection_n,2844,130,129,36631,1538,54.07876230661041,11.0,3.0,37.0,23.817295188556567,0.5129165200645733,0.5227882037533512,0.4601542416452442,0.5647382920110193,0.4870834799354266
b,multi_horizon,Multi-horizon,41495,18.0,0.5988296488946684,1538,selection_n,2844,130,129,36631,1538,54.07876230661041,11.0,3.0,37.0,23.817295188556567,0.5129165200645733,0.5227882037533512,0.4601542416452442,0.5647382920110193,0.4870834799354266
b,multi_horizon,Multi-horizon,4363,18.0,0.599479843953186,1538,selection_n,2844,130,129,36631,1538,54.07876230661041,11.0,3.0,37.0,23.817295188556567,0.5129165200645733,0.5227882037533512,0.4601542416452442,0.5647382920110193,0.4870834799354266
b,multi_horizon,Multi-horizon,474253,18.0,0.6001300390117035,1538,selection_n,2844,130,129,36631,1538,54.07876230661041,11.0,3.0,37.0,23.817295188556567,0.5129165200645733,0.5227882037533512,0.4601542416452442,0.5647382920110193,0.4870834799354266
b,multi_horizon,Multi-horizon,65948,18.0,0.6007802340702211,1538,selection_n,2844,130,129,36631,1538,54.07876230661041,11.0,3.0,37.0,23.817295188556567,0.5129165200645733,0.5227882037533512,0.4601542416452442,0.5647382920110193,0.4870834799354266
b,multi_horizon,Multi-horizon,67985,18.0,0.6014304291287387,1538,selection_n,2844,130,129,36631,1538,54.07876230661041,11.0,3.0,37.0,23.817295188556567,0.5129165200645733,0.5227882037533512,0.4601542416452442,0.5647382920110193,0.4870834799354266
b,multi_horizon,Multi-horizon,6966,18.0,0.6020806241872562,1538,selection_n,2844,130,129,36631,1538,54.07876230661041,11.0,3.0,37.0,23.817295188556567,0.5129165200645733,0.5227882037533512,0.4601542416452442,0.5647382920110193,0.4870834799354266
b,multi_horizon,Multi-horizon,84729,18.0,0.6027308192457738,1538,selection_n,2844,130,129,36631,1538,54.07876230661041,11.0,3.0,37.0,23.817295188556567,0.5129165200645733,0.5227882037533512,0.4601542416452442,0.5647382920110193,0.4870834799354266
b,multi_horizon,Multi-horizon,94401,18.0,0.6033810143042913,1538,selection_n,2844,130,129,36631,1538,54.07876230661041,11.0,3.0,37.0,23.817295188556567,0.5129165200645733,0.5227882037533512,0.4601542416452442,0.5647382920110193,0.4870834799354266
b,multi_horizon,Multi-horizon,142079,19.0,0.6040312093628089,1538,selection_n,2844,130,129,36631,1538,54.07876230661041,11.0,3.0,37.0,23.817295188556567,0.5129165200645733,0.5227882037533512,0.4601542416452442,0.5647382920110193,0.4870834799354266
b,multi_horizon,Multi-horizon,157187,19.0,0.6046814044213265,1538,selection_n,2844,130,129,36631,1538,54.07876230661041,11.0,3.0,37.0,23.817295188556567,0.5129165200645733,0.5227882037533512,0.4601542416452442,0.5647382920110193,0.4870834799354266
b,multi_horizon,Multi-horizon,1764,19.0,0.6053315994798439,1538,selection_n,2844,130,129,36631,1538,54.07876230661041,11.0,3.0,37.0,23.817295188556567,0.5129165200645733,0.5227882037533512,0.4601542416452442,0.5647382920110193,0.4870834799354266
b,multi_horizon,Multi-horizon,191518,19.0,0.6059817945383615,1538,selection_n,2844,130,129,36631,1538,54.07876230661041,11.0,3.0,37.0,23.817295188556567,0.5129165200645733,0.5227882037533512,0.4601542416452442,0.5647382920110193,0.4870834799354266
b,multi_horizon,Multi-horizon,203153,19.0,0.606631989596879,1538,selection_n,2844,130,129,36631,1538,54.07876230661041,11.0,3.0,37.0,23.817295188556567,0.5129165200645733,0.5227882037533512,0.4601542416452442,0.5647382920110193,0.4870834799354266
b,multi_horizon,Multi-horizon,210337,19.0,0.6072821846553966,1538,selection_n,2844,130,129,36631,1538,54.07876230661041,11.0,3.0,37.0,23.817295188556567,0.5129165200645733,0.5227882037533512,0.4601542416452442,0.5647382920110193,0.4870834799354266
b,multi_horizon,Multi-horizon,2755,19.0,0.6079323797139142,1538,selection_n,2844,130,129,36631,1538,54.07876230661041,11.0,3.0,37.0,23.817295188556567,0.5129165200645733,0.5227882037533512,0.4601542416452442,0.5647382920110193,0.4870834799354266
b,multi_horizon,Multi-horizon,333889,19.0,0.6085825747724317,1538,selection_n,2844,130,129,36631,1538,54.07876230661041,11.0,3.0,37.0,23.817295188556567,0.5129165200645733,0.5227882037533512,0.4601542416452442,0.5647382920110193,0.4870834799354266
b,multi_horizon,Multi-horizon,337055,19.0,0.6092327698309493,1538,selection_n,2844,130,129,36631,1538,54.07876230661041,11.0,3.0,37.0,23.817295188556567,0.5129165200645733,0.5227882037533512,0.4601542416452442,0.5647382920110193,0.4870834799354266
b,multi_horizon,Multi-horizon,341446,19.0,0.6098829648894668,1538,selection_n,2844,130,129,36631,1538,54.07876230661041,11.0,3.0,37.0,23.817295188556567,0.5129165200645733,0.5227882037533512,0.4601542416452442,0.5647382920110193,0.4870834799354266
b,multi_horizon,Multi-horizon,407,19.0,0.6105331599479844,1538,selection_n,2844,130,129,36631,1538,54.07876230661041,11.0,3.0,37.0,23.817295188556567,0.5129165200645733,0.5227882037533512,0.4601542416452442,0.5647382920110193,0.4870834799354266
b,multi_horizon,Multi-horizon,60740,19.0,0.611183355006502,1538,selection_n,2844,130,129,36631,1538,54.07876230661041,11.0,3.0,37.0,23.817295188556567,0.5129165200645733,0.5227882037533512,0.4601542416452442,0.5647382920110193,0.4870834799354266
b,multi_horizon,Multi-horizon,6203,19.0,0.6118335500650195,1538,selection_n,2844,130,129,36631,1538,54.07876230661041,11.0,3.0,37.0,23.817295188556567,0.5129165200645733,0.5227882037533512,0.4601542416452442,0.5647382920110193,0.4870834799354266
b,multi_horizon,Multi-horizon,71421,19.0,0.6124837451235371,1538,selection_n,2844,130,129,36631,1538,54.07876230661041,11.0,3.0,37.0,23.817295188556567,0.5129165200645733,0.5227882037533512,0.4601542416452442,0.5647382920110193,0.4870834799354266
b,multi_horizon,Multi-horizon,77393,19.0,0.6131339401820546,1538,selection_n,2844,130,129,36631,1538,54.07876230661041,11.0,3.0,37.0,23.817295188556567,0.5129165200645733,0.5227882037533512,0.4601542416452442,0.5647382920110193,0.4870834799354266
b,multi_horizon,Multi-horizon,156208,20.0,0.6137841352405722,1538,selection_n,2844,130,129,36631,1538,54.07876230661041,11.0,3.0,37.0,23.817295188556567,0.5129165200645733,0.5227882037533512,0.4601542416452442,0.5647382920110193,0.4870834799354266
b,multi_horizon,Multi-horizon,165195,20.0,0.6144343302990898,1538,selection_n,2844,130,129,36631,1538,54.07876230661041,11.0,3.0,37.0,23.817295188556567,0.5129165200645733,0.5227882037533512,0.4601542416452442,0.5647382920110193,0.4870834799354266
b,multi_horizon,Multi-horizon,197313,20.0,0.6150845253576073,1538,selection_n,2844,130,129,36631,1538,54.07876230661041,11.0,3.0,37.0,23.817295188556567,0.5129165200645733,0.5227882037533512,0.4601542416452442,0.5647382920110193,0.4870834799354266
b,multi_horizon,Multi-horizon,234830,20.0,0.6157347204161249,1538,selection_n,2844,130,129,36631,1538,54.07876230661041,11.0,3.0,37.0,23.817295188556567,0.5129165200645733,0.5227882037533512,0.4601542416452442,0.5647382920110193,0.4870834799354266
b,multi_horizon,Multi-horizon,311910,20.0,0.6163849154746424,1538,selection_n,2844,130,129,36631,1538,54.07876230661041,11.0,3.0,37.0,23.817295188556567,0.5129165200645733,0.5227882037533512,0.4601542416452442,0.5647382920110193,0.4870834799354266
b,multi_horizon,Multi-horizon,362855,20.0,0.61703511053316,1538,selection_n,2844,130,129,36631,1538,54.07876230661041,11.0,3.0,37.0,23.817295188556567,0.5129165200645733,0.5227882037533512,0.4601542416452442,0.5647382920110193,0.4870834799354266
b,multi_horizon,Multi-horizon,381,20.0,0.6176853055916776,1538,selection_n,2844,130,129,36631,1538,54.07876230661041,11.0,3.0,37.0,23.817295188556567,0.5129165200645733,0.5227882037533512,0.4601542416452442,0.5647382920110193,0.4870834799354266
b,multi_horizon,Multi-horizon,3863,20.0,0.618335500650195,1538,selection_n,2844,130,129,36631,1538,54.07876230661041,11.0,3.0,37.0,23.817295188556567,0.5129165200645733,0.5227882037533512,0.4601542416452442,0.5647382920110193,0.4870834799354266
b,multi_horizon,Multi-horizon,4020,20.0,0.6189856957087126,1538,selection_n,2844,130,129,36631,1538,54.07876230661041,11.0,3.0,37.0,23.817295188556567,0.5129165200645733,0.5227882037533512,0.4601542416452442,0.5647382920110193,0.4870834799354266
b,multi_horizon,Multi-horizon,4176,20.0,0.6196358907672301,1538,selection_n,2844,130,129,36631,1538,54.07876230661041,11.0,3.0,37.0,23.817295188556567,0.5129165200645733,0.5227882037533512,0.4601542416452442,0.5647382920110193,0.4870834799354266
b,multi_horizon,Multi-horizon,456169,20.0,0.6202860858257477,1538,selection_n,2844,130,129,36631,1538,54.07876230661041,11.0,3.0,37.0,23.817295188556567,0.5129165200645733,0.5227882037533512,0.4601542416452442,0.5647382920110193,0.4870834799354266
b,multi_horizon,Multi-horizon,4648,20.0,0.6209362808842653,1538,selection_n,2844,130,129,36631,1538,54.07876230661041,11.0,3.0,37.0,23.817295188556567,0.5129165200645733,0.5227882037533512,0.4601542416452442,0.5647382920110193,0.4870834799354266
b,multi_horizon,Multi-horizon,4819,20.0,0.6215864759427828,1538,selection_n,2844,130,129,36631,1538,54.07876230661041,11.0,3.0,37.0,23.817295188556567,0.5129165200645733,0.5227882037533512,0.4601542416452442,0.5647382920110193,0.4870834799354266
b,multi_horizon,Multi-horizon,1147,21.0,0.6222366710013004,1538,selection_n,2844,130,129,36631,1538,54.07876230661041,11.0,3.0,37.0,23.817295188556567,0.5129165200645733,0.5227882037533512,0.4601542416452442,0.5647382920110193,0.4870834799354266
b,multi_horizon,Multi-horizon,133602,21.0,0.6228868660598179,1538,selection_n,2844,130,129,36631,1538,54.07876230661041,11.0,3.0,37.0,23.817295188556567,0.5129165200645733,0.5227882037533512,0.4601542416452442,0.5647382920110193,0.4870834799354266
b,multi_horizon,Multi-horizon,1470,21.0,0.6235370611183355,1538,selection_n,2844,130,129,36631,1538,54.07876230661041,11.0,3.0,37.0,23.817295188556567,0.5129165200645733,0.5227882037533512,0.4601542416452442,0.5647382920110193,0.4870834799354266
b,multi_horizon,Multi-horizon,192385,21.0,0.6241872561768531,1538,selection_n,2844,130,129,36631,1538,54.07876230661041,11.0,3.0,37.0,23.817295188556567,0.5129165200645733,0.5227882037533512,0.4601542416452442,0.5647382920110193,0.4870834799354266
b,multi_horizon,Multi-horizon,194834,21.0,0.6248374512353706,1538,selection_n,2844,130,129,36631,1538,54.07876230661041,11.0,3.0,37.0,23.817295188556567,0.5129165200645733,0.5227882037533512,0.4601542416452442,0.5647382920110193,0.4870834799354266
b,multi_horizon,Multi-horizon,2897,21.0,0.6254876462938882,1538,selection_n,2844,130,129,36631,1538,54.07876230661041,11.0,3.0,37.0,23.817295188556567,0.5129165200645733,0.5227882037533512,0.4601542416452442,0.5647382920110193,0.4870834799354266
b,multi_horizon,Multi-horizon,3482,21.0,0.6261378413524057,1538,selection_n,2844,130,129,36631,1538,54.07876230661041,11.0,3.0,37.0,23.817295188556567,0.5129165200645733,0.5227882037533512,0.4601542416452442,0.5647382920110193,0.4870834799354266
b,multi_horizon,Multi-horizon,3973,21.0,0.6267880364109233,1538,selection_n,2844,130,129,36631,1538,54.07876230661041,11.0,3.0,37.0,23.817295188556567,0.5129165200645733,0.5227882037533512,0.4601542416452442,0.5647382920110193,0.4870834799354266
b,multi_horizon,Multi-horizon,464869,21.0,0.6274382314694408,1538,selection_n,2844,130,129,36631,1538,54.07876230661041,11.0,3.0,37.0,23.817295188556567,0.5129165200645733,0.5227882037533512,0.4601542416452442,0.5647382920110193,0.4870834799354266
b,multi_horizon,Multi-horizon,485,21.0,0.6280884265279584,1538,selection_n,2844,130,129,36631,1538,54.07876230661041,11.0,3.0,37.0,23.817295188556567,0.5129165200645733,0.5227882037533512,0.4601542416452442,0.5647382920110193,0.4870834799354266
b,multi_horizon,Multi-horizon,5487,21.0,0.628738621586476,1538,selection_n,2844,130,129,36631,1538,54.07876230661041,11.0,3.0,37.0,23.817295188556567,0.5129165200645733,0.5227882037533512,0.4601542416452442,0.5647382920110193,0.4870834799354266
b,multi_horizon,Multi-horizon,6218,21.0,0.6293888166449935,1538,selection_n,2844,130,129,36631,1538,54.07876230661041,11.0,3.0,37.0,23.817295188556567,0.5129165200645733,0.5227882037533512,0.4601542416452442,0.5647382920110193,0.4870834799354266
b,multi_horizon,Multi-horizon,6473,21.0,0.6300390117035111,1538,selection_n,2844,130,129,36631,1538,54.07876230661041,11.0,3.0,37.0,23.817295188556567,0.5129165200645733,0.5227882037533512,0.4601542416452442,0.5647382920110193,0.4870834799354266
b,multi_horizon,Multi-horizon,7037,21.0,0.6306892067620286,1538,selection_n,2844,130,129,36631,1538,54.07876230661041,11.0,3.0,37.0,23.817295188556567,0.5129165200645733,0.5227882037533512,0.4601542416452442,0.5647382920110193,0.4870834799354266
b,multi_horizon,Multi-horizon,97379,21.0,0.6313394018205462,1538,selection_n,2844,130,129,36631,1538,54.07876230661041,11.0,3.0,37.0,23.817295188556567,0.5129165200645733,0.5227882037533512,0.4601542416452442,0.5647382920110193,0.4870834799354266
b,multi_horizon,Multi-horizon,144208,22.0,0.6319895968790638,1538,selection_n,2844,130,129,36631,1538,54.07876230661041,11.0,3.0,37.0,23.817295188556567,0.5129165200645733,0.5227882037533512,0.4601542416452442,0.5647382920110193,0.4870834799354266
b,multi_horizon,Multi-horizon,1465,22.0,0.6326397919375812,1538,selection_n,2844,130,129,36631,1538,54.07876230661041,11.0,3.0,37.0,23.817295188556567,0.5129165200645733,0.5227882037533512,0.4601542416452442,0.5647382920110193,0.4870834799354266
b,multi_horizon,Multi-horizon,189775,22.0,0.6332899869960988,1538,selection_n,2844,130,129,36631,1538,54.07876230661041,11.0,3.0,37.0,23.817295188556567,0.5129165200645733,0.5227882037533512,0.4601542416452442,0.5647382920110193,0.4870834799354266
b,multi_horizon,Multi-horizon,190926,22.0,0.6339401820546163,1538,selection_n,2844,130,129,36631,1538,54.07876230661041,11.0,3.0,37.0,23.817295188556567,0.5129165200645733,0.5227882037533512,0.4601542416452442,0.5647382920110193,0.4870834799354266
b,multi_horizon,Multi-horizon,192194,22.0,0.6345903771131339,1538,selection_n,2844,130,129,36631,1538,54.07876230661041,11.0,3.0,37.0,23.817295188556567,0.5129165200645733,0.5227882037533512,0.4601542416452442,0.5647382920110193,0.4870834799354266
b,multi_horizon,Multi-horizon,193574,22.0,0.6352405721716515,1538,selection_n,2844,130,129,36631,1538,54.07876230661041,11.0,3.0,37.0,23.817295188556567,0.5129165200645733,0.5227882037533512,0.4601542416452442,0.5647382920110193,0.4870834799354266
b,multi_horizon,Multi-horizon,199893,22.0,0.635890767230169,1538,selection_n,2844,130,129,36631,1538,54.07876230661041,11.0,3.0,37.0,23.817295188556567,0.5129165200645733,0.5227882037533512,0.4601542416452442,0.5647382920110193,0.4870834799354266
b,multi_horizon,Multi-horizon,202262,22.0,0.6365409622886866,1538,selection_n,2844,130,129,36631,1538,54.07876230661041,11.0,3.0,37.0,23.817295188556567,0.5129165200645733,0.5227882037533512,0.4601542416452442,0.5647382920110193,0.4870834799354266
b,multi_horizon,Multi-horizon,206667,22.0,0.6371911573472041,1538,selection_n,2844,130,129,36631,1538,54.07876230661041,11.0,3.0,37.0,23.817295188556567,0.5129165200645733,0.5227882037533512,0.4601542416452442,0.5647382920110193,0.4870834799354266
b,multi_horizon,Multi-horizon,208979,22.0,0.6378413524057217,1538,selection_n,2844,130,129,36631,1538,54.07876230661041,11.0,3.0,37.0,23.817295188556567,0.5129165200645733,0.5227882037533512,0.4601542416452442,0.5647382920110193,0.4870834799354266
b,multi_horizon,Multi-horizon,209014,22.0,0.6384915474642393,1538,selection_n,2844,130,129,36631,1538,54.07876230661041,11.0,3.0,37.0,23.817295188556567,0.5129165200645733,0.5227882037533512,0.4601542416452442,0.5647382920110193,0.4870834799354266
b,multi_horizon,Multi-horizon,2583,22.0,0.6391417425227568,1538,selection_n,2844,130,129,36631,1538,54.07876230661041,11.0,3.0,37.0,23.817295188556567,0.5129165200645733,0.5227882037533512,0.4601542416452442,0.5647382920110193,0.4870834799354266
b,multi_horizon,Multi-horizon,34613,22.0,0.6397919375812744,1538,selection_n,2844,130,129,36631,1538,54.07876230661041,11.0,3.0,37.0,23.817295188556567,0.5129165200645733,0.5227882037533512,0.4601542416452442,0.5647382920110193,0.4870834799354266
b,multi_horizon,Multi-horizon,354491,22.0,0.6404421326397919,1538,selection_n,2844,130,129,36631,1538,54.07876230661041,11.0,3.0,37.0,23.817295188556567,0.5129165200645733,0.5227882037533512,0.4601542416452442,0.5647382920110193,0.4870834799354266
b,multi_horizon,Multi-horizon,58758,22.0,0.6410923276983095,1538,selection_n,2844,130,129,36631,1538,54.07876230661041,11.0,3.0,37.0,23.817295188556567,0.5129165200645733,0.5227882037533512,0.4601542416452442,0.5647382920110193,0.4870834799354266
b,multi_horizon,Multi-horizon,6956,22.0,0.6417425227568271,1538,selection_n,2844,130,129,36631,1538,54.07876230661041,11.0,3.0,37.0,23.817295188556567,0.5129165200645733,0.5227882037533512,0.4601542416452442,0.5647382920110193,0.4870834799354266
b,multi_horizon,Multi-horizon,7051,22.0,0.6423927178153446,1538,selection_n,2844,130,129,36631,1538,54.07876230661041,11.0,3.0,37.0,23.817295188556567,0.5129165200645733,0.5227882037533512,0.4601542416452442,0.5647382920110193,0.4870834799354266
b,multi_horizon,Multi-horizon,80500,22.0,0.6430429128738622,1538,selection_n,2844,130,129,36631,1538,54.07876230661041,11.0,3.0,37.0,23.817295188556567,0.5129165200645733,0.5227882037533512,0.4601542416452442,0.5647382920110193,0.4870834799354266
b,multi_horizon,Multi-horizon,83703,22.0,0.6436931079323797,1538,selection_n,2844,130,129,36631,1538,54.07876230661041,11.0,3.0,37.0,23.817295188556567,0.5129165200645733,0.5227882037533512,0.4601542416452442,0.5647382920110193,0.4870834799354266
b,multi_horizon,Multi-horizon,93023,22.0,0.6443433029908973,1538,selection_n,2844,130,129,36631,1538,54.07876230661041,11.0,3.0,37.0,23.817295188556567,0.5129165200645733,0.5227882037533512,0.4601542416452442,0.5647382920110193,0.4870834799354266
b,multi_horizon,Multi-horizon,97068,22.0,0.6449934980494149,1538,selection_n,2844,130,129,36631,1538,54.07876230661041,11.0,3.0,37.0,23.817295188556567,0.5129165200645733,0.5227882037533512,0.4601542416452442,0.5647382920110193,0.4870834799354266
b,multi_horizon,Multi-horizon,99205,22.0,0.6456436931079323,1538,selection_n,2844,130,129,36631,1538,54.07876230661041,11.0,3.0,37.0,23.817295188556567,0.5129165200645733,0.5227882037533512,0.4601542416452442,0.5647382920110193,0.4870834799354266
b,multi_horizon,Multi-horizon,10769,23.0,0.64629388816645,1538,selection_n,2844,130,129,36631,1538,54.07876230661041,11.0,3.0,37.0,23.817295188556567,0.5129165200645733,0.5227882037533512,0.4601542416452442,0.5647382920110193,0.4870834799354266
b,multi_horizon,Multi-horizon,1227,23.0,0.6469440832249674,1538,selection_n,2844,130,129,36631,1538,54.07876230661041,11.0,3.0,37.0,23.817295188556567,0.5129165200645733,0.5227882037533512,0.4601542416452442,0.5647382920110193,0.4870834799354266
b,multi_horizon,Multi-horizon,148345,23.0,0.647594278283485,1538,selection_n,2844,130,129,36631,1538,54.07876230661041,11.0,3.0,37.0,23.817295188556567,0.5129165200645733,0.5227882037533512,0.4601542416452442,0.5647382920110193,0.4870834799354266
b,multi_horizon,Multi-horizon,16779,23.0,0.6482444733420026,1538,selection_n,2844,130,129,36631,1538,54.07876230661041,11.0,3.0,37.0,23.817295188556567,0.5129165200645733,0.5227882037533512,0.4601542416452442,0.5647382920110193,0.4870834799354266
b,multi_horizon,Multi-horizon,186508,23.0,0.6488946684005201,1538,selection_n,2844,130,129,36631,1538,54.07876230661041,11.0,3.0,37.0,23.817295188556567,0.5129165200645733,0.5227882037533512,0.4601542416452442,0.5647382920110193,0.4870834799354266
b,multi_horizon,Multi-horizon,192709,23.0,0.6495448634590377,1538,selection_n,2844,130,129,36631,1538,54.07876230661041,11.0,3.0,37.0,23.817295188556567,0.5129165200645733,0.5227882037533512,0.4601542416452442,0.5647382920110193,0.4870834799354266
b,multi_horizon,Multi-horizon,211229,23.0,0.6501950585175552,1538,selection_n,2844,130,129,36631,1538,54.07876230661041,11.0,3.0,37.0,23.817295188556567,0.5129165200645733,0.5227882037533512,0.4601542416452442,0.5647382920110193,0.4870834799354266
b,multi_horizon,Multi-horizon,211861,23.0,0.6508452535760728,1538,selection_n,2844,130,129,36631,1538,54.07876230661041,11.0,3.0,37.0,23.817295188556567,0.5129165200645733,0.5227882037533512,0.4601542416452442,0.5647382920110193,0.4870834799354266
b,multi_horizon,Multi-horizon,2604,23.0,0.6514954486345904,1538,selection_n,2844,130,129,36631,1538,54.07876230661041,11.0,3.0,37.0,23.817295188556567,0.5129165200645733,0.5227882037533512,0.4601542416452442,0.5647382920110193,0.4870834799354266
b,multi_horizon,Multi-horizon,284015,23.0,0.6521456436931079,1538,selection_n,2844,130,129,36631,1538,54.07876230661041,11.0,3.0,37.0,23.817295188556567,0.5129165200645733,0.5227882037533512,0.4601542416452442,0.5647382920110193,0.4870834799354266
b,multi_horizon,Multi-horizon,340441,23.0,0.6527958387516255,1538,selection_n,2844,130,129,36631,1538,54.07876230661041,11.0,3.0,37.0,23.817295188556567,0.5129165200645733,0.5227882037533512,0.4601542416452442,0.5647382920110193,0.4870834799354266
b,multi_horizon,Multi-horizon,36121,23.0,0.653446033810143,1538,selection_n,2844,130,129,36631,1538,54.07876230661041,11.0,3.0,37.0,23.817295188556567,0.5129165200645733,0.5227882037533512,0.4601542416452442,0.5647382920110193,0.4870834799354266
b,multi_horizon,Multi-horizon,37862,23.0,0.6540962288686606,1538,selection_n,2844,130,129,36631,1538,54.07876230661041,11.0,3.0,37.0,23.817295188556567,0.5129165200645733,0.5227882037533512,0.4601542416452442,0.5647382920110193,0.4870834799354266
b,multi_horizon,Multi-horizon,4649,23.0,0.6547464239271782,1538,selection_n,2844,130,129,36631,1538,54.07876230661041,11.0,3.0,37.0,23.817295188556567,0.5129165200645733,0.5227882037533512,0.4601542416452442,0.5647382920110193,0.4870834799354266
b,multi_horizon,Multi-horizon,6310,23.0,0.6553966189856957,1538,selection_n,2844,130,129,36631,1538,54.07876230661041,11.0,3.0,37.0,23.817295188556567,0.5129165200645733,0.5227882037533512,0.4601542416452442,0.5647382920110193,0.4870834799354266
b,multi_horizon,Multi-horizon,78404,23.0,0.6560468140442133,1538,selection_n,2844,130,129,36631,1538,54.07876230661041,11.0,3.0,37.0,23.817295188556567,0.5129165200645733,0.5227882037533512,0.4601542416452442,0.5647382920110193,0.4870834799354266
b,multi_horizon,Multi-horizon,78434,23.0,0.6566970091027308,1538,selection_n,2844,130,129,36631,1538,54.07876230661041,11.0,3.0,37.0,23.817295188556567,0.5129165200645733,0.5227882037533512,0.4601542416452442,0.5647382920110193,0.4870834799354266
b,multi_horizon,Multi-horizon,142349,24.0,0.6573472041612484,1538,selection_n,2844,130,129,36631,1538,54.07876230661041,11.0,3.0,37.0,23.817295188556567,0.5129165200645733,0.5227882037533512,0.4601542416452442,0.5647382920110193,0.4870834799354266
b,multi_horizon,Multi-horizon,194821,24.0,0.657997399219766,1538,selection_n,2844,130,129,36631,1538,54.07876230661041,11.0,3.0,37.0,23.817295188556567,0.5129165200645733,0.5227882037533512,0.4601542416452442,0.5647382920110193,0.4870834799354266
b,multi_horizon,Multi-horizon,220067,24.0,0.6586475942782835,1538,selection_n,2844,130,129,36631,1538,54.07876230661041,11.0,3.0,37.0,23.817295188556567,0.5129165200645733,0.5227882037533512,0.4601542416452442,0.5647382920110193,0.4870834799354266
b,multi_horizon,Multi-horizon,222105,24.0,0.659297789336801,1538,selection_n,2844,130,129,36631,1538,54.07876230661041,11.0,3.0,37.0,23.817295188556567,0.5129165200645733,0.5227882037533512,0.4601542416452442,0.5647382920110193,0.4870834799354266
b,multi_horizon,Multi-horizon,2747,24.0,0.6599479843953185,1538,selection_n,2844,130,129,36631,1538,54.07876230661041,11.0,3.0,37.0,23.817295188556567,0.5129165200645733,0.5227882037533512,0.4601542416452442,0.5647382920110193,0.4870834799354266
b,multi_horizon,Multi-horizon,314644,24.0,0.6605981794538361,1538,selection_n,2844,130,129,36631,1538,54.07876230661041,11.0,3.0,37.0,23.817295188556567,0.5129165200645733,0.5227882037533512,0.4601542416452442,0.5647382920110193,0.4870834799354266
b,multi_horizon,Multi-horizon,315317,24.0,0.6612483745123537,1538,selection_n,2844,130,129,36631,1538,54.07876230661041,11.0,3.0,37.0,23.817295188556567,0.5129165200645733,0.5227882037533512,0.4601542416452442,0.5647382920110193,0.4870834799354266
b,multi_horizon,Multi-horizon,3738,24.0,0.6618985695708712,1538,selection_n,2844,130,129,36631,1538,54.07876230661041,11.0,3.0,37.0,23.817295188556567,0.5129165200645733,0.5227882037533512,0.4601542416452442,0.5647382920110193,0.4870834799354266
b,multi_horizon,Multi-horizon,4322,24.0,0.6625487646293888,1538,selection_n,2844,130,129,36631,1538,54.07876230661041,11.0,3.0,37.0,23.817295188556567,0.5129165200645733,0.5227882037533512,0.4601542416452442,0.5647382920110193,0.4870834799354266
b,multi_horizon,Multi-horizon,5102,24.0,0.6631989596879063,1538,selection_n,2844,130,129,36631,1538,54.07876230661041,11.0,3.0,37.0,23.817295188556567,0.5129165200645733,0.5227882037533512,0.4601542416452442,0.5647382920110193,0.4870834799354266
b,multi_horizon,Multi-horizon,103240,25.0,0.6638491547464239,1538,selection_n,2844,130,129,36631,1538,54.07876230661041,11.0,3.0,37.0,23.817295188556567,0.5129165200645733,0.5227882037533512,0.4601542416452442,0.5647382920110193,0.4870834799354266
b,multi_horizon,Multi-horizon,135695,25.0,0.6644993498049415,1538,selection_n,2844,130,129,36631,1538,54.07876230661041,11.0,3.0,37.0,23.817295188556567,0.5129165200645733,0.5227882037533512,0.4601542416452442,0.5647382920110193,0.4870834799354266
b,multi_horizon,Multi-horizon,142394,25.0,0.665149544863459,1538,selection_n,2844,130,129,36631,1538,54.07876230661041,11.0,3.0,37.0,23.817295188556567,0.5129165200645733,0.5227882037533512,0.4601542416452442,0.5647382920110193,0.4870834799354266
b,multi_horizon,Multi-horizon,188721,25.0,0.6657997399219766,1538,selection_n,2844,130,129,36631,1538,54.07876230661041,11.0,3.0,37.0,23.817295188556567,0.5129165200645733,0.5227882037533512,0.4601542416452442,0.5647382920110193,0.4870834799354266
b,multi_horizon,Multi-horizon,194718,25.0,0.6664499349804941,1538,selection_n,2844,130,129,36631,1538,54.07876230661041,11.0,3.0,37.0,23.817295188556567,0.5129165200645733,0.5227882037533512,0.4601542416452442,0.5647382920110193,0.4870834799354266
b,multi_horizon,Multi-horizon,234801,25.0,0.6671001300390117,1538,selection_n,2844,130,129,36631,1538,54.07876230661041,11.0,3.0,37.0,23.817295188556567,0.5129165200645733,0.5227882037533512,0.4601542416452442,0.5647382920110193,0.4870834799354266
b,multi_horizon,Multi-horizon,473584,25.0,0.6677503250975293,1538,selection_n,2844,130,129,36631,1538,54.07876230661041,11.0,3.0,37.0,23.817295188556567,0.5129165200645733,0.5227882037533512,0.4601542416452442,0.5647382920110193,0.4870834799354266
b,multi_horizon,Multi-horizon,5233,25.0,0.6684005201560468,1538,selection_n,2844,130,129,36631,1538,54.07876230661041,11.0,3.0,37.0,23.817295188556567,0.5129165200645733,0.5227882037533512,0.4601542416452442,0.5647382920110193,0.4870834799354266
b,multi_horizon,Multi-horizon,5725,25.0,0.6690507152145644,1538,selection_n,2844,130,129,36631,1538,54.07876230661041,11.0,3.0,37.0,23.817295188556567,0.5129165200645733,0.5227882037533512,0.4601542416452442,0.5647382920110193,0.4870834799354266
b,multi_horizon,Multi-horizon,6211,25.0,0.6697009102730819,1538,selection_n,2844,130,129,36631,1538,54.07876230661041,11.0,3.0,37.0,23.817295188556567,0.5129165200645733,0.5227882037533512,0.4601542416452442,0.5647382920110193,0.4870834799354266
b,multi_horizon,Multi-horizon,75275,25.0,0.6703511053315995,1538,selection_n,2844,130,129,36631,1538,54.07876230661041,11.0,3.0,37.0,23.817295188556567,0.5129165200645733,0.5227882037533512,0.4601542416452442,0.5647382920110193,0.4870834799354266
b,multi_horizon,Multi-horizon,94134,25.0,0.6710013003901171,1538,selection_n,2844,130,129,36631,1538,54.07876230661041,11.0,3.0,37.0,23.817295188556567,0.5129165200645733,0.5227882037533512,0.4601542416452442,0.5647382920110193,0.4870834799354266
b,multi_horizon,Multi-horizon,1534,26.0,0.6716514954486346,1538,selection_n,2844,130,129,36631,1538,54.07876230661041,11.0,3.0,37.0,23.817295188556567,0.5129165200645733,0.5227882037533512,0.4601542416452442,0.5647382920110193,0.4870834799354266
b,multi_horizon,Multi-horizon,197347,26.0,0.6723016905071522,1538,selection_n,2844,130,129,36631,1538,54.07876230661041,11.0,3.0,37.0,23.817295188556567,0.5129165200645733,0.5227882037533512,0.4601542416452442,0.5647382920110193,0.4870834799354266
b,multi_horizon,Multi-horizon,208928,26.0,0.6729518855656696,1538,selection_n,2844,130,129,36631,1538,54.07876230661041,11.0,3.0,37.0,23.817295188556567,0.5129165200645733,0.5227882037533512,0.4601542416452442,0.5647382920110193,0.4870834799354266
b,multi_horizon,Multi-horizon,21038,26.0,0.6736020806241872,1538,selection_n,2844,130,129,36631,1538,54.07876230661041,11.0,3.0,37.0,23.817295188556567,0.5129165200645733,0.5227882037533512,0.4601542416452442,0.5647382920110193,0.4870834799354266
b,multi_horizon,Multi-horizon,210779,26.0,0.6742522756827048,1538,selection_n,2844,130,129,36631,1538,54.07876230661041,11.0,3.0,37.0,23.817295188556567,0.5129165200645733,0.5227882037533512,0.4601542416452442,0.5647382920110193,0.4870834799354266
b,multi_horizon,Multi-horizon,211925,26.0,0.6749024707412223,1538,selection_n,2844,130,129,36631,1538,54.07876230661041,11.0,3.0,37.0,23.817295188556567,0.5129165200645733,0.5227882037533512,0.4601542416452442,0.5647382920110193,0.4870834799354266
b,multi_horizon,Multi-horizon,3077,26.0,0.6755526657997399,1538,selection_n,2844,130,129,36631,1538,54.07876230661041,11.0,3.0,37.0,23.817295188556567,0.5129165200645733,0.5227882037533512,0.4601542416452442,0.5647382920110193,0.4870834799354266
b,multi_horizon,Multi-horizon,330626,26.0,0.6762028608582574,1538,selection_n,2844,130,129,36631,1538,54.07876230661041,11.0,3.0,37.0,23.817295188556567,0.5129165200645733,0.5227882037533512,0.4601542416452442,0.5647382920110193,0.4870834799354266
b,multi_horizon,Multi-horizon,454700,26.0,0.676853055916775,1538,selection_n,2844,130,129,36631,1538,54.07876230661041,11.0,3.0,37.0,23.817295188556567,0.5129165200645733,0.5227882037533512,0.4601542416452442,0.5647382920110193,0.4870834799354266
b,multi_horizon,Multi-horizon,5274,26.0,0.6775032509752926,1538,selection_n,2844,130,129,36631,1538,54.07876230661041,11.0,3.0,37.0,23.817295188556567,0.5129165200645733,0.5227882037533512,0.4601542416452442,0.5647382920110193,0.4870834799354266
b,multi_horizon,Multi-horizon,63125,26.0,0.6781534460338101,1538,selection_n,2844,130,129,36631,1538,54.07876230661041,11.0,3.0,37.0,23.817295188556567,0.5129165200645733,0.5227882037533512,0.4601542416452442,0.5647382920110193,0.4870834799354266
b,multi_horizon,Multi-horizon,148481,27.0,0.6788036410923277,1538,selection_n,2844,130,129,36631,1538,54.07876230661041,11.0,3.0,37.0,23.817295188556567,0.5129165200645733,0.5227882037533512,0.4601542416452442,0.5647382920110193,0.4870834799354266
b,multi_horizon,Multi-horizon,173,27.0,0.6794538361508452,1538,selection_n,2844,130,129,36631,1538,54.07876230661041,11.0,3.0,37.0,23.817295188556567,0.5129165200645733,0.5227882037533512,0.4601542416452442,0.5647382920110193,0.4870834799354266
b,multi_horizon,Multi-horizon,189861,27.0,0.6801040312093628,1538,selection_n,2844,130,129,36631,1538,54.07876230661041,11.0,3.0,37.0,23.817295188556567,0.5129165200645733,0.5227882037533512,0.4601542416452442,0.5647382920110193,0.4870834799354266
b,multi_horizon,Multi-horizon,191241,27.0,0.6807542262678804,1538,selection_n,2844,130,129,36631,1538,54.07876230661041,11.0,3.0,37.0,23.817295188556567,0.5129165200645733,0.5227882037533512,0.4601542416452442,0.5647382920110193,0.4870834799354266
b,multi_horizon,Multi-horizon,203122,27.0,0.6814044213263979,1538,selection_n,2844,130,129,36631,1538,54.07876230661041,11.0,3.0,37.0,23.817295188556567,0.5129165200645733,0.5227882037533512,0.4601542416452442,0.5647382920110193,0.4870834799354266
b,multi_horizon,Multi-horizon,209627,27.0,0.6820546163849155,1538,selection_n,2844,130,129,36631,1538,54.07876230661041,11.0,3.0,37.0,23.817295188556567,0.5129165200645733,0.5227882037533512,0.4601542416452442,0.5647382920110193,0.4870834799354266
b,multi_horizon,Multi-horizon,211263,27.0,0.682704811443433,1538,selection_n,2844,130,129,36631,1538,54.07876230661041,11.0,3.0,37.0,23.817295188556567,0.5129165200645733,0.5227882037533512,0.4601542416452442,0.5647382920110193,0.4870834799354266
b,multi_horizon,Multi-horizon,222764,27.0,0.6833550065019506,1538,selection_n,2844,130,129,36631,1538,54.07876230661041,11.0,3.0,37.0,23.817295188556567,0.5129165200645733,0.5227882037533512,0.4601542416452442,0.5647382920110193,0.4870834799354266
b,multi_horizon,Multi-horizon,305,27.0,0.6840052015604682,1538,selection_n,2844,130,129,36631,1538,54.07876230661041,11.0,3.0,37.0,23.817295188556567,0.5129165200645733,0.5227882037533512,0.4601542416452442,0.5647382920110193,0.4870834799354266
b,multi_horizon,Multi-horizon,3697,27.0,0.6846553966189857,1538,selection_n,2844,130,129,36631,1538,54.07876230661041,11.0,3.0,37.0,23.817295188556567,0.5129165200645733,0.5227882037533512,0.4601542416452442,0.5647382920110193,0.4870834799354266
b,multi_horizon,Multi-horizon,45308,27.0,0.6853055916775033,1538,selection_n,2844,130,129,36631,1538,54.07876230661041,11.0,3.0,37.0,23.817295188556567,0.5129165200645733,0.5227882037533512,0.4601542416452442,0.5647382920110193,0.4870834799354266
b,multi_horizon,Multi-horizon,454841,27.0,0.6859557867360208,1538,selection_n,2844,130,129,36631,1538,54.07876230661041,11.0,3.0,37.0,23.817295188556567,0.5129165200645733,0.5227882037533512,0.4601542416452442,0.5647382920110193,0.4870834799354266
b,multi_horizon,Multi-horizon,456685,27.0,0.6866059817945384,1538,selection_n,2844,130,129,36631,1538,54.07876230661041,11.0,3.0,37.0,23.817295188556567,0.5129165200645733,0.5227882037533512,0.4601542416452442,0.5647382920110193,0.4870834799354266
b,multi_horizon,Multi-horizon,6199,27.0,0.687256176853056,1538,selection_n,2844,130,129,36631,1538,54.07876230661041,11.0,3.0,37.0,23.817295188556567,0.5129165200645733,0.5227882037533512,0.4601542416452442,0.5647382920110193,0.4870834799354266
b,multi_horizon,Multi-horizon,107336,28.0,0.6879063719115734,1538,selection_n,2844,130,129,36631,1538,54.07876230661041,11.0,3.0,37.0,23.817295188556567,0.5129165200645733,0.5227882037533512,0.4601542416452442,0.5647382920110193,0.4870834799354266
b,multi_horizon,Multi-horizon,133389,28.0,0.688556566970091,1538,selection_n,2844,130,129,36631,1538,54.07876230661041,11.0,3.0,37.0,23.817295188556567,0.5129165200645733,0.5227882037533512,0.4601542416452442,0.5647382920110193,0.4870834799354266
b,multi_horizon,Multi-horizon,205929,28.0,0.6892067620286085,1538,selection_n,2844,130,129,36631,1538,54.07876230661041,11.0,3.0,37.0,23.817295188556567,0.5129165200645733,0.5227882037533512,0.4601542416452442,0.5647382920110193,0.4870834799354266
b,multi_horizon,Multi-horizon,2483,28.0,0.6898569570871261,1538,selection_n,2844,130,129,36631,1538,54.07876230661041,11.0,3.0,37.0,23.817295188556567,0.5129165200645733,0.5227882037533512,0.4601542416452442,0.5647382920110193,0.4870834799354266
b,multi_horizon,Multi-horizon,3434,28.0,0.6905071521456437,1538,selection_n,2844,130,129,36631,1538,54.07876230661041,11.0,3.0,37.0,23.817295188556567,0.5129165200645733,0.5227882037533512,0.4601542416452442,0.5647382920110193,0.4870834799354266
b,multi_horizon,Multi-horizon,350983,28.0,0.6911573472041612,1538,selection_n,2844,130,129,36631,1538,54.07876230661041,11.0,3.0,37.0,23.817295188556567,0.5129165200645733,0.5227882037533512,0.4601542416452442,0.5647382920110193,0.4870834799354266
b,multi_horizon,Multi-horizon,373647,28.0,0.6918075422626788,1538,selection_n,2844,130,129,36631,1538,54.07876230661041,11.0,3.0,37.0,23.817295188556567,0.5129165200645733,0.5227882037533512,0.4601542416452442,0.5647382920110193,0.4870834799354266
b,multi_horizon,Multi-horizon,469,28.0,0.6924577373211963,1538,selection_n,2844,130,129,36631,1538,54.07876230661041,11.0,3.0,37.0,23.817295188556567,0.5129165200645733,0.5227882037533512,0.4601542416452442,0.5647382920110193,0.4870834799354266
b,multi_horizon,Multi-horizon,4899,28.0,0.6931079323797139,1538,selection_n,2844,130,129,36631,1538,54.07876230661041,11.0,3.0,37.0,23.817295188556567,0.5129165200645733,0.5227882037533512,0.4601542416452442,0.5647382920110193,0.4870834799354266
b,multi_horizon,Multi-horizon,70347,28.0,0.6937581274382315,1538,selection_n,2844,130,129,36631,1538,54.07876230661041,11.0,3.0,37.0,23.817295188556567,0.5129165200645733,0.5227882037533512,0.4601542416452442,0.5647382920110193,0.4870834799354266
b,multi_horizon,Multi-horizon,7441,28.0,0.694408322496749,1538,selection_n,2844,130,129,36631,1538,54.07876230661041,11.0,3.0,37.0,23.817295188556567,0.5129165200645733,0.5227882037533512,0.4601542416452442,0.5647382920110193,0.4870834799354266
b,multi_horizon,Multi-horizon,188121,29.0,0.6950585175552666,1538,selection_n,2844,130,129,36631,1538,54.07876230661041,11.0,3.0,37.0,23.817295188556567,0.5129165200645733,0.5227882037533512,0.4601542416452442,0.5647382920110193,0.4870834799354266
b,multi_horizon,Multi-horizon,1882,29.0,0.6957087126137841,1538,selection_n,2844,130,129,36631,1538,54.07876230661041,11.0,3.0,37.0,23.817295188556567,0.5129165200645733,0.5227882037533512,0.4601542416452442,0.5647382920110193,0.4870834799354266
b,multi_horizon,Multi-horizon,194814,29.0,0.6963589076723017,1538,selection_n,2844,130,129,36631,1538,54.07876230661041,11.0,3.0,37.0,23.817295188556567,0.5129165200645733,0.5227882037533512,0.4601542416452442,0.5647382920110193,0.4870834799354266
b,multi_horizon,Multi-horizon,208044,29.0,0.6970091027308193,1538,selection_n,2844,130,129,36631,1538,54.07876230661041,11.0,3.0,37.0,23.817295188556567,0.5129165200645733,0.5227882037533512,0.4601542416452442,0.5647382920110193,0.4870834799354266
b,multi_horizon,Multi-horizon,3295,29.0,0.6976592977893368,1538,selection_n,2844,130,129,36631,1538,54.07876230661041,11.0,3.0,37.0,23.817295188556567,0.5129165200645733,0.5227882037533512,0.4601542416452442,0.5647382920110193,0.4870834799354266
b,multi_horizon,Multi-horizon,341692,29.0,0.6983094928478544,1538,selection_n,2844,130,129,36631,1538,54.07876230661041,11.0,3.0,37.0,23.817295188556567,0.5129165200645733,0.5227882037533512,0.4601542416452442,0.5647382920110193,0.4870834799354266
b,multi_horizon,Multi-horizon,346238,29.0,0.6989596879063719,1538,selection_n,2844,130,129,36631,1538,54.07876230661041,11.0,3.0,37.0,23.817295188556567,0.5129165200645733,0.5227882037533512,0.4601542416452442,0.5647382920110193,0.4870834799354266
b,multi_horizon,Multi-horizon,3574,29.0,0.6996098829648895,1538,selection_n,2844,130,129,36631,1538,54.07876230661041,11.0,3.0,37.0,23.817295188556567,0.5129165200645733,0.5227882037533512,0.4601542416452442,0.5647382920110193,0.4870834799354266
b,multi_horizon,Multi-horizon,4188,29.0,0.7002600780234071,1538,selection_n,2844,130,129,36631,1538,54.07876230661041,11.0,3.0,37.0,23.817295188556567,0.5129165200645733,0.5227882037533512,0.4601542416452442,0.5647382920110193,0.4870834799354266
b,multi_horizon,Multi-horizon,4955,29.0,0.7009102730819246,1538,selection_n,2844,130,129,36631,1538,54.07876230661041,11.0,3.0,37.0,23.817295188556567,0.5129165200645733,0.5227882037533512,0.4601542416452442,0.5647382920110193,0.4870834799354266
b,multi_horizon,Multi-horizon,134664,30.0,0.7015604681404422,1538,selection_n,2844,130,129,36631,1538,54.07876230661041,11.0,3.0,37.0,23.817295188556567,0.5129165200645733,0.5227882037533512,0.4601542416452442,0.5647382920110193,0.4870834799354266
b,multi_horizon,Multi-horizon,1617,30.0,0.7022106631989596,1538,selection_n,2844,130,129,36631,1538,54.07876230661041,11.0,3.0,37.0,23.817295188556567,0.5129165200645733,0.5227882037533512,0.4601542416452442,0.5647382920110193,0.4870834799354266
b,multi_horizon,Multi-horizon,205367,30.0,0.7028608582574772,1538,selection_n,2844,130,129,36631,1538,54.07876230661041,11.0,3.0,37.0,23.817295188556567,0.5129165200645733,0.5227882037533512,0.4601542416452442,0.5647382920110193,0.4870834799354266
b,multi_horizon,Multi-horizon,3013,30.0,0.7035110533159948,1538,selection_n,2844,130,129,36631,1538,54.07876230661041,11.0,3.0,37.0,23.817295188556567,0.5129165200645733,0.5227882037533512,0.4601542416452442,0.5647382920110193,0.4870834799354266
b,multi_horizon,Multi-horizon,338600,30.0,0.7041612483745123,1538,selection_n,2844,130,129,36631,1538,54.07876230661041,11.0,3.0,37.0,23.817295188556567,0.5129165200645733,0.5227882037533512,0.4601542416452442,0.5647382920110193,0.4870834799354266
b,multi_horizon,Multi-horizon,3400,30.0,0.7048114434330299,1538,selection_n,2844,130,129,36631,1538,54.07876230661041,11.0,3.0,37.0,23.817295188556567,0.5129165200645733,0.5227882037533512,0.4601542416452442,0.5647382920110193,0.4870834799354266
b,multi_horizon,Multi-horizon,5040,30.0,0.7054616384915474,1538,selection_n,2844,130,129,36631,1538,54.07876230661041,11.0,3.0,37.0,23.817295188556567,0.5129165200645733,0.5227882037533512,0.4601542416452442,0.5647382920110193,0.4870834799354266
b,multi_horizon,Multi-horizon,7396,30.0,0.706111833550065,1538,selection_n,2844,130,129,36631,1538,54.07876230661041,11.0,3.0,37.0,23.817295188556567,0.5129165200645733,0.5227882037533512,0.4601542416452442,0.5647382920110193,0.4870834799354266
b,multi_horizon,Multi-horizon,85795,30.0,0.7067620286085826,1538,selection_n,2844,130,129,36631,1538,54.07876230661041,11.0,3.0,37.0,23.817295188556567,0.5129165200645733,0.5227882037533512,0.4601542416452442,0.5647382920110193,0.4870834799354266
b,multi_horizon,Multi-horizon,100219,31.0,0.7074122236671001,1538,selection_n,2844,130,129,36631,1538,54.07876230661041,11.0,3.0,37.0,23.817295188556567,0.5129165200645733,0.5227882037533512,0.4601542416452442,0.5647382920110193,0.4870834799354266
b,multi_horizon,Multi-horizon,146676,31.0,0.7080624187256177,1538,selection_n,2844,130,129,36631,1538,54.07876230661041,11.0,3.0,37.0,23.817295188556567,0.5129165200645733,0.5227882037533512,0.4601542416452442,0.5647382920110193,0.4870834799354266
b,multi_horizon,Multi-horizon,189947,31.0,0.7087126137841352,1538,selection_n,2844,130,129,36631,1538,54.07876230661041,11.0,3.0,37.0,23.817295188556567,0.5129165200645733,0.5227882037533512,0.4601542416452442,0.5647382920110193,0.4870834799354266
b,multi_horizon,Multi-horizon,193049,31.0,0.7093628088426528,1538,selection_n,2844,130,129,36631,1538,54.07876230661041,11.0,3.0,37.0,23.817295188556567,0.5129165200645733,0.5227882037533512,0.4601542416452442,0.5647382920110193,0.4870834799354266
b,multi_horizon,Multi-horizon,205154,31.0,0.7100130039011704,1538,selection_n,2844,130,129,36631,1538,54.07876230661041,11.0,3.0,37.0,23.817295188556567,0.5129165200645733,0.5227882037533512,0.4601542416452442,0.5647382920110193,0.4870834799354266
b,multi_horizon,Multi-horizon,212258,31.0,0.7106631989596879,1538,selection_n,2844,130,129,36631,1538,54.07876230661041,11.0,3.0,37.0,23.817295188556567,0.5129165200645733,0.5227882037533512,0.4601542416452442,0.5647382920110193,0.4870834799354266
b,multi_horizon,Multi-horizon,3850,31.0,0.7113133940182055,1538,selection_n,2844,130,129,36631,1538,54.07876230661041,11.0,3.0,37.0,23.817295188556567,0.5129165200645733,0.5227882037533512,0.4601542416452442,0.5647382920110193,0.4870834799354266
b,multi_horizon,Multi-horizon,4652,31.0,0.711963589076723,1538,selection_n,2844,130,129,36631,1538,54.07876230661041,11.0,3.0,37.0,23.817295188556567,0.5129165200645733,0.5227882037533512,0.4601542416452442,0.5647382920110193,0.4870834799354266
b,multi_horizon,Multi-horizon,4900,31.0,0.7126137841352406,1538,selection_n,2844,130,129,36631,1538,54.07876230661041,11.0,3.0,37.0,23.817295188556567,0.5129165200645733,0.5227882037533512,0.4601542416452442,0.5647382920110193,0.4870834799354266
b,multi_horizon,Multi-horizon,6965,31.0,0.7132639791937582,1538,selection_n,2844,130,129,36631,1538,54.07876230661041,11.0,3.0,37.0,23.817295188556567,0.5129165200645733,0.5227882037533512,0.4601542416452442,0.5647382920110193,0.4870834799354266
b,multi_horizon,Multi-horizon,144209,32.0,0.7139141742522757,1538,selection_n,2844,130,129,36631,1538,54.07876230661041,11.0,3.0,37.0,23.817295188556567,0.5129165200645733,0.5227882037533512,0.4601542416452442,0.5647382920110193,0.4870834799354266
b,multi_horizon,Multi-horizon,206552,32.0,0.7145643693107933,1538,selection_n,2844,130,129,36631,1538,54.07876230661041,11.0,3.0,37.0,23.817295188556567,0.5129165200645733,0.5227882037533512,0.4601542416452442,0.5647382920110193,0.4870834799354266
b,multi_horizon,Multi-horizon,207516,32.0,0.7152145643693107,1538,selection_n,2844,130,129,36631,1538,54.07876230661041,11.0,3.0,37.0,23.817295188556567,0.5129165200645733,0.5227882037533512,0.4601542416452442,0.5647382920110193,0.4870834799354266
b,multi_horizon,Multi-horizon,387457,32.0,0.7158647594278283,1538,selection_n,2844,130,129,36631,1538,54.07876230661041,11.0,3.0,37.0,23.817295188556567,0.5129165200645733,0.5227882037533512,0.4601542416452442,0.5647382920110193,0.4870834799354266
b,multi_horizon,Multi-horizon,46662,32.0,0.716514954486346,1538,selection_n,2844,130,129,36631,1538,54.07876230661041,11.0,3.0,37.0,23.817295188556567,0.5129165200645733,0.5227882037533512,0.4601542416452442,0.5647382920110193,0.4870834799354266
b,multi_horizon,Multi-horizon,4774,32.0,0.7171651495448634,1538,selection_n,2844,130,129,36631,1538,54.07876230661041,11.0,3.0,37.0,23.817295188556567,0.5129165200645733,0.5227882037533512,0.4601542416452442,0.5647382920110193,0.4870834799354266
b,multi_horizon,Multi-horizon,56670,32.0,0.717815344603381,1538,selection_n,2844,130,129,36631,1538,54.07876230661041,11.0,3.0,37.0,23.817295188556567,0.5129165200645733,0.5227882037533512,0.4601542416452442,0.5647382920110193,0.4870834799354266
b,multi_horizon,Multi-horizon,6471,32.0,0.7184655396618985,1538,selection_n,2844,130,129,36631,1538,54.07876230661041,11.0,3.0,37.0,23.817295188556567,0.5129165200645733,0.5227882037533512,0.4601542416452442,0.5647382920110193,0.4870834799354266
b,multi_horizon,Multi-horizon,7036,32.0,0.7191157347204161,1538,selection_n,2844,130,129,36631,1538,54.07876230661041,11.0,3.0,37.0,23.817295188556567,0.5129165200645733,0.5227882037533512,0.4601542416452442,0.5647382920110193,0.4870834799354266
b,multi_horizon,Multi-horizon,73041,32.0,0.7197659297789337,1538,selection_n,2844,130,129,36631,1538,54.07876230661041,11.0,3.0,37.0,23.817295188556567,0.5129165200645733,0.5227882037533512,0.4601542416452442,0.5647382920110193,0.4870834799354266
b,multi_horizon,Multi-horizon,85683,32.0,0.7204161248374512,1538,selection_n,2844,130,129,36631,1538,54.07876230661041,11.0,3.0,37.0,23.817295188556567,0.5129165200645733,0.5227882037533512,0.4601542416452442,0.5647382920110193,0.4870834799354266
b,multi_horizon,Multi-horizon,139770,33.0,0.7210663198959688,1538,selection_n,2844,130,129,36631,1538,54.07876230661041,11.0,3.0,37.0,23.817295188556567,0.5129165200645733,0.5227882037533512,0.4601542416452442,0.5647382920110193,0.4870834799354266
b,multi_horizon,Multi-horizon,147176,33.0,0.7217165149544863,1538,selection_n,2844,130,129,36631,1538,54.07876230661041,11.0,3.0,37.0,23.817295188556567,0.5129165200645733,0.5227882037533512,0.4601542416452442,0.5647382920110193,0.4870834799354266
b,multi_horizon,Multi-horizon,208206,33.0,0.7223667100130039,1538,selection_n,2844,130,129,36631,1538,54.07876230661041,11.0,3.0,37.0,23.817295188556567,0.5129165200645733,0.5227882037533512,0.4601542416452442,0.5647382920110193,0.4870834799354266
b,multi_horizon,Multi-horizon,2282,33.0,0.7230169050715215,1538,selection_n,2844,130,129,36631,1538,54.07876230661041,11.0,3.0,37.0,23.817295188556567,0.5129165200645733,0.5227882037533512,0.4601542416452442,0.5647382920110193,0.4870834799354266
b,multi_horizon,Multi-horizon,28836,33.0,0.723667100130039,1538,selection_n,2844,130,129,36631,1538,54.07876230661041,11.0,3.0,37.0,23.817295188556567,0.5129165200645733,0.5227882037533512,0.4601542416452442,0.5647382920110193,0.4870834799354266
b,multi_horizon,Multi-horizon,3057,33.0,0.7243172951885566,1538,selection_n,2844,130,129,36631,1538,54.07876230661041,11.0,3.0,37.0,23.817295188556567,0.5129165200645733,0.5227882037533512,0.4601542416452442,0.5647382920110193,0.4870834799354266
b,multi_horizon,Multi-horizon,316495,33.0,0.7249674902470741,1538,selection_n,2844,130,129,36631,1538,54.07876230661041,11.0,3.0,37.0,23.817295188556567,0.5129165200645733,0.5227882037533512,0.4601542416452442,0.5647382920110193,0.4870834799354266
b,multi_horizon,Multi-horizon,4420,33.0,0.7256176853055917,1538,selection_n,2844,130,129,36631,1538,54.07876230661041,11.0,3.0,37.0,23.817295188556567,0.5129165200645733,0.5227882037533512,0.4601542416452442,0.5647382920110193,0.4870834799354266
b,multi_horizon,Multi-horizon,453667,33.0,0.7262678803641093,1538,selection_n,2844,130,129,36631,1538,54.07876230661041,11.0,3.0,37.0,23.817295188556567,0.5129165200645733,0.5227882037533512,0.4601542416452442,0.5647382920110193,0.4870834799354266
b,multi_horizon,Multi-horizon,464740,33.0,0.7269180754226268,1538,selection_n,2844,130,129,36631,1538,54.07876230661041,11.0,3.0,37.0,23.817295188556567,0.5129165200645733,0.5227882037533512,0.4601542416452442,0.5647382920110193,0.4870834799354266
b,multi_horizon,Multi-horizon,4882,33.0,0.7275682704811444,1538,selection_n,2844,130,129,36631,1538,54.07876230661041,11.0,3.0,37.0,23.817295188556567,0.5129165200645733,0.5227882037533512,0.4601542416452442,0.5647382920110193,0.4870834799354266
b,multi_horizon,Multi-horizon,6206,33.0,0.7282184655396619,1538,selection_n,2844,130,129,36631,1538,54.07876230661041,11.0,3.0,37.0,23.817295188556567,0.5129165200645733,0.5227882037533512,0.4601542416452442,0.5647382920110193,0.4870834799354266
b,multi_horizon,Multi-horizon,147878,34.0,0.7288686605981795,1538,selection_n,2844,130,129,36631,1538,54.07876230661041,11.0,3.0,37.0,23.817295188556567,0.5129165200645733,0.5227882037533512,0.4601542416452442,0.5647382920110193,0.4870834799354266
b,multi_horizon,Multi-horizon,187230,34.0,0.729518855656697,1538,selection_n,2844,130,129,36631,1538,54.07876230661041,11.0,3.0,37.0,23.817295188556567,0.5129165200645733,0.5227882037533512,0.4601542416452442,0.5647382920110193,0.4870834799354266
b,multi_horizon,Multi-horizon,207183,34.0,0.7301690507152145,1538,selection_n,2844,130,129,36631,1538,54.07876230661041,11.0,3.0,37.0,23.817295188556567,0.5129165200645733,0.5227882037533512,0.4601542416452442,0.5647382920110193,0.4870834799354266
b,multi_horizon,Multi-horizon,207734,34.0,0.7308192457737321,1538,selection_n,2844,130,129,36631,1538,54.07876230661041,11.0,3.0,37.0,23.817295188556567,0.5129165200645733,0.5227882037533512,0.4601542416452442,0.5647382920110193,0.4870834799354266
b,multi_horizon,Multi-horizon,3946,34.0,0.7314694408322496,1538,selection_n,2844,130,129,36631,1538,54.07876230661041,11.0,3.0,37.0,23.817295188556567,0.5129165200645733,0.5227882037533512,0.4601542416452442,0.5647382920110193,0.4870834799354266
b,multi_horizon,Multi-horizon,453758,34.0,0.7321196358907672,1538,selection_n,2844,130,129,36631,1538,54.07876230661041,11.0,3.0,37.0,23.817295188556567,0.5129165200645733,0.5227882037533512,0.4601542416452442,0.5647382920110193,0.4870834799354266
b,multi_horizon,Multi-horizon,4653,34.0,0.7327698309492848,1538,selection_n,2844,130,129,36631,1538,54.07876230661041,11.0,3.0,37.0,23.817295188556567,0.5129165200645733,0.5227882037533512,0.4601542416452442,0.5647382920110193,0.4870834799354266
b,multi_horizon,Multi-horizon,4691,34.0,0.7334200260078023,1538,selection_n,2844,130,129,36631,1538,54.07876230661041,11.0,3.0,37.0,23.817295188556567,0.5129165200645733,0.5227882037533512,0.4601542416452442,0.5647382920110193,0.4870834799354266
b,multi_horizon,Multi-horizon,50483,34.0,0.7340702210663199,1538,selection_n,2844,130,129,36631,1538,54.07876230661041,11.0,3.0,37.0,23.817295188556567,0.5129165200645733,0.5227882037533512,0.4601542416452442,0.5647382920110193,0.4870834799354266
b,multi_horizon,Multi-horizon,5162,34.0,0.7347204161248374,1538,selection_n,2844,130,129,36631,1538,54.07876230661041,11.0,3.0,37.0,23.817295188556567,0.5129165200645733,0.5227882037533512,0.4601542416452442,0.5647382920110193,0.4870834799354266
b,multi_horizon,Multi-horizon,6994,34.0,0.735370611183355,1538,selection_n,2844,130,129,36631,1538,54.07876230661041,11.0,3.0,37.0,23.817295188556567,0.5129165200645733,0.5227882037533512,0.4601542416452442,0.5647382920110193,0.4870834799354266
b,multi_horizon,Multi-horizon,110327,35.0,0.7360208062418726,1538,selection_n,2844,130,129,36631,1538,54.07876230661041,11.0,3.0,37.0,23.817295188556567,0.5129165200645733,0.5227882037533512,0.4601542416452442,0.5647382920110193,0.4870834799354266
b,multi_horizon,Multi-horizon,27482,35.0,0.7366710013003901,1538,selection_n,2844,130,129,36631,1538,54.07876230661041,11.0,3.0,37.0,23.817295188556567,0.5129165200645733,0.5227882037533512,0.4601542416452442,0.5647382920110193,0.4870834799354266
b,multi_horizon,Multi-horizon,2960,35.0,0.7373211963589077,1538,selection_n,2844,130,129,36631,1538,54.07876230661041,11.0,3.0,37.0,23.817295188556567,0.5129165200645733,0.5227882037533512,0.4601542416452442,0.5647382920110193,0.4870834799354266
b,multi_horizon,Multi-horizon,355723,35.0,0.7379713914174252,1538,selection_n,2844,130,129,36631,1538,54.07876230661041,11.0,3.0,37.0,23.817295188556567,0.5129165200645733,0.5227882037533512,0.4601542416452442,0.5647382920110193,0.4870834799354266
b,multi_horizon,Multi-horizon,4328,35.0,0.7386215864759428,1538,selection_n,2844,130,129,36631,1538,54.07876230661041,11.0,3.0,37.0,23.817295188556567,0.5129165200645733,0.5227882037533512,0.4601542416452442,0.5647382920110193,0.4870834799354266
b,multi_horizon,Multi-horizon,454129,35.0,0.7392717815344604,1538,selection_n,2844,130,129,36631,1538,54.07876230661041,11.0,3.0,37.0,23.817295188556567,0.5129165200645733,0.5227882037533512,0.4601542416452442,0.5647382920110193,0.4870834799354266
b,multi_horizon,Multi-horizon,7044,35.0,0.7399219765929779,1538,selection_n,2844,130,129,36631,1538,54.07876230661041,11.0,3.0,37.0,23.817295188556567,0.5129165200645733,0.5227882037533512,0.4601542416452442,0.5647382920110193,0.4870834799354266
b,multi_horizon,Multi-horizon,190854,36.0,0.7405721716514955,1538,selection_n,2844,130,129,36631,1538,54.07876230661041,11.0,3.0,37.0,23.817295188556567,0.5129165200645733,0.5227882037533512,0.4601542416452442,0.5647382920110193,0.4870834799354266
b,multi_horizon,Multi-horizon,195573,36.0,0.741222366710013,1538,selection_n,2844,130,129,36631,1538,54.07876230661041,11.0,3.0,37.0,23.817295188556567,0.5129165200645733,0.5227882037533512,0.4601542416452442,0.5647382920110193,0.4870834799354266
b,multi_horizon,Multi-horizon,197364,36.0,0.7418725617685306,1538,selection_n,2844,130,129,36631,1538,54.07876230661041,11.0,3.0,37.0,23.817295188556567,0.5129165200645733,0.5227882037533512,0.4601542416452442,0.5647382920110193,0.4870834799354266
b,multi_horizon,Multi-horizon,3163,36.0,0.7425227568270482,1538,selection_n,2844,130,129,36631,1538,54.07876230661041,11.0,3.0,37.0,23.817295188556567,0.5129165200645733,0.5227882037533512,0.4601542416452442,0.5647382920110193,0.4870834799354266
b,multi_horizon,Multi-horizon,5496,36.0,0.7431729518855656,1538,selection_n,2844,130,129,36631,1538,54.07876230661041,11.0,3.0,37.0,23.817295188556567,0.5129165200645733,0.5227882037533512,0.4601542416452442,0.5647382920110193,0.4870834799354266
b,multi_horizon,Multi-horizon,111821,37.0,0.7438231469440832,1538,selection_n,2844,130,129,36631,1538,54.07876230661041,11.0,3.0,37.0,23.817295188556567,0.5129165200645733,0.5227882037533512,0.4601542416452442,0.5647382920110193,0.4870834799354266
b,multi_horizon,Multi-horizon,139838,37.0,0.7444733420026007,1538,selection_n,2844,130,129,36631,1538,54.07876230661041,11.0,3.0,37.0,23.817295188556567,0.5129165200645733,0.5227882037533512,0.4601542416452442,0.5647382920110193,0.4870834799354266
b,multi_horizon,Multi-horizon,141821,37.0,0.7451235370611183,1538,selection_n,2844,130,129,36631,1538,54.07876230661041,11.0,3.0,37.0,23.817295188556567,0.5129165200645733,0.5227882037533512,0.4601542416452442,0.5647382920110193,0.4870834799354266
b,multi_horizon,Multi-horizon,176,37.0,0.7457737321196359,1538,selection_n,2844,130,129,36631,1538,54.07876230661041,11.0,3.0,37.0,23.817295188556567,0.5129165200645733,0.5227882037533512,0.4601542416452442,0.5647382920110193,0.4870834799354266
b,multi_horizon,Multi-horizon,1914,37.0,0.7464239271781534,1538,selection_n,2844,130,129,36631,1538,54.07876230661041,11.0,3.0,37.0,23.817295188556567,0.5129165200645733,0.5227882037533512,0.4601542416452442,0.5647382920110193,0.4870834799354266
b,multi_horizon,Multi-horizon,1949,37.0,0.747074122236671,1538,selection_n,2844,130,129,36631,1538,54.07876230661041,11.0,3.0,37.0,23.817295188556567,0.5129165200645733,0.5227882037533512,0.4601542416452442,0.5647382920110193,0.4870834799354266
b,multi_horizon,Multi-horizon,314256,37.0,0.7477243172951885,1538,selection_n,2844,130,129,36631,1538,54.07876230661041,11.0,3.0,37.0,23.817295188556567,0.5129165200645733,0.5227882037533512,0.4601542416452442,0.5647382920110193,0.4870834799354266
b,multi_horizon,Multi-horizon,33602,37.0,0.7483745123537061,1538,selection_n,2844,130,129,36631,1538,54.07876230661041,11.0,3.0,37.0,23.817295188556567,0.5129165200645733,0.5227882037533512,0.4601542416452442,0.5647382920110193,0.4870834799354266
b,multi_horizon,Multi-horizon,338176,37.0,0.7490247074122237,1538,selection_n,2844,130,129,36631,1538,54.07876230661041,11.0,3.0,37.0,23.817295188556567,0.5129165200645733,0.5227882037533512,0.4601542416452442,0.5647382920110193,0.4870834799354266
b,multi_horizon,Multi-horizon,4395,37.0,0.7496749024707412,1538,selection_n,2844,130,129,36631,1538,54.07876230661041,11.0,3.0,37.0,23.817295188556567,0.5129165200645733,0.5227882037533512,0.4601542416452442,0.5647382920110193,0.4870834799354266
b,multi_horizon,Multi-horizon,6179,37.0,0.7503250975292588,1538,selection_n,2844,130,129,36631,1538,54.07876230661041,11.0,3.0,37.0,23.817295188556567,0.5129165200645733,0.5227882037533512,0.4601542416452442,0.5647382920110193,0.4870834799354266
b,multi_horizon,Multi-horizon,6201,37.0,0.7509752925877763,1538,selection_n,2844,130,129,36631,1538,54.07876230661041,11.0,3.0,37.0,23.817295188556567,0.5129165200645733,0.5227882037533512,0.4601542416452442,0.5647382920110193,0.4870834799354266
b,multi_horizon,Multi-horizon,7456,37.0,0.7516254876462939,1538,selection_n,2844,130,129,36631,1538,54.07876230661041,11.0,3.0,37.0,23.817295188556567,0.5129165200645733,0.5227882037533512,0.4601542416452442,0.5647382920110193,0.4870834799354266
b,multi_horizon,Multi-horizon,80553,37.0,0.7522756827048115,1538,selection_n,2844,130,129,36631,1538,54.07876230661041,11.0,3.0,37.0,23.817295188556567,0.5129165200645733,0.5227882037533512,0.4601542416452442,0.5647382920110193,0.4870834799354266
b,multi_horizon,Multi-horizon,86726,37.0,0.752925877763329,1538,selection_n,2844,130,129,36631,1538,54.07876230661041,11.0,3.0,37.0,23.817295188556567,0.5129165200645733,0.5227882037533512,0.4601542416452442,0.5647382920110193,0.4870834799354266
b,multi_horizon,Multi-horizon,132581,38.0,0.7535760728218466,1538,selection_n,2844,130,129,36631,1538,54.07876230661041,11.0,3.0,37.0,23.817295188556567,0.5129165200645733,0.5227882037533512,0.4601542416452442,0.5647382920110193,0.4870834799354266
b,multi_horizon,Multi-horizon,133716,38.0,0.7542262678803641,1538,selection_n,2844,130,129,36631,1538,54.07876230661041,11.0,3.0,37.0,23.817295188556567,0.5129165200645733,0.5227882037533512,0.4601542416452442,0.5647382920110193,0.4870834799354266
b,multi_horizon,Multi-horizon,1661,38.0,0.7548764629388817,1538,selection_n,2844,130,129,36631,1538,54.07876230661041,11.0,3.0,37.0,23.817295188556567,0.5129165200645733,0.5227882037533512,0.4601542416452442,0.5647382920110193,0.4870834799354266
b,multi_horizon,Multi-horizon,187119,38.0,0.7555266579973993,1538,selection_n,2844,130,129,36631,1538,54.07876230661041,11.0,3.0,37.0,23.817295188556567,0.5129165200645733,0.5227882037533512,0.4601542416452442,0.5647382920110193,0.4870834799354266
b,multi_horizon,Multi-horizon,210507,38.0,0.7561768530559168,1538,selection_n,2844,130,129,36631,1538,54.07876230661041,11.0,3.0,37.0,23.817295188556567,0.5129165200645733,0.5227882037533512,0.4601542416452442,0.5647382920110193,0.4870834799354266
b,multi_horizon,Multi-horizon,347314,38.0,0.7568270481144344,1538,selection_n,2844,130,129,36631,1538,54.07876230661041,11.0,3.0,37.0,23.817295188556567,0.5129165200645733,0.5227882037533512,0.4601542416452442,0.5647382920110193,0.4870834799354266
b,multi_horizon,Multi-horizon,4624,38.0,0.7574772431729518,1538,selection_n,2844,130,129,36631,1538,54.07876230661041,11.0,3.0,37.0,23.817295188556567,0.5129165200645733,0.5227882037533512,0.4601542416452442,0.5647382920110193,0.4870834799354266
b,multi_horizon,Multi-horizon,687,38.0,0.7581274382314694,1538,selection_n,2844,130,129,36631,1538,54.07876230661041,11.0,3.0,37.0,23.817295188556567,0.5129165200645733,0.5227882037533512,0.4601542416452442,0.5647382920110193,0.4870834799354266
b,multi_horizon,Multi-horizon,135373,39.0,0.758777633289987,1538,selection_n,2844,130,129,36631,1538,54.07876230661041,11.0,3.0,37.0,23.817295188556567,0.5129165200645733,0.5227882037533512,0.4601542416452442,0.5647382920110193,0.4870834799354266
b,multi_horizon,Multi-horizon,1881,39.0,0.7594278283485045,1538,selection_n,2844,130,129,36631,1538,54.07876230661041,11.0,3.0,37.0,23.817295188556567,0.5129165200645733,0.5227882037533512,0.4601542416452442,0.5647382920110193,0.4870834799354266
b,multi_horizon,Multi-horizon,190851,39.0,0.7600780234070221,1538,selection_n,2844,130,129,36631,1538,54.07876230661041,11.0,3.0,37.0,23.817295188556567,0.5129165200645733,0.5227882037533512,0.4601542416452442,0.5647382920110193,0.4870834799354266
b,multi_horizon,Multi-horizon,193047,39.0,0.7607282184655396,1538,selection_n,2844,130,129,36631,1538,54.07876230661041,11.0,3.0,37.0,23.817295188556567,0.5129165200645733,0.5227882037533512,0.4601542416452442,0.5647382920110193,0.4870834799354266
b,multi_horizon,Multi-horizon,20376,39.0,0.7613784135240572,1538,selection_n,2844,130,129,36631,1538,54.07876230661041,11.0,3.0,37.0,23.817295188556567,0.5129165200645733,0.5227882037533512,0.4601542416452442,0.5647382920110193,0.4870834799354266
b,multi_horizon,Multi-horizon,473433,39.0,0.7620286085825748,1538,selection_n,2844,130,129,36631,1538,54.07876230661041,11.0,3.0,37.0,23.817295188556567,0.5129165200645733,0.5227882037533512,0.4601542416452442,0.5647382920110193,0.4870834799354266
b,multi_horizon,Multi-horizon,6209,39.0,0.7626788036410923,1538,selection_n,2844,130,129,36631,1538,54.07876230661041,11.0,3.0,37.0,23.817295188556567,0.5129165200645733,0.5227882037533512,0.4601542416452442,0.5647382920110193,0.4870834799354266
b,multi_horizon,Multi-horizon,6981,39.0,0.7633289986996099,1538,selection_n,2844,130,129,36631,1538,54.07876230661041,11.0,3.0,37.0,23.817295188556567,0.5129165200645733,0.5227882037533512,0.4601542416452442,0.5647382920110193,0.4870834799354266
b,multi_horizon,Multi-horizon,7050,39.0,0.7639791937581274,1538,selection_n,2844,130,129,36631,1538,54.07876230661041,11.0,3.0,37.0,23.817295188556567,0.5129165200645733,0.5227882037533512,0.4601542416452442,0.5647382920110193,0.4870834799354266
b,multi_horizon,Multi-horizon,316751,40.0,0.764629388816645,1538,selection_n,2844,130,129,36631,1538,54.07876230661041,11.0,3.0,37.0,23.817295188556567,0.5129165200645733,0.5227882037533512,0.4601542416452442,0.5647382920110193,0.4870834799354266
b,multi_horizon,Multi-horizon,194671,41.0,0.7652795838751626,1538,selection_n,2844,130,129,36631,1538,54.07876230661041,11.0,3.0,37.0,23.817295188556567,0.5129165200645733,0.5227882037533512,0.4601542416452442,0.5647382920110193,0.4870834799354266
b,multi_horizon,Multi-horizon,200695,41.0,0.7659297789336801,1538,selection_n,2844,130,129,36631,1538,54.07876230661041,11.0,3.0,37.0,23.817295188556567,0.5129165200645733,0.5227882037533512,0.4601542416452442,0.5647382920110193,0.4870834799354266
b,multi_horizon,Multi-horizon,3064,41.0,0.7665799739921977,1538,selection_n,2844,130,129,36631,1538,54.07876230661041,11.0,3.0,37.0,23.817295188556567,0.5129165200645733,0.5227882037533512,0.4601542416452442,0.5647382920110193,0.4870834799354266
b,multi_horizon,Multi-horizon,349812,41.0,0.7672301690507152,1538,selection_n,2844,130,129,36631,1538,54.07876230661041,11.0,3.0,37.0,23.817295188556567,0.5129165200645733,0.5227882037533512,0.4601542416452442,0.5647382920110193,0.4870834799354266
b,multi_horizon,Multi-horizon,354805,41.0,0.7678803641092328,1538,selection_n,2844,130,129,36631,1538,54.07876230661041,11.0,3.0,37.0,23.817295188556567,0.5129165200645733,0.5227882037533512,0.4601542416452442,0.5647382920110193,0.4870834799354266
b,multi_horizon,Multi-horizon,355715,41.0,0.7685305591677504,1538,selection_n,2844,130,129,36631,1538,54.07876230661041,11.0,3.0,37.0,23.817295188556567,0.5129165200645733,0.5227882037533512,0.4601542416452442,0.5647382920110193,0.4870834799354266
b,multi_horizon,Multi-horizon,355722,41.0,0.7691807542262679,1538,selection_n,2844,130,129,36631,1538,54.07876230661041,11.0,3.0,37.0,23.817295188556567,0.5129165200645733,0.5227882037533512,0.4601542416452442,0.5647382920110193,0.4870834799354266
b,multi_horizon,Multi-horizon,423800,41.0,0.7698309492847855,1538,selection_n,2844,130,129,36631,1538,54.07876230661041,11.0,3.0,37.0,23.817295188556567,0.5129165200645733,0.5227882037533512,0.4601542416452442,0.5647382920110193,0.4870834799354266
b,multi_horizon,Multi-horizon,4606,41.0,0.770481144343303,1538,selection_n,2844,130,129,36631,1538,54.07876230661041,11.0,3.0,37.0,23.817295188556567,0.5129165200645733,0.5227882037533512,0.4601542416452442,0.5647382920110193,0.4870834799354266
b,multi_horizon,Multi-horizon,10725,42.0,0.7711313394018205,1538,selection_n,2844,130,129,36631,1538,54.07876230661041,11.0,3.0,37.0,23.817295188556567,0.5129165200645733,0.5227882037533512,0.4601542416452442,0.5647382920110193,0.4870834799354266
b,multi_horizon,Multi-horizon,136311,42.0,0.7717815344603381,1538,selection_n,2844,130,129,36631,1538,54.07876230661041,11.0,3.0,37.0,23.817295188556567,0.5129165200645733,0.5227882037533512,0.4601542416452442,0.5647382920110193,0.4870834799354266
b,multi_horizon,Multi-horizon,1440,42.0,0.7724317295188556,1538,selection_n,2844,130,129,36631,1538,54.07876230661041,11.0,3.0,37.0,23.817295188556567,0.5129165200645733,0.5227882037533512,0.4601542416452442,0.5647382920110193,0.4870834799354266
b,multi_horizon,Multi-horizon,314560,42.0,0.7730819245773732,1538,selection_n,2844,130,129,36631,1538,54.07876230661041,11.0,3.0,37.0,23.817295188556567,0.5129165200645733,0.5227882037533512,0.4601542416452442,0.5647382920110193,0.4870834799354266
b,multi_horizon,Multi-horizon,362584,42.0,0.7737321196358907,1538,selection_n,2844,130,129,36631,1538,54.07876230661041,11.0,3.0,37.0,23.817295188556567,0.5129165200645733,0.5227882037533512,0.4601542416452442,0.5647382920110193,0.4870834799354266
b,multi_horizon,Multi-horizon,481099,42.0,0.7743823146944083,1538,selection_n,2844,130,129,36631,1538,54.07876230661041,11.0,3.0,37.0,23.817295188556567,0.5129165200645733,0.5227882037533512,0.4601542416452442,0.5647382920110193,0.4870834799354266
b,multi_horizon,Multi-horizon,7449,42.0,0.7750325097529259,1538,selection_n,2844,130,129,36631,1538,54.07876230661041,11.0,3.0,37.0,23.817295188556567,0.5129165200645733,0.5227882037533512,0.4601542416452442,0.5647382920110193,0.4870834799354266
b,multi_horizon,Multi-horizon,80564,42.0,0.7756827048114434,1538,selection_n,2844,130,129,36631,1538,54.07876230661041,11.0,3.0,37.0,23.817295188556567,0.5129165200645733,0.5227882037533512,0.4601542416452442,0.5647382920110193,0.4870834799354266
b,multi_horizon,Multi-horizon,134511,43.0,0.776332899869961,1538,selection_n,2844,130,129,36631,1538,54.07876230661041,11.0,3.0,37.0,23.817295188556567,0.5129165200645733,0.5227882037533512,0.4601542416452442,0.5647382920110193,0.4870834799354266
b,multi_horizon,Multi-horizon,142108,43.0,0.7769830949284785,1538,selection_n,2844,130,129,36631,1538,54.07876230661041,11.0,3.0,37.0,23.817295188556567,0.5129165200645733,0.5227882037533512,0.4601542416452442,0.5647382920110193,0.4870834799354266
b,multi_horizon,Multi-horizon,203606,43.0,0.7776332899869961,1538,selection_n,2844,130,129,36631,1538,54.07876230661041,11.0,3.0,37.0,23.817295188556567,0.5129165200645733,0.5227882037533512,0.4601542416452442,0.5647382920110193,0.4870834799354266
b,multi_horizon,Multi-horizon,35744,43.0,0.7782834850455137,1538,selection_n,2844,130,129,36631,1538,54.07876230661041,11.0,3.0,37.0,23.817295188556567,0.5129165200645733,0.5227882037533512,0.4601542416452442,0.5647382920110193,0.4870834799354266
b,multi_horizon,Multi-horizon,363083,43.0,0.7789336801040312,1538,selection_n,2844,130,129,36631,1538,54.07876230661041,11.0,3.0,37.0,23.817295188556567,0.5129165200645733,0.5227882037533512,0.4601542416452442,0.5647382920110193,0.4870834799354266
b,multi_horizon,Multi-horizon,36810,43.0,0.7795838751625488,1538,selection_n,2844,130,129,36631,1538,54.07876230661041,11.0,3.0,37.0,23.817295188556567,0.5129165200645733,0.5227882037533512,0.4601542416452442,0.5647382920110193,0.4870834799354266
b,multi_horizon,Multi-horizon,4389,43.0,0.7802340702210663,1538,selection_n,2844,130,129,36631,1538,54.07876230661041,11.0,3.0,37.0,23.817295188556567,0.5129165200645733,0.5227882037533512,0.4601542416452442,0.5647382920110193,0.4870834799354266
b,multi_horizon,Multi-horizon,4607,43.0,0.7808842652795839,1538,selection_n,2844,130,129,36631,1538,54.07876230661041,11.0,3.0,37.0,23.817295188556567,0.5129165200645733,0.5227882037533512,0.4601542416452442,0.5647382920110193,0.4870834799354266
b,multi_horizon,Multi-horizon,52571,43.0,0.7815344603381015,1538,selection_n,2844,130,129,36631,1538,54.07876230661041,11.0,3.0,37.0,23.817295188556567,0.5129165200645733,0.5227882037533512,0.4601542416452442,0.5647382920110193,0.4870834799354266
b,multi_horizon,Multi-horizon,6300,43.0,0.782184655396619,1538,selection_n,2844,130,129,36631,1538,54.07876230661041,11.0,3.0,37.0,23.817295188556567,0.5129165200645733,0.5227882037533512,0.4601542416452442,0.5647382920110193,0.4870834799354266
b,multi_horizon,Multi-horizon,142332,44.0,0.7828348504551366,1538,selection_n,2844,130,129,36631,1538,54.07876230661041,11.0,3.0,37.0,23.817295188556567,0.5129165200645733,0.5227882037533512,0.4601542416452442,0.5647382920110193,0.4870834799354266
b,multi_horizon,Multi-horizon,1694,44.0,0.783485045513654,1538,selection_n,2844,130,129,36631,1538,54.07876230661041,11.0,3.0,37.0,23.817295188556567,0.5129165200645733,0.5227882037533512,0.4601542416452442,0.5647382920110193,0.4870834799354266
b,multi_horizon,Multi-horizon,190092,44.0,0.7841352405721717,1538,selection_n,2844,130,129,36631,1538,54.07876230661041,11.0,3.0,37.0,23.817295188556567,0.5129165200645733,0.5227882037533512,0.4601542416452442,0.5647382920110193,0.4870834799354266
b,multi_horizon,Multi-horizon,209069,44.0,0.7847854356306893,1538,selection_n,2844,130,129,36631,1538,54.07876230661041,11.0,3.0,37.0,23.817295188556567,0.5129165200645733,0.5227882037533512,0.4601542416452442,0.5647382920110193,0.4870834799354266
b,multi_horizon,Multi-horizon,222,44.0,0.7854356306892067,1538,selection_n,2844,130,129,36631,1538,54.07876230661041,11.0,3.0,37.0,23.817295188556567,0.5129165200645733,0.5227882037533512,0.4601542416452442,0.5647382920110193,0.4870834799354266
b,multi_horizon,Multi-horizon,4884,44.0,0.7860858257477243,1538,selection_n,2844,130,129,36631,1538,54.07876230661041,11.0,3.0,37.0,23.817295188556567,0.5129165200645733,0.5227882037533512,0.4601542416452442,0.5647382920110193,0.4870834799354266
b,multi_horizon,Multi-horizon,50464,44.0,0.7867360208062418,1538,selection_n,2844,130,129,36631,1538,54.07876230661041,11.0,3.0,37.0,23.817295188556567,0.5129165200645733,0.5227882037533512,0.4601542416452442,0.5647382920110193,0.4870834799354266
b,multi_horizon,Multi-horizon,54712,44.0,0.7873862158647594,1538,selection_n,2844,130,129,36631,1538,54.07876230661041,11.0,3.0,37.0,23.817295188556567,0.5129165200645733,0.5227882037533512,0.4601542416452442,0.5647382920110193,0.4870834799354266
b,multi_horizon,Multi-horizon,6999,44.0,0.788036410923277,1538,selection_n,2844,130,129,36631,1538,54.07876230661041,11.0,3.0,37.0,23.817295188556567,0.5129165200645733,0.5227882037533512,0.4601542416452442,0.5647382920110193,0.4870834799354266
b,multi_horizon,Multi-horizon,119834,45.0,0.7886866059817945,1538,selection_n,2844,130,129,36631,1538,54.07876230661041,11.0,3.0,37.0,23.817295188556567,0.5129165200645733,0.5227882037533512,0.4601542416452442,0.5647382920110193,0.4870834799354266
b,multi_horizon,Multi-horizon,141802,45.0,0.7893368010403121,1538,selection_n,2844,130,129,36631,1538,54.07876230661041,11.0,3.0,37.0,23.817295188556567,0.5129165200645733,0.5227882037533512,0.4601542416452442,0.5647382920110193,0.4870834799354266
b,multi_horizon,Multi-horizon,196859,45.0,0.7899869960988296,1538,selection_n,2844,130,129,36631,1538,54.07876230661041,11.0,3.0,37.0,23.817295188556567,0.5129165200645733,0.5227882037533512,0.4601542416452442,0.5647382920110193,0.4870834799354266
b,multi_horizon,Multi-horizon,203123,45.0,0.7906371911573472,1538,selection_n,2844,130,129,36631,1538,54.07876230661041,11.0,3.0,37.0,23.817295188556567,0.5129165200645733,0.5227882037533512,0.4601542416452442,0.5647382920110193,0.4870834799354266
b,multi_horizon,Multi-horizon,207514,45.0,0.7912873862158648,1538,selection_n,2844,130,129,36631,1538,54.07876230661041,11.0,3.0,37.0,23.817295188556567,0.5129165200645733,0.5227882037533512,0.4601542416452442,0.5647382920110193,0.4870834799354266
b,multi_horizon,Multi-horizon,207749,45.0,0.7919375812743823,1538,selection_n,2844,130,129,36631,1538,54.07876230661041,11.0,3.0,37.0,23.817295188556567,0.5129165200645733,0.5227882037533512,0.4601542416452442,0.5647382920110193,0.4870834799354266
b,multi_horizon,Multi-horizon,2147,45.0,0.7925877763328999,1538,selection_n,2844,130,129,36631,1538,54.07876230661041,11.0,3.0,37.0,23.817295188556567,0.5129165200645733,0.5227882037533512,0.4601542416452442,0.5647382920110193,0.4870834799354266
b,multi_horizon,Multi-horizon,2709,45.0,0.7932379713914174,1538,selection_n,2844,130,129,36631,1538,54.07876230661041,11.0,3.0,37.0,23.817295188556567,0.5129165200645733,0.5227882037533512,0.4601542416452442,0.5647382920110193,0.4870834799354266
b,multi_horizon,Multi-horizon,2787,45.0,0.793888166449935,1538,selection_n,2844,130,129,36631,1538,54.07876230661041,11.0,3.0,37.0,23.817295188556567,0.5129165200645733,0.5227882037533512,0.4601542416452442,0.5647382920110193,0.4870834799354266
b,multi_horizon,Multi-horizon,3407,45.0,0.7945383615084526,1538,selection_n,2844,130,129,36631,1538,54.07876230661041,11.0,3.0,37.0,23.817295188556567,0.5129165200645733,0.5227882037533512,0.4601542416452442,0.5647382920110193,0.4870834799354266
b,multi_horizon,Multi-horizon,474375,45.0,0.7951885565669701,1538,selection_n,2844,130,129,36631,1538,54.07876230661041,11.0,3.0,37.0,23.817295188556567,0.5129165200645733,0.5227882037533512,0.4601542416452442,0.5647382920110193,0.4870834799354266
b,multi_horizon,Multi-horizon,4933,45.0,0.7958387516254877,1538,selection_n,2844,130,129,36631,1538,54.07876230661041,11.0,3.0,37.0,23.817295188556567,0.5129165200645733,0.5227882037533512,0.4601542416452442,0.5647382920110193,0.4870834799354266
b,multi_horizon,Multi-horizon,7067,45.0,0.7964889466840052,1538,selection_n,2844,130,129,36631,1538,54.07876230661041,11.0,3.0,37.0,23.817295188556567,0.5129165200645733,0.5227882037533512,0.4601542416452442,0.5647382920110193,0.4870834799354266
b,multi_horizon,Multi-horizon,119754,46.0,0.7971391417425228,1538,selection_n,2844,130,129,36631,1538,54.07876230661041,11.0,3.0,37.0,23.817295188556567,0.5129165200645733,0.5227882037533512,0.4601542416452442,0.5647382920110193,0.4870834799354266
b,multi_horizon,Multi-horizon,194594,46.0,0.7977893368010404,1538,selection_n,2844,130,129,36631,1538,54.07876230661041,11.0,3.0,37.0,23.817295188556567,0.5129165200645733,0.5227882037533512,0.4601542416452442,0.5647382920110193,0.4870834799354266
b,multi_horizon,Multi-horizon,202248,46.0,0.7984395318595578,1538,selection_n,2844,130,129,36631,1538,54.07876230661041,11.0,3.0,37.0,23.817295188556567,0.5129165200645733,0.5227882037533512,0.4601542416452442,0.5647382920110193,0.4870834799354266
b,multi_horizon,Multi-horizon,25760,46.0,0.7990897269180754,1538,selection_n,2844,130,129,36631,1538,54.07876230661041,11.0,3.0,37.0,23.817295188556567,0.5129165200645733,0.5227882037533512,0.4601542416452442,0.5647382920110193,0.4870834799354266
b,multi_horizon,Multi-horizon,3014,46.0,0.7997399219765929,1538,selection_n,2844,130,129,36631,1538,54.07876230661041,11.0,3.0,37.0,23.817295188556567,0.5129165200645733,0.5227882037533512,0.4601542416452442,0.5647382920110193,0.4870834799354266
b,multi_horizon,Multi-horizon,4510,46.0,0.8003901170351105,1538,selection_n,2844,130,129,36631,1538,54.07876230661041,11.0,3.0,37.0,23.817295188556567,0.5129165200645733,0.5227882037533512,0.4601542416452442,0.5647382920110193,0.4870834799354266
b,multi_horizon,Multi-horizon,5155,46.0,0.8010403120936281,1538,selection_n,2844,130,129,36631,1538,54.07876230661041,11.0,3.0,37.0,23.817295188556567,0.5129165200645733,0.5227882037533512,0.4601542416452442,0.5647382920110193,0.4870834799354266
b,multi_horizon,Multi-horizon,95,46.0,0.8016905071521456,1538,selection_n,2844,130,129,36631,1538,54.07876230661041,11.0,3.0,37.0,23.817295188556567,0.5129165200645733,0.5227882037533512,0.4601542416452442,0.5647382920110193,0.4870834799354266
b,multi_horizon,Multi-horizon,1814,47.0,0.8023407022106632,1538,selection_n,2844,130,129,36631,1538,54.07876230661041,11.0,3.0,37.0,23.817295188556567,0.5129165200645733,0.5227882037533512,0.4601542416452442,0.5647382920110193,0.4870834799354266
b,multi_horizon,Multi-horizon,2606,47.0,0.8029908972691807,1538,selection_n,2844,130,129,36631,1538,54.07876230661041,11.0,3.0,37.0,23.817295188556567,0.5129165200645733,0.5227882037533512,0.4601542416452442,0.5647382920110193,0.4870834799354266
b,multi_horizon,Multi-horizon,4440,47.0,0.8036410923276983,1538,selection_n,2844,130,129,36631,1538,54.07876230661041,11.0,3.0,37.0,23.817295188556567,0.5129165200645733,0.5227882037533512,0.4601542416452442,0.5647382920110193,0.4870834799354266
b,multi_horizon,Multi-horizon,473720,47.0,0.8042912873862159,1538,selection_n,2844,130,129,36631,1538,54.07876230661041,11.0,3.0,37.0,23.817295188556567,0.5129165200645733,0.5227882037533512,0.4601542416452442,0.5647382920110193,0.4870834799354266
b,multi_horizon,Multi-horizon,5329,47.0,0.8049414824447334,1538,selection_n,2844,130,129,36631,1538,54.07876230661041,11.0,3.0,37.0,23.817295188556567,0.5129165200645733,0.5227882037533512,0.4601542416452442,0.5647382920110193,0.4870834799354266
b,multi_horizon,Multi-horizon,57641,47.0,0.805591677503251,1538,selection_n,2844,130,129,36631,1538,54.07876230661041,11.0,3.0,37.0,23.817295188556567,0.5129165200645733,0.5227882037533512,0.4601542416452442,0.5647382920110193,0.4870834799354266
b,multi_horizon,Multi-horizon,94,47.0,0.8062418725617685,1538,selection_n,2844,130,129,36631,1538,54.07876230661041,11.0,3.0,37.0,23.817295188556567,0.5129165200645733,0.5227882037533512,0.4601542416452442,0.5647382920110193,0.4870834799354266
b,multi_horizon,Multi-horizon,26412,48.0,0.8068920676202861,1538,selection_n,2844,130,129,36631,1538,54.07876230661041,11.0,3.0,37.0,23.817295188556567,0.5129165200645733,0.5227882037533512,0.4601542416452442,0.5647382920110193,0.4870834799354266
b,multi_horizon,Multi-horizon,312677,48.0,0.8075422626788037,1538,selection_n,2844,130,129,36631,1538,54.07876230661041,11.0,3.0,37.0,23.817295188556567,0.5129165200645733,0.5227882037533512,0.4601542416452442,0.5647382920110193,0.4870834799354266
b,multi_horizon,Multi-horizon,356580,48.0,0.8081924577373212,1538,selection_n,2844,130,129,36631,1538,54.07876230661041,11.0,3.0,37.0,23.817295188556567,0.5129165200645733,0.5227882037533512,0.4601542416452442,0.5647382920110193,0.4870834799354266
b,multi_horizon,Multi-horizon,364854,48.0,0.8088426527958388,1538,selection_n,2844,130,129,36631,1538,54.07876230661041,11.0,3.0,37.0,23.817295188556567,0.5129165200645733,0.5227882037533512,0.4601542416452442,0.5647382920110193,0.4870834799354266
b,multi_horizon,Multi-horizon,4285,48.0,0.8094928478543563,1538,selection_n,2844,130,129,36631,1538,54.07876230661041,11.0,3.0,37.0,23.817295188556567,0.5129165200645733,0.5227882037533512,0.4601542416452442,0.5647382920110193,0.4870834799354266
b,multi_horizon,Multi-horizon,5027,48.0,0.8101430429128739,1538,selection_n,2844,130,129,36631,1538,54.07876230661041,11.0,3.0,37.0,23.817295188556567,0.5129165200645733,0.5227882037533512,0.4601542416452442,0.5647382920110193,0.4870834799354266
b,multi_horizon,Multi-horizon,7029,48.0,0.8107932379713915,1538,selection_n,2844,130,129,36631,1538,54.07876230661041,11.0,3.0,37.0,23.817295188556567,0.5129165200645733,0.5227882037533512,0.4601542416452442,0.5647382920110193,0.4870834799354266
b,multi_horizon,Multi-horizon,75,48.0,0.811443433029909,1538,selection_n,2844,130,129,36631,1538,54.07876230661041,11.0,3.0,37.0,23.817295188556567,0.5129165200645733,0.5227882037533512,0.4601542416452442,0.5647382920110193,0.4870834799354266
b,multi_horizon,Multi-horizon,85766,48.0,0.8120936280884266,1538,selection_n,2844,130,129,36631,1538,54.07876230661041,11.0,3.0,37.0,23.817295188556567,0.5129165200645733,0.5227882037533512,0.4601542416452442,0.5647382920110193,0.4870834799354266
b,multi_horizon,Multi-horizon,94375,48.0,0.812743823146944,1538,selection_n,2844,130,129,36631,1538,54.07876230661041,11.0,3.0,37.0,23.817295188556567,0.5129165200645733,0.5227882037533512,0.4601542416452442,0.5647382920110193,0.4870834799354266
b,multi_horizon,Multi-horizon,16159,49.0,0.8133940182054616,1538,selection_n,2844,130,129,36631,1538,54.07876230661041,11.0,3.0,37.0,23.817295188556567,0.5129165200645733,0.5227882037533512,0.4601542416452442,0.5647382920110193,0.4870834799354266
b,multi_horizon,Multi-horizon,312676,49.0,0.8140442132639792,1538,selection_n,2844,130,129,36631,1538,54.07876230661041,11.0,3.0,37.0,23.817295188556567,0.5129165200645733,0.5227882037533512,0.4601542416452442,0.5647382920110193,0.4870834799354266
b,multi_horizon,Multi-horizon,342597,49.0,0.8146944083224967,1538,selection_n,2844,130,129,36631,1538,54.07876230661041,11.0,3.0,37.0,23.817295188556567,0.5129165200645733,0.5227882037533512,0.4601542416452442,0.5647382920110193,0.4870834799354266
b,multi_horizon,Multi-horizon,5396,49.0,0.8153446033810143,1538,selection_n,2844,130,129,36631,1538,54.07876230661041,11.0,3.0,37.0,23.817295188556567,0.5129165200645733,0.5227882037533512,0.4601542416452442,0.5647382920110193,0.4870834799354266
b,multi_horizon,Multi-horizon,114824,50.0,0.8159947984395318,1538,selection_n,2844,130,129,36631,1538,54.07876230661041,11.0,3.0,37.0,23.817295188556567,0.5129165200645733,0.5227882037533512,0.4601542416452442,0.5647382920110193,0.4870834799354266
b,multi_horizon,Multi-horizon,121973,50.0,0.8166449934980494,1538,selection_n,2844,130,129,36631,1538,54.07876230661041,11.0,3.0,37.0,23.817295188556567,0.5129165200645733,0.5227882037533512,0.4601542416452442,0.5647382920110193,0.4870834799354266
b,multi_horizon,Multi-horizon,3177,50.0,0.817295188556567,1538,selection_n,2844,130,129,36631,1538,54.07876230661041,11.0,3.0,37.0,23.817295188556567,0.5129165200645733,0.5227882037533512,0.4601542416452442,0.5647382920110193,0.4870834799354266
b,multi_horizon,Multi-horizon,413,50.0,0.8179453836150845,1538,selection_n,2844,130,129,36631,1538,54.07876230661041,11.0,3.0,37.0,23.817295188556567,0.5129165200645733,0.5227882037533512,0.4601542416452442,0.5647382920110193,0.4870834799354266
b,multi_horizon,Multi-horizon,54178,50.0,0.8185955786736021,1538,selection_n,2844,130,129,36631,1538,54.07876230661041,11.0,3.0,37.0,23.817295188556567,0.5129165200645733,0.5227882037533512,0.4601542416452442,0.5647382920110193,0.4870834799354266
b,multi_horizon,Multi-horizon,6210,50.0,0.8192457737321196,1538,selection_n,2844,130,129,36631,1538,54.07876230661041,11.0,3.0,37.0,23.817295188556567,0.5129165200645733,0.5227882037533512,0.4601542416452442,0.5647382920110193,0.4870834799354266
b,multi_horizon,Multi-horizon,1330,51.0,0.8198959687906372,1538,selection_n,2844,130,129,36631,1538,54.07876230661041,11.0,3.0,37.0,23.817295188556567,0.5129165200645733,0.5227882037533512,0.4601542416452442,0.5647382920110193,0.4870834799354266
b,multi_horizon,Multi-horizon,196871,51.0,0.8205461638491548,1538,selection_n,2844,130,129,36631,1538,54.07876230661041,11.0,3.0,37.0,23.817295188556567,0.5129165200645733,0.5227882037533512,0.4601542416452442,0.5647382920110193,0.4870834799354266
b,multi_horizon,Multi-horizon,201013,51.0,0.8211963589076723,1538,selection_n,2844,130,129,36631,1538,54.07876230661041,11.0,3.0,37.0,23.817295188556567,0.5129165200645733,0.5227882037533512,0.4601542416452442,0.5647382920110193,0.4870834799354266
b,multi_horizon,Multi-horizon,211230,51.0,0.8218465539661899,1538,selection_n,2844,130,129,36631,1538,54.07876230661041,11.0,3.0,37.0,23.817295188556567,0.5129165200645733,0.5227882037533512,0.4601542416452442,0.5647382920110193,0.4870834799354266
b,multi_horizon,Multi-horizon,2269,51.0,0.8224967490247074,1538,selection_n,2844,130,129,36631,1538,54.07876230661041,11.0,3.0,37.0,23.817295188556567,0.5129165200645733,0.5227882037533512,0.4601542416452442,0.5647382920110193,0.4870834799354266
b,multi_horizon,Multi-horizon,314992,51.0,0.823146944083225,1538,selection_n,2844,130,129,36631,1538,54.07876230661041,11.0,3.0,37.0,23.817295188556567,0.5129165200645733,0.5227882037533512,0.4601542416452442,0.5647382920110193,0.4870834799354266
b,multi_horizon,Multi-horizon,363219,51.0,0.8237971391417426,1538,selection_n,2844,130,129,36631,1538,54.07876230661041,11.0,3.0,37.0,23.817295188556567,0.5129165200645733,0.5227882037533512,0.4601542416452442,0.5647382920110193,0.4870834799354266
b,multi_horizon,Multi-horizon,454185,51.0,0.8244473342002601,1538,selection_n,2844,130,129,36631,1538,54.07876230661041,11.0,3.0,37.0,23.817295188556567,0.5129165200645733,0.5227882037533512,0.4601542416452442,0.5647382920110193,0.4870834799354266
b,multi_horizon,Multi-horizon,5290,51.0,0.8250975292587777,1538,selection_n,2844,130,129,36631,1538,54.07876230661041,11.0,3.0,37.0,23.817295188556567,0.5129165200645733,0.5227882037533512,0.4601542416452442,0.5647382920110193,0.4870834799354266
b,multi_horizon,Multi-horizon,5421,51.0,0.8257477243172952,1538,selection_n,2844,130,129,36631,1538,54.07876230661041,11.0,3.0,37.0,23.817295188556567,0.5129165200645733,0.5227882037533512,0.4601542416452442,0.5647382920110193,0.4870834799354266
b,multi_horizon,Multi-horizon,6465,51.0,0.8263979193758128,1538,selection_n,2844,130,129,36631,1538,54.07876230661041,11.0,3.0,37.0,23.817295188556567,0.5129165200645733,0.5227882037533512,0.4601542416452442,0.5647382920110193,0.4870834799354266
b,multi_horizon,Multi-horizon,6970,51.0,0.8270481144343304,1538,selection_n,2844,130,129,36631,1538,54.07876230661041,11.0,3.0,37.0,23.817295188556567,0.5129165200645733,0.5227882037533512,0.4601542416452442,0.5647382920110193,0.4870834799354266
b,multi_horizon,Multi-horizon,6983,51.0,0.8276983094928478,1538,selection_n,2844,130,129,36631,1538,54.07876230661041,11.0,3.0,37.0,23.817295188556567,0.5129165200645733,0.5227882037533512,0.4601542416452442,0.5647382920110193,0.4870834799354266
b,multi_horizon,Multi-horizon,2261,52.0,0.8283485045513654,1538,selection_n,2844,130,129,36631,1538,54.07876230661041,11.0,3.0,37.0,23.817295188556567,0.5129165200645733,0.5227882037533512,0.4601542416452442,0.5647382920110193,0.4870834799354266
b,multi_horizon,Multi-horizon,3562,52.0,0.8289986996098829,1538,selection_n,2844,130,129,36631,1538,54.07876230661041,11.0,3.0,37.0,23.817295188556567,0.5129165200645733,0.5227882037533512,0.4601542416452442,0.5647382920110193,0.4870834799354266
b,multi_horizon,Multi-horizon,356876,52.0,0.8296488946684005,1538,selection_n,2844,130,129,36631,1538,54.07876230661041,11.0,3.0,37.0,23.817295188556567,0.5129165200645733,0.5227882037533512,0.4601542416452442,0.5647382920110193,0.4870834799354266
b,multi_horizon,Multi-horizon,361755,52.0,0.8302990897269181,1538,selection_n,2844,130,129,36631,1538,54.07876230661041,11.0,3.0,37.0,23.817295188556567,0.5129165200645733,0.5227882037533512,0.4601542416452442,0.5647382920110193,0.4870834799354266
b,multi_horizon,Multi-horizon,368832,52.0,0.8309492847854356,1538,selection_n,2844,130,129,36631,1538,54.07876230661041,11.0,3.0,37.0,23.817295188556567,0.5129165200645733,0.5227882037533512,0.4601542416452442,0.5647382920110193,0.4870834799354266
b,multi_horizon,Multi-horizon,3848,52.0,0.8315994798439532,1538,selection_n,2844,130,129,36631,1538,54.07876230661041,11.0,3.0,37.0,23.817295188556567,0.5129165200645733,0.5227882037533512,0.4601542416452442,0.5647382920110193,0.4870834799354266
b,multi_horizon,Multi-horizon,4532,52.0,0.8322496749024707,1538,selection_n,2844,130,129,36631,1538,54.07876230661041,11.0,3.0,37.0,23.817295188556567,0.5129165200645733,0.5227882037533512,0.4601542416452442,0.5647382920110193,0.4870834799354266
b,multi_horizon,Multi-horizon,515,52.0,0.8328998699609883,1538,selection_n,2844,130,129,36631,1538,54.07876230661041,11.0,3.0,37.0,23.817295188556567,0.5129165200645733,0.5227882037533512,0.4601542416452442,0.5647382920110193,0.4870834799354266
b,multi_horizon,Multi-horizon,5256,52.0,0.8335500650195059,1538,selection_n,2844,130,129,36631,1538,54.07876230661041,11.0,3.0,37.0,23.817295188556567,0.5129165200645733,0.5227882037533512,0.4601542416452442,0.5647382920110193,0.4870834799354266
b,multi_horizon,Multi-horizon,5374,52.0,0.8342002600780234,1538,selection_n,2844,130,129,36631,1538,54.07876230661041,11.0,3.0,37.0,23.817295188556567,0.5129165200645733,0.5227882037533512,0.4601542416452442,0.5647382920110193,0.4870834799354266
b,multi_horizon,Multi-horizon,57709,52.0,0.834850455136541,1538,selection_n,2844,130,129,36631,1538,54.07876230661041,11.0,3.0,37.0,23.817295188556567,0.5129165200645733,0.5227882037533512,0.4601542416452442,0.5647382920110193,0.4870834799354266
b,multi_horizon,Multi-horizon,360013,53.0,0.8355006501950585,1538,selection_n,2844,130,129,36631,1538,54.07876230661041,11.0,3.0,37.0,23.817295188556567,0.5129165200645733,0.5227882037533512,0.4601542416452442,0.5647382920110193,0.4870834799354266
b,multi_horizon,Multi-horizon,431,53.0,0.8361508452535761,1538,selection_n,2844,130,129,36631,1538,54.07876230661041,11.0,3.0,37.0,23.817295188556567,0.5129165200645733,0.5227882037533512,0.4601542416452442,0.5647382920110193,0.4870834799354266
b,multi_horizon,Multi-horizon,4631,53.0,0.8368010403120937,1538,selection_n,2844,130,129,36631,1538,54.07876230661041,11.0,3.0,37.0,23.817295188556567,0.5129165200645733,0.5227882037533512,0.4601542416452442,0.5647382920110193,0.4870834799354266
b,multi_horizon,Multi-horizon,4799,53.0,0.8374512353706112,1538,selection_n,2844,130,129,36631,1538,54.07876230661041,11.0,3.0,37.0,23.817295188556567,0.5129165200645733,0.5227882037533512,0.4601542416452442,0.5647382920110193,0.4870834799354266
b,multi_horizon,Multi-horizon,55874,53.0,0.8381014304291288,1538,selection_n,2844,130,129,36631,1538,54.07876230661041,11.0,3.0,37.0,23.817295188556567,0.5129165200645733,0.5227882037533512,0.4601542416452442,0.5647382920110193,0.4870834799354266
b,multi_horizon,Multi-horizon,128,54.0,0.8387516254876463,1538,selection_n,2844,130,129,36631,1538,54.07876230661041,11.0,3.0,37.0,23.817295188556567,0.5129165200645733,0.5227882037533512,0.4601542416452442,0.5647382920110193,0.4870834799354266
b,multi_horizon,Multi-horizon,141910,54.0,0.8394018205461639,1538,selection_n,2844,130,129,36631,1538,54.07876230661041,11.0,3.0,37.0,23.817295188556567,0.5129165200645733,0.5227882037533512,0.4601542416452442,0.5647382920110193,0.4870834799354266
b,multi_horizon,Multi-horizon,1932,54.0,0.8400520156046815,1538,selection_n,2844,130,129,36631,1538,54.07876230661041,11.0,3.0,37.0,23.817295188556567,0.5129165200645733,0.5227882037533512,0.4601542416452442,0.5647382920110193,0.4870834799354266
b,multi_horizon,Multi-horizon,355468,54.0,0.840702210663199,1538,selection_n,2844,130,129,36631,1538,54.07876230661041,11.0,3.0,37.0,23.817295188556567,0.5129165200645733,0.5227882037533512,0.4601542416452442,0.5647382920110193,0.4870834799354266
b,multi_horizon,Multi-horizon,361694,54.0,0.8413524057217165,1538,selection_n,2844,130,129,36631,1538,54.07876230661041,11.0,3.0,37.0,23.817295188556567,0.5129165200645733,0.5227882037533512,0.4601542416452442,0.5647382920110193,0.4870834799354266
b,multi_horizon,Multi-horizon,4111,54.0,0.842002600780234,1538,selection_n,2844,130,129,36631,1538,54.07876230661041,11.0,3.0,37.0,23.817295188556567,0.5129165200645733,0.5227882037533512,0.4601542416452442,0.5647382920110193,0.4870834799354266
b,multi_horizon,Multi-horizon,471,54.0,0.8426527958387516,1538,selection_n,2844,130,129,36631,1538,54.07876230661041,11.0,3.0,37.0,23.817295188556567,0.5129165200645733,0.5227882037533512,0.4601542416452442,0.5647382920110193,0.4870834799354266
b,multi_horizon,Multi-horizon,5383,54.0,0.8433029908972692,1538,selection_n,2844,130,129,36631,1538,54.07876230661041,11.0,3.0,37.0,23.817295188556567,0.5129165200645733,0.5227882037533512,0.4601542416452442,0.5647382920110193,0.4870834799354266
b,multi_horizon,Multi-horizon,5550,54.0,0.8439531859557867,1538,selection_n,2844,130,129,36631,1538,54.07876230661041,11.0,3.0,37.0,23.817295188556567,0.5129165200645733,0.5227882037533512,0.4601542416452442,0.5647382920110193,0.4870834799354266
b,multi_horizon,Multi-horizon,194682,55.0,0.8446033810143043,1538,selection_n,2844,130,129,36631,1538,54.07876230661041,11.0,3.0,37.0,23.817295188556567,0.5129165200645733,0.5227882037533512,0.4601542416452442,0.5647382920110193,0.4870834799354266
b,multi_horizon,Multi-horizon,194683,55.0,0.8452535760728218,1538,selection_n,2844,130,129,36631,1538,54.07876230661041,11.0,3.0,37.0,23.817295188556567,0.5129165200645733,0.5227882037533512,0.4601542416452442,0.5647382920110193,0.4870834799354266
b,multi_horizon,Multi-horizon,341700,55.0,0.8459037711313394,1538,selection_n,2844,130,129,36631,1538,54.07876230661041,11.0,3.0,37.0,23.817295188556567,0.5129165200645733,0.5227882037533512,0.4601542416452442,0.5647382920110193,0.4870834799354266
b,multi_horizon,Multi-horizon,345199,55.0,0.846553966189857,1538,selection_n,2844,130,129,36631,1538,54.07876230661041,11.0,3.0,37.0,23.817295188556567,0.5129165200645733,0.5227882037533512,0.4601542416452442,0.5647382920110193,0.4870834799354266
b,multi_horizon,Multi-horizon,463337,55.0,0.8472041612483745,1538,selection_n,2844,130,129,36631,1538,54.07876230661041,11.0,3.0,37.0,23.817295188556567,0.5129165200645733,0.5227882037533512,0.4601542416452442,0.5647382920110193,0.4870834799354266
b,multi_horizon,Multi-horizon,4816,55.0,0.8478543563068921,1538,selection_n,2844,130,129,36631,1538,54.07876230661041,11.0,3.0,37.0,23.817295188556567,0.5129165200645733,0.5227882037533512,0.4601542416452442,0.5647382920110193,0.4870834799354266
b,multi_horizon,Multi-horizon,6462,55.0,0.8485045513654096,1538,selection_n,2844,130,129,36631,1538,54.07876230661041,11.0,3.0,37.0,23.817295188556567,0.5129165200645733,0.5227882037533512,0.4601542416452442,0.5647382920110193,0.4870834799354266
b,multi_horizon,Multi-horizon,116962,56.0,0.8491547464239272,1538,selection_n,2844,130,129,36631,1538,54.07876230661041,11.0,3.0,37.0,23.817295188556567,0.5129165200645733,0.5227882037533512,0.4601542416452442,0.5647382920110193,0.4870834799354266
b,multi_horizon,Multi-horizon,1845,56.0,0.8498049414824448,1538,selection_n,2844,130,129,36631,1538,54.07876230661041,11.0,3.0,37.0,23.817295188556567,0.5129165200645733,0.5227882037533512,0.4601542416452442,0.5647382920110193,0.4870834799354266
b,multi_horizon,Multi-horizon,193565,56.0,0.8504551365409623,1538,selection_n,2844,130,129,36631,1538,54.07876230661041,11.0,3.0,37.0,23.817295188556567,0.5129165200645733,0.5227882037533512,0.4601542416452442,0.5647382920110193,0.4870834799354266
b,multi_horizon,Multi-horizon,194813,56.0,0.8511053315994799,1538,selection_n,2844,130,129,36631,1538,54.07876230661041,11.0,3.0,37.0,23.817295188556567,0.5129165200645733,0.5227882037533512,0.4601542416452442,0.5647382920110193,0.4870834799354266
b,multi_horizon,Multi-horizon,2154,56.0,0.8517555266579974,1538,selection_n,2844,130,129,36631,1538,54.07876230661041,11.0,3.0,37.0,23.817295188556567,0.5129165200645733,0.5227882037533512,0.4601542416452442,0.5647382920110193,0.4870834799354266
b,multi_horizon,Multi-horizon,2344,56.0,0.852405721716515,1538,selection_n,2844,130,129,36631,1538,54.07876230661041,11.0,3.0,37.0,23.817295188556567,0.5129165200645733,0.5227882037533512,0.4601542416452442,0.5647382920110193,0.4870834799354266
b,multi_horizon,Multi-horizon,2419,56.0,0.8530559167750326,1538,selection_n,2844,130,129,36631,1538,54.07876230661041,11.0,3.0,37.0,23.817295188556567,0.5129165200645733,0.5227882037533512,0.4601542416452442,0.5647382920110193,0.4870834799354266
b,multi_horizon,Multi-horizon,3765,56.0,0.85370611183355,1538,selection_n,2844,130,129,36631,1538,54.07876230661041,11.0,3.0,37.0,23.817295188556567,0.5129165200645733,0.5227882037533512,0.4601542416452442,0.5647382920110193,0.4870834799354266
b,multi_horizon,Multi-horizon,4150,56.0,0.8543563068920677,1538,selection_n,2844,130,129,36631,1538,54.07876230661041,11.0,3.0,37.0,23.817295188556567,0.5129165200645733,0.5227882037533512,0.4601542416452442,0.5647382920110193,0.4870834799354266
b,multi_horizon,Multi-horizon,4152,56.0,0.8550065019505851,1538,selection_n,2844,130,129,36631,1538,54.07876230661041,11.0,3.0,37.0,23.817295188556567,0.5129165200645733,0.5227882037533512,0.4601542416452442,0.5647382920110193,0.4870834799354266
b,multi_horizon,Multi-horizon,57638,56.0,0.8556566970091027,1538,selection_n,2844,130,129,36631,1538,54.07876230661041,11.0,3.0,37.0,23.817295188556567,0.5129165200645733,0.5227882037533512,0.4601542416452442,0.5647382920110193,0.4870834799354266
b,multi_horizon,Multi-horizon,973,56.0,0.8563068920676203,1538,selection_n,2844,130,129,36631,1538,54.07876230661041,11.0,3.0,37.0,23.817295188556567,0.5129165200645733,0.5227882037533512,0.4601542416452442,0.5647382920110193,0.4870834799354266
b,multi_horizon,Multi-horizon,3924,57.0,0.8569570871261378,1538,selection_n,2844,130,129,36631,1538,54.07876230661041,11.0,3.0,37.0,23.817295188556567,0.5129165200645733,0.5227882037533512,0.4601542416452442,0.5647382920110193,0.4870834799354266
b,multi_horizon,Multi-horizon,6062,57.0,0.8576072821846554,1538,selection_n,2844,130,129,36631,1538,54.07876230661041,11.0,3.0,37.0,23.817295188556567,0.5129165200645733,0.5227882037533512,0.4601542416452442,0.5647382920110193,0.4870834799354266
b,multi_horizon,Multi-horizon,6968,57.0,0.8582574772431729,1538,selection_n,2844,130,129,36631,1538,54.07876230661041,11.0,3.0,37.0,23.817295188556567,0.5129165200645733,0.5227882037533512,0.4601542416452442,0.5647382920110193,0.4870834799354266
b,multi_horizon,Multi-horizon,6971,57.0,0.8589076723016905,1538,selection_n,2844,130,129,36631,1538,54.07876230661041,11.0,3.0,37.0,23.817295188556567,0.5129165200645733,0.5227882037533512,0.4601542416452442,0.5647382920110193,0.4870834799354266
b,multi_horizon,Multi-horizon,73448,57.0,0.8595578673602081,1538,selection_n,2844,130,129,36631,1538,54.07876230661041,11.0,3.0,37.0,23.817295188556567,0.5129165200645733,0.5227882037533512,0.4601542416452442,0.5647382920110193,0.4870834799354266
b,multi_horizon,Multi-horizon,193056,58.0,0.8602080624187256,1538,selection_n,2844,130,129,36631,1538,54.07876230661041,11.0,3.0,37.0,23.817295188556567,0.5129165200645733,0.5227882037533512,0.4601542416452442,0.5647382920110193,0.4870834799354266
b,multi_horizon,Multi-horizon,203121,58.0,0.8608582574772432,1538,selection_n,2844,130,129,36631,1538,54.07876230661041,11.0,3.0,37.0,23.817295188556567,0.5129165200645733,0.5227882037533512,0.4601542416452442,0.5647382920110193,0.4870834799354266
b,multi_horizon,Multi-horizon,205322,58.0,0.8615084525357607,1538,selection_n,2844,130,129,36631,1538,54.07876230661041,11.0,3.0,37.0,23.817295188556567,0.5129165200645733,0.5227882037533512,0.4601542416452442,0.5647382920110193,0.4870834799354266
b,multi_horizon,Multi-horizon,2842,58.0,0.8621586475942783,1538,selection_n,2844,130,129,36631,1538,54.07876230661041,11.0,3.0,37.0,23.817295188556567,0.5129165200645733,0.5227882037533512,0.4601542416452442,0.5647382920110193,0.4870834799354266
b,multi_horizon,Multi-horizon,3384,58.0,0.8628088426527959,1538,selection_n,2844,130,129,36631,1538,54.07876230661041,11.0,3.0,37.0,23.817295188556567,0.5129165200645733,0.5227882037533512,0.4601542416452442,0.5647382920110193,0.4870834799354266
b,multi_horizon,Multi-horizon,367586,58.0,0.8634590377113134,1538,selection_n,2844,130,129,36631,1538,54.07876230661041,11.0,3.0,37.0,23.817295188556567,0.5129165200645733,0.5227882037533512,0.4601542416452442,0.5647382920110193,0.4870834799354266
b,multi_horizon,Multi-horizon,3943,58.0,0.864109232769831,1538,selection_n,2844,130,129,36631,1538,54.07876230661041,11.0,3.0,37.0,23.817295188556567,0.5129165200645733,0.5227882037533512,0.4601542416452442,0.5647382920110193,0.4870834799354266
b,multi_horizon,Multi-horizon,467172,58.0,0.8647594278283485,1538,selection_n,2844,130,129,36631,1538,54.07876230661041,11.0,3.0,37.0,23.817295188556567,0.5129165200645733,0.5227882037533512,0.4601542416452442,0.5647382920110193,0.4870834799354266
b,multi_horizon,Multi-horizon,5246,58.0,0.8654096228868661,1538,selection_n,2844,130,129,36631,1538,54.07876230661041,11.0,3.0,37.0,23.817295188556567,0.5129165200645733,0.5227882037533512,0.4601542416452442,0.5647382920110193,0.4870834799354266
b,multi_horizon,Multi-horizon,7049,58.0,0.8660598179453837,1538,selection_n,2844,130,129,36631,1538,54.07876230661041,11.0,3.0,37.0,23.817295188556567,0.5129165200645733,0.5227882037533512,0.4601542416452442,0.5647382920110193,0.4870834799354266
b,multi_horizon,Multi-horizon,758,58.0,0.8667100130039012,1538,selection_n,2844,130,129,36631,1538,54.07876230661041,11.0,3.0,37.0,23.817295188556567,0.5129165200645733,0.5227882037533512,0.4601542416452442,0.5647382920110193,0.4870834799354266
b,multi_horizon,Multi-horizon,86065,58.0,0.8673602080624188,1538,selection_n,2844,130,129,36631,1538,54.07876230661041,11.0,3.0,37.0,23.817295188556567,0.5129165200645733,0.5227882037533512,0.4601542416452442,0.5647382920110193,0.4870834799354266
b,multi_horizon,Multi-horizon,23286,59.0,0.8680104031209362,1538,selection_n,2844,130,129,36631,1538,54.07876230661041,11.0,3.0,37.0,23.817295188556567,0.5129165200645733,0.5227882037533512,0.4601542416452442,0.5647382920110193,0.4870834799354266
b,multi_horizon,Multi-horizon,3382,59.0,0.8686605981794538,1538,selection_n,2844,130,129,36631,1538,54.07876230661041,11.0,3.0,37.0,23.817295188556567,0.5129165200645733,0.5227882037533512,0.4601542416452442,0.5647382920110193,0.4870834799354266
b,multi_horizon,Multi-horizon,452798,59.0,0.8693107932379714,1538,selection_n,2844,130,129,36631,1538,54.07876230661041,11.0,3.0,37.0,23.817295188556567,0.5129165200645733,0.5227882037533512,0.4601542416452442,0.5647382920110193,0.4870834799354266
b,multi_horizon,Multi-horizon,72123,59.0,0.8699609882964889,1538,selection_n,2844,130,129,36631,1538,54.07876230661041,11.0,3.0,37.0,23.817295188556567,0.5129165200645733,0.5227882037533512,0.4601542416452442,0.5647382920110193,0.4870834799354266
b,multi_horizon,Multi-horizon,92022,59.0,0.8706111833550065,1538,selection_n,2844,130,129,36631,1538,54.07876230661041,11.0,3.0,37.0,23.817295188556567,0.5129165200645733,0.5227882037533512,0.4601542416452442,0.5647382920110193,0.4870834799354266
b,multi_horizon,Multi-horizon,1431,60.0,0.871261378413524,1538,selection_n,2844,130,129,36631,1538,54.07876230661041,11.0,3.0,37.0,23.817295188556567,0.5129165200645733,0.5227882037533512,0.4601542416452442,0.5647382920110193,0.4870834799354266
b,multi_horizon,Multi-horizon,194329,60.0,0.8719115734720416,1538,selection_n,2844,130,129,36631,1538,54.07876230661041,11.0,3.0,37.0,23.817295188556567,0.5129165200645733,0.5227882037533512,0.4601542416452442,0.5647382920110193,0.4870834799354266
b,multi_horizon,Multi-horizon,208737,60.0,0.8725617685305592,1538,selection_n,2844,130,129,36631,1538,54.07876230661041,11.0,3.0,37.0,23.817295188556567,0.5129165200645733,0.5227882037533512,0.4601542416452442,0.5647382920110193,0.4870834799354266
b,multi_horizon,Multi-horizon,339022,60.0,0.8732119635890767,1538,selection_n,2844,130,129,36631,1538,54.07876230661041,11.0,3.0,37.0,23.817295188556567,0.5129165200645733,0.5227882037533512,0.4601542416452442,0.5647382920110193,0.4870834799354266
b,multi_horizon,Multi-horizon,351717,60.0,0.8738621586475943,1538,selection_n,2844,130,129,36631,1538,54.07876230661041,11.0,3.0,37.0,23.817295188556567,0.5129165200645733,0.5227882037533512,0.4601542416452442,0.5647382920110193,0.4870834799354266
b,multi_horizon,Multi-horizon,464222,60.0,0.8745123537061118,1538,selection_n,2844,130,129,36631,1538,54.07876230661041,11.0,3.0,37.0,23.817295188556567,0.5129165200645733,0.5227882037533512,0.4601542416452442,0.5647382920110193,0.4870834799354266
b,multi_horizon,Multi-horizon,915,60.0,0.8751625487646294,1538,selection_n,2844,130,129,36631,1538,54.07876230661041,11.0,3.0,37.0,23.817295188556567,0.5129165200645733,0.5227882037533512,0.4601542416452442,0.5647382920110193,0.4870834799354266
b,multi_horizon,Multi-horizon,124012,61.0,0.8758127438231469,1538,selection_n,2844,130,129,36631,1538,54.07876230661041,11.0,3.0,37.0,23.817295188556567,0.5129165200645733,0.5227882037533512,0.4601542416452442,0.5647382920110193,0.4870834799354266
b,multi_horizon,Multi-horizon,189910,61.0,0.8764629388816645,1538,selection_n,2844,130,129,36631,1538,54.07876230661041,11.0,3.0,37.0,23.817295188556567,0.5129165200645733,0.5227882037533512,0.4601542416452442,0.5647382920110193,0.4870834799354266
b,multi_horizon,Multi-horizon,193371,61.0,0.8771131339401821,1538,selection_n,2844,130,129,36631,1538,54.07876230661041,11.0,3.0,37.0,23.817295188556567,0.5129165200645733,0.5227882037533512,0.4601542416452442,0.5647382920110193,0.4870834799354266
b,multi_horizon,Multi-horizon,204033,61.0,0.8777633289986996,1538,selection_n,2844,130,129,36631,1538,54.07876230661041,11.0,3.0,37.0,23.817295188556567,0.5129165200645733,0.5227882037533512,0.4601542416452442,0.5647382920110193,0.4870834799354266
b,multi_horizon,Multi-horizon,350316,61.0,0.8784135240572172,1538,selection_n,2844,130,129,36631,1538,54.07876230661041,11.0,3.0,37.0,23.817295188556567,0.5129165200645733,0.5227882037533512,0.4601542416452442,0.5647382920110193,0.4870834799354266
b,multi_horizon,Multi-horizon,361919,61.0,0.8790637191157347,1538,selection_n,2844,130,129,36631,1538,54.07876230661041,11.0,3.0,37.0,23.817295188556567,0.5129165200645733,0.5227882037533512,0.4601542416452442,0.5647382920110193,0.4870834799354266
b,multi_horizon,Multi-horizon,4035,61.0,0.8797139141742523,1538,selection_n,2844,130,129,36631,1538,54.07876230661041,11.0,3.0,37.0,23.817295188556567,0.5129165200645733,0.5227882037533512,0.4601542416452442,0.5647382920110193,0.4870834799354266
b,multi_horizon,Multi-horizon,4401,61.0,0.8803641092327699,1538,selection_n,2844,130,129,36631,1538,54.07876230661041,11.0,3.0,37.0,23.817295188556567,0.5129165200645733,0.5227882037533512,0.4601542416452442,0.5647382920110193,0.4870834799354266
b,multi_horizon,Multi-horizon,4944,61.0,0.8810143042912874,1538,selection_n,2844,130,129,36631,1538,54.07876230661041,11.0,3.0,37.0,23.817295188556567,0.5129165200645733,0.5227882037533512,0.4601542416452442,0.5647382920110193,0.4870834799354266
b,multi_horizon,Multi-horizon,72,61.0,0.881664499349805,1538,selection_n,2844,130,129,36631,1538,54.07876230661041,11.0,3.0,37.0,23.817295188556567,0.5129165200645733,0.5227882037533512,0.4601542416452442,0.5647382920110193,0.4870834799354266
b,multi_horizon,Multi-horizon,189779,62.0,0.8823146944083224,1538,selection_n,2844,130,129,36631,1538,54.07876230661041,11.0,3.0,37.0,23.817295188556567,0.5129165200645733,0.5227882037533512,0.4601542416452442,0.5647382920110193,0.4870834799354266
b,multi_horizon,Multi-horizon,3316,62.0,0.88296488946684,1538,selection_n,2844,130,129,36631,1538,54.07876230661041,11.0,3.0,37.0,23.817295188556567,0.5129165200645733,0.5227882037533512,0.4601542416452442,0.5647382920110193,0.4870834799354266
b,multi_horizon,Multi-horizon,356001,62.0,0.8836150845253576,1538,selection_n,2844,130,129,36631,1538,54.07876230661041,11.0,3.0,37.0,23.817295188556567,0.5129165200645733,0.5227882037533512,0.4601542416452442,0.5647382920110193,0.4870834799354266
b,multi_horizon,Multi-horizon,4890,62.0,0.8842652795838751,1538,selection_n,2844,130,129,36631,1538,54.07876230661041,11.0,3.0,37.0,23.817295188556567,0.5129165200645733,0.5227882037533512,0.4601542416452442,0.5647382920110193,0.4870834799354266
b,multi_horizon,Multi-horizon,61342,62.0,0.8849154746423927,1538,selection_n,2844,130,129,36631,1538,54.07876230661041,11.0,3.0,37.0,23.817295188556567,0.5129165200645733,0.5227882037533512,0.4601542416452442,0.5647382920110193,0.4870834799354266
b,multi_horizon,Multi-horizon,2686,63.0,0.8855656697009102,1538,selection_n,2844,130,129,36631,1538,54.07876230661041,11.0,3.0,37.0,23.817295188556567,0.5129165200645733,0.5227882037533512,0.4601542416452442,0.5647382920110193,0.4870834799354266
b,multi_horizon,Multi-horizon,474,63.0,0.8862158647594278,1538,selection_n,2844,130,129,36631,1538,54.07876230661041,11.0,3.0,37.0,23.817295188556567,0.5129165200645733,0.5227882037533512,0.4601542416452442,0.5647382920110193,0.4870834799354266
b,multi_horizon,Multi-horizon,86016,63.0,0.8868660598179454,1538,selection_n,2844,130,129,36631,1538,54.07876230661041,11.0,3.0,37.0,23.817295188556567,0.5129165200645733,0.5227882037533512,0.4601542416452442,0.5647382920110193,0.4870834799354266
b,multi_horizon,Multi-horizon,203195,64.0,0.8875162548764629,1538,selection_n,2844,130,129,36631,1538,54.07876230661041,11.0,3.0,37.0,23.817295188556567,0.5129165200645733,0.5227882037533512,0.4601542416452442,0.5647382920110193,0.4870834799354266
b,multi_horizon,Multi-horizon,2287,64.0,0.8881664499349805,1538,selection_n,2844,130,129,36631,1538,54.07876230661041,11.0,3.0,37.0,23.817295188556567,0.5129165200645733,0.5227882037533512,0.4601542416452442,0.5647382920110193,0.4870834799354266
b,multi_horizon,Multi-horizon,355174,64.0,0.888816644993498,1538,selection_n,2844,130,129,36631,1538,54.07876230661041,11.0,3.0,37.0,23.817295188556567,0.5129165200645733,0.5227882037533512,0.4601542416452442,0.5647382920110193,0.4870834799354266
b,multi_horizon,Multi-horizon,5500,64.0,0.8894668400520156,1538,selection_n,2844,130,129,36631,1538,54.07876230661041,11.0,3.0,37.0,23.817295188556567,0.5129165200645733,0.5227882037533512,0.4601542416452442,0.5647382920110193,0.4870834799354266
b,multi_horizon,Multi-horizon,736,64.0,0.8901170351105332,1538,selection_n,2844,130,129,36631,1538,54.07876230661041,11.0,3.0,37.0,23.817295188556567,0.5129165200645733,0.5227882037533512,0.4601542416452442,0.5647382920110193,0.4870834799354266
b,multi_horizon,Multi-horizon,86763,64.0,0.8907672301690507,1538,selection_n,2844,130,129,36631,1538,54.07876230661041,11.0,3.0,37.0,23.817295188556567,0.5129165200645733,0.5227882037533512,0.4601542416452442,0.5647382920110193,0.4870834799354266
b,multi_horizon,Multi-horizon,119048,65.0,0.8914174252275683,1538,selection_n,2844,130,129,36631,1538,54.07876230661041,11.0,3.0,37.0,23.817295188556567,0.5129165200645733,0.5227882037533512,0.4601542416452442,0.5647382920110193,0.4870834799354266
b,multi_horizon,Multi-horizon,141883,65.0,0.8920676202860858,1538,selection_n,2844,130,129,36631,1538,54.07876230661041,11.0,3.0,37.0,23.817295188556567,0.5129165200645733,0.5227882037533512,0.4601542416452442,0.5647382920110193,0.4870834799354266
b,multi_horizon,Multi-horizon,1448,65.0,0.8927178153446034,1538,selection_n,2844,130,129,36631,1538,54.07876230661041,11.0,3.0,37.0,23.817295188556567,0.5129165200645733,0.5227882037533512,0.4601542416452442,0.5647382920110193,0.4870834799354266
b,multi_horizon,Multi-horizon,206601,65.0,0.893368010403121,1538,selection_n,2844,130,129,36631,1538,54.07876230661041,11.0,3.0,37.0,23.817295188556567,0.5129165200645733,0.5227882037533512,0.4601542416452442,0.5647382920110193,0.4870834799354266
b,multi_horizon,Multi-horizon,307,65.0,0.8940182054616385,1538,selection_n,2844,130,129,36631,1538,54.07876230661041,11.0,3.0,37.0,23.817295188556567,0.5129165200645733,0.5227882037533512,0.4601542416452442,0.5647382920110193,0.4870834799354266
b,multi_horizon,Multi-horizon,3238,65.0,0.8946684005201561,1538,selection_n,2844,130,129,36631,1538,54.07876230661041,11.0,3.0,37.0,23.817295188556567,0.5129165200645733,0.5227882037533512,0.4601542416452442,0.5647382920110193,0.4870834799354266
b,multi_horizon,Multi-horizon,39040,65.0,0.8953185955786735,1538,selection_n,2844,130,129,36631,1538,54.07876230661041,11.0,3.0,37.0,23.817295188556567,0.5129165200645733,0.5227882037533512,0.4601542416452442,0.5647382920110193,0.4870834799354266
b,multi_horizon,Multi-horizon,4280,65.0,0.8959687906371911,1538,selection_n,2844,130,129,36631,1538,54.07876230661041,11.0,3.0,37.0,23.817295188556567,0.5129165200645733,0.5227882037533512,0.4601542416452442,0.5647382920110193,0.4870834799354266
b,multi_horizon,Multi-horizon,4393,65.0,0.8966189856957087,1538,selection_n,2844,130,129,36631,1538,54.07876230661041,11.0,3.0,37.0,23.817295188556567,0.5129165200645733,0.5227882037533512,0.4601542416452442,0.5647382920110193,0.4870834799354266
b,multi_horizon,Multi-horizon,99482,65.0,0.8972691807542262,1538,selection_n,2844,130,129,36631,1538,54.07876230661041,11.0,3.0,37.0,23.817295188556567,0.5129165200645733,0.5227882037533512,0.4601542416452442,0.5647382920110193,0.4870834799354266
b,multi_horizon,Multi-horizon,15908,66.0,0.8979193758127438,1538,selection_n,2844,130,129,36631,1538,54.07876230661041,11.0,3.0,37.0,23.817295188556567,0.5129165200645733,0.5227882037533512,0.4601542416452442,0.5647382920110193,0.4870834799354266
b,multi_horizon,Multi-horizon,366991,66.0,0.8985695708712613,1538,selection_n,2844,130,129,36631,1538,54.07876230661041,11.0,3.0,37.0,23.817295188556567,0.5129165200645733,0.5227882037533512,0.4601542416452442,0.5647382920110193,0.4870834799354266
b,multi_horizon,Multi-horizon,4164,66.0,0.8992197659297789,1538,selection_n,2844,130,129,36631,1538,54.07876230661041,11.0,3.0,37.0,23.817295188556567,0.5129165200645733,0.5227882037533512,0.4601542416452442,0.5647382920110193,0.4870834799354266
b,multi_horizon,Multi-horizon,1070,67.0,0.8998699609882965,1538,selection_n,2844,130,129,36631,1538,54.07876230661041,11.0,3.0,37.0,23.817295188556567,0.5129165200645733,0.5227882037533512,0.4601542416452442,0.5647382920110193,0.4870834799354266
b,multi_horizon,Multi-horizon,1076,67.0,0.900520156046814,1538,selection_n,2844,130,129,36631,1538,54.07876230661041,11.0,3.0,37.0,23.817295188556567,0.5129165200645733,0.5227882037533512,0.4601542416452442,0.5647382920110193,0.4870834799354266
b,multi_horizon,Multi-horizon,142330,67.0,0.9011703511053316,1538,selection_n,2844,130,129,36631,1538,54.07876230661041,11.0,3.0,37.0,23.817295188556567,0.5129165200645733,0.5227882037533512,0.4601542416452442,0.5647382920110193,0.4870834799354266
b,multi_horizon,Multi-horizon,2948,67.0,0.9018205461638491,1538,selection_n,2844,130,129,36631,1538,54.07876230661041,11.0,3.0,37.0,23.817295188556567,0.5129165200645733,0.5227882037533512,0.4601542416452442,0.5647382920110193,0.4870834799354266
b,multi_horizon,Multi-horizon,3198,67.0,0.9024707412223667,1538,selection_n,2844,130,129,36631,1538,54.07876230661041,11.0,3.0,37.0,23.817295188556567,0.5129165200645733,0.5227882037533512,0.4601542416452442,0.5647382920110193,0.4870834799354266
b,multi_horizon,Multi-horizon,4002,67.0,0.9031209362808843,1538,selection_n,2844,130,129,36631,1538,54.07876230661041,11.0,3.0,37.0,23.817295188556567,0.5129165200645733,0.5227882037533512,0.4601542416452442,0.5647382920110193,0.4870834799354266
b,multi_horizon,Multi-horizon,41048,67.0,0.9037711313394018,1538,selection_n,2844,130,129,36631,1538,54.07876230661041,11.0,3.0,37.0,23.817295188556567,0.5129165200645733,0.5227882037533512,0.4601542416452442,0.5647382920110193,0.4870834799354266
b,multi_horizon,Multi-horizon,4798,67.0,0.9044213263979194,1538,selection_n,2844,130,129,36631,1538,54.07876230661041,11.0,3.0,37.0,23.817295188556567,0.5129165200645733,0.5227882037533512,0.4601542416452442,0.5647382920110193,0.4870834799354266
b,multi_horizon,Multi-horizon,5175,67.0,0.9050715214564369,1538,selection_n,2844,130,129,36631,1538,54.07876230661041,11.0,3.0,37.0,23.817295188556567,0.5129165200645733,0.5227882037533512,0.4601542416452442,0.5647382920110193,0.4870834799354266
b,multi_horizon,Multi-horizon,84662,67.0,0.9057217165149545,1538,selection_n,2844,130,129,36631,1538,54.07876230661041,11.0,3.0,37.0,23.817295188556567,0.5129165200645733,0.5227882037533512,0.4601542416452442,0.5647382920110193,0.4870834799354266
b,multi_horizon,Multi-horizon,142339,68.0,0.9063719115734721,1538,selection_n,2844,130,129,36631,1538,54.07876230661041,11.0,3.0,37.0,23.817295188556567,0.5129165200645733,0.5227882037533512,0.4601542416452442,0.5647382920110193,0.4870834799354266
b,multi_horizon,Multi-horizon,344794,68.0,0.9070221066319896,1538,selection_n,2844,130,129,36631,1538,54.07876230661041,11.0,3.0,37.0,23.817295188556567,0.5129165200645733,0.5227882037533512,0.4601542416452442,0.5647382920110193,0.4870834799354266
b,multi_horizon,Multi-horizon,7045,68.0,0.9076723016905072,1538,selection_n,2844,130,129,36631,1538,54.07876230661041,11.0,3.0,37.0,23.817295188556567,0.5129165200645733,0.5227882037533512,0.4601542416452442,0.5647382920110193,0.4870834799354266
b,multi_horizon,Multi-horizon,729,68.0,0.9083224967490247,1538,selection_n,2844,130,129,36631,1538,54.07876230661041,11.0,3.0,37.0,23.817295188556567,0.5129165200645733,0.5227882037533512,0.4601542416452442,0.5647382920110193,0.4870834799354266
b,multi_horizon,Multi-horizon,1401,69.0,0.9089726918075423,1538,selection_n,2844,130,129,36631,1538,54.07876230661041,11.0,3.0,37.0,23.817295188556567,0.5129165200645733,0.5227882037533512,0.4601542416452442,0.5647382920110193,0.4870834799354266
b,multi_horizon,Multi-horizon,1478,69.0,0.9096228868660599,1538,selection_n,2844,130,129,36631,1538,54.07876230661041,11.0,3.0,37.0,23.817295188556567,0.5129165200645733,0.5227882037533512,0.4601542416452442,0.5647382920110193,0.4870834799354266
b,multi_horizon,Multi-horizon,2067,69.0,0.9102730819245773,1538,selection_n,2844,130,129,36631,1538,54.07876230661041,11.0,3.0,37.0,23.817295188556567,0.5129165200645733,0.5227882037533512,0.4601542416452442,0.5647382920110193,0.4870834799354266
b,multi_horizon,Multi-horizon,4566,69.0,0.9109232769830949,1538,selection_n,2844,130,129,36631,1538,54.07876230661041,11.0,3.0,37.0,23.817295188556567,0.5129165200645733,0.5227882037533512,0.4601542416452442,0.5647382920110193,0.4870834799354266
b,multi_horizon,Multi-horizon,4886,69.0,0.9115734720416124,1538,selection_n,2844,130,129,36631,1538,54.07876230661041,11.0,3.0,37.0,23.817295188556567,0.5129165200645733,0.5227882037533512,0.4601542416452442,0.5647382920110193,0.4870834799354266
b,multi_horizon,Multi-horizon,1736,70.0,0.91222366710013,1538,selection_n,2844,130,129,36631,1538,54.07876230661041,11.0,3.0,37.0,23.817295188556567,0.5129165200645733,0.5227882037533512,0.4601542416452442,0.5647382920110193,0.4870834799354266
b,multi_horizon,Multi-horizon,4312,70.0,0.9128738621586476,1538,selection_n,2844,130,129,36631,1538,54.07876230661041,11.0,3.0,37.0,23.817295188556567,0.5129165200645733,0.5227882037533512,0.4601542416452442,0.5647382920110193,0.4870834799354266
b,multi_horizon,Multi-horizon,1209,71.0,0.9135240572171651,1538,selection_n,2844,130,129,36631,1538,54.07876230661041,11.0,3.0,37.0,23.817295188556567,0.5129165200645733,0.5227882037533512,0.4601542416452442,0.5647382920110193,0.4870834799354266
b,multi_horizon,Multi-horizon,5183,71.0,0.9141742522756827,1538,selection_n,2844,130,129,36631,1538,54.07876230661041,11.0,3.0,37.0,23.817295188556567,0.5129165200645733,0.5227882037533512,0.4601542416452442,0.5647382920110193,0.4870834799354266
b,multi_horizon,Multi-horizon,93043,71.0,0.9148244473342002,1538,selection_n,2844,130,129,36631,1538,54.07876230661041,11.0,3.0,37.0,23.817295188556567,0.5129165200645733,0.5227882037533512,0.4601542416452442,0.5647382920110193,0.4870834799354266
b,multi_horizon,Multi-horizon,971,71.0,0.9154746423927178,1538,selection_n,2844,130,129,36631,1538,54.07876230661041,11.0,3.0,37.0,23.817295188556567,0.5129165200645733,0.5227882037533512,0.4601542416452442,0.5647382920110193,0.4870834799354266
b,multi_horizon,Multi-horizon,203120,72.0,0.9161248374512354,1538,selection_n,2844,130,129,36631,1538,54.07876230661041,11.0,3.0,37.0,23.817295188556567,0.5129165200645733,0.5227882037533512,0.4601542416452442,0.5647382920110193,0.4870834799354266
b,multi_horizon,Multi-horizon,361261,72.0,0.9167750325097529,1538,selection_n,2844,130,129,36631,1538,54.07876230661041,11.0,3.0,37.0,23.817295188556567,0.5129165200645733,0.5227882037533512,0.4601542416452442,0.5647382920110193,0.4870834799354266
b,multi_horizon,Multi-horizon,1417,73.0,0.9174252275682705,1538,selection_n,2844,130,129,36631,1538,54.07876230661041,11.0,3.0,37.0,23.817295188556567,0.5129165200645733,0.5227882037533512,0.4601542416452442,0.5647382920110193,0.4870834799354266
b,multi_horizon,Multi-horizon,184622,73.0,0.918075422626788,1538,selection_n,2844,130,129,36631,1538,54.07876230661041,11.0,3.0,37.0,23.817295188556567,0.5129165200645733,0.5227882037533512,0.4601542416452442,0.5647382920110193,0.4870834799354266
b,multi_horizon,Multi-horizon,4481,73.0,0.9187256176853056,1538,selection_n,2844,130,129,36631,1538,54.07876230661041,11.0,3.0,37.0,23.817295188556567,0.5129165200645733,0.5227882037533512,0.4601542416452442,0.5647382920110193,0.4870834799354266
b,multi_horizon,Multi-horizon,5583,73.0,0.9193758127438232,1538,selection_n,2844,130,129,36631,1538,54.07876230661041,11.0,3.0,37.0,23.817295188556567,0.5129165200645733,0.5227882037533512,0.4601542416452442,0.5647382920110193,0.4870834799354266
b,multi_horizon,Multi-horizon,853,73.0,0.9200260078023407,1538,selection_n,2844,130,129,36631,1538,54.07876230661041,11.0,3.0,37.0,23.817295188556567,0.5129165200645733,0.5227882037533512,0.4601542416452442,0.5647382920110193,0.4870834799354266
b,multi_horizon,Multi-horizon,208034,74.0,0.9206762028608583,1538,selection_n,2844,130,129,36631,1538,54.07876230661041,11.0,3.0,37.0,23.817295188556567,0.5129165200645733,0.5227882037533512,0.4601542416452442,0.5647382920110193,0.4870834799354266
b,multi_horizon,Multi-horizon,24707,74.0,0.9213263979193758,1538,selection_n,2844,130,129,36631,1538,54.07876230661041,11.0,3.0,37.0,23.817295188556567,0.5129165200645733,0.5227882037533512,0.4601542416452442,0.5647382920110193,0.4870834799354266
b,multi_horizon,Multi-horizon,314255,74.0,0.9219765929778934,1538,selection_n,2844,130,129,36631,1538,54.07876230661041,11.0,3.0,37.0,23.817295188556567,0.5129165200645733,0.5227882037533512,0.4601542416452442,0.5647382920110193,0.4870834799354266
b,multi_horizon,Multi-horizon,315747,74.0,0.922626788036411,1538,selection_n,2844,130,129,36631,1538,54.07876230661041,11.0,3.0,37.0,23.817295188556567,0.5129165200645733,0.5227882037533512,0.4601542416452442,0.5647382920110193,0.4870834799354266
b,multi_horizon,Multi-horizon,342596,74.0,0.9232769830949284,1538,selection_n,2844,130,129,36631,1538,54.07876230661041,11.0,3.0,37.0,23.817295188556567,0.5129165200645733,0.5227882037533512,0.4601542416452442,0.5647382920110193,0.4870834799354266
b,multi_horizon,Multi-horizon,60742,74.0,0.923927178153446,1538,selection_n,2844,130,129,36631,1538,54.07876230661041,11.0,3.0,37.0,23.817295188556567,0.5129165200645733,0.5227882037533512,0.4601542416452442,0.5647382920110193,0.4870834799354266
b,multi_horizon,Multi-horizon,205355,75.0,0.9245773732119635,1538,selection_n,2844,130,129,36631,1538,54.07876230661041,11.0,3.0,37.0,23.817295188556567,0.5129165200645733,0.5227882037533512,0.4601542416452442,0.5647382920110193,0.4870834799354266
b,multi_horizon,Multi-horizon,288233,75.0,0.9252275682704811,1538,selection_n,2844,130,129,36631,1538,54.07876230661041,11.0,3.0,37.0,23.817295188556567,0.5129165200645733,0.5227882037533512,0.4601542416452442,0.5647382920110193,0.4870834799354266
b,multi_horizon,Multi-horizon,349623,75.0,0.9258777633289987,1538,selection_n,2844,130,129,36631,1538,54.07876230661041,11.0,3.0,37.0,23.817295188556567,0.5129165200645733,0.5227882037533512,0.4601542416452442,0.5647382920110193,0.4870834799354266
b,multi_horizon,Multi-horizon,40387,75.0,0.9265279583875162,1538,selection_n,2844,130,129,36631,1538,54.07876230661041,11.0,3.0,37.0,23.817295188556567,0.5129165200645733,0.5227882037533512,0.4601542416452442,0.5647382920110193,0.4870834799354266
b,multi_horizon,Multi-horizon,5167,75.0,0.9271781534460338,1538,selection_n,2844,130,129,36631,1538,54.07876230661041,11.0,3.0,37.0,23.817295188556567,0.5129165200645733,0.5227882037533512,0.4601542416452442,0.5647382920110193,0.4870834799354266
b,multi_horizon,Multi-horizon,588,75.0,0.9278283485045513,1538,selection_n,2844,130,129,36631,1538,54.07876230661041,11.0,3.0,37.0,23.817295188556567,0.5129165200645733,0.5227882037533512,0.4601542416452442,0.5647382920110193,0.4870834799354266
b,multi_horizon,Multi-horizon,3149,76.0,0.9284785435630689,1538,selection_n,2844,130,129,36631,1538,54.07876230661041,11.0,3.0,37.0,23.817295188556567,0.5129165200645733,0.5227882037533512,0.4601542416452442,0.5647382920110193,0.4870834799354266
b,multi_horizon,Multi-horizon,357176,76.0,0.9291287386215865,1538,selection_n,2844,130,129,36631,1538,54.07876230661041,11.0,3.0,37.0,23.817295188556567,0.5129165200645733,0.5227882037533512,0.4601542416452442,0.5647382920110193,0.4870834799354266
b,multi_horizon,Multi-horizon,4473,76.0,0.929778933680104,1538,selection_n,2844,130,129,36631,1538,54.07876230661041,11.0,3.0,37.0,23.817295188556567,0.5129165200645733,0.5227882037533512,0.4601542416452442,0.5647382920110193,0.4870834799354266
b,multi_horizon,Multi-horizon,67054,76.0,0.9304291287386216,1538,selection_n,2844,130,129,36631,1538,54.07876230661041,11.0,3.0,37.0,23.817295188556567,0.5129165200645733,0.5227882037533512,0.4601542416452442,0.5647382920110193,0.4870834799354266
b,multi_horizon,Multi-horizon,194700,77.0,0.9310793237971391,1538,selection_n,2844,130,129,36631,1538,54.07876230661041,11.0,3.0,37.0,23.817295188556567,0.5129165200645733,0.5227882037533512,0.4601542416452442,0.5647382920110193,0.4870834799354266
b,multi_horizon,Multi-horizon,1668,78.0,0.9317295188556567,1538,selection_n,2844,130,129,36631,1538,54.07876230661041,11.0,3.0,37.0,23.817295188556567,0.5129165200645733,0.5227882037533512,0.4601542416452442,0.5647382920110193,0.4870834799354266
b,multi_horizon,Multi-horizon,356594,78.0,0.9323797139141743,1538,selection_n,2844,130,129,36631,1538,54.07876230661041,11.0,3.0,37.0,23.817295188556567,0.5129165200645733,0.5227882037533512,0.4601542416452442,0.5647382920110193,0.4870834799354266
b,multi_horizon,Multi-horizon,376907,78.0,0.9330299089726918,1538,selection_n,2844,130,129,36631,1538,54.07876230661041,11.0,3.0,37.0,23.817295188556567,0.5129165200645733,0.5227882037533512,0.4601542416452442,0.5647382920110193,0.4870834799354266
b,multi_horizon,Multi-horizon,1100,79.0,0.9336801040312094,1538,selection_n,2844,130,129,36631,1538,54.07876230661041,11.0,3.0,37.0,23.817295188556567,0.5129165200645733,0.5227882037533512,0.4601542416452442,0.5647382920110193,0.4870834799354266
b,multi_horizon,Multi-horizon,316492,79.0,0.9343302990897269,1538,selection_n,2844,130,129,36631,1538,54.07876230661041,11.0,3.0,37.0,23.817295188556567,0.5129165200645733,0.5227882037533512,0.4601542416452442,0.5647382920110193,0.4870834799354266
b,multi_horizon,Multi-horizon,361,79.0,0.9349804941482445,1538,selection_n,2844,130,129,36631,1538,54.07876230661041,11.0,3.0,37.0,23.817295188556567,0.5129165200645733,0.5227882037533512,0.4601542416452442,0.5647382920110193,0.4870834799354266
b,multi_horizon,Multi-horizon,5241,79.0,0.9356306892067621,1538,selection_n,2844,130,129,36631,1538,54.07876230661041,11.0,3.0,37.0,23.817295188556567,0.5129165200645733,0.5227882037533512,0.4601542416452442,0.5647382920110193,0.4870834799354266
b,multi_horizon,Multi-horizon,7001,79.0,0.9362808842652796,1538,selection_n,2844,130,129,36631,1538,54.07876230661041,11.0,3.0,37.0,23.817295188556567,0.5129165200645733,0.5227882037533512,0.4601542416452442,0.5647382920110193,0.4870834799354266
b,multi_horizon,Multi-horizon,344134,80.0,0.9369310793237972,1538,selection_n,2844,130,129,36631,1538,54.07876230661041,11.0,3.0,37.0,23.817295188556567,0.5129165200645733,0.5227882037533512,0.4601542416452442,0.5647382920110193,0.4870834799354266
b,multi_horizon,Multi-horizon,156,81.0,0.9375812743823146,1538,selection_n,2844,130,129,36631,1538,54.07876230661041,11.0,3.0,37.0,23.817295188556567,0.5129165200645733,0.5227882037533512,0.4601542416452442,0.5647382920110193,0.4870834799354266
b,multi_horizon,Multi-horizon,355997,81.0,0.9382314694408322,1538,selection_n,2844,130,129,36631,1538,54.07876230661041,11.0,3.0,37.0,23.817295188556567,0.5129165200645733,0.5227882037533512,0.4601542416452442,0.5647382920110193,0.4870834799354266
b,multi_horizon,Multi-horizon,362582,81.0,0.9388816644993498,1538,selection_n,2844,130,129,36631,1538,54.07876230661041,11.0,3.0,37.0,23.817295188556567,0.5129165200645733,0.5227882037533512,0.4601542416452442,0.5647382920110193,0.4870834799354266
b,multi_horizon,Multi-horizon,4821,81.0,0.9395318595578673,1538,selection_n,2844,130,129,36631,1538,54.07876230661041,11.0,3.0,37.0,23.817295188556567,0.5129165200645733,0.5227882037533512,0.4601542416452442,0.5647382920110193,0.4870834799354266
b,multi_horizon,Multi-horizon,6063,81.0,0.9401820546163849,1538,selection_n,2844,130,129,36631,1538,54.07876230661041,11.0,3.0,37.0,23.817295188556567,0.5129165200645733,0.5227882037533512,0.4601542416452442,0.5647382920110193,0.4870834799354266
b,multi_horizon,Multi-horizon,1104,82.0,0.9408322496749024,1538,selection_n,2844,130,129,36631,1538,54.07876230661041,11.0,3.0,37.0,23.817295188556567,0.5129165200645733,0.5227882037533512,0.4601542416452442,0.5647382920110193,0.4870834799354266
b,multi_horizon,Multi-horizon,179,82.0,0.94148244473342,1538,selection_n,2844,130,129,36631,1538,54.07876230661041,11.0,3.0,37.0,23.817295188556567,0.5129165200645733,0.5227882037533512,0.4601542416452442,0.5647382920110193,0.4870834799354266
b,multi_horizon,Multi-horizon,2376,83.0,0.9421326397919376,1538,selection_n,2844,130,129,36631,1538,54.07876230661041,11.0,3.0,37.0,23.817295188556567,0.5129165200645733,0.5227882037533512,0.4601542416452442,0.5647382920110193,0.4870834799354266
b,multi_horizon,Multi-horizon,4621,83.0,0.9427828348504551,1538,selection_n,2844,130,129,36631,1538,54.07876230661041,11.0,3.0,37.0,23.817295188556567,0.5129165200645733,0.5227882037533512,0.4601542416452442,0.5647382920110193,0.4870834799354266
b,multi_horizon,Multi-horizon,6982,83.0,0.9434330299089727,1538,selection_n,2844,130,129,36631,1538,54.07876230661041,11.0,3.0,37.0,23.817295188556567,0.5129165200645733,0.5227882037533512,0.4601542416452442,0.5647382920110193,0.4870834799354266
b,multi_horizon,Multi-horizon,84678,83.0,0.9440832249674902,1538,selection_n,2844,130,129,36631,1538,54.07876230661041,11.0,3.0,37.0,23.817295188556567,0.5129165200645733,0.5227882037533512,0.4601542416452442,0.5647382920110193,0.4870834799354266
b,multi_horizon,Multi-horizon,351341,84.0,0.9447334200260078,1538,selection_n,2844,130,129,36631,1538,54.07876230661041,11.0,3.0,37.0,23.817295188556567,0.5129165200645733,0.5227882037533512,0.4601542416452442,0.5647382920110193,0.4870834799354266
b,multi_horizon,Multi-horizon,4314,84.0,0.9453836150845254,1538,selection_n,2844,130,129,36631,1538,54.07876230661041,11.0,3.0,37.0,23.817295188556567,0.5129165200645733,0.5227882037533512,0.4601542416452442,0.5647382920110193,0.4870834799354266
b,multi_horizon,Multi-horizon,4942,84.0,0.9460338101430429,1538,selection_n,2844,130,129,36631,1538,54.07876230661041,11.0,3.0,37.0,23.817295188556567,0.5129165200645733,0.5227882037533512,0.4601542416452442,0.5647382920110193,0.4870834799354266
b,multi_horizon,Multi-horizon,549,84.0,0.9466840052015605,1538,selection_n,2844,130,129,36631,1538,54.07876230661041,11.0,3.0,37.0,23.817295188556567,0.5129165200645733,0.5227882037533512,0.4601542416452442,0.5647382920110193,0.4870834799354266
b,multi_horizon,Multi-horizon,3441,85.0,0.947334200260078,1538,selection_n,2844,130,129,36631,1538,54.07876230661041,11.0,3.0,37.0,23.817295188556567,0.5129165200645733,0.5227882037533512,0.4601542416452442,0.5647382920110193,0.4870834799354266
b,multi_horizon,Multi-horizon,440,85.0,0.9479843953185956,1538,selection_n,2844,130,129,36631,1538,54.07876230661041,11.0,3.0,37.0,23.817295188556567,0.5129165200645733,0.5227882037533512,0.4601542416452442,0.5647382920110193,0.4870834799354266
b,multi_horizon,Multi-horizon,4967,85.0,0.9486345903771132,1538,selection_n,2844,130,129,36631,1538,54.07876230661041,11.0,3.0,37.0,23.817295188556567,0.5129165200645733,0.5227882037533512,0.4601542416452442,0.5647382920110193,0.4870834799354266
b,multi_horizon,Multi-horizon,189780,86.0,0.9492847854356307,1538,selection_n,2844,130,129,36631,1538,54.07876230661041,11.0,3.0,37.0,23.817295188556567,0.5129165200645733,0.5227882037533512,0.4601542416452442,0.5647382920110193,0.4870834799354266
b,multi_horizon,Multi-horizon,1615,87.0,0.9499349804941483,1538,selection_n,2844,130,129,36631,1538,54.07876230661041,11.0,3.0,37.0,23.817295188556567,0.5129165200645733,0.5227882037533512,0.4601542416452442,0.5647382920110193,0.4870834799354266
b,multi_horizon,Multi-horizon,206558,87.0,0.9505851755526658,1538,selection_n,2844,130,129,36631,1538,54.07876230661041,11.0,3.0,37.0,23.817295188556567,0.5129165200645733,0.5227882037533512,0.4601542416452442,0.5647382920110193,0.4870834799354266
b,multi_horizon,Multi-horizon,342330,87.0,0.9512353706111834,1538,selection_n,2844,130,129,36631,1538,54.07876230661041,11.0,3.0,37.0,23.817295188556567,0.5129165200645733,0.5227882037533512,0.4601542416452442,0.5647382920110193,0.4870834799354266
b,multi_horizon,Multi-horizon,4985,87.0,0.951885565669701,1538,selection_n,2844,130,129,36631,1538,54.07876230661041,11.0,3.0,37.0,23.817295188556567,0.5129165200645733,0.5227882037533512,0.4601542416452442,0.5647382920110193,0.4870834799354266
b,multi_horizon,Multi-horizon,67057,87.0,0.9525357607282184,1538,selection_n,2844,130,129,36631,1538,54.07876230661041,11.0,3.0,37.0,23.817295188556567,0.5129165200645733,0.5227882037533512,0.4601542416452442,0.5647382920110193,0.4870834799354266
b,multi_horizon,Multi-horizon,138730,88.0,0.953185955786736,1538,selection_n,2844,130,129,36631,1538,54.07876230661041,11.0,3.0,37.0,23.817295188556567,0.5129165200645733,0.5227882037533512,0.4601542416452442,0.5647382920110193,0.4870834799354266
b,multi_horizon,Multi-horizon,4667,88.0,0.9538361508452535,1538,selection_n,2844,130,129,36631,1538,54.07876230661041,11.0,3.0,37.0,23.817295188556567,0.5129165200645733,0.5227882037533512,0.4601542416452442,0.5647382920110193,0.4870834799354266
b,multi_horizon,Multi-horizon,4594,89.0,0.9544863459037711,1538,selection_n,2844,130,129,36631,1538,54.07876230661041,11.0,3.0,37.0,23.817295188556567,0.5129165200645733,0.5227882037533512,0.4601542416452442,0.5647382920110193,0.4870834799354266
b,multi_horizon,Multi-horizon,574,89.0,0.9551365409622887,1538,selection_n,2844,130,129,36631,1538,54.07876230661041,11.0,3.0,37.0,23.817295188556567,0.5129165200645733,0.5227882037533512,0.4601542416452442,0.5647382920110193,0.4870834799354266
b,multi_horizon,Multi-horizon,953,89.0,0.9557867360208062,1538,selection_n,2844,130,129,36631,1538,54.07876230661041,11.0,3.0,37.0,23.817295188556567,0.5129165200645733,0.5227882037533512,0.4601542416452442,0.5647382920110193,0.4870834799354266
b,multi_horizon,Multi-horizon,15162,90.0,0.9564369310793238,1538,selection_n,2844,130,129,36631,1538,54.07876230661041,11.0,3.0,37.0,23.817295188556567,0.5129165200645733,0.5227882037533512,0.4601542416452442,0.5647382920110193,0.4870834799354266
b,multi_horizon,Multi-horizon,21113,90.0,0.9570871261378413,1538,selection_n,2844,130,129,36631,1538,54.07876230661041,11.0,3.0,37.0,23.817295188556567,0.5129165200645733,0.5227882037533512,0.4601542416452442,0.5647382920110193,0.4870834799354266
b,multi_horizon,Multi-horizon,362778,90.0,0.9577373211963589,1538,selection_n,2844,130,129,36631,1538,54.07876230661041,11.0,3.0,37.0,23.817295188556567,0.5129165200645733,0.5227882037533512,0.4601542416452442,0.5647382920110193,0.4870834799354266
b,multi_horizon,Multi-horizon,4936,90.0,0.9583875162548765,1538,selection_n,2844,130,129,36631,1538,54.07876230661041,11.0,3.0,37.0,23.817295188556567,0.5129165200645733,0.5227882037533512,0.4601542416452442,0.5647382920110193,0.4870834799354266
b,multi_horizon,Multi-horizon,62,90.0,0.959037711313394,1538,selection_n,2844,130,129,36631,1538,54.07876230661041,11.0,3.0,37.0,23.817295188556567,0.5129165200645733,0.5227882037533512,0.4601542416452442,0.5647382920110193,0.4870834799354266
b,multi_horizon,Multi-horizon,2388,91.0,0.9596879063719116,1538,selection_n,2844,130,129,36631,1538,54.07876230661041,11.0,3.0,37.0,23.817295188556567,0.5129165200645733,0.5227882037533512,0.4601542416452442,0.5647382920110193,0.4870834799354266
b,multi_horizon,Multi-horizon,362640,91.0,0.9603381014304291,1538,selection_n,2844,130,129,36631,1538,54.07876230661041,11.0,3.0,37.0,23.817295188556567,0.5129165200645733,0.5227882037533512,0.4601542416452442,0.5647382920110193,0.4870834799354266
b,multi_horizon,Multi-horizon,454729,91.0,0.9609882964889467,1538,selection_n,2844,130,129,36631,1538,54.07876230661041,11.0,3.0,37.0,23.817295188556567,0.5129165200645733,0.5227882037533512,0.4601542416452442,0.5647382920110193,0.4870834799354266
b,multi_horizon,Multi-horizon,6204,91.0,0.9616384915474643,1538,selection_n,2844,130,129,36631,1538,54.07876230661041,11.0,3.0,37.0,23.817295188556567,0.5129165200645733,0.5227882037533512,0.4601542416452442,0.5647382920110193,0.4870834799354266
b,multi_horizon,Multi-horizon,26427,92.0,0.9622886866059818,1538,selection_n,2844,130,129,36631,1538,54.07876230661041,11.0,3.0,37.0,23.817295188556567,0.5129165200645733,0.5227882037533512,0.4601542416452442,0.5647382920110193,0.4870834799354266
b,multi_horizon,Multi-horizon,359516,92.0,0.9629388816644994,1538,selection_n,2844,130,129,36631,1538,54.07876230661041,11.0,3.0,37.0,23.817295188556567,0.5129165200645733,0.5227882037533512,0.4601542416452442,0.5647382920110193,0.4870834799354266
b,multi_horizon,Multi-horizon,363,92.0,0.9635890767230169,1538,selection_n,2844,130,129,36631,1538,54.07876230661041,11.0,3.0,37.0,23.817295188556567,0.5129165200645733,0.5227882037533512,0.4601542416452442,0.5647382920110193,0.4870834799354266
b,multi_horizon,Multi-horizon,111491,93.0,0.9642392717815345,1538,selection_n,2844,130,129,36631,1538,54.07876230661041,11.0,3.0,37.0,23.817295188556567,0.5129165200645733,0.5227882037533512,0.4601542416452442,0.5647382920110193,0.4870834799354266
b,multi_horizon,Multi-horizon,134724,93.0,0.9648894668400521,1538,selection_n,2844,130,129,36631,1538,54.07876230661041,11.0,3.0,37.0,23.817295188556567,0.5129165200645733,0.5227882037533512,0.4601542416452442,0.5647382920110193,0.4870834799354266
b,multi_horizon,Multi-horizon,363003,93.0,0.9655396618985695,1538,selection_n,2844,130,129,36631,1538,54.07876230661041,11.0,3.0,37.0,23.817295188556567,0.5129165200645733,0.5227882037533512,0.4601542416452442,0.5647382920110193,0.4870834799354266
b,multi_horizon,Multi-horizon,695,93.0,0.9661898569570871,1538,selection_n,2844,130,129,36631,1538,54.07876230661041,11.0,3.0,37.0,23.817295188556567,0.5129165200645733,0.5227882037533512,0.4601542416452442,0.5647382920110193,0.4870834799354266
b,multi_horizon,Multi-horizon,7002,93.0,0.9668400520156046,1538,selection_n,2844,130,129,36631,1538,54.07876230661041,11.0,3.0,37.0,23.817295188556567,0.5129165200645733,0.5227882037533512,0.4601542416452442,0.5647382920110193,0.4870834799354266
b,multi_horizon,Multi-horizon,98344,93.0,0.9674902470741222,1538,selection_n,2844,130,129,36631,1538,54.07876230661041,11.0,3.0,37.0,23.817295188556567,0.5129165200645733,0.5227882037533512,0.4601542416452442,0.5647382920110193,0.4870834799354266
b,multi_horizon,Multi-horizon,1819,94.0,0.9681404421326398,1538,selection_n,2844,130,129,36631,1538,54.07876230661041,11.0,3.0,37.0,23.817295188556567,0.5129165200645733,0.5227882037533512,0.4601542416452442,0.5647382920110193,0.4870834799354266
b,multi_horizon,Multi-horizon,373899,94.0,0.9687906371911573,1538,selection_n,2844,130,129,36631,1538,54.07876230661041,11.0,3.0,37.0,23.817295188556567,0.5129165200645733,0.5227882037533512,0.4601542416452442,0.5647382920110193,0.4870834799354266
b,multi_horizon,Multi-horizon,6192,94.0,0.9694408322496749,1538,selection_n,2844,130,129,36631,1538,54.07876230661041,11.0,3.0,37.0,23.817295188556567,0.5129165200645733,0.5227882037533512,0.4601542416452442,0.5647382920110193,0.4870834799354266
b,multi_horizon,Multi-horizon,83634,94.0,0.9700910273081924,1538,selection_n,2844,130,129,36631,1538,54.07876230661041,11.0,3.0,37.0,23.817295188556567,0.5129165200645733,0.5227882037533512,0.4601542416452442,0.5647382920110193,0.4870834799354266
b,multi_horizon,Multi-horizon,286447,95.0,0.97074122236671,1538,selection_n,2844,130,129,36631,1538,54.07876230661041,11.0,3.0,37.0,23.817295188556567,0.5129165200645733,0.5227882037533512,0.4601542416452442,0.5647382920110193,0.4870834799354266
b,multi_horizon,Multi-horizon,329969,95.0,0.9713914174252276,1538,selection_n,2844,130,129,36631,1538,54.07876230661041,11.0,3.0,37.0,23.817295188556567,0.5129165200645733,0.5227882037533512,0.4601542416452442,0.5647382920110193,0.4870834799354266
b,multi_horizon,Multi-horizon,3349,95.0,0.9720416124837451,1538,selection_n,2844,130,129,36631,1538,54.07876230661041,11.0,3.0,37.0,23.817295188556567,0.5129165200645733,0.5227882037533512,0.4601542416452442,0.5647382920110193,0.4870834799354266
b,multi_horizon,Multi-horizon,122917,96.0,0.9726918075422627,1538,selection_n,2844,130,129,36631,1538,54.07876230661041,11.0,3.0,37.0,23.817295188556567,0.5129165200645733,0.5227882037533512,0.4601542416452442,0.5647382920110193,0.4870834799354266
b,multi_horizon,Multi-horizon,201887,96.0,0.9733420026007802,1538,selection_n,2844,130,129,36631,1538,54.07876230661041,11.0,3.0,37.0,23.817295188556567,0.5129165200645733,0.5227882037533512,0.4601542416452442,0.5647382920110193,0.4870834799354266
b,multi_horizon,Multi-horizon,5336,96.0,0.9739921976592978,1538,selection_n,2844,130,129,36631,1538,54.07876230661041,11.0,3.0,37.0,23.817295188556567,0.5129165200645733,0.5227882037533512,0.4601542416452442,0.5647382920110193,0.4870834799354266
b,multi_horizon,Multi-horizon,44274,97.0,0.9746423927178154,1538,selection_n,2844,130,129,36631,1538,54.07876230661041,11.0,3.0,37.0,23.817295188556567,0.5129165200645733,0.5227882037533512,0.4601542416452442,0.5647382920110193,0.4870834799354266
b,multi_horizon,Multi-horizon,357171,98.0,0.9752925877763329,1538,selection_n,2844,130,129,36631,1538,54.07876230661041,11.0,3.0,37.0,23.817295188556567,0.5129165200645733,0.5227882037533512,0.4601542416452442,0.5647382920110193,0.4870834799354266
b,multi_horizon,Multi-horizon,59714,98.0,0.9759427828348505,1538,selection_n,2844,130,129,36631,1538,54.07876230661041,11.0,3.0,37.0,23.817295188556567,0.5129165200645733,0.5227882037533512,0.4601542416452442,0.5647382920110193,0.4870834799354266
b,multi_horizon,Multi-horizon,97244,98.0,0.976592977893368,1538,selection_n,2844,130,129,36631,1538,54.07876230661041,11.0,3.0,37.0,23.817295188556567,0.5129165200645733,0.5227882037533512,0.4601542416452442,0.5647382920110193,0.4870834799354266
b,multi_horizon,Multi-horizon,2578,99.0,0.9772431729518856,1538,selection_n,2844,130,129,36631,1538,54.07876230661041,11.0,3.0,37.0,23.817295188556567,0.5129165200645733,0.5227882037533512,0.4601542416452442,0.5647382920110193,0.4870834799354266
b,multi_horizon,Multi-horizon,4870,99.0,0.9778933680104032,1538,selection_n,2844,130,129,36631,1538,54.07876230661041,11.0,3.0,37.0,23.817295188556567,0.5129165200645733,0.5227882037533512,0.4601542416452442,0.5647382920110193,0.4870834799354266
b,multi_horizon,Multi-horizon,95174,99.0,0.9785435630689207,1538,selection_n,2844,130,129,36631,1538,54.07876230661041,11.0,3.0,37.0,23.817295188556567,0.5129165200645733,0.5227882037533512,0.4601542416452442,0.5647382920110193,0.4870834799354266
b,multi_horizon,Multi-horizon,110,100.0,0.9791937581274383,1538,selection_n,2844,130,129,36631,1538,54.07876230661041,11.0,3.0,37.0,23.817295188556567,0.5129165200645733,0.5227882037533512,0.4601542416452442,0.5647382920110193,0.4870834799354266
b,multi_horizon,Multi-horizon,666,101.0,0.9798439531859557,1538,selection_n,2844,130,129,36631,1538,54.07876230661041,11.0,3.0,37.0,23.817295188556567,0.5129165200645733,0.5227882037533512,0.4601542416452442,0.5647382920110193,0.4870834799354266
b,multi_horizon,Multi-horizon,137728,102.0,0.9804941482444733,1538,selection_n,2844,130,129,36631,1538,54.07876230661041,11.0,3.0,37.0,23.817295188556567,0.5129165200645733,0.5227882037533512,0.4601542416452442,0.5647382920110193,0.4870834799354266
b,multi_horizon,Multi-horizon,27757,102.0,0.9811443433029909,1538,selection_n,2844,130,129,36631,1538,54.07876230661041,11.0,3.0,37.0,23.817295188556567,0.5129165200645733,0.5227882037533512,0.4601542416452442,0.5647382920110193,0.4870834799354266
b,multi_horizon,Multi-horizon,80525,102.0,0.9817945383615084,1538,selection_n,2844,130,129,36631,1538,54.07876230661041,11.0,3.0,37.0,23.817295188556567,0.5129165200645733,0.5227882037533512,0.4601542416452442,0.5647382920110193,0.4870834799354266
b,multi_horizon,Multi-horizon,311086,103.0,0.982444733420026,1538,selection_n,2844,130,129,36631,1538,54.07876230661041,11.0,3.0,37.0,23.817295188556567,0.5129165200645733,0.5227882037533512,0.4601542416452442,0.5647382920110193,0.4870834799354266
b,multi_horizon,Multi-horizon,356003,103.0,0.9830949284785435,1538,selection_n,2844,130,129,36631,1538,54.07876230661041,11.0,3.0,37.0,23.817295188556567,0.5129165200645733,0.5227882037533512,0.4601542416452442,0.5647382920110193,0.4870834799354266
b,multi_horizon,Multi-horizon,5581,103.0,0.9837451235370611,1538,selection_n,2844,130,129,36631,1538,54.07876230661041,11.0,3.0,37.0,23.817295188556567,0.5129165200645733,0.5227882037533512,0.4601542416452442,0.5647382920110193,0.4870834799354266
b,multi_horizon,Multi-horizon,194656,104.0,0.9843953185955787,1538,selection_n,2844,130,129,36631,1538,54.07876230661041,11.0,3.0,37.0,23.817295188556567,0.5129165200645733,0.5227882037533512,0.4601542416452442,0.5647382920110193,0.4870834799354266
b,multi_horizon,Multi-horizon,347309,104.0,0.9850455136540962,1538,selection_n,2844,130,129,36631,1538,54.07876230661041,11.0,3.0,37.0,23.817295188556567,0.5129165200645733,0.5227882037533512,0.4601542416452442,0.5647382920110193,0.4870834799354266
b,multi_horizon,Multi-horizon,82605,104.0,0.9856957087126138,1538,selection_n,2844,130,129,36631,1538,54.07876230661041,11.0,3.0,37.0,23.817295188556567,0.5129165200645733,0.5227882037533512,0.4601542416452442,0.5647382920110193,0.4870834799354266
b,multi_horizon,Multi-horizon,4720,105.0,0.9863459037711313,1538,selection_n,2844,130,129,36631,1538,54.07876230661041,11.0,3.0,37.0,23.817295188556567,0.5129165200645733,0.5227882037533512,0.4601542416452442,0.5647382920110193,0.4870834799354266
b,multi_horizon,Multi-horizon,80526,106.0,0.9869960988296489,1538,selection_n,2844,130,129,36631,1538,54.07876230661041,11.0,3.0,37.0,23.817295188556567,0.5129165200645733,0.5227882037533512,0.4601542416452442,0.5647382920110193,0.4870834799354266
b,multi_horizon,Multi-horizon,114627,107.0,0.9876462938881665,1538,selection_n,2844,130,129,36631,1538,54.07876230661041,11.0,3.0,37.0,23.817295188556567,0.5129165200645733,0.5227882037533512,0.4601542416452442,0.5647382920110193,0.4870834799354266
b,multi_horizon,Multi-horizon,372145,107.0,0.988296488946684,1538,selection_n,2844,130,129,36631,1538,54.07876230661041,11.0,3.0,37.0,23.817295188556567,0.5129165200645733,0.5227882037533512,0.4601542416452442,0.5647382920110193,0.4870834799354266
b,multi_horizon,Multi-horizon,4448,107.0,0.9889466840052016,1538,selection_n,2844,130,129,36631,1538,54.07876230661041,11.0,3.0,37.0,23.817295188556567,0.5129165200645733,0.5227882037533512,0.4601542416452442,0.5647382920110193,0.4870834799354266
b,multi_horizon,Multi-horizon,152395,108.0,0.9895968790637191,1538,selection_n,2844,130,129,36631,1538,54.07876230661041,11.0,3.0,37.0,23.817295188556567,0.5129165200645733,0.5227882037533512,0.4601542416452442,0.5647382920110193,0.4870834799354266
b,multi_horizon,Multi-horizon,3345,108.0,0.9902470741222367,1538,selection_n,2844,130,129,36631,1538,54.07876230661041,11.0,3.0,37.0,23.817295188556567,0.5129165200645733,0.5227882037533512,0.4601542416452442,0.5647382920110193,0.4870834799354266
b,multi_horizon,Multi-horizon,103205,109.0,0.9908972691807543,1538,selection_n,2844,130,129,36631,1538,54.07876230661041,11.0,3.0,37.0,23.817295188556567,0.5129165200645733,0.5227882037533512,0.4601542416452442,0.5647382920110193,0.4870834799354266
b,multi_horizon,Multi-horizon,199732,109.0,0.9915474642392718,1538,selection_n,2844,130,129,36631,1538,54.07876230661041,11.0,3.0,37.0,23.817295188556567,0.5129165200645733,0.5227882037533512,0.4601542416452442,0.5647382920110193,0.4870834799354266
b,multi_horizon,Multi-horizon,7022,109.0,0.9921976592977894,1538,selection_n,2844,130,129,36631,1538,54.07876230661041,11.0,3.0,37.0,23.817295188556567,0.5129165200645733,0.5227882037533512,0.4601542416452442,0.5647382920110193,0.4870834799354266
b,multi_horizon,Multi-horizon,184266,111.0,0.9928478543563068,1538,selection_n,2844,130,129,36631,1538,54.07876230661041,11.0,3.0,37.0,23.817295188556567,0.5129165200645733,0.5227882037533512,0.4601542416452442,0.5647382920110193,0.4870834799354266
b,multi_horizon,Multi-horizon,202250,112.0,0.9934980494148244,1538,selection_n,2844,130,129,36631,1538,54.07876230661041,11.0,3.0,37.0,23.817295188556567,0.5129165200645733,0.5227882037533512,0.4601542416452442,0.5647382920110193,0.4870834799354266
b,multi_horizon,Multi-horizon,355320,112.0,0.994148244473342,1538,selection_n,2844,130,129,36631,1538,54.07876230661041,11.0,3.0,37.0,23.817295188556567,0.5129165200645733,0.5227882037533512,0.4601542416452442,0.5647382920110193,0.4870834799354266
b,multi_horizon,Multi-horizon,5143,112.0,0.9947984395318595,1538,selection_n,2844,130,129,36631,1538,54.07876230661041,11.0,3.0,37.0,23.817295188556567,0.5129165200645733,0.5227882037533512,0.4601542416452442,0.5647382920110193,0.4870834799354266
b,multi_horizon,Multi-horizon,196849,113.0,0.9954486345903771,1538,selection_n,2844,130,129,36631,1538,54.07876230661041,11.0,3.0,37.0,23.817295188556567,0.5129165200645733,0.5227882037533512,0.4601542416452442,0.5647382920110193,0.4870834799354266
b,multi_horizon,Multi-horizon,22594,113.0,0.9960988296488946,1538,selection_n,2844,130,129,36631,1538,54.07876230661041,11.0,3.0,37.0,23.817295188556567,0.5129165200645733,0.5227882037533512,0.4601542416452442,0.5647382920110193,0.4870834799354266
b,multi_horizon,Multi-horizon,344386,117.0,0.9967490247074122,1538,selection_n,2844,130,129,36631,1538,54.07876230661041,11.0,3.0,37.0,23.817295188556567,0.5129165200645733,0.5227882037533512,0.4601542416452442,0.5647382920110193,0.4870834799354266
b,multi_horizon,Multi-horizon,194758,118.0,0.9973992197659298,1538,selection_n,2844,130,129,36631,1538,54.07876230661041,11.0,3.0,37.0,23.817295188556567,0.5129165200645733,0.5227882037533512,0.4601542416452442,0.5647382920110193,0.4870834799354266
b,multi_horizon,Multi-horizon,3302,119.0,0.9980494148244473,1538,selection_n,2844,130,129,36631,1538,54.07876230661041,11.0,3.0,37.0,23.817295188556567,0.5129165200645733,0.5227882037533512,0.4601542416452442,0.5647382920110193,0.4870834799354266
b,multi_horizon,Multi-horizon,371784,120.0,0.9986996098829649,1538,selection_n,2844,130,129,36631,1538,54.07876230661041,11.0,3.0,37.0,23.817295188556567,0.5129165200645733,0.5227882037533512,0.4601542416452442,0.5647382920110193,0.4870834799354266
b,multi_horizon,Multi-horizon,153255,121.0,0.9993498049414824,1538,selection_n,2844,130,129,36631,1538,54.07876230661041,11.0,3.0,37.0,23.817295188556567,0.5129165200645733,0.5227882037533512,0.4601542416452442,0.5647382920110193,0.4870834799354266
b,multi_horizon,Multi-horizon,371305,122.0,1.0,1538,selection_n,2844,130,129,36631,1538,54.07876230661041,11.0,3.0,37.0,23.817295188556567,0.5129165200645733,0.5227882037533512,0.4601542416452442,0.5647382920110193,0.4870834799354266
a,direct_60_day,Direct 60-day,2024-09-29,0.5988200589970502,0.007751937984496124,129,jaccard_overlap,2844,130,129,36631,782,27.49648382559775,25.0,5.0,89.0,46.84271099744245,0.793052351024567,0.7882736156351792,0.75,0.8376623376623377,0.206947648975433
a,direct_60_day,Direct 60-day,2024-09-15,0.6534954407294833,0.015503875968992248,129,jaccard_overlap,2844,130,129,36631,782,27.49648382559775,25.0,5.0,89.0,46.84271099744245,0.793052351024567,0.7882736156351792,0.75,0.8376623376623377,0.206947648975433
a,direct_60_day,Direct 60-day,2025-01-19,0.6705882352941176,0.023255813953488372,129,jaccard_overlap,2844,130,129,36631,782,27.49648382559775,25.0,5.0,89.0,46.84271099744245,0.793052351024567,0.7882736156351792,0.75,0.8376623376623377,0.206947648975433
a,direct_60_day,Direct 60-day,2022-12-25,0.6834319526627219,0.031007751937984496,129,jaccard_overlap,2844,130,129,36631,782,27.49648382559775,25.0,5.0,89.0,46.84271099744245,0.793052351024567,0.7882736156351792,0.75,0.8376623376623377,0.206947648975433
a,direct_60_day,Direct 60-day,2023-11-26,0.6918429003021148,0.03875968992248062,129,jaccard_overlap,2844,130,129,36631,782,27.49648382559775,25.0,5.0,89.0,46.84271099744245,0.793052351024567,0.7882736156351792,0.75,0.8376623376623377,0.206947648975433
a,direct_60_day,Direct 60-day,2025-01-05,0.6925373134328359,0.046511627906976744,129,jaccard_overlap,2844,130,129,36631,782,27.49648382559775,25.0,5.0,89.0,46.84271099744245,0.793052351024567,0.7882736156351792,0.75,0.8376623376623377,0.206947648975433
a,direct_60_day,Direct 60-day,2023-07-09,0.6948640483383686,0.05426356589147287,129,jaccard_overlap,2844,130,129,36631,782,27.49648382559775,25.0,5.0,89.0,46.84271099744245,0.793052351024567,0.7882736156351792,0.75,0.8376623376623377,0.206947648975433
a,direct_60_day,Direct 60-day,2021-12-26,0.7057057057057057,0.06201550387596899,129,jaccard_overlap,2844,130,129,36631,782,27.49648382559775,25.0,5.0,89.0,46.84271099744245,0.793052351024567,0.7882736156351792,0.75,0.8376623376623377,0.206947648975433
a,direct_60_day,Direct 60-day,2024-06-23,0.7103658536585366,0.06976744186046512,129,jaccard_overlap,2844,130,129,36631,782,27.49648382559775,25.0,5.0,89.0,46.84271099744245,0.793052351024567,0.7882736156351792,0.75,0.8376623376623377,0.206947648975433
a,direct_60_day,Direct 60-day,2021-04-04,0.716012084592145,0.07751937984496124,129,jaccard_overlap,2844,130,129,36631,782,27.49648382559775,25.0,5.0,89.0,46.84271099744245,0.793052351024567,0.7882736156351792,0.75,0.8376623376623377,0.206947648975433
a,direct_60_day,Direct 60-day,2023-06-25,0.7164634146341463,0.08527131782945736,129,jaccard_overlap,2844,130,129,36631,782,27.49648382559775,25.0,5.0,89.0,46.84271099744245,0.793052351024567,0.7882736156351792,0.75,0.8376623376623377,0.206947648975433
a,direct_60_day,Direct 60-day,2024-12-22,0.7203647416413373,0.09302325581395349,129,jaccard_overlap,2844,130,129,36631,782,27.49648382559775,25.0,5.0,89.0,46.84271099744245,0.793052351024567,0.7882736156351792,0.75,0.8376623376623377,0.206947648975433
a,direct_60_day,Direct 60-day,2024-11-10,0.7255520504731862,0.10077519379844961,129,jaccard_overlap,2844,130,129,36631,782,27.49648382559775,25.0,5.0,89.0,46.84271099744245,0.793052351024567,0.7882736156351792,0.75,0.8376623376623377,0.206947648975433
a,direct_60_day,Direct 60-day,2024-07-21,0.7258566978193146,0.10852713178294573,129,jaccard_overlap,2844,130,129,36631,782,27.49648382559775,25.0,5.0,89.0,46.84271099744245,0.793052351024567,0.7882736156351792,0.75,0.8376623376623377,0.206947648975433
a,direct_60_day,Direct 60-day,2024-06-09,0.7269938650306749,0.11627906976744186,129,jaccard_overlap,2844,130,129,36631,782,27.49648382559775,25.0,5.0,89.0,46.84271099744245,0.793052351024567,0.7882736156351792,0.75,0.8376623376623377,0.206947648975433
a,direct_60_day,Direct 60-day,2024-12-08,0.7292307692307692,0.12403100775193798,129,jaccard_overlap,2844,130,129,36631,782,27.49648382559775,25.0,5.0,89.0,46.84271099744245,0.793052351024567,0.7882736156351792,0.75,0.8376623376623377,0.206947648975433
a,direct_60_day,Direct 60-day,2023-06-11,0.7300613496932515,0.13178294573643412,129,jaccard_overlap,2844,130,129,36631,782,27.49648382559775,25.0,5.0,89.0,46.84271099744245,0.793052351024567,0.7882736156351792,0.75,0.8376623376623377,0.206947648975433
a,direct_60_day,Direct 60-day,2021-06-27,0.7308868501529052,0.13953488372093023,129,jaccard_overlap,2844,130,129,36631,782,27.49648382559775,25.0,5.0,89.0,46.84271099744245,0.793052351024567,0.7882736156351792,0.75,0.8376623376623377,0.206947648975433
a,direct_60_day,Direct 60-day,2022-07-10,0.7308868501529052,0.14728682170542637,129,jaccard_overlap,2844,130,129,36631,782,27.49648382559775,25.0,5.0,89.0,46.84271099744245,0.793052351024567,0.7882736156351792,0.75,0.8376623376623377,0.206947648975433
a,direct_60_day,Direct 60-day,2023-11-12,0.73125,0.15503875968992248,129,jaccard_overlap,2844,130,129,36631,782,27.49648382559775,25.0,5.0,89.0,46.84271099744245,0.793052351024567,0.7882736156351792,0.75,0.8376623376623377,0.206947648975433
a,direct_60_day,Direct 60-day,2024-08-18,0.7318611987381703,0.16279069767441862,129,jaccard_overlap,2844,130,129,36631,782,27.49648382559775,25.0,5.0,89.0,46.84271099744245,0.793052351024567,0.7882736156351792,0.75,0.8376623376623377,0.206947648975433
a,direct_60_day,Direct 60-day,2025-07-20,0.7323076923076923,0.17054263565891473,129,jaccard_overlap,2844,130,129,36631,782,27.49648382559775,25.0,5.0,89.0,46.84271099744245,0.793052351024567,0.7882736156351792,0.75,0.8376623376623377,0.206947648975433
a,direct_60_day,Direct 60-day,2021-06-13,0.7339449541284404,0.17829457364341086,129,jaccard_overlap,2844,130,129,36631,782,27.49648382559775,25.0,5.0,89.0,46.84271099744245,0.793052351024567,0.7882736156351792,0.75,0.8376623376623377,0.206947648975433
a,direct_60_day,Direct 60-day,2022-01-09,0.7370030581039755,0.18604651162790697,129,jaccard_overlap,2844,130,129,36631,782,27.49648382559775,25.0,5.0,89.0,46.84271099744245,0.793052351024567,0.7882736156351792,0.75,0.8376623376623377,0.206947648975433
a,direct_60_day,Direct 60-day,2022-07-24,0.7415384615384616,0.1937984496124031,129,jaccard_overlap,2844,130,129,36631,782,27.49648382559775,25.0,5.0,89.0,46.84271099744245,0.793052351024567,0.7882736156351792,0.75,0.8376623376623377,0.206947648975433
a,direct_60_day,Direct 60-day,2023-12-24,0.7423312883435583,0.20155038759689922,129,jaccard_overlap,2844,130,129,36631,782,27.49648382559775,25.0,5.0,89.0,46.84271099744245,0.793052351024567,0.7882736156351792,0.75,0.8376623376623377,0.206947648975433
a,direct_60_day,Direct 60-day,2025-02-02,0.7423312883435583,0.20930232558139536,129,jaccard_overlap,2844,130,129,36631,782,27.49648382559775,25.0,5.0,89.0,46.84271099744245,0.793052351024567,0.7882736156351792,0.75,0.8376623376623377,0.206947648975433
a,direct_60_day,Direct 60-day,2024-08-04,0.7436708860759493,0.21705426356589147,129,jaccard_overlap,2844,130,129,36631,782,27.49648382559775,25.0,5.0,89.0,46.84271099744245,0.793052351024567,0.7882736156351792,0.75,0.8376623376623377,0.206947648975433
a,direct_60_day,Direct 60-day,2021-07-11,0.7438271604938271,0.2248062015503876,129,jaccard_overlap,2844,130,129,36631,782,27.49648382559775,25.0,5.0,89.0,46.84271099744245,0.793052351024567,0.7882736156351792,0.75,0.8376623376623377,0.206947648975433
a,direct_60_day,Direct 60-day,2022-11-27,0.7476923076923077,0.23255813953488372,129,jaccard_overlap,2844,130,129,36631,782,27.49648382559775,25.0,5.0,89.0,46.84271099744245,0.793052351024567,0.7882736156351792,0.75,0.8376623376623377,0.206947648975433
a,direct_60_day,Direct 60-day,2024-07-07,0.7492163009404389,0.24031007751937986,129,jaccard_overlap,2844,130,129,36631,782,27.49648382559775,25.0,5.0,89.0,46.84271099744245,0.793052351024567,0.7882736156351792,0.75,0.8376623376623377,0.206947648975433
a,direct_60_day,Direct 60-day,2023-05-28,0.7492260061919505,0.24806201550387597,129,jaccard_overlap,2844,130,129,36631,782,27.49648382559775,25.0,5.0,89.0,46.84271099744245,0.793052351024567,0.7882736156351792,0.75,0.8376623376623377,0.206947648975433
a,direct_60_day,Direct 60-day,2024-11-24,0.75,0.2558139534883721,129,jaccard_overlap,2844,130,129,36631,782,27.49648382559775,25.0,5.0,89.0,46.84271099744245,0.793052351024567,0.7882736156351792,0.75,0.8376623376623377,0.206947648975433
a,direct_60_day,Direct 60-day,2025-08-31,0.7515723270440252,0.26356589147286824,129,jaccard_overlap,2844,130,129,36631,782,27.49648382559775,25.0,5.0,89.0,46.84271099744245,0.793052351024567,0.7882736156351792,0.75,0.8376623376623377,0.206947648975433
a,direct_60_day,Direct 60-day,2024-03-17,0.7530864197530864,0.2713178294573643,129,jaccard_overlap,2844,130,129,36631,782,27.49648382559775,25.0,5.0,89.0,46.84271099744245,0.793052351024567,0.7882736156351792,0.75,0.8376623376623377,0.206947648975433
a,direct_60_day,Direct 60-day,2025-08-03,0.7554858934169278,0.27906976744186046,129,jaccard_overlap,2844,130,129,36631,782,27.49648382559775,25.0,5.0,89.0,46.84271099744245,0.793052351024567,0.7882736156351792,0.75,0.8376623376623377,0.206947648975433
a,direct_60_day,Direct 60-day,2023-07-23,0.7578616352201258,0.2868217054263566,129,jaccard_overlap,2844,130,129,36631,782,27.49648382559775,25.0,5.0,89.0,46.84271099744245,0.793052351024567,0.7882736156351792,0.75,0.8376623376623377,0.206947648975433
a,direct_60_day,Direct 60-day,2021-12-12,0.7585139318885449,0.29457364341085274,129,jaccard_overlap,2844,130,129,36631,782,27.49648382559775,25.0,5.0,89.0,46.84271099744245,0.793052351024567,0.7882736156351792,0.75,0.8376623376623377,0.206947648975433
a,direct_60_day,Direct 60-day,2024-09-01,0.7612903225806451,0.3023255813953488,129,jaccard_overlap,2844,130,129,36631,782,27.49648382559775,25.0,5.0,89.0,46.84271099744245,0.793052351024567,0.7882736156351792,0.75,0.8376623376623377,0.206947648975433
a,direct_60_day,Direct 60-day,2025-12-07,0.7616099071207431,0.31007751937984496,129,jaccard_overlap,2844,130,129,36631,782,27.49648382559775,25.0,5.0,89.0,46.84271099744245,0.793052351024567,0.7882736156351792,0.75,0.8376623376623377,0.206947648975433
a,direct_60_day,Direct 60-day,2024-10-27,0.762987012987013,0.3178294573643411,129,jaccard_overlap,2844,130,129,36631,782,27.49648382559775,25.0,5.0,89.0,46.84271099744245,0.793052351024567,0.7882736156351792,0.75,0.8376623376623377,0.206947648975433
a,direct_60_day,Direct 60-day,2023-12-10,0.7632398753894081,0.32558139534883723,129,jaccard_overlap,2844,130,129,36631,782,27.49648382559775,25.0,5.0,89.0,46.84271099744245,0.793052351024567,0.7882736156351792,0.75,0.8376623376623377,0.206947648975433
a,direct_60_day,Direct 60-day,2021-03-21,0.7639751552795031,0.3333333333333333,129,jaccard_overlap,2844,130,129,36631,782,27.49648382559775,25.0,5.0,89.0,46.84271099744245,0.793052351024567,0.7882736156351792,0.75,0.8376623376623377,0.206947648975433
a,direct_60_day,Direct 60-day,2021-11-28,0.7639751552795031,0.34108527131782945,129,jaccard_overlap,2844,130,129,36631,782,27.49648382559775,25.0,5.0,89.0,46.84271099744245,0.793052351024567,0.7882736156351792,0.75,0.8376623376623377,0.206947648975433
a,direct_60_day,Direct 60-day,2022-06-12,0.7639751552795031,0.3488372093023256,129,jaccard_overlap,2844,130,129,36631,782,27.49648382559775,25.0,5.0,89.0,46.84271099744245,0.793052351024567,0.7882736156351792,0.75,0.8376623376623377,0.206947648975433
a,direct_60_day,Direct 60-day,2024-01-07,0.7639751552795031,0.35658914728682173,129,jaccard_overlap,2844,130,129,36631,782,27.49648382559775,25.0,5.0,89.0,46.84271099744245,0.793052351024567,0.7882736156351792,0.75,0.8376623376623377,0.206947648975433
a,direct_60_day,Direct 60-day,2024-10-13,0.7647058823529411,0.3643410852713178,129,jaccard_overlap,2844,130,129,36631,782,27.49648382559775,25.0,5.0,89.0,46.84271099744245,0.793052351024567,0.7882736156351792,0.75,0.8376623376623377,0.206947648975433
a,direct_60_day,Direct 60-day,2025-07-06,0.765625,0.37209302325581395,129,jaccard_overlap,2844,130,129,36631,782,27.49648382559775,25.0,5.0,89.0,46.84271099744245,0.793052351024567,0.7882736156351792,0.75,0.8376623376623377,0.206947648975433
a,direct_60_day,Direct 60-day,2025-06-08,0.7663551401869159,0.3798449612403101,129,jaccard_overlap,2844,130,129,36631,782,27.49648382559775,25.0,5.0,89.0,46.84271099744245,0.793052351024567,0.7882736156351792,0.75,0.8376623376623377,0.206947648975433
a,direct_60_day,Direct 60-day,2021-08-08,0.768025078369906,0.3875968992248062,129,jaccard_overlap,2844,130,129,36631,782,27.49648382559775,25.0,5.0,89.0,46.84271099744245,0.793052351024567,0.7882736156351792,0.75,0.8376623376623377,0.206947648975433
a,direct_60_day,Direct 60-day,2024-04-28,0.76875,0.3953488372093023,129,jaccard_overlap,2844,130,129,36631,782,27.49648382559775,25.0,5.0,89.0,46.84271099744245,0.793052351024567,0.7882736156351792,0.75,0.8376623376623377,0.206947648975433
a,direct_60_day,Direct 60-day,2021-11-14,0.7694704049844237,0.40310077519379844,129,jaccard_overlap,2844,130,129,36631,782,27.49648382559775,25.0,5.0,89.0,46.84271099744245,0.793052351024567,0.7882736156351792,0.75,0.8376623376623377,0.206947648975433
a,direct_60_day,Direct 60-day,2022-12-11,0.7694704049844237,0.4108527131782946,129,jaccard_overlap,2844,130,129,36631,782,27.49648382559775,25.0,5.0,89.0,46.84271099744245,0.793052351024567,0.7882736156351792,0.75,0.8376623376623377,0.206947648975433
a,direct_60_day,Direct 60-day,2025-12-21,0.7701863354037267,0.4186046511627907,129,jaccard_overlap,2844,130,129,36631,782,27.49648382559775,25.0,5.0,89.0,46.84271099744245,0.793052351024567,0.7882736156351792,0.75,0.8376623376623377,0.206947648975433
a,direct_60_day,Direct 60-day,2025-11-23,0.7711598746081505,0.4263565891472868,129,jaccard_overlap,2844,130,129,36631,782,27.49648382559775,25.0,5.0,89.0,46.84271099744245,0.793052351024567,0.7882736156351792,0.75,0.8376623376623377,0.206947648975433
a,direct_60_day,Direct 60-day,2022-06-26,0.771875,0.43410852713178294,129,jaccard_overlap,2844,130,129,36631,782,27.49648382559775,25.0,5.0,89.0,46.84271099744245,0.793052351024567,0.7882736156351792,0.75,0.8376623376623377,0.206947648975433
a,direct_60_day,Direct 60-day,2021-08-22,0.7735849056603774,0.4418604651162791,129,jaccard_overlap,2844,130,129,36631,782,27.49648382559775,25.0,5.0,89.0,46.84271099744245,0.793052351024567,0.7882736156351792,0.75,0.8376623376623377,0.206947648975433
a,direct_60_day,Direct 60-day,2021-05-02,0.775,0.4496124031007752,129,jaccard_overlap,2844,130,129,36631,782,27.49648382559775,25.0,5.0,89.0,46.84271099744245,0.793052351024567,0.7882736156351792,0.75,0.8376623376623377,0.206947648975433
a,direct_60_day,Direct 60-day,2024-03-31,0.7774294670846394,0.4573643410852713,129,jaccard_overlap,2844,130,129,36631,782,27.49648382559775,25.0,5.0,89.0,46.84271099744245,0.793052351024567,0.7882736156351792,0.75,0.8376623376623377,0.206947648975433
a,direct_60_day,Direct 60-day,2023-09-03,0.7831715210355987,0.46511627906976744,129,jaccard_overlap,2844,130,129,36631,782,27.49648382559775,25.0,5.0,89.0,46.84271099744245,0.793052351024567,0.7882736156351792,0.75,0.8376623376623377,0.206947648975433
a,direct_60_day,Direct 60-day,2024-05-26,0.7848101265822784,0.4728682170542636,129,jaccard_overlap,2844,130,129,36631,782,27.49648382559775,25.0,5.0,89.0,46.84271099744245,0.793052351024567,0.7882736156351792,0.75,0.8376623376623377,0.206947648975433
a,direct_60_day,Direct 60-day,2022-08-07,0.7854889589905363,0.4806201550387597,129,jaccard_overlap,2844,130,129,36631,782,27.49648382559775,25.0,5.0,89.0,46.84271099744245,0.793052351024567,0.7882736156351792,0.75,0.8376623376623377,0.206947648975433
a,direct_60_day,Direct 60-day,2025-02-16,0.7861635220125787,0.4883720930232558,129,jaccard_overlap,2844,130,129,36631,782,27.49648382559775,25.0,5.0,89.0,46.84271099744245,0.793052351024567,0.7882736156351792,0.75,0.8376623376623377,0.206947648975433
a,direct_60_day,Direct 60-day,2025-10-26,0.7877813504823151,0.49612403100775193,129,jaccard_overlap,2844,130,129,36631,782,27.49648382559775,25.0,5.0,89.0,46.84271099744245,0.793052351024567,0.7882736156351792,0.75,0.8376623376623377,0.206947648975433
a,direct_60_day,Direct 60-day,2023-09-17,0.7882736156351792,0.5038759689922481,129,jaccard_overlap,2844,130,129,36631,782,27.49648382559775,25.0,5.0,89.0,46.84271099744245,0.793052351024567,0.7882736156351792,0.75,0.8376623376623377,0.206947648975433
a,direct_60_day,Direct 60-day,2022-10-30,0.7886435331230284,0.5116279069767442,129,jaccard_overlap,2844,130,129,36631,782,27.49648382559775,25.0,5.0,89.0,46.84271099744245,0.793052351024567,0.7882736156351792,0.75,0.8376623376623377,0.206947648975433
a,direct_60_day,Direct 60-day,2021-07-25,0.7904761904761904,0.5193798449612403,129,jaccard_overlap,2844,130,129,36631,782,27.49648382559775,25.0,5.0,89.0,46.84271099744245,0.793052351024567,0.7882736156351792,0.75,0.8376623376623377,0.206947648975433
a,direct_60_day,Direct 60-day,2021-05-16,0.7917981072555205,0.5271317829457365,129,jaccard_overlap,2844,130,129,36631,782,27.49648382559775,25.0,5.0,89.0,46.84271099744245,0.793052351024567,0.7882736156351792,0.75,0.8376623376623377,0.206947648975433
a,direct_60_day,Direct 60-day,2022-11-13,0.7917981072555205,0.5348837209302325,129,jaccard_overlap,2844,130,129,36631,782,27.49648382559775,25.0,5.0,89.0,46.84271099744245,0.793052351024567,0.7882736156351792,0.75,0.8376623376623377,0.206947648975433
a,direct_60_day,Direct 60-day,2024-03-03,0.7917981072555205,0.5426356589147286,129,jaccard_overlap,2844,130,129,36631,782,27.49648382559775,25.0,5.0,89.0,46.84271099744245,0.793052351024567,0.7882736156351792,0.75,0.8376623376623377,0.206947648975433
a,direct_60_day,Direct 60-day,2023-01-08,0.7924528301886793,0.5503875968992248,129,jaccard_overlap,2844,130,129,36631,782,27.49648382559775,25.0,5.0,89.0,46.84271099744245,0.793052351024567,0.7882736156351792,0.75,0.8376623376623377,0.206947648975433
a,direct_60_day,Direct 60-day,2023-08-20,0.7928802588996764,0.5581395348837209,129,jaccard_overlap,2844,130,129,36631,782,27.49648382559775,25.0,5.0,89.0,46.84271099744245,0.793052351024567,0.7882736156351792,0.75,0.8376623376623377,0.206947648975433
a,direct_60_day,Direct 60-day,2023-08-06,0.7967741935483871,0.5658914728682171,129,jaccard_overlap,2844,130,129,36631,782,27.49648382559775,25.0,5.0,89.0,46.84271099744245,0.793052351024567,0.7882736156351792,0.75,0.8376623376623377,0.206947648975433
a,direct_60_day,Direct 60-day,2021-04-18,0.8031746031746032,0.5736434108527132,129,jaccard_overlap,2844,130,129,36631,782,27.49648382559775,25.0,5.0,89.0,46.84271099744245,0.793052351024567,0.7882736156351792,0.75,0.8376623376623377,0.206947648975433
a,direct_60_day,Direct 60-day,2022-01-23,0.8031746031746032,0.5813953488372093,129,jaccard_overlap,2844,130,129,36631,782,27.49648382559775,25.0,5.0,89.0,46.84271099744245,0.793052351024567,0.7882736156351792,0.75,0.8376623376623377,0.206947648975433
a,direct_60_day,Direct 60-day,2022-05-29,0.8031746031746032,0.5891472868217055,129,jaccard_overlap,2844,130,129,36631,782,27.49648382559775,25.0,5.0,89.0,46.84271099744245,0.793052351024567,0.7882736156351792,0.75,0.8376623376623377,0.206947648975433
a,direct_60_day,Direct 60-day,2024-01-21,0.8031746031746032,0.5968992248062015,129,jaccard_overlap,2844,130,129,36631,782,27.49648382559775,25.0,5.0,89.0,46.84271099744245,0.793052351024567,0.7882736156351792,0.75,0.8376623376623377,0.206947648975433
a,direct_60_day,Direct 60-day,2024-02-04,0.8031746031746032,0.6046511627906976,129,jaccard_overlap,2844,130,129,36631,782,27.49648382559775,25.0,5.0,89.0,46.84271099744245,0.793052351024567,0.7882736156351792,0.75,0.8376623376623377,0.206947648975433
a,direct_60_day,Direct 60-day,2025-11-09,0.8064516129032258,0.6124031007751938,129,jaccard_overlap,2844,130,129,36631,782,27.49648382559775,25.0,5.0,89.0,46.84271099744245,0.793052351024567,0.7882736156351792,0.75,0.8376623376623377,0.206947648975433
a,direct_60_day,Direct 60-day,2021-05-30,0.8089171974522293,0.6201550387596899,129,jaccard_overlap,2844,130,129,36631,782,27.49648382559775,25.0,5.0,89.0,46.84271099744245,0.793052351024567,0.7882736156351792,0.75,0.8376623376623377,0.206947648975433
a,direct_60_day,Direct 60-day,2023-10-29,0.8092105263157895,0.627906976744186,129,jaccard_overlap,2844,130,129,36631,782,27.49648382559775,25.0,5.0,89.0,46.84271099744245,0.793052351024567,0.7882736156351792,0.75,0.8376623376623377,0.206947648975433
a,direct_60_day,Direct 60-day,2021-10-03,0.8108974358974359,0.6356589147286822,129,jaccard_overlap,2844,130,129,36631,782,27.49648382559775,25.0,5.0,89.0,46.84271099744245,0.793052351024567,0.7882736156351792,0.75,0.8376623376623377,0.206947648975433
a,direct_60_day,Direct 60-day,2024-05-12,0.8108974358974359,0.6434108527131783,129,jaccard_overlap,2844,130,129,36631,782,27.49648382559775,25.0,5.0,89.0,46.84271099744245,0.793052351024567,0.7882736156351792,0.75,0.8376623376623377,0.206947648975433
a,direct_60_day,Direct 60-day,2023-10-15,0.8112582781456954,0.6511627906976745,129,jaccard_overlap,2844,130,129,36631,782,27.49648382559775,25.0,5.0,89.0,46.84271099744245,0.793052351024567,0.7882736156351792,0.75,0.8376623376623377,0.206947648975433
a,direct_60_day,Direct 60-day,2021-10-31,0.8115015974440895,0.6589147286821705,129,jaccard_overlap,2844,130,129,36631,782,27.49648382559775,25.0,5.0,89.0,46.84271099744245,0.793052351024567,0.7882736156351792,0.75,0.8376623376623377,0.206947648975433
a,direct_60_day,Direct 60-day,2022-08-21,0.8141025641025641,0.6666666666666666,129,jaccard_overlap,2844,130,129,36631,782,27.49648382559775,25.0,5.0,89.0,46.84271099744245,0.793052351024567,0.7882736156351792,0.75,0.8376623376623377,0.206947648975433
a,direct_60_day,Direct 60-day,2022-05-15,0.8146964856230032,0.6744186046511628,129,jaccard_overlap,2844,130,129,36631,782,27.49648382559775,25.0,5.0,89.0,46.84271099744245,0.793052351024567,0.7882736156351792,0.75,0.8376623376623377,0.206947648975433
a,direct_60_day,Direct 60-day,2025-03-02,0.8146964856230032,0.6821705426356589,129,jaccard_overlap,2844,130,129,36631,782,27.49648382559775,25.0,5.0,89.0,46.84271099744245,0.793052351024567,0.7882736156351792,0.75,0.8376623376623377,0.206947648975433
a,direct_60_day,Direct 60-day,2025-09-14,0.8256578947368421,0.689922480620155,129,jaccard_overlap,2844,130,129,36631,782,27.49648382559775,25.0,5.0,89.0,46.84271099744245,0.793052351024567,0.7882736156351792,0.75,0.8376623376623377,0.206947648975433
a,direct_60_day,Direct 60-day,2022-09-18,0.8258064516129032,0.6976744186046512,129,jaccard_overlap,2844,130,129,36631,782,27.49648382559775,25.0,5.0,89.0,46.84271099744245,0.793052351024567,0.7882736156351792,0.75,0.8376623376623377,0.206947648975433
a,direct_60_day,Direct 60-day,2022-10-02,0.8258064516129032,0.7054263565891473,129,jaccard_overlap,2844,130,129,36631,782,27.49648382559775,25.0,5.0,89.0,46.84271099744245,0.793052351024567,0.7882736156351792,0.75,0.8376623376623377,0.206947648975433
a,direct_60_day,Direct 60-day,2024-02-18,0.832258064516129,0.7131782945736435,129,jaccard_overlap,2844,130,129,36631,782,27.49648382559775,25.0,5.0,89.0,46.84271099744245,0.793052351024567,0.7882736156351792,0.75,0.8376623376623377,0.206947648975433
a,direct_60_day,Direct 60-day,2025-10-12,0.8344370860927153,0.7209302325581395,129,jaccard_overlap,2844,130,129,36631,782,27.49648382559775,25.0,5.0,89.0,46.84271099744245,0.793052351024567,0.7882736156351792,0.75,0.8376623376623377,0.206947648975433
a,direct_60_day,Direct 60-day,2025-05-25,0.8349514563106796,0.7286821705426356,129,jaccard_overlap,2844,130,129,36631,782,27.49648382559775,25.0,5.0,89.0,46.84271099744245,0.793052351024567,0.7882736156351792,0.75,0.8376623376623377,0.206947648975433
a,direct_60_day,Direct 60-day,2021-02-07,0.8354838709677419,0.7364341085271318,129,jaccard_overlap,2844,130,129,36631,782,27.49648382559775,25.0,5.0,89.0,46.84271099744245,0.793052351024567,0.7882736156351792,0.75,0.8376623376623377,0.206947648975433
a,direct_60_day,Direct 60-day,2023-10-01,0.8355704697986577,0.7441860465116279,129,jaccard_overlap,2844,130,129,36631,782,27.49648382559775,25.0,5.0,89.0,46.84271099744245,0.793052351024567,0.7882736156351792,0.75,0.8376623376623377,0.206947648975433
a,direct_60_day,Direct 60-day,2022-10-16,0.8376623376623377,0.751937984496124,129,jaccard_overlap,2844,130,129,36631,782,27.49648382559775,25.0,5.0,89.0,46.84271099744245,0.793052351024567,0.7882736156351792,0.75,0.8376623376623377,0.206947648975433
a,direct_60_day,Direct 60-day,2025-04-13,0.8381877022653722,0.7596899224806202,129,jaccard_overlap,2844,130,129,36631,782,27.49648382559775,25.0,5.0,89.0,46.84271099744245,0.793052351024567,0.7882736156351792,0.75,0.8376623376623377,0.206947648975433
a,direct_60_day,Direct 60-day,2023-05-14,0.8409090909090909,0.7674418604651163,129,jaccard_overlap,2844,130,129,36631,782,27.49648382559775,25.0,5.0,89.0,46.84271099744245,0.793052351024567,0.7882736156351792,0.75,0.8376623376623377,0.206947648975433
a,direct_60_day,Direct 60-day,2021-10-17,0.8436482084690554,0.7751937984496124,129,jaccard_overlap,2844,130,129,36631,782,27.49648382559775,25.0,5.0,89.0,46.84271099744245,0.793052351024567,0.7882736156351792,0.75,0.8376623376623377,0.206947648975433
a,direct_60_day,Direct 60-day,2025-06-22,0.8436482084690554,0.7829457364341085,129,jaccard_overlap,2844,130,129,36631,782,27.49648382559775,25.0,5.0,89.0,46.84271099744245,0.793052351024567,0.7882736156351792,0.75,0.8376623376623377,0.206947648975433
a,direct_60_day,Direct 60-day,2022-02-06,0.8441558441558441,0.7906976744186046,129,jaccard_overlap,2844,130,129,36631,782,27.49648382559775,25.0,5.0,89.0,46.84271099744245,0.793052351024567,0.7882736156351792,0.75,0.8376623376623377,0.206947648975433
a,direct_60_day,Direct 60-day,2022-03-06,0.8441558441558441,0.7984496124031008,129,jaccard_overlap,2844,130,129,36631,782,27.49648382559775,25.0,5.0,89.0,46.84271099744245,0.793052351024567,0.7882736156351792,0.75,0.8376623376623377,0.206947648975433
a,direct_60_day,Direct 60-day,2025-03-16,0.8441558441558441,0.8062015503875969,129,jaccard_overlap,2844,130,129,36631,782,27.49648382559775,25.0,5.0,89.0,46.84271099744245,0.793052351024567,0.7882736156351792,0.75,0.8376623376623377,0.206947648975433
a,direct_60_day,Direct 60-day,2025-09-28,0.8466666666666667,0.813953488372093,129,jaccard_overlap,2844,130,129,36631,782,27.49648382559775,25.0,5.0,89.0,46.84271099744245,0.793052351024567,0.7882736156351792,0.75,0.8376623376623377,0.206947648975433
a,direct_60_day,Direct 60-day,2021-09-05,0.8491803278688524,0.8217054263565892,129,jaccard_overlap,2844,130,129,36631,782,27.49648382559775,25.0,5.0,89.0,46.84271099744245,0.793052351024567,0.7882736156351792,0.75,0.8376623376623377,0.206947648975433
a,direct_60_day,Direct 60-day,2025-08-17,0.8538205980066446,0.8294573643410853,129,jaccard_overlap,2844,130,129,36631,782,27.49648382559775,25.0,5.0,89.0,46.84271099744245,0.793052351024567,0.7882736156351792,0.75,0.8376623376623377,0.206947648975433
a,direct_60_day,Direct 60-day,2024-04-14,0.8557377049180328,0.8372093023255814,129,jaccard_overlap,2844,130,129,36631,782,27.49648382559775,25.0,5.0,89.0,46.84271099744245,0.793052351024567,0.7882736156351792,0.75,0.8376623376623377,0.206947648975433
a,direct_60_day,Direct 60-day,2021-03-07,0.8562091503267973,0.8449612403100775,129,jaccard_overlap,2844,130,129,36631,782,27.49648382559775,25.0,5.0,89.0,46.84271099744245,0.793052351024567,0.7882736156351792,0.75,0.8376623376623377,0.206947648975433
a,direct_60_day,Direct 60-day,2023-02-05,0.8562091503267973,0.8527131782945736,129,jaccard_overlap,2844,130,129,36631,782,27.49648382559775,25.0,5.0,89.0,46.84271099744245,0.793052351024567,0.7882736156351792,0.75,0.8376623376623377,0.206947648975433
a,direct_60_day,Direct 60-day,2025-04-27,0.8622950819672132,0.8604651162790697,129,jaccard_overlap,2844,130,129,36631,782,27.49648382559775,25.0,5.0,89.0,46.84271099744245,0.793052351024567,0.7882736156351792,0.75,0.8376623376623377,0.206947648975433
a,direct_60_day,Direct 60-day,2021-01-24,0.8627450980392157,0.8682170542635659,129,jaccard_overlap,2844,130,129,36631,782,27.49648382559775,25.0,5.0,89.0,46.84271099744245,0.793052351024567,0.7882736156351792,0.75,0.8376623376623377,0.206947648975433
a,direct_60_day,Direct 60-day,2025-05-11,0.8712871287128713,0.875968992248062,129,jaccard_overlap,2844,130,129,36631,782,27.49648382559775,25.0,5.0,89.0,46.84271099744245,0.793052351024567,0.7882736156351792,0.75,0.8376623376623377,0.206947648975433
a,direct_60_day,Direct 60-day,2023-01-22,0.8717105263157895,0.8837209302325582,129,jaccard_overlap,2844,130,129,36631,782,27.49648382559775,25.0,5.0,89.0,46.84271099744245,0.793052351024567,0.7882736156351792,0.75,0.8376623376623377,0.206947648975433
a,direct_60_day,Direct 60-day,2021-09-19,0.88,0.8914728682170543,129,jaccard_overlap,2844,130,129,36631,782,27.49648382559775,25.0,5.0,89.0,46.84271099744245,0.793052351024567,0.7882736156351792,0.75,0.8376623376623377,0.206947648975433
a,direct_60_day,Direct 60-day,2022-09-04,0.8803986710963455,0.8992248062015504,129,jaccard_overlap,2844,130,129,36631,782,27.49648382559775,25.0,5.0,89.0,46.84271099744245,0.793052351024567,0.7882736156351792,0.75,0.8376623376623377,0.206947648975433
a,direct_60_day,Direct 60-day,2023-03-05,0.8807947019867549,0.9069767441860465,129,jaccard_overlap,2844,130,129,36631,782,27.49648382559775,25.0,5.0,89.0,46.84271099744245,0.793052351024567,0.7882736156351792,0.75,0.8376623376623377,0.206947648975433
a,direct_60_day,Direct 60-day,2025-03-30,0.8807947019867549,0.9147286821705426,129,jaccard_overlap,2844,130,129,36631,782,27.49648382559775,25.0,5.0,89.0,46.84271099744245,0.793052351024567,0.7882736156351792,0.75,0.8376623376623377,0.206947648975433
a,direct_60_day,Direct 60-day,2023-04-02,0.8866666666666667,0.9224806201550387,129,jaccard_overlap,2844,130,129,36631,782,27.49648382559775,25.0,5.0,89.0,46.84271099744245,0.793052351024567,0.7882736156351792,0.75,0.8376623376623377,0.206947648975433
a,direct_60_day,Direct 60-day,2023-04-16,0.8866666666666667,0.9302325581395349,129,jaccard_overlap,2844,130,129,36631,782,27.49648382559775,25.0,5.0,89.0,46.84271099744245,0.793052351024567,0.7882736156351792,0.75,0.8376623376623377,0.206947648975433
a,direct_60_day,Direct 60-day,2022-02-20,0.8996655518394648,0.937984496124031,129,jaccard_overlap,2844,130,129,36631,782,27.49648382559775,25.0,5.0,89.0,46.84271099744245,0.793052351024567,0.7882736156351792,0.75,0.8376623376623377,0.206947648975433
a,direct_60_day,Direct 60-day,2022-03-20,0.8996655518394648,0.9457364341085271,129,jaccard_overlap,2844,130,129,36631,782,27.49648382559775,25.0,5.0,89.0,46.84271099744245,0.793052351024567,0.7882736156351792,0.75,0.8376623376623377,0.206947648975433
a,direct_60_day,Direct 60-day,2023-02-19,0.8996655518394648,0.9534883720930233,129,jaccard_overlap,2844,130,129,36631,782,27.49648382559775,25.0,5.0,89.0,46.84271099744245,0.793052351024567,0.7882736156351792,0.75,0.8376623376623377,0.206947648975433
a,direct_60_day,Direct 60-day,2023-03-19,0.9090909090909092,0.9612403100775194,129,jaccard_overlap,2844,130,129,36631,782,27.49648382559775,25.0,5.0,89.0,46.84271099744245,0.793052351024567,0.7882736156351792,0.75,0.8376623376623377,0.206947648975433
a,direct_60_day,Direct 60-day,2023-04-30,0.9155405405405406,0.9689922480620154,129,jaccard_overlap,2844,130,129,36631,782,27.49648382559775,25.0,5.0,89.0,46.84271099744245,0.793052351024567,0.7882736156351792,0.75,0.8376623376623377,0.206947648975433
a,direct_60_day,Direct 60-day,2022-05-01,0.918918918918919,0.9767441860465116,129,jaccard_overlap,2844,130,129,36631,782,27.49648382559775,25.0,5.0,89.0,46.84271099744245,0.793052351024567,0.7882736156351792,0.75,0.8376623376623377,0.206947648975433
a,direct_60_day,Direct 60-day,2022-04-17,0.9254237288135592,0.9844961240310077,129,jaccard_overlap,2844,130,129,36631,782,27.49648382559775,25.0,5.0,89.0,46.84271099744245,0.793052351024567,0.7882736156351792,0.75,0.8376623376623377,0.206947648975433
a,direct_60_day,Direct 60-day,2021-02-21,0.9319727891156464,0.9922480620155039,129,jaccard_overlap,2844,130,129,36631,782,27.49648382559775,25.0,5.0,89.0,46.84271099744245,0.793052351024567,0.7882736156351792,0.75,0.8376623376623377,0.206947648975433
a,direct_60_day,Direct 60-day,2022-04-03,0.9319727891156464,1.0,129,jaccard_overlap,2844,130,129,36631,782,27.49648382559775,25.0,5.0,89.0,46.84271099744245,0.793052351024567,0.7882736156351792,0.75,0.8376623376623377,0.206947648975433
b,direct_60_day,Direct 60-day,102216,1.0,0.0012787723785166241,782,selection_n,2844,130,129,36631,782,27.49648382559775,25.0,5.0,89.0,46.84271099744245,0.793052351024567,0.7882736156351792,0.75,0.8376623376623377,0.206947648975433
b,direct_60_day,Direct 60-day,124029,1.0,0.0025575447570332483,782,selection_n,2844,130,129,36631,782,27.49648382559775,25.0,5.0,89.0,46.84271099744245,0.793052351024567,0.7882736156351792,0.75,0.8376623376623377,0.206947648975433
b,direct_60_day,Direct 60-day,134618,1.0,0.0038363171355498722,782,selection_n,2844,130,129,36631,782,27.49648382559775,25.0,5.0,89.0,46.84271099744245,0.793052351024567,0.7882736156351792,0.75,0.8376623376623377,0.206947648975433
b,direct_60_day,Direct 60-day,143695,1.0,0.005115089514066497,782,selection_n,2844,130,129,36631,782,27.49648382559775,25.0,5.0,89.0,46.84271099744245,0.793052351024567,0.7882736156351792,0.75,0.8376623376623377,0.206947648975433
b,direct_60_day,Direct 60-day,144208,1.0,0.00639386189258312,782,selection_n,2844,130,129,36631,782,27.49648382559775,25.0,5.0,89.0,46.84271099744245,0.793052351024567,0.7882736156351792,0.75,0.8376623376623377,0.206947648975433
b,direct_60_day,Direct 60-day,1699,1.0,0.0076726342710997444,782,selection_n,2844,130,129,36631,782,27.49648382559775,25.0,5.0,89.0,46.84271099744245,0.793052351024567,0.7882736156351792,0.75,0.8376623376623377,0.206947648975433
b,direct_60_day,Direct 60-day,18261,1.0,0.008951406649616368,782,selection_n,2844,130,129,36631,782,27.49648382559775,25.0,5.0,89.0,46.84271099744245,0.793052351024567,0.7882736156351792,0.75,0.8376623376623377,0.206947648975433
b,direct_60_day,Direct 60-day,184269,1.0,0.010230179028132993,782,selection_n,2844,130,129,36631,782,27.49648382559775,25.0,5.0,89.0,46.84271099744245,0.793052351024567,0.7882736156351792,0.75,0.8376623376623377,0.206947648975433
b,direct_60_day,Direct 60-day,186831,1.0,0.011508951406649617,782,selection_n,2844,130,129,36631,782,27.49648382559775,25.0,5.0,89.0,46.84271099744245,0.793052351024567,0.7882736156351792,0.75,0.8376623376623377,0.206947648975433
b,direct_60_day,Direct 60-day,187051,1.0,0.01278772378516624,782,selection_n,2844,130,129,36631,782,27.49648382559775,25.0,5.0,89.0,46.84271099744245,0.793052351024567,0.7882736156351792,0.75,0.8376623376623377,0.206947648975433
b,direct_60_day,Direct 60-day,188,1.0,0.014066496163682864,782,selection_n,2844,130,129,36631,782,27.49648382559775,25.0,5.0,89.0,46.84271099744245,0.793052351024567,0.7882736156351792,0.75,0.8376623376623377,0.206947648975433
b,direct_60_day,Direct 60-day,190012,1.0,0.015345268542199489,782,selection_n,2844,130,129,36631,782,27.49648382559775,25.0,5.0,89.0,46.84271099744245,0.793052351024567,0.7882736156351792,0.75,0.8376623376623377,0.206947648975433
b,direct_60_day,Direct 60-day,190428,1.0,0.016624040920716114,782,selection_n,2844,130,129,36631,782,27.49648382559775,25.0,5.0,89.0,46.84271099744245,0.793052351024567,0.7882736156351792,0.75,0.8376623376623377,0.206947648975433
b,direct_60_day,Direct 60-day,190852,1.0,0.017902813299232736,782,selection_n,2844,130,129,36631,782,27.49648382559775,25.0,5.0,89.0,46.84271099744245,0.793052351024567,0.7882736156351792,0.75,0.8376623376623377,0.206947648975433
b,direct_60_day,Direct 60-day,191335,1.0,0.01918158567774936,782,selection_n,2844,130,129,36631,782,27.49648382559775,25.0,5.0,89.0,46.84271099744245,0.793052351024567,0.7882736156351792,0.75,0.8376623376623377,0.206947648975433
b,direct_60_day,Direct 60-day,191448,1.0,0.020460358056265986,782,selection_n,2844,130,129,36631,782,27.49648382559775,25.0,5.0,89.0,46.84271099744245,0.793052351024567,0.7882736156351792,0.75,0.8376623376623377,0.206947648975433
b,direct_60_day,Direct 60-day,192303,1.0,0.021739130434782608,782,selection_n,2844,130,129,36631,782,27.49648382559775,25.0,5.0,89.0,46.84271099744245,0.793052351024567,0.7882736156351792,0.75,0.8376623376623377,0.206947648975433
b,direct_60_day,Direct 60-day,193056,1.0,0.023017902813299233,782,selection_n,2844,130,129,36631,782,27.49648382559775,25.0,5.0,89.0,46.84271099744245,0.793052351024567,0.7882736156351792,0.75,0.8376623376623377,0.206947648975433
b,direct_60_day,Direct 60-day,193574,1.0,0.024296675191815855,782,selection_n,2844,130,129,36631,782,27.49648382559775,25.0,5.0,89.0,46.84271099744245,0.793052351024567,0.7882736156351792,0.75,0.8376623376623377,0.206947648975433
b,direct_60_day,Direct 60-day,193647,1.0,0.02557544757033248,782,selection_n,2844,130,129,36631,782,27.49648382559775,25.0,5.0,89.0,46.84271099744245,0.793052351024567,0.7882736156351792,0.75,0.8376623376623377,0.206947648975433
b,direct_60_day,Direct 60-day,1938,1.0,0.026854219948849106,782,selection_n,2844,130,129,36631,782,27.49648382559775,25.0,5.0,89.0,46.84271099744245,0.793052351024567,0.7882736156351792,0.75,0.8376623376623377,0.206947648975433
b,direct_60_day,Direct 60-day,194637,1.0,0.028132992327365727,782,selection_n,2844,130,129,36631,782,27.49648382559775,25.0,5.0,89.0,46.84271099744245,0.793052351024567,0.7882736156351792,0.75,0.8376623376623377,0.206947648975433
b,direct_60_day,Direct 60-day,194682,1.0,0.029411764705882353,782,selection_n,2844,130,129,36631,782,27.49648382559775,25.0,5.0,89.0,46.84271099744245,0.793052351024567,0.7882736156351792,0.75,0.8376623376623377,0.206947648975433
b,direct_60_day,Direct 60-day,199894,1.0,0.030690537084398978,782,selection_n,2844,130,129,36631,782,27.49648382559775,25.0,5.0,89.0,46.84271099744245,0.793052351024567,0.7882736156351792,0.75,0.8376623376623377,0.206947648975433
b,direct_60_day,Direct 60-day,202191,1.0,0.0319693094629156,782,selection_n,2844,130,129,36631,782,27.49648382559775,25.0,5.0,89.0,46.84271099744245,0.793052351024567,0.7882736156351792,0.75,0.8376623376623377,0.206947648975433
b,direct_60_day,Direct 60-day,202371,1.0,0.03324808184143223,782,selection_n,2844,130,129,36631,782,27.49648382559775,25.0,5.0,89.0,46.84271099744245,0.793052351024567,0.7882736156351792,0.75,0.8376623376623377,0.206947648975433
b,direct_60_day,Direct 60-day,202387,1.0,0.034526854219948847,782,selection_n,2844,130,129,36631,782,27.49648382559775,25.0,5.0,89.0,46.84271099744245,0.793052351024567,0.7882736156351792,0.75,0.8376623376623377,0.206947648975433
b,direct_60_day,Direct 60-day,2027,1.0,0.03580562659846547,782,selection_n,2844,130,129,36631,782,27.49648382559775,25.0,5.0,89.0,46.84271099744245,0.793052351024567,0.7882736156351792,0.75,0.8376623376623377,0.206947648975433
b,direct_60_day,Direct 60-day,2029,1.0,0.0370843989769821,782,selection_n,2844,130,129,36631,782,27.49648382559775,25.0,5.0,89.0,46.84271099744245,0.793052351024567,0.7882736156351792,0.75,0.8376623376623377,0.206947648975433
b,direct_60_day,Direct 60-day,209627,1.0,0.03836317135549872,782,selection_n,2844,130,129,36631,782,27.49648382559775,25.0,5.0,89.0,46.84271099744245,0.793052351024567,0.7882736156351792,0.75,0.8376623376623377,0.206947648975433
b,direct_60_day,Direct 60-day,21775,1.0,0.03964194373401535,782,selection_n,2844,130,129,36631,782,27.49648382559775,25.0,5.0,89.0,46.84271099744245,0.793052351024567,0.7882736156351792,0.75,0.8376623376623377,0.206947648975433
b,direct_60_day,Direct 60-day,28705,1.0,0.04092071611253197,782,selection_n,2844,130,129,36631,782,27.49648382559775,25.0,5.0,89.0,46.84271099744245,0.793052351024567,0.7882736156351792,0.75,0.8376623376623377,0.206947648975433
b,direct_60_day,Direct 60-day,311910,1.0,0.04219948849104859,782,selection_n,2844,130,129,36631,782,27.49648382559775,25.0,5.0,89.0,46.84271099744245,0.793052351024567,0.7882736156351792,0.75,0.8376623376623377,0.206947648975433
b,direct_60_day,Direct 60-day,315317,1.0,0.043478260869565216,782,selection_n,2844,130,129,36631,782,27.49648382559775,25.0,5.0,89.0,46.84271099744245,0.793052351024567,0.7882736156351792,0.75,0.8376623376623377,0.206947648975433
b,direct_60_day,Direct 60-day,316709,1.0,0.04475703324808184,782,selection_n,2844,130,129,36631,782,27.49648382559775,25.0,5.0,89.0,46.84271099744245,0.793052351024567,0.7882736156351792,0.75,0.8376623376623377,0.206947648975433
b,direct_60_day,Direct 60-day,3324,1.0,0.04603580562659847,782,selection_n,2844,130,129,36631,782,27.49648382559775,25.0,5.0,89.0,46.84271099744245,0.793052351024567,0.7882736156351792,0.75,0.8376623376623377,0.206947648975433
b,direct_60_day,Direct 60-day,3331,1.0,0.04731457800511509,782,selection_n,2844,130,129,36631,782,27.49648382559775,25.0,5.0,89.0,46.84271099744245,0.793052351024567,0.7882736156351792,0.75,0.8376623376623377,0.206947648975433
b,direct_60_day,Direct 60-day,34613,1.0,0.04859335038363171,782,selection_n,2844,130,129,36631,782,27.49648382559775,25.0,5.0,89.0,46.84271099744245,0.793052351024567,0.7882736156351792,0.75,0.8376623376623377,0.206947648975433
b,direct_60_day,Direct 60-day,348700,1.0,0.049872122762148335,782,selection_n,2844,130,129,36631,782,27.49648382559775,25.0,5.0,89.0,46.84271099744245,0.793052351024567,0.7882736156351792,0.75,0.8376623376623377,0.206947648975433
b,direct_60_day,Direct 60-day,3529,1.0,0.05115089514066496,782,selection_n,2844,130,129,36631,782,27.49648382559775,25.0,5.0,89.0,46.84271099744245,0.793052351024567,0.7882736156351792,0.75,0.8376623376623377,0.206947648975433
b,direct_60_day,Direct 60-day,3618,1.0,0.052429667519181586,782,selection_n,2844,130,129,36631,782,27.49648382559775,25.0,5.0,89.0,46.84271099744245,0.793052351024567,0.7882736156351792,0.75,0.8376623376623377,0.206947648975433
b,direct_60_day,Direct 60-day,361919,1.0,0.05370843989769821,782,selection_n,2844,130,129,36631,782,27.49648382559775,25.0,5.0,89.0,46.84271099744245,0.793052351024567,0.7882736156351792,0.75,0.8376623376623377,0.206947648975433
b,direct_60_day,Direct 60-day,3950,1.0,0.054987212276214836,782,selection_n,2844,130,129,36631,782,27.49648382559775,25.0,5.0,89.0,46.84271099744245,0.793052351024567,0.7882736156351792,0.75,0.8376623376623377,0.206947648975433
b,direct_60_day,Direct 60-day,4190,1.0,0.056265984654731455,782,selection_n,2844,130,129,36631,782,27.49648382559775,25.0,5.0,89.0,46.84271099744245,0.793052351024567,0.7882736156351792,0.75,0.8376623376623377,0.206947648975433
b,direct_60_day,Direct 60-day,43263,1.0,0.05754475703324808,782,selection_n,2844,130,129,36631,782,27.49648382559775,25.0,5.0,89.0,46.84271099744245,0.793052351024567,0.7882736156351792,0.75,0.8376623376623377,0.206947648975433
b,direct_60_day,Direct 60-day,4351,1.0,0.058823529411764705,782,selection_n,2844,130,129,36631,782,27.49648382559775,25.0,5.0,89.0,46.84271099744245,0.793052351024567,0.7882736156351792,0.75,0.8376623376623377,0.206947648975433
b,direct_60_day,Direct 60-day,4363,1.0,0.06010230179028133,782,selection_n,2844,130,129,36631,782,27.49648382559775,25.0,5.0,89.0,46.84271099744245,0.793052351024567,0.7882736156351792,0.75,0.8376623376623377,0.206947648975433
b,direct_60_day,Direct 60-day,4556,1.0,0.061381074168797956,782,selection_n,2844,130,129,36631,782,27.49648382559775,25.0,5.0,89.0,46.84271099744245,0.793052351024567,0.7882736156351792,0.75,0.8376623376623377,0.206947648975433
b,direct_60_day,Direct 60-day,456333,1.0,0.06265984654731457,782,selection_n,2844,130,129,36631,782,27.49648382559775,25.0,5.0,89.0,46.84271099744245,0.793052351024567,0.7882736156351792,0.75,0.8376623376623377,0.206947648975433
b,direct_60_day,Direct 60-day,47359,1.0,0.0639386189258312,782,selection_n,2844,130,129,36631,782,27.49648382559775,25.0,5.0,89.0,46.84271099744245,0.793052351024567,0.7882736156351792,0.75,0.8376623376623377,0.206947648975433
b,direct_60_day,Direct 60-day,473720,1.0,0.06521739130434782,782,selection_n,2844,130,129,36631,782,27.49648382559775,25.0,5.0,89.0,46.84271099744245,0.793052351024567,0.7882736156351792,0.75,0.8376623376623377,0.206947648975433
b,direct_60_day,Direct 60-day,4819,1.0,0.06649616368286446,782,selection_n,2844,130,129,36631,782,27.49648382559775,25.0,5.0,89.0,46.84271099744245,0.793052351024567,0.7882736156351792,0.75,0.8376623376623377,0.206947648975433
b,direct_60_day,Direct 60-day,485,1.0,0.06777493606138107,782,selection_n,2844,130,129,36631,782,27.49648382559775,25.0,5.0,89.0,46.84271099744245,0.793052351024567,0.7882736156351792,0.75,0.8376623376623377,0.206947648975433
b,direct_60_day,Direct 60-day,5487,1.0,0.06905370843989769,782,selection_n,2844,130,129,36631,782,27.49648382559775,25.0,5.0,89.0,46.84271099744245,0.793052351024567,0.7882736156351792,0.75,0.8376623376623377,0.206947648975433
b,direct_60_day,Direct 60-day,5575,1.0,0.07033248081841433,782,selection_n,2844,130,129,36631,782,27.49648382559775,25.0,5.0,89.0,46.84271099744245,0.793052351024567,0.7882736156351792,0.75,0.8376623376623377,0.206947648975433
b,direct_60_day,Direct 60-day,56234,1.0,0.07161125319693094,782,selection_n,2844,130,129,36631,782,27.49648382559775,25.0,5.0,89.0,46.84271099744245,0.793052351024567,0.7882736156351792,0.75,0.8376623376623377,0.206947648975433
b,direct_60_day,Direct 60-day,610,1.0,0.07289002557544758,782,selection_n,2844,130,129,36631,782,27.49648382559775,25.0,5.0,89.0,46.84271099744245,0.793052351024567,0.7882736156351792,0.75,0.8376623376623377,0.206947648975433
b,direct_60_day,Direct 60-day,61403,1.0,0.0741687979539642,782,selection_n,2844,130,129,36631,782,27.49648382559775,25.0,5.0,89.0,46.84271099744245,0.793052351024567,0.7882736156351792,0.75,0.8376623376623377,0.206947648975433
b,direct_60_day,Direct 60-day,6226,1.0,0.07544757033248081,782,selection_n,2844,130,129,36631,782,27.49648382559775,25.0,5.0,89.0,46.84271099744245,0.793052351024567,0.7882736156351792,0.75,0.8376623376623377,0.206947648975433
b,direct_60_day,Direct 60-day,6473,1.0,0.07672634271099744,782,selection_n,2844,130,129,36631,782,27.49648382559775,25.0,5.0,89.0,46.84271099744245,0.793052351024567,0.7882736156351792,0.75,0.8376623376623377,0.206947648975433
b,direct_60_day,Direct 60-day,6995,1.0,0.07800511508951406,782,selection_n,2844,130,129,36631,782,27.49648382559775,25.0,5.0,89.0,46.84271099744245,0.793052351024567,0.7882736156351792,0.75,0.8376623376623377,0.206947648975433
b,direct_60_day,Direct 60-day,7011,1.0,0.0792838874680307,782,selection_n,2844,130,129,36631,782,27.49648382559775,25.0,5.0,89.0,46.84271099744245,0.793052351024567,0.7882736156351792,0.75,0.8376623376623377,0.206947648975433
b,direct_60_day,Direct 60-day,7051,1.0,0.08056265984654731,782,selection_n,2844,130,129,36631,782,27.49648382559775,25.0,5.0,89.0,46.84271099744245,0.793052351024567,0.7882736156351792,0.75,0.8376623376623377,0.206947648975433
b,direct_60_day,Direct 60-day,72460,1.0,0.08184143222506395,782,selection_n,2844,130,129,36631,782,27.49648382559775,25.0,5.0,89.0,46.84271099744245,0.793052351024567,0.7882736156351792,0.75,0.8376623376623377,0.206947648975433
b,direct_60_day,Direct 60-day,726,1.0,0.08312020460358056,782,selection_n,2844,130,129,36631,782,27.49648382559775,25.0,5.0,89.0,46.84271099744245,0.793052351024567,0.7882736156351792,0.75,0.8376623376623377,0.206947648975433
b,direct_60_day,Direct 60-day,76191,1.0,0.08439897698209718,782,selection_n,2844,130,129,36631,782,27.49648382559775,25.0,5.0,89.0,46.84271099744245,0.793052351024567,0.7882736156351792,0.75,0.8376623376623377,0.206947648975433
b,direct_60_day,Direct 60-day,79761,1.0,0.08567774936061381,782,selection_n,2844,130,129,36631,782,27.49648382559775,25.0,5.0,89.0,46.84271099744245,0.793052351024567,0.7882736156351792,0.75,0.8376623376623377,0.206947648975433
b,direct_60_day,Direct 60-day,84688,1.0,0.08695652173913043,782,selection_n,2844,130,129,36631,782,27.49648382559775,25.0,5.0,89.0,46.84271099744245,0.793052351024567,0.7882736156351792,0.75,0.8376623376623377,0.206947648975433
b,direct_60_day,Direct 60-day,94084,1.0,0.08823529411764706,782,selection_n,2844,130,129,36631,782,27.49648382559775,25.0,5.0,89.0,46.84271099744245,0.793052351024567,0.7882736156351792,0.75,0.8376623376623377,0.206947648975433
b,direct_60_day,Direct 60-day,975,1.0,0.08951406649616368,782,selection_n,2844,130,129,36631,782,27.49648382559775,25.0,5.0,89.0,46.84271099744245,0.793052351024567,0.7882736156351792,0.75,0.8376623376623377,0.206947648975433
b,direct_60_day,Direct 60-day,100422,2.0,0.0907928388746803,782,selection_n,2844,130,129,36631,782,27.49648382559775,25.0,5.0,89.0,46.84271099744245,0.793052351024567,0.7882736156351792,0.75,0.8376623376623377,0.206947648975433
b,direct_60_day,Direct 60-day,103186,2.0,0.09207161125319693,782,selection_n,2844,130,129,36631,782,27.49648382559775,25.0,5.0,89.0,46.84271099744245,0.793052351024567,0.7882736156351792,0.75,0.8376623376623377,0.206947648975433
b,direct_60_day,Direct 60-day,111528,2.0,0.09335038363171355,782,selection_n,2844,130,129,36631,782,27.49648382559775,25.0,5.0,89.0,46.84271099744245,0.793052351024567,0.7882736156351792,0.75,0.8376623376623377,0.206947648975433
b,direct_60_day,Direct 60-day,1171,2.0,0.09462915601023018,782,selection_n,2844,130,129,36631,782,27.49648382559775,25.0,5.0,89.0,46.84271099744245,0.793052351024567,0.7882736156351792,0.75,0.8376623376623377,0.206947648975433
b,direct_60_day,Direct 60-day,131962,2.0,0.0959079283887468,782,selection_n,2844,130,129,36631,782,27.49648382559775,25.0,5.0,89.0,46.84271099744245,0.793052351024567,0.7882736156351792,0.75,0.8376623376623377,0.206947648975433
b,direct_60_day,Direct 60-day,13786,2.0,0.09718670076726342,782,selection_n,2844,130,129,36631,782,27.49648382559775,25.0,5.0,89.0,46.84271099744245,0.793052351024567,0.7882736156351792,0.75,0.8376623376623377,0.206947648975433
b,direct_60_day,Direct 60-day,17128,2.0,0.09846547314578005,782,selection_n,2844,130,129,36631,782,27.49648382559775,25.0,5.0,89.0,46.84271099744245,0.793052351024567,0.7882736156351792,0.75,0.8376623376623377,0.206947648975433
b,direct_60_day,Direct 60-day,1842,2.0,0.09974424552429667,782,selection_n,2844,130,129,36631,782,27.49648382559775,25.0,5.0,89.0,46.84271099744245,0.793052351024567,0.7882736156351792,0.75,0.8376623376623377,0.206947648975433
b,direct_60_day,Direct 60-day,184463,2.0,0.1010230179028133,782,selection_n,2844,130,129,36631,782,27.49648382559775,25.0,5.0,89.0,46.84271099744245,0.793052351024567,0.7882736156351792,0.75,0.8376623376623377,0.206947648975433
b,direct_60_day,Direct 60-day,186080,2.0,0.10230179028132992,782,selection_n,2844,130,129,36631,782,27.49648382559775,25.0,5.0,89.0,46.84271099744245,0.793052351024567,0.7882736156351792,0.75,0.8376623376623377,0.206947648975433
b,direct_60_day,Direct 60-day,188106,2.0,0.10358056265984655,782,selection_n,2844,130,129,36631,782,27.49648382559775,25.0,5.0,89.0,46.84271099744245,0.793052351024567,0.7882736156351792,0.75,0.8376623376623377,0.206947648975433
b,direct_60_day,Direct 60-day,190926,2.0,0.10485933503836317,782,selection_n,2844,130,129,36631,782,27.49648382559775,25.0,5.0,89.0,46.84271099744245,0.793052351024567,0.7882736156351792,0.75,0.8376623376623377,0.206947648975433
b,direct_60_day,Direct 60-day,192194,2.0,0.10613810741687979,782,selection_n,2844,130,129,36631,782,27.49648382559775,25.0,5.0,89.0,46.84271099744245,0.793052351024567,0.7882736156351792,0.75,0.8376623376623377,0.206947648975433
b,direct_60_day,Direct 60-day,193371,2.0,0.10741687979539642,782,selection_n,2844,130,129,36631,782,27.49648382559775,25.0,5.0,89.0,46.84271099744245,0.793052351024567,0.7882736156351792,0.75,0.8376623376623377,0.206947648975433
b,direct_60_day,Direct 60-day,198109,2.0,0.10869565217391304,782,selection_n,2844,130,129,36631,782,27.49648382559775,25.0,5.0,89.0,46.84271099744245,0.793052351024567,0.7882736156351792,0.75,0.8376623376623377,0.206947648975433
b,direct_60_day,Direct 60-day,198475,2.0,0.10997442455242967,782,selection_n,2844,130,129,36631,782,27.49648382559775,25.0,5.0,89.0,46.84271099744245,0.793052351024567,0.7882736156351792,0.75,0.8376623376623377,0.206947648975433
b,direct_60_day,Direct 60-day,199879,2.0,0.11125319693094629,782,selection_n,2844,130,129,36631,782,27.49648382559775,25.0,5.0,89.0,46.84271099744245,0.793052351024567,0.7882736156351792,0.75,0.8376623376623377,0.206947648975433
b,direct_60_day,Direct 60-day,202183,2.0,0.11253196930946291,782,selection_n,2844,130,129,36631,782,27.49648382559775,25.0,5.0,89.0,46.84271099744245,0.793052351024567,0.7882736156351792,0.75,0.8376623376623377,0.206947648975433
b,direct_60_day,Direct 60-day,203332,2.0,0.11381074168797954,782,selection_n,2844,130,129,36631,782,27.49648382559775,25.0,5.0,89.0,46.84271099744245,0.793052351024567,0.7882736156351792,0.75,0.8376623376623377,0.206947648975433
b,direct_60_day,Direct 60-day,203606,2.0,0.11508951406649616,782,selection_n,2844,130,129,36631,782,27.49648382559775,25.0,5.0,89.0,46.84271099744245,0.793052351024567,0.7882736156351792,0.75,0.8376623376623377,0.206947648975433
b,direct_60_day,Direct 60-day,209587,2.0,0.11636828644501279,782,selection_n,2844,130,129,36631,782,27.49648382559775,25.0,5.0,89.0,46.84271099744245,0.793052351024567,0.7882736156351792,0.75,0.8376623376623377,0.206947648975433
b,direct_60_day,Direct 60-day,2154,2.0,0.11764705882352941,782,selection_n,2844,130,129,36631,782,27.49648382559775,25.0,5.0,89.0,46.84271099744245,0.793052351024567,0.7882736156351792,0.75,0.8376623376623377,0.206947648975433
b,direct_60_day,Direct 60-day,2282,2.0,0.11892583120204604,782,selection_n,2844,130,129,36631,782,27.49648382559775,25.0,5.0,89.0,46.84271099744245,0.793052351024567,0.7882736156351792,0.75,0.8376623376623377,0.206947648975433
b,direct_60_day,Direct 60-day,235369,2.0,0.12020460358056266,782,selection_n,2844,130,129,36631,782,27.49648382559775,25.0,5.0,89.0,46.84271099744245,0.793052351024567,0.7882736156351792,0.75,0.8376623376623377,0.206947648975433
b,direct_60_day,Direct 60-day,2545,2.0,0.12148337595907928,782,selection_n,2844,130,129,36631,782,27.49648382559775,25.0,5.0,89.0,46.84271099744245,0.793052351024567,0.7882736156351792,0.75,0.8376623376623377,0.206947648975433
b,direct_60_day,Direct 60-day,2648,2.0,0.12276214833759591,782,selection_n,2844,130,129,36631,782,27.49648382559775,25.0,5.0,89.0,46.84271099744245,0.793052351024567,0.7882736156351792,0.75,0.8376623376623377,0.206947648975433
b,direct_60_day,Direct 60-day,3295,2.0,0.12404092071611253,782,selection_n,2844,130,129,36631,782,27.49648382559775,25.0,5.0,89.0,46.84271099744245,0.793052351024567,0.7882736156351792,0.75,0.8376623376623377,0.206947648975433
b,direct_60_day,Direct 60-day,340441,2.0,0.12531969309462915,782,selection_n,2844,130,129,36631,782,27.49648382559775,25.0,5.0,89.0,46.84271099744245,0.793052351024567,0.7882736156351792,0.75,0.8376623376623377,0.206947648975433
b,direct_60_day,Direct 60-day,347313,2.0,0.1265984654731458,782,selection_n,2844,130,129,36631,782,27.49648382559775,25.0,5.0,89.0,46.84271099744245,0.793052351024567,0.7882736156351792,0.75,0.8376623376623377,0.206947648975433
b,direct_60_day,Direct 60-day,354491,2.0,0.1278772378516624,782,selection_n,2844,130,129,36631,782,27.49648382559775,25.0,5.0,89.0,46.84271099744245,0.793052351024567,0.7882736156351792,0.75,0.8376623376623377,0.206947648975433
b,direct_60_day,Direct 60-day,367586,2.0,0.12915601023017903,782,selection_n,2844,130,129,36631,782,27.49648382559775,25.0,5.0,89.0,46.84271099744245,0.793052351024567,0.7882736156351792,0.75,0.8376623376623377,0.206947648975433
b,direct_60_day,Direct 60-day,40766,2.0,0.13043478260869565,782,selection_n,2844,130,129,36631,782,27.49648382559775,25.0,5.0,89.0,46.84271099744245,0.793052351024567,0.7882736156351792,0.75,0.8376623376623377,0.206947648975433
b,direct_60_day,Direct 60-day,452798,2.0,0.13171355498721227,782,selection_n,2844,130,129,36631,782,27.49648382559775,25.0,5.0,89.0,46.84271099744245,0.793052351024567,0.7882736156351792,0.75,0.8376623376623377,0.206947648975433
b,direct_60_day,Direct 60-day,4709,2.0,0.1329923273657289,782,selection_n,2844,130,129,36631,782,27.49648382559775,25.0,5.0,89.0,46.84271099744245,0.793052351024567,0.7882736156351792,0.75,0.8376623376623377,0.206947648975433
b,direct_60_day,Direct 60-day,5541,2.0,0.13427109974424553,782,selection_n,2844,130,129,36631,782,27.49648382559775,25.0,5.0,89.0,46.84271099744245,0.793052351024567,0.7882736156351792,0.75,0.8376623376623377,0.206947648975433
b,direct_60_day,Direct 60-day,58773,2.0,0.13554987212276215,782,selection_n,2844,130,129,36631,782,27.49648382559775,25.0,5.0,89.0,46.84271099744245,0.793052351024567,0.7882736156351792,0.75,0.8376623376623377,0.206947648975433
b,direct_60_day,Direct 60-day,6215,2.0,0.13682864450127877,782,selection_n,2844,130,129,36631,782,27.49648382559775,25.0,5.0,89.0,46.84271099744245,0.793052351024567,0.7882736156351792,0.75,0.8376623376623377,0.206947648975433
b,direct_60_day,Direct 60-day,6963,2.0,0.13810741687979539,782,selection_n,2844,130,129,36631,782,27.49648382559775,25.0,5.0,89.0,46.84271099744245,0.793052351024567,0.7882736156351792,0.75,0.8376623376623377,0.206947648975433
b,direct_60_day,Direct 60-day,77393,2.0,0.13938618925831203,782,selection_n,2844,130,129,36631,782,27.49648382559775,25.0,5.0,89.0,46.84271099744245,0.793052351024567,0.7882736156351792,0.75,0.8376623376623377,0.206947648975433
b,direct_60_day,Direct 60-day,857,2.0,0.14066496163682865,782,selection_n,2844,130,129,36631,782,27.49648382559775,25.0,5.0,89.0,46.84271099744245,0.793052351024567,0.7882736156351792,0.75,0.8376623376623377,0.206947648975433
b,direct_60_day,Direct 60-day,89989,2.0,0.14194373401534527,782,selection_n,2844,130,129,36631,782,27.49648382559775,25.0,5.0,89.0,46.84271099744245,0.793052351024567,0.7882736156351792,0.75,0.8376623376623377,0.206947648975433
b,direct_60_day,Direct 60-day,91948,2.0,0.1432225063938619,782,selection_n,2844,130,129,36631,782,27.49648382559775,25.0,5.0,89.0,46.84271099744245,0.793052351024567,0.7882736156351792,0.75,0.8376623376623377,0.206947648975433
b,direct_60_day,Direct 60-day,96015,2.0,0.1445012787723785,782,selection_n,2844,130,129,36631,782,27.49648382559775,25.0,5.0,89.0,46.84271099744245,0.793052351024567,0.7882736156351792,0.75,0.8376623376623377,0.206947648975433
b,direct_60_day,Direct 60-day,12016,3.0,0.14578005115089515,782,selection_n,2844,130,129,36631,782,27.49648382559775,25.0,5.0,89.0,46.84271099744245,0.793052351024567,0.7882736156351792,0.75,0.8376623376623377,0.206947648975433
b,direct_60_day,Direct 60-day,120911,3.0,0.14705882352941177,782,selection_n,2844,130,129,36631,782,27.49648382559775,25.0,5.0,89.0,46.84271099744245,0.793052351024567,0.7882736156351792,0.75,0.8376623376623377,0.206947648975433
b,direct_60_day,Direct 60-day,123003,3.0,0.1483375959079284,782,selection_n,2844,130,129,36631,782,27.49648382559775,25.0,5.0,89.0,46.84271099744245,0.793052351024567,0.7882736156351792,0.75,0.8376623376623377,0.206947648975433
b,direct_60_day,Direct 60-day,1321,3.0,0.149616368286445,782,selection_n,2844,130,129,36631,782,27.49648382559775,25.0,5.0,89.0,46.84271099744245,0.793052351024567,0.7882736156351792,0.75,0.8376623376623377,0.206947648975433
b,direct_60_day,Direct 60-day,1333,3.0,0.15089514066496162,782,selection_n,2844,130,129,36631,782,27.49648382559775,25.0,5.0,89.0,46.84271099744245,0.793052351024567,0.7882736156351792,0.75,0.8376623376623377,0.206947648975433
b,direct_60_day,Direct 60-day,1547,3.0,0.15217391304347827,782,selection_n,2844,130,129,36631,782,27.49648382559775,25.0,5.0,89.0,46.84271099744245,0.793052351024567,0.7882736156351792,0.75,0.8376623376623377,0.206947648975433
b,direct_60_day,Direct 60-day,15979,3.0,0.1534526854219949,782,selection_n,2844,130,129,36631,782,27.49648382559775,25.0,5.0,89.0,46.84271099744245,0.793052351024567,0.7882736156351792,0.75,0.8376623376623377,0.206947648975433
b,direct_60_day,Direct 60-day,1664,3.0,0.1547314578005115,782,selection_n,2844,130,129,36631,782,27.49648382559775,25.0,5.0,89.0,46.84271099744245,0.793052351024567,0.7882736156351792,0.75,0.8376623376623377,0.206947648975433
b,direct_60_day,Direct 60-day,184965,3.0,0.15601023017902813,782,selection_n,2844,130,129,36631,782,27.49648382559775,25.0,5.0,89.0,46.84271099744245,0.793052351024567,0.7882736156351792,0.75,0.8376623376623377,0.206947648975433
b,direct_60_day,Direct 60-day,18995,3.0,0.15728900255754474,782,selection_n,2844,130,129,36631,782,27.49648382559775,25.0,5.0,89.0,46.84271099744245,0.793052351024567,0.7882736156351792,0.75,0.8376623376623377,0.206947648975433
b,direct_60_day,Direct 60-day,191470,3.0,0.1585677749360614,782,selection_n,2844,130,129,36631,782,27.49648382559775,25.0,5.0,89.0,46.84271099744245,0.793052351024567,0.7882736156351792,0.75,0.8376623376623377,0.206947648975433
b,direct_60_day,Direct 60-day,192520,3.0,0.159846547314578,782,selection_n,2844,130,129,36631,782,27.49648382559775,25.0,5.0,89.0,46.84271099744245,0.793052351024567,0.7882736156351792,0.75,0.8376623376623377,0.206947648975433
b,direct_60_day,Direct 60-day,193500,3.0,0.16112531969309463,782,selection_n,2844,130,129,36631,782,27.49648382559775,25.0,5.0,89.0,46.84271099744245,0.793052351024567,0.7882736156351792,0.75,0.8376623376623377,0.206947648975433
b,direct_60_day,Direct 60-day,197222,3.0,0.16240409207161124,782,selection_n,2844,130,129,36631,782,27.49648382559775,25.0,5.0,89.0,46.84271099744245,0.793052351024567,0.7882736156351792,0.75,0.8376623376623377,0.206947648975433
b,direct_60_day,Direct 60-day,2203,3.0,0.1636828644501279,782,selection_n,2844,130,129,36631,782,27.49648382559775,25.0,5.0,89.0,46.84271099744245,0.793052351024567,0.7882736156351792,0.75,0.8376623376623377,0.206947648975433
b,direct_60_day,Direct 60-day,221089,3.0,0.1649616368286445,782,selection_n,2844,130,129,36631,782,27.49648382559775,25.0,5.0,89.0,46.84271099744245,0.793052351024567,0.7882736156351792,0.75,0.8376623376623377,0.206947648975433
b,direct_60_day,Direct 60-day,221704,3.0,0.16624040920716113,782,selection_n,2844,130,129,36631,782,27.49648382559775,25.0,5.0,89.0,46.84271099744245,0.793052351024567,0.7882736156351792,0.75,0.8376623376623377,0.206947648975433
b,direct_60_day,Direct 60-day,2283,3.0,0.16751918158567775,782,selection_n,2844,130,129,36631,782,27.49648382559775,25.0,5.0,89.0,46.84271099744245,0.793052351024567,0.7882736156351792,0.75,0.8376623376623377,0.206947648975433
b,direct_60_day,Direct 60-day,2329,3.0,0.16879795396419436,782,selection_n,2844,130,129,36631,782,27.49648382559775,25.0,5.0,89.0,46.84271099744245,0.793052351024567,0.7882736156351792,0.75,0.8376623376623377,0.206947648975433
b,direct_60_day,Direct 60-day,28356,3.0,0.170076726342711,782,selection_n,2844,130,129,36631,782,27.49648382559775,25.0,5.0,89.0,46.84271099744245,0.793052351024567,0.7882736156351792,0.75,0.8376623376623377,0.206947648975433
b,direct_60_day,Direct 60-day,2876,3.0,0.17135549872122763,782,selection_n,2844,130,129,36631,782,27.49648382559775,25.0,5.0,89.0,46.84271099744245,0.793052351024567,0.7882736156351792,0.75,0.8376623376623377,0.206947648975433
b,direct_60_day,Direct 60-day,350285,3.0,0.17263427109974425,782,selection_n,2844,130,129,36631,782,27.49648382559775,25.0,5.0,89.0,46.84271099744245,0.793052351024567,0.7882736156351792,0.75,0.8376623376623377,0.206947648975433
b,direct_60_day,Direct 60-day,350312,3.0,0.17391304347826086,782,selection_n,2844,130,129,36631,782,27.49648382559775,25.0,5.0,89.0,46.84271099744245,0.793052351024567,0.7882736156351792,0.75,0.8376623376623377,0.206947648975433
b,direct_60_day,Direct 60-day,361755,3.0,0.17519181585677748,782,selection_n,2844,130,129,36631,782,27.49648382559775,25.0,5.0,89.0,46.84271099744245,0.793052351024567,0.7882736156351792,0.75,0.8376623376623377,0.206947648975433
b,direct_60_day,Direct 60-day,4229,3.0,0.17647058823529413,782,selection_n,2844,130,129,36631,782,27.49648382559775,25.0,5.0,89.0,46.84271099744245,0.793052351024567,0.7882736156351792,0.75,0.8376623376623377,0.206947648975433
b,direct_60_day,Direct 60-day,452903,3.0,0.17774936061381075,782,selection_n,2844,130,129,36631,782,27.49648382559775,25.0,5.0,89.0,46.84271099744245,0.793052351024567,0.7882736156351792,0.75,0.8376623376623377,0.206947648975433
b,direct_60_day,Direct 60-day,54660,3.0,0.17902813299232737,782,selection_n,2844,130,129,36631,782,27.49648382559775,25.0,5.0,89.0,46.84271099744245,0.793052351024567,0.7882736156351792,0.75,0.8376623376623377,0.206947648975433
b,direct_60_day,Direct 60-day,55609,3.0,0.18030690537084398,782,selection_n,2844,130,129,36631,782,27.49648382559775,25.0,5.0,89.0,46.84271099744245,0.793052351024567,0.7882736156351792,0.75,0.8376623376623377,0.206947648975433
b,direct_60_day,Direct 60-day,58758,3.0,0.1815856777493606,782,selection_n,2844,130,129,36631,782,27.49648382559775,25.0,5.0,89.0,46.84271099744245,0.793052351024567,0.7882736156351792,0.75,0.8376623376623377,0.206947648975433
b,direct_60_day,Direct 60-day,6187,3.0,0.18286445012787725,782,selection_n,2844,130,129,36631,782,27.49648382559775,25.0,5.0,89.0,46.84271099744245,0.793052351024567,0.7882736156351792,0.75,0.8376623376623377,0.206947648975433
b,direct_60_day,Direct 60-day,6300,3.0,0.18414322250639387,782,selection_n,2844,130,129,36631,782,27.49648382559775,25.0,5.0,89.0,46.84271099744245,0.793052351024567,0.7882736156351792,0.75,0.8376623376623377,0.206947648975433
b,direct_60_day,Direct 60-day,63125,3.0,0.18542199488491048,782,selection_n,2844,130,129,36631,782,27.49648382559775,25.0,5.0,89.0,46.84271099744245,0.793052351024567,0.7882736156351792,0.75,0.8376623376623377,0.206947648975433
b,direct_60_day,Direct 60-day,65948,3.0,0.1867007672634271,782,selection_n,2844,130,129,36631,782,27.49648382559775,25.0,5.0,89.0,46.84271099744245,0.793052351024567,0.7882736156351792,0.75,0.8376623376623377,0.206947648975433
b,direct_60_day,Direct 60-day,68075,3.0,0.18797953964194372,782,selection_n,2844,130,129,36631,782,27.49648382559775,25.0,5.0,89.0,46.84271099744245,0.793052351024567,0.7882736156351792,0.75,0.8376623376623377,0.206947648975433
b,direct_60_day,Direct 60-day,80500,3.0,0.18925831202046037,782,selection_n,2844,130,129,36631,782,27.49648382559775,25.0,5.0,89.0,46.84271099744245,0.793052351024567,0.7882736156351792,0.75,0.8376623376623377,0.206947648975433
b,direct_60_day,Direct 60-day,843,3.0,0.19053708439897699,782,selection_n,2844,130,129,36631,782,27.49648382559775,25.0,5.0,89.0,46.84271099744245,0.793052351024567,0.7882736156351792,0.75,0.8376623376623377,0.206947648975433
b,direct_60_day,Direct 60-day,89901,3.0,0.1918158567774936,782,selection_n,2844,130,129,36631,782,27.49648382559775,25.0,5.0,89.0,46.84271099744245,0.793052351024567,0.7882736156351792,0.75,0.8376623376623377,0.206947648975433
b,direct_60_day,Direct 60-day,92022,3.0,0.19309462915601022,782,selection_n,2844,130,129,36631,782,27.49648382559775,25.0,5.0,89.0,46.84271099744245,0.793052351024567,0.7882736156351792,0.75,0.8376623376623377,0.206947648975433
b,direct_60_day,Direct 60-day,9632,3.0,0.19437340153452684,782,selection_n,2844,130,129,36631,782,27.49648382559775,25.0,5.0,89.0,46.84271099744245,0.793052351024567,0.7882736156351792,0.75,0.8376623376623377,0.206947648975433
b,direct_60_day,Direct 60-day,103486,4.0,0.1956521739130435,782,selection_n,2844,130,129,36631,782,27.49648382559775,25.0,5.0,89.0,46.84271099744245,0.793052351024567,0.7882736156351792,0.75,0.8376623376623377,0.206947648975433
b,direct_60_day,Direct 60-day,106260,4.0,0.1969309462915601,782,selection_n,2844,130,129,36631,782,27.49648382559775,25.0,5.0,89.0,46.84271099744245,0.793052351024567,0.7882736156351792,0.75,0.8376623376623377,0.206947648975433
b,direct_60_day,Direct 60-day,10769,4.0,0.19820971867007672,782,selection_n,2844,130,129,36631,782,27.49648382559775,25.0,5.0,89.0,46.84271099744245,0.793052351024567,0.7882736156351792,0.75,0.8376623376623377,0.206947648975433
b,direct_60_day,Direct 60-day,119767,4.0,0.19948849104859334,782,selection_n,2844,130,129,36631,782,27.49648382559775,25.0,5.0,89.0,46.84271099744245,0.793052351024567,0.7882736156351792,0.75,0.8376623376623377,0.206947648975433
b,direct_60_day,Direct 60-day,152360,4.0,0.20076726342711,782,selection_n,2844,130,129,36631,782,27.49648382559775,25.0,5.0,89.0,46.84271099744245,0.793052351024567,0.7882736156351792,0.75,0.8376623376623377,0.206947648975433
b,direct_60_day,Direct 60-day,188717,4.0,0.2020460358056266,782,selection_n,2844,130,129,36631,782,27.49648382559775,25.0,5.0,89.0,46.84271099744245,0.793052351024567,0.7882736156351792,0.75,0.8376623376623377,0.206947648975433
b,direct_60_day,Direct 60-day,190092,4.0,0.20332480818414322,782,selection_n,2844,130,129,36631,782,27.49648382559775,25.0,5.0,89.0,46.84271099744245,0.793052351024567,0.7882736156351792,0.75,0.8376623376623377,0.206947648975433
b,direct_60_day,Direct 60-day,193665,4.0,0.20460358056265984,782,selection_n,2844,130,129,36631,782,27.49648382559775,25.0,5.0,89.0,46.84271099744245,0.793052351024567,0.7882736156351792,0.75,0.8376623376623377,0.206947648975433
b,direct_60_day,Direct 60-day,194337,4.0,0.20588235294117646,782,selection_n,2844,130,129,36631,782,27.49648382559775,25.0,5.0,89.0,46.84271099744245,0.793052351024567,0.7882736156351792,0.75,0.8376623376623377,0.206947648975433
b,direct_60_day,Direct 60-day,194617,4.0,0.2071611253196931,782,selection_n,2844,130,129,36631,782,27.49648382559775,25.0,5.0,89.0,46.84271099744245,0.793052351024567,0.7882736156351792,0.75,0.8376623376623377,0.206947648975433
b,direct_60_day,Direct 60-day,198426,4.0,0.20843989769820973,782,selection_n,2844,130,129,36631,782,27.49648382559775,25.0,5.0,89.0,46.84271099744245,0.793052351024567,0.7882736156351792,0.75,0.8376623376623377,0.206947648975433
b,direct_60_day,Direct 60-day,207183,4.0,0.20971867007672634,782,selection_n,2844,130,129,36631,782,27.49648382559775,25.0,5.0,89.0,46.84271099744245,0.793052351024567,0.7882736156351792,0.75,0.8376623376623377,0.206947648975433
b,direct_60_day,Direct 60-day,210779,4.0,0.21099744245524296,782,selection_n,2844,130,129,36631,782,27.49648382559775,25.0,5.0,89.0,46.84271099744245,0.793052351024567,0.7882736156351792,0.75,0.8376623376623377,0.206947648975433
b,direct_60_day,Direct 60-day,21140,4.0,0.21227621483375958,782,selection_n,2844,130,129,36631,782,27.49648382559775,25.0,5.0,89.0,46.84271099744245,0.793052351024567,0.7882736156351792,0.75,0.8376623376623377,0.206947648975433
b,direct_60_day,Direct 60-day,2319,4.0,0.21355498721227623,782,selection_n,2844,130,129,36631,782,27.49648382559775,25.0,5.0,89.0,46.84271099744245,0.793052351024567,0.7882736156351792,0.75,0.8376623376623377,0.206947648975433
b,direct_60_day,Direct 60-day,28452,4.0,0.21483375959079284,782,selection_n,2844,130,129,36631,782,27.49648382559775,25.0,5.0,89.0,46.84271099744245,0.793052351024567,0.7882736156351792,0.75,0.8376623376623377,0.206947648975433
b,direct_60_day,Direct 60-day,316078,4.0,0.21611253196930946,782,selection_n,2844,130,129,36631,782,27.49648382559775,25.0,5.0,89.0,46.84271099744245,0.793052351024567,0.7882736156351792,0.75,0.8376623376623377,0.206947648975433
b,direct_60_day,Direct 60-day,337055,4.0,0.21739130434782608,782,selection_n,2844,130,129,36631,782,27.49648382559775,25.0,5.0,89.0,46.84271099744245,0.793052351024567,0.7882736156351792,0.75,0.8376623376623377,0.206947648975433
b,direct_60_day,Direct 60-day,356,4.0,0.2186700767263427,782,selection_n,2844,130,129,36631,782,27.49648382559775,25.0,5.0,89.0,46.84271099744245,0.793052351024567,0.7882736156351792,0.75,0.8376623376623377,0.206947648975433
b,direct_60_day,Direct 60-day,362584,4.0,0.21994884910485935,782,selection_n,2844,130,129,36631,782,27.49648382559775,25.0,5.0,89.0,46.84271099744245,0.793052351024567,0.7882736156351792,0.75,0.8376623376623377,0.206947648975433
b,direct_60_day,Direct 60-day,4002,4.0,0.22122762148337596,782,selection_n,2844,130,129,36631,782,27.49648382559775,25.0,5.0,89.0,46.84271099744245,0.793052351024567,0.7882736156351792,0.75,0.8376623376623377,0.206947648975433
b,direct_60_day,Direct 60-day,449544,4.0,0.22250639386189258,782,selection_n,2844,130,129,36631,782,27.49648382559775,25.0,5.0,89.0,46.84271099744245,0.793052351024567,0.7882736156351792,0.75,0.8376623376623377,0.206947648975433
b,direct_60_day,Direct 60-day,455748,4.0,0.2237851662404092,782,selection_n,2844,130,129,36631,782,27.49648382559775,25.0,5.0,89.0,46.84271099744245,0.793052351024567,0.7882736156351792,0.75,0.8376623376623377,0.206947648975433
b,direct_60_day,Direct 60-day,456650,4.0,0.22506393861892582,782,selection_n,2844,130,129,36631,782,27.49648382559775,25.0,5.0,89.0,46.84271099744245,0.793052351024567,0.7882736156351792,0.75,0.8376623376623377,0.206947648975433
b,direct_60_day,Direct 60-day,456685,4.0,0.22634271099744246,782,selection_n,2844,130,129,36631,782,27.49648382559775,25.0,5.0,89.0,46.84271099744245,0.793052351024567,0.7882736156351792,0.75,0.8376623376623377,0.206947648975433
b,direct_60_day,Direct 60-day,469,4.0,0.22762148337595908,782,selection_n,2844,130,129,36631,782,27.49648382559775,25.0,5.0,89.0,46.84271099744245,0.793052351024567,0.7882736156351792,0.75,0.8376623376623377,0.206947648975433
b,direct_60_day,Direct 60-day,4691,4.0,0.2289002557544757,782,selection_n,2844,130,129,36631,782,27.49648382559775,25.0,5.0,89.0,46.84271099744245,0.793052351024567,0.7882736156351792,0.75,0.8376623376623377,0.206947648975433
b,direct_60_day,Direct 60-day,6970,4.0,0.23017902813299232,782,selection_n,2844,130,129,36631,782,27.49648382559775,25.0,5.0,89.0,46.84271099744245,0.793052351024567,0.7882736156351792,0.75,0.8376623376623377,0.206947648975433
b,direct_60_day,Direct 60-day,700,4.0,0.23145780051150894,782,selection_n,2844,130,129,36631,782,27.49648382559775,25.0,5.0,89.0,46.84271099744245,0.793052351024567,0.7882736156351792,0.75,0.8376623376623377,0.206947648975433
b,direct_60_day,Direct 60-day,7036,4.0,0.23273657289002558,782,selection_n,2844,130,129,36631,782,27.49648382559775,25.0,5.0,89.0,46.84271099744245,0.793052351024567,0.7882736156351792,0.75,0.8376623376623377,0.206947648975433
b,direct_60_day,Direct 60-day,75275,4.0,0.2340153452685422,782,selection_n,2844,130,129,36631,782,27.49648382559775,25.0,5.0,89.0,46.84271099744245,0.793052351024567,0.7882736156351792,0.75,0.8376623376623377,0.206947648975433
b,direct_60_day,Direct 60-day,78447,4.0,0.23529411764705882,782,selection_n,2844,130,129,36631,782,27.49648382559775,25.0,5.0,89.0,46.84271099744245,0.793052351024567,0.7882736156351792,0.75,0.8376623376623377,0.206947648975433
b,direct_60_day,Direct 60-day,78717,4.0,0.23657289002557544,782,selection_n,2844,130,129,36631,782,27.49648382559775,25.0,5.0,89.0,46.84271099744245,0.793052351024567,0.7882736156351792,0.75,0.8376623376623377,0.206947648975433
b,direct_60_day,Direct 60-day,79404,4.0,0.23785166240409208,782,selection_n,2844,130,129,36631,782,27.49648382559775,25.0,5.0,89.0,46.84271099744245,0.793052351024567,0.7882736156351792,0.75,0.8376623376623377,0.206947648975433
b,direct_60_day,Direct 60-day,88857,4.0,0.2391304347826087,782,selection_n,2844,130,129,36631,782,27.49648382559775,25.0,5.0,89.0,46.84271099744245,0.793052351024567,0.7882736156351792,0.75,0.8376623376623377,0.206947648975433
b,direct_60_day,Direct 60-day,90901,4.0,0.24040920716112532,782,selection_n,2844,130,129,36631,782,27.49648382559775,25.0,5.0,89.0,46.84271099744245,0.793052351024567,0.7882736156351792,0.75,0.8376623376623377,0.206947648975433
b,direct_60_day,Direct 60-day,109001,5.0,0.24168797953964194,782,selection_n,2844,130,129,36631,782,27.49648382559775,25.0,5.0,89.0,46.84271099744245,0.793052351024567,0.7882736156351792,0.75,0.8376623376623377,0.206947648975433
b,direct_60_day,Direct 60-day,136311,5.0,0.24296675191815856,782,selection_n,2844,130,129,36631,782,27.49648382559775,25.0,5.0,89.0,46.84271099744245,0.793052351024567,0.7882736156351792,0.75,0.8376623376623377,0.206947648975433
b,direct_60_day,Direct 60-day,142079,5.0,0.2442455242966752,782,selection_n,2844,130,129,36631,782,27.49648382559775,25.0,5.0,89.0,46.84271099744245,0.793052351024567,0.7882736156351792,0.75,0.8376623376623377,0.206947648975433
b,direct_60_day,Direct 60-day,1636,5.0,0.24552429667519182,782,selection_n,2844,130,129,36631,782,27.49648382559775,25.0,5.0,89.0,46.84271099744245,0.793052351024567,0.7882736156351792,0.75,0.8376623376623377,0.206947648975433
b,direct_60_day,Direct 60-day,1649,5.0,0.24680306905370844,782,selection_n,2844,130,129,36631,782,27.49648382559775,25.0,5.0,89.0,46.84271099744245,0.793052351024567,0.7882736156351792,0.75,0.8376623376623377,0.206947648975433
b,direct_60_day,Direct 60-day,186194,5.0,0.24808184143222506,782,selection_n,2844,130,129,36631,782,27.49648382559775,25.0,5.0,89.0,46.84271099744245,0.793052351024567,0.7882736156351792,0.75,0.8376623376623377,0.206947648975433
b,direct_60_day,Direct 60-day,189270,5.0,0.24936061381074168,782,selection_n,2844,130,129,36631,782,27.49648382559775,25.0,5.0,89.0,46.84271099744245,0.793052351024567,0.7882736156351792,0.75,0.8376623376623377,0.206947648975433
b,direct_60_day,Direct 60-day,205929,5.0,0.2506393861892583,782,selection_n,2844,130,129,36631,782,27.49648382559775,25.0,5.0,89.0,46.84271099744245,0.793052351024567,0.7882736156351792,0.75,0.8376623376623377,0.206947648975433
b,direct_60_day,Direct 60-day,223043,5.0,0.25191815856777494,782,selection_n,2844,130,129,36631,782,27.49648382559775,25.0,5.0,89.0,46.84271099744245,0.793052351024567,0.7882736156351792,0.75,0.8376623376623377,0.206947648975433
b,direct_60_day,Direct 60-day,2583,5.0,0.2531969309462916,782,selection_n,2844,130,129,36631,782,27.49648382559775,25.0,5.0,89.0,46.84271099744245,0.793052351024567,0.7882736156351792,0.75,0.8376623376623377,0.206947648975433
b,direct_60_day,Direct 60-day,26412,5.0,0.2544757033248082,782,selection_n,2844,130,129,36631,782,27.49648382559775,25.0,5.0,89.0,46.84271099744245,0.793052351024567,0.7882736156351792,0.75,0.8376623376623377,0.206947648975433
b,direct_60_day,Direct 60-day,28465,5.0,0.2557544757033248,782,selection_n,2844,130,129,36631,782,27.49648382559775,25.0,5.0,89.0,46.84271099744245,0.793052351024567,0.7882736156351792,0.75,0.8376623376623377,0.206947648975433
b,direct_60_day,Direct 60-day,315713,5.0,0.2570332480818414,782,selection_n,2844,130,129,36631,782,27.49648382559775,25.0,5.0,89.0,46.84271099744245,0.793052351024567,0.7882736156351792,0.75,0.8376623376623377,0.206947648975433
b,direct_60_day,Direct 60-day,334,5.0,0.25831202046035806,782,selection_n,2844,130,129,36631,782,27.49648382559775,25.0,5.0,89.0,46.84271099744245,0.793052351024567,0.7882736156351792,0.75,0.8376623376623377,0.206947648975433
b,direct_60_day,Direct 60-day,335876,5.0,0.2595907928388747,782,selection_n,2844,130,129,36631,782,27.49648382559775,25.0,5.0,89.0,46.84271099744245,0.793052351024567,0.7882736156351792,0.75,0.8376623376623377,0.206947648975433
b,direct_60_day,Direct 60-day,36845,5.0,0.2608695652173913,782,selection_n,2844,130,129,36631,782,27.49648382559775,25.0,5.0,89.0,46.84271099744245,0.793052351024567,0.7882736156351792,0.75,0.8376623376623377,0.206947648975433
b,direct_60_day,Direct 60-day,3946,5.0,0.26214833759590794,782,selection_n,2844,130,129,36631,782,27.49648382559775,25.0,5.0,89.0,46.84271099744245,0.793052351024567,0.7882736156351792,0.75,0.8376623376623377,0.206947648975433
b,direct_60_day,Direct 60-day,456547,5.0,0.26342710997442453,782,selection_n,2844,130,129,36631,782,27.49648382559775,25.0,5.0,89.0,46.84271099744245,0.793052351024567,0.7882736156351792,0.75,0.8376623376623377,0.206947648975433
b,direct_60_day,Direct 60-day,4774,5.0,0.2647058823529412,782,selection_n,2844,130,129,36631,782,27.49648382559775,25.0,5.0,89.0,46.84271099744245,0.793052351024567,0.7882736156351792,0.75,0.8376623376623377,0.206947648975433
b,direct_60_day,Direct 60-day,55528,5.0,0.2659846547314578,782,selection_n,2844,130,129,36631,782,27.49648382559775,25.0,5.0,89.0,46.84271099744245,0.793052351024567,0.7882736156351792,0.75,0.8376623376623377,0.206947648975433
b,direct_60_day,Direct 60-day,6201,5.0,0.2672634271099744,782,selection_n,2844,130,129,36631,782,27.49648382559775,25.0,5.0,89.0,46.84271099744245,0.793052351024567,0.7882736156351792,0.75,0.8376623376623377,0.206947648975433
b,direct_60_day,Direct 60-day,6462,5.0,0.26854219948849106,782,selection_n,2844,130,129,36631,782,27.49648382559775,25.0,5.0,89.0,46.84271099744245,0.793052351024567,0.7882736156351792,0.75,0.8376623376623377,0.206947648975433
b,direct_60_day,Direct 60-day,6960,5.0,0.26982097186700765,782,selection_n,2844,130,129,36631,782,27.49648382559775,25.0,5.0,89.0,46.84271099744245,0.793052351024567,0.7882736156351792,0.75,0.8376623376623377,0.206947648975433
b,direct_60_day,Direct 60-day,6981,5.0,0.2710997442455243,782,selection_n,2844,130,129,36631,782,27.49648382559775,25.0,5.0,89.0,46.84271099744245,0.793052351024567,0.7882736156351792,0.75,0.8376623376623377,0.206947648975433
b,direct_60_day,Direct 60-day,7045,5.0,0.27237851662404094,782,selection_n,2844,130,129,36631,782,27.49648382559775,25.0,5.0,89.0,46.84271099744245,0.793052351024567,0.7882736156351792,0.75,0.8376623376623377,0.206947648975433
b,direct_60_day,Direct 60-day,82180,5.0,0.27365728900255754,782,selection_n,2844,130,129,36631,782,27.49648382559775,25.0,5.0,89.0,46.84271099744245,0.793052351024567,0.7882736156351792,0.75,0.8376623376623377,0.206947648975433
b,direct_60_day,Direct 60-day,1822,6.0,0.2749360613810742,782,selection_n,2844,130,129,36631,782,27.49648382559775,25.0,5.0,89.0,46.84271099744245,0.793052351024567,0.7882736156351792,0.75,0.8376623376623377,0.206947648975433
b,direct_60_day,Direct 60-day,188121,6.0,0.27621483375959077,782,selection_n,2844,130,129,36631,782,27.49648382559775,25.0,5.0,89.0,46.84271099744245,0.793052351024567,0.7882736156351792,0.75,0.8376623376623377,0.206947648975433
b,direct_60_day,Direct 60-day,192592,6.0,0.2774936061381074,782,selection_n,2844,130,129,36631,782,27.49648382559775,25.0,5.0,89.0,46.84271099744245,0.793052351024567,0.7882736156351792,0.75,0.8376623376623377,0.206947648975433
b,direct_60_day,Direct 60-day,192709,6.0,0.27877237851662406,782,selection_n,2844,130,129,36631,782,27.49648382559775,25.0,5.0,89.0,46.84271099744245,0.793052351024567,0.7882736156351792,0.75,0.8376623376623377,0.206947648975433
b,direct_60_day,Direct 60-day,194821,6.0,0.28005115089514065,782,selection_n,2844,130,129,36631,782,27.49648382559775,25.0,5.0,89.0,46.84271099744245,0.793052351024567,0.7882736156351792,0.75,0.8376623376623377,0.206947648975433
b,direct_60_day,Direct 60-day,202248,6.0,0.2813299232736573,782,selection_n,2844,130,129,36631,782,27.49648382559775,25.0,5.0,89.0,46.84271099744245,0.793052351024567,0.7882736156351792,0.75,0.8376623376623377,0.206947648975433
b,direct_60_day,Direct 60-day,203122,6.0,0.2826086956521739,782,selection_n,2844,130,129,36631,782,27.49648382559775,25.0,5.0,89.0,46.84271099744245,0.793052351024567,0.7882736156351792,0.75,0.8376623376623377,0.206947648975433
b,direct_60_day,Direct 60-day,221007,6.0,0.28388746803069054,782,selection_n,2844,130,129,36631,782,27.49648382559775,25.0,5.0,89.0,46.84271099744245,0.793052351024567,0.7882736156351792,0.75,0.8376623376623377,0.206947648975433
b,direct_60_day,Direct 60-day,3407,6.0,0.2851662404092072,782,selection_n,2844,130,129,36631,782,27.49648382559775,25.0,5.0,89.0,46.84271099744245,0.793052351024567,0.7882736156351792,0.75,0.8376623376623377,0.206947648975433
b,direct_60_day,Direct 60-day,3530,6.0,0.2864450127877238,782,selection_n,2844,130,129,36631,782,27.49648382559775,25.0,5.0,89.0,46.84271099744245,0.793052351024567,0.7882736156351792,0.75,0.8376623376623377,0.206947648975433
b,direct_60_day,Direct 60-day,3859,6.0,0.2877237851662404,782,selection_n,2844,130,129,36631,782,27.49648382559775,25.0,5.0,89.0,46.84271099744245,0.793052351024567,0.7882736156351792,0.75,0.8376623376623377,0.206947648975433
b,direct_60_day,Direct 60-day,456169,6.0,0.289002557544757,782,selection_n,2844,130,129,36631,782,27.49648382559775,25.0,5.0,89.0,46.84271099744245,0.793052351024567,0.7882736156351792,0.75,0.8376623376623377,0.206947648975433
b,direct_60_day,Direct 60-day,464102,6.0,0.29028132992327366,782,selection_n,2844,130,129,36631,782,27.49648382559775,25.0,5.0,89.0,46.84271099744245,0.793052351024567,0.7882736156351792,0.75,0.8376623376623377,0.206947648975433
b,direct_60_day,Direct 60-day,4955,6.0,0.2915601023017903,782,selection_n,2844,130,129,36631,782,27.49648382559775,25.0,5.0,89.0,46.84271099744245,0.793052351024567,0.7882736156351792,0.75,0.8376623376623377,0.206947648975433
b,direct_60_day,Direct 60-day,60740,6.0,0.2928388746803069,782,selection_n,2844,130,129,36631,782,27.49648382559775,25.0,5.0,89.0,46.84271099744245,0.793052351024567,0.7882736156351792,0.75,0.8376623376623377,0.206947648975433
b,direct_60_day,Direct 60-day,7449,6.0,0.29411764705882354,782,selection_n,2844,130,129,36631,782,27.49648382559775,25.0,5.0,89.0,46.84271099744245,0.793052351024567,0.7882736156351792,0.75,0.8376623376623377,0.206947648975433
b,direct_60_day,Direct 60-day,75223,6.0,0.29539641943734013,782,selection_n,2844,130,129,36631,782,27.49648382559775,25.0,5.0,89.0,46.84271099744245,0.793052351024567,0.7882736156351792,0.75,0.8376623376623377,0.206947648975433
b,direct_60_day,Direct 60-day,78419,6.0,0.2966751918158568,782,selection_n,2844,130,129,36631,782,27.49648382559775,25.0,5.0,89.0,46.84271099744245,0.793052351024567,0.7882736156351792,0.75,0.8376623376623377,0.206947648975433
b,direct_60_day,Direct 60-day,78434,6.0,0.2979539641943734,782,selection_n,2844,130,129,36631,782,27.49648382559775,25.0,5.0,89.0,46.84271099744245,0.793052351024567,0.7882736156351792,0.75,0.8376623376623377,0.206947648975433
b,direct_60_day,Direct 60-day,83936,6.0,0.29923273657289,782,selection_n,2844,130,129,36631,782,27.49648382559775,25.0,5.0,89.0,46.84271099744245,0.793052351024567,0.7882736156351792,0.75,0.8376623376623377,0.206947648975433
b,direct_60_day,Direct 60-day,93302,6.0,0.30051150895140666,782,selection_n,2844,130,129,36631,782,27.49648382559775,25.0,5.0,89.0,46.84271099744245,0.793052351024567,0.7882736156351792,0.75,0.8376623376623377,0.206947648975433
b,direct_60_day,Direct 60-day,111821,7.0,0.30179028132992325,782,selection_n,2844,130,129,36631,782,27.49648382559775,25.0,5.0,89.0,46.84271099744245,0.793052351024567,0.7882736156351792,0.75,0.8376623376623377,0.206947648975433
b,direct_60_day,Direct 60-day,129153,7.0,0.3030690537084399,782,selection_n,2844,130,129,36631,782,27.49648382559775,25.0,5.0,89.0,46.84271099744245,0.793052351024567,0.7882736156351792,0.75,0.8376623376623377,0.206947648975433
b,direct_60_day,Direct 60-day,1334,7.0,0.30434782608695654,782,selection_n,2844,130,129,36631,782,27.49648382559775,25.0,5.0,89.0,46.84271099744245,0.793052351024567,0.7882736156351792,0.75,0.8376623376623377,0.206947648975433
b,direct_60_day,Direct 60-day,142394,7.0,0.30562659846547313,782,selection_n,2844,130,129,36631,782,27.49648382559775,25.0,5.0,89.0,46.84271099744245,0.793052351024567,0.7882736156351792,0.75,0.8376623376623377,0.206947648975433
b,direct_60_day,Direct 60-day,186200,7.0,0.3069053708439898,782,selection_n,2844,130,129,36631,782,27.49648382559775,25.0,5.0,89.0,46.84271099744245,0.793052351024567,0.7882736156351792,0.75,0.8376623376623377,0.206947648975433
b,direct_60_day,Direct 60-day,201099,7.0,0.30818414322250637,782,selection_n,2844,130,129,36631,782,27.49648382559775,25.0,5.0,89.0,46.84271099744245,0.793052351024567,0.7882736156351792,0.75,0.8376623376623377,0.206947648975433
b,direct_60_day,Direct 60-day,203121,7.0,0.309462915601023,782,selection_n,2844,130,129,36631,782,27.49648382559775,25.0,5.0,89.0,46.84271099744245,0.793052351024567,0.7882736156351792,0.75,0.8376623376623377,0.206947648975433
b,direct_60_day,Direct 60-day,2936,7.0,0.31074168797953966,782,selection_n,2844,130,129,36631,782,27.49648382559775,25.0,5.0,89.0,46.84271099744245,0.793052351024567,0.7882736156351792,0.75,0.8376623376623377,0.206947648975433
b,direct_60_day,Direct 60-day,3307,7.0,0.31202046035805625,782,selection_n,2844,130,129,36631,782,27.49648382559775,25.0,5.0,89.0,46.84271099744245,0.793052351024567,0.7882736156351792,0.75,0.8376623376623377,0.206947648975433
b,direct_60_day,Direct 60-day,355281,7.0,0.3132992327365729,782,selection_n,2844,130,129,36631,782,27.49648382559775,25.0,5.0,89.0,46.84271099744245,0.793052351024567,0.7882736156351792,0.75,0.8376623376623377,0.206947648975433
b,direct_60_day,Direct 60-day,368832,7.0,0.3145780051150895,782,selection_n,2844,130,129,36631,782,27.49648382559775,25.0,5.0,89.0,46.84271099744245,0.793052351024567,0.7882736156351792,0.75,0.8376623376623377,0.206947648975433
b,direct_60_day,Direct 60-day,41071,7.0,0.31585677749360613,782,selection_n,2844,130,129,36631,782,27.49648382559775,25.0,5.0,89.0,46.84271099744245,0.793052351024567,0.7882736156351792,0.75,0.8376623376623377,0.206947648975433
b,direct_60_day,Direct 60-day,53586,7.0,0.3171355498721228,782,selection_n,2844,130,129,36631,782,27.49648382559775,25.0,5.0,89.0,46.84271099744245,0.793052351024567,0.7882736156351792,0.75,0.8376623376623377,0.206947648975433
b,direct_60_day,Direct 60-day,6966,7.0,0.31841432225063937,782,selection_n,2844,130,129,36631,782,27.49648382559775,25.0,5.0,89.0,46.84271099744245,0.793052351024567,0.7882736156351792,0.75,0.8376623376623377,0.206947648975433
b,direct_60_day,Direct 60-day,78404,7.0,0.319693094629156,782,selection_n,2844,130,129,36631,782,27.49648382559775,25.0,5.0,89.0,46.84271099744245,0.793052351024567,0.7882736156351792,0.75,0.8376623376623377,0.206947648975433
b,direct_60_day,Direct 60-day,94023,7.0,0.3209718670076726,782,selection_n,2844,130,129,36631,782,27.49648382559775,25.0,5.0,89.0,46.84271099744245,0.793052351024567,0.7882736156351792,0.75,0.8376623376623377,0.206947648975433
b,direct_60_day,Direct 60-day,103166,8.0,0.32225063938618925,782,selection_n,2844,130,129,36631,782,27.49648382559775,25.0,5.0,89.0,46.84271099744245,0.793052351024567,0.7882736156351792,0.75,0.8376623376623377,0.206947648975433
b,direct_60_day,Direct 60-day,114491,8.0,0.3235294117647059,782,selection_n,2844,130,129,36631,782,27.49648382559775,25.0,5.0,89.0,46.84271099744245,0.793052351024567,0.7882736156351792,0.75,0.8376623376623377,0.206947648975433
b,direct_60_day,Direct 60-day,116877,8.0,0.3248081841432225,782,selection_n,2844,130,129,36631,782,27.49648382559775,25.0,5.0,89.0,46.84271099744245,0.793052351024567,0.7882736156351792,0.75,0.8376623376623377,0.206947648975433
b,direct_60_day,Direct 60-day,190851,8.0,0.32608695652173914,782,selection_n,2844,130,129,36631,782,27.49648382559775,25.0,5.0,89.0,46.84271099744245,0.793052351024567,0.7882736156351792,0.75,0.8376623376623377,0.206947648975433
b,direct_60_day,Direct 60-day,2147,8.0,0.3273657289002558,782,selection_n,2844,130,129,36631,782,27.49648382559775,25.0,5.0,89.0,46.84271099744245,0.793052351024567,0.7882736156351792,0.75,0.8376623376623377,0.206947648975433
b,direct_60_day,Direct 60-day,221,8.0,0.32864450127877237,782,selection_n,2844,130,129,36631,782,27.49648382559775,25.0,5.0,89.0,46.84271099744245,0.793052351024567,0.7882736156351792,0.75,0.8376623376623377,0.206947648975433
b,direct_60_day,Direct 60-day,31602,8.0,0.329923273657289,782,selection_n,2844,130,129,36631,782,27.49648382559775,25.0,5.0,89.0,46.84271099744245,0.793052351024567,0.7882736156351792,0.75,0.8376623376623377,0.206947648975433
b,direct_60_day,Direct 60-day,33700,8.0,0.3312020460358056,782,selection_n,2844,130,129,36631,782,27.49648382559775,25.0,5.0,89.0,46.84271099744245,0.793052351024567,0.7882736156351792,0.75,0.8376623376623377,0.206947648975433
b,direct_60_day,Direct 60-day,4328,8.0,0.33248081841432225,782,selection_n,2844,130,129,36631,782,27.49648382559775,25.0,5.0,89.0,46.84271099744245,0.793052351024567,0.7882736156351792,0.75,0.8376623376623377,0.206947648975433
b,direct_60_day,Direct 60-day,436,8.0,0.3337595907928389,782,selection_n,2844,130,129,36631,782,27.49648382559775,25.0,5.0,89.0,46.84271099744245,0.793052351024567,0.7882736156351792,0.75,0.8376623376623377,0.206947648975433
b,direct_60_day,Direct 60-day,5040,8.0,0.3350383631713555,782,selection_n,2844,130,129,36631,782,27.49648382559775,25.0,5.0,89.0,46.84271099744245,0.793052351024567,0.7882736156351792,0.75,0.8376623376623377,0.206947648975433
b,direct_60_day,Direct 60-day,66005,8.0,0.33631713554987214,782,selection_n,2844,130,129,36631,782,27.49648382559775,25.0,5.0,89.0,46.84271099744245,0.793052351024567,0.7882736156351792,0.75,0.8376623376623377,0.206947648975433
b,direct_60_day,Direct 60-day,76283,8.0,0.3375959079283887,782,selection_n,2844,130,129,36631,782,27.49648382559775,25.0,5.0,89.0,46.84271099744245,0.793052351024567,0.7882736156351792,0.75,0.8376623376623377,0.206947648975433
b,direct_60_day,Direct 60-day,93043,8.0,0.3388746803069054,782,selection_n,2844,130,129,36631,782,27.49648382559775,25.0,5.0,89.0,46.84271099744245,0.793052351024567,0.7882736156351792,0.75,0.8376623376623377,0.206947648975433
b,direct_60_day,Direct 60-day,142130,9.0,0.340153452685422,782,selection_n,2844,130,129,36631,782,27.49648382559775,25.0,5.0,89.0,46.84271099744245,0.793052351024567,0.7882736156351792,0.75,0.8376623376623377,0.206947648975433
b,direct_60_day,Direct 60-day,1465,9.0,0.3414322250639386,782,selection_n,2844,130,129,36631,782,27.49648382559775,25.0,5.0,89.0,46.84271099744245,0.793052351024567,0.7882736156351792,0.75,0.8376623376623377,0.206947648975433
b,direct_60_day,Direct 60-day,14775,9.0,0.34271099744245526,782,selection_n,2844,130,129,36631,782,27.49648382559775,25.0,5.0,89.0,46.84271099744245,0.793052351024567,0.7882736156351792,0.75,0.8376623376623377,0.206947648975433
b,direct_60_day,Direct 60-day,1610,9.0,0.34398976982097185,782,selection_n,2844,130,129,36631,782,27.49648382559775,25.0,5.0,89.0,46.84271099744245,0.793052351024567,0.7882736156351792,0.75,0.8376623376623377,0.206947648975433
b,direct_60_day,Direct 60-day,1617,9.0,0.3452685421994885,782,selection_n,2844,130,129,36631,782,27.49648382559775,25.0,5.0,89.0,46.84271099744245,0.793052351024567,0.7882736156351792,0.75,0.8376623376623377,0.206947648975433
b,direct_60_day,Direct 60-day,184883,9.0,0.34654731457800514,782,selection_n,2844,130,129,36631,782,27.49648382559775,25.0,5.0,89.0,46.84271099744245,0.793052351024567,0.7882736156351792,0.75,0.8376623376623377,0.206947648975433
b,direct_60_day,Direct 60-day,188716,9.0,0.34782608695652173,782,selection_n,2844,130,129,36631,782,27.49648382559775,25.0,5.0,89.0,46.84271099744245,0.793052351024567,0.7882736156351792,0.75,0.8376623376623377,0.206947648975433
b,direct_60_day,Direct 60-day,189149,9.0,0.3491048593350384,782,selection_n,2844,130,129,36631,782,27.49648382559775,25.0,5.0,89.0,46.84271099744245,0.793052351024567,0.7882736156351792,0.75,0.8376623376623377,0.206947648975433
b,direct_60_day,Direct 60-day,3013,9.0,0.35038363171355497,782,selection_n,2844,130,129,36631,782,27.49648382559775,25.0,5.0,89.0,46.84271099744245,0.793052351024567,0.7882736156351792,0.75,0.8376623376623377,0.206947648975433
b,direct_60_day,Direct 60-day,3482,9.0,0.3516624040920716,782,selection_n,2844,130,129,36631,782,27.49648382559775,25.0,5.0,89.0,46.84271099744245,0.793052351024567,0.7882736156351792,0.75,0.8376623376623377,0.206947648975433
b,direct_60_day,Direct 60-day,5233,9.0,0.35294117647058826,782,selection_n,2844,130,129,36631,782,27.49648382559775,25.0,5.0,89.0,46.84271099744245,0.793052351024567,0.7882736156351792,0.75,0.8376623376623377,0.206947648975433
b,direct_60_day,Direct 60-day,57681,9.0,0.35421994884910485,782,selection_n,2844,130,129,36631,782,27.49648382559775,25.0,5.0,89.0,46.84271099744245,0.793052351024567,0.7882736156351792,0.75,0.8376623376623377,0.206947648975433
b,direct_60_day,Direct 60-day,85792,9.0,0.3554987212276215,782,selection_n,2844,130,129,36631,782,27.49648382559775,25.0,5.0,89.0,46.84271099744245,0.793052351024567,0.7882736156351792,0.75,0.8376623376623377,0.206947648975433
b,direct_60_day,Direct 60-day,130242,10.0,0.3567774936061381,782,selection_n,2844,130,129,36631,782,27.49648382559775,25.0,5.0,89.0,46.84271099744245,0.793052351024567,0.7882736156351792,0.75,0.8376623376623377,0.206947648975433
b,direct_60_day,Direct 60-day,147176,10.0,0.35805626598465473,782,selection_n,2844,130,129,36631,782,27.49648382559775,25.0,5.0,89.0,46.84271099744245,0.793052351024567,0.7882736156351792,0.75,0.8376623376623377,0.206947648975433
b,direct_60_day,Direct 60-day,20327,10.0,0.3593350383631714,782,selection_n,2844,130,129,36631,782,27.49648382559775,25.0,5.0,89.0,46.84271099744245,0.793052351024567,0.7882736156351792,0.75,0.8376623376623377,0.206947648975433
b,direct_60_day,Direct 60-day,206558,10.0,0.36061381074168797,782,selection_n,2844,130,129,36631,782,27.49648382559775,25.0,5.0,89.0,46.84271099744245,0.793052351024567,0.7882736156351792,0.75,0.8376623376623377,0.206947648975433
b,direct_60_day,Direct 60-day,2604,10.0,0.3618925831202046,782,selection_n,2844,130,129,36631,782,27.49648382559775,25.0,5.0,89.0,46.84271099744245,0.793052351024567,0.7882736156351792,0.75,0.8376623376623377,0.206947648975433
b,direct_60_day,Direct 60-day,28499,10.0,0.3631713554987212,782,selection_n,2844,130,129,36631,782,27.49648382559775,25.0,5.0,89.0,46.84271099744245,0.793052351024567,0.7882736156351792,0.75,0.8376623376623377,0.206947648975433
b,direct_60_day,Direct 60-day,288233,10.0,0.36445012787723785,782,selection_n,2844,130,129,36631,782,27.49648382559775,25.0,5.0,89.0,46.84271099744245,0.793052351024567,0.7882736156351792,0.75,0.8376623376623377,0.206947648975433
b,direct_60_day,Direct 60-day,4200,10.0,0.3657289002557545,782,selection_n,2844,130,129,36631,782,27.49648382559775,25.0,5.0,89.0,46.84271099744245,0.793052351024567,0.7882736156351792,0.75,0.8376623376623377,0.206947648975433
b,direct_60_day,Direct 60-day,464222,10.0,0.3670076726342711,782,selection_n,2844,130,129,36631,782,27.49648382559775,25.0,5.0,89.0,46.84271099744245,0.793052351024567,0.7882736156351792,0.75,0.8376623376623377,0.206947648975433
b,direct_60_day,Direct 60-day,69015,10.0,0.36828644501278773,782,selection_n,2844,130,129,36631,782,27.49648382559775,25.0,5.0,89.0,46.84271099744245,0.793052351024567,0.7882736156351792,0.75,0.8376623376623377,0.206947648975433
b,direct_60_day,Direct 60-day,7050,10.0,0.3695652173913043,782,selection_n,2844,130,129,36631,782,27.49648382559775,25.0,5.0,89.0,46.84271099744245,0.793052351024567,0.7882736156351792,0.75,0.8376623376623377,0.206947648975433
b,direct_60_day,Direct 60-day,87813,10.0,0.37084398976982097,782,selection_n,2844,130,129,36631,782,27.49648382559775,25.0,5.0,89.0,46.84271099744245,0.793052351024567,0.7882736156351792,0.75,0.8376623376623377,0.206947648975433
b,direct_60_day,Direct 60-day,105254,11.0,0.3721227621483376,782,selection_n,2844,130,129,36631,782,27.49648382559775,25.0,5.0,89.0,46.84271099744245,0.793052351024567,0.7882736156351792,0.75,0.8376623376623377,0.206947648975433
b,direct_60_day,Direct 60-day,133389,11.0,0.3734015345268542,782,selection_n,2844,130,129,36631,782,27.49648382559775,25.0,5.0,89.0,46.84271099744245,0.793052351024567,0.7882736156351792,0.75,0.8376623376623377,0.206947648975433
b,direct_60_day,Direct 60-day,17947,11.0,0.37468030690537085,782,selection_n,2844,130,129,36631,782,27.49648382559775,25.0,5.0,89.0,46.84271099744245,0.793052351024567,0.7882736156351792,0.75,0.8376623376623377,0.206947648975433
b,direct_60_day,Direct 60-day,188722,11.0,0.37595907928388744,782,selection_n,2844,130,129,36631,782,27.49648382559775,25.0,5.0,89.0,46.84271099744245,0.793052351024567,0.7882736156351792,0.75,0.8376623376623377,0.206947648975433
b,direct_60_day,Direct 60-day,191518,11.0,0.3772378516624041,782,selection_n,2844,130,129,36631,782,27.49648382559775,25.0,5.0,89.0,46.84271099744245,0.793052351024567,0.7882736156351792,0.75,0.8376623376623377,0.206947648975433
b,direct_60_day,Direct 60-day,199369,11.0,0.37851662404092073,782,selection_n,2844,130,129,36631,782,27.49648382559775,25.0,5.0,89.0,46.84271099744245,0.793052351024567,0.7882736156351792,0.75,0.8376623376623377,0.206947648975433
b,direct_60_day,Direct 60-day,2897,11.0,0.3797953964194373,782,selection_n,2844,130,129,36631,782,27.49648382559775,25.0,5.0,89.0,46.84271099744245,0.793052351024567,0.7882736156351792,0.75,0.8376623376623377,0.206947648975433
b,direct_60_day,Direct 60-day,33706,11.0,0.38107416879795397,782,selection_n,2844,130,129,36631,782,27.49648382559775,25.0,5.0,89.0,46.84271099744245,0.793052351024567,0.7882736156351792,0.75,0.8376623376623377,0.206947648975433
b,direct_60_day,Direct 60-day,3863,11.0,0.38235294117647056,782,selection_n,2844,130,129,36631,782,27.49648382559775,25.0,5.0,89.0,46.84271099744245,0.793052351024567,0.7882736156351792,0.75,0.8376623376623377,0.206947648975433
b,direct_60_day,Direct 60-day,4274,11.0,0.3836317135549872,782,selection_n,2844,130,129,36631,782,27.49648382559775,25.0,5.0,89.0,46.84271099744245,0.793052351024567,0.7882736156351792,0.75,0.8376623376623377,0.206947648975433
b,direct_60_day,Direct 60-day,59793,11.0,0.38491048593350385,782,selection_n,2844,130,129,36631,782,27.49648382559775,25.0,5.0,89.0,46.84271099744245,0.793052351024567,0.7882736156351792,0.75,0.8376623376623377,0.206947648975433
b,direct_60_day,Direct 60-day,66241,11.0,0.38618925831202044,782,selection_n,2844,130,129,36631,782,27.49648382559775,25.0,5.0,89.0,46.84271099744245,0.793052351024567,0.7882736156351792,0.75,0.8376623376623377,0.206947648975433
b,direct_60_day,Direct 60-day,68958,11.0,0.3874680306905371,782,selection_n,2844,130,129,36631,782,27.49648382559775,25.0,5.0,89.0,46.84271099744245,0.793052351024567,0.7882736156351792,0.75,0.8376623376623377,0.206947648975433
b,direct_60_day,Direct 60-day,6983,11.0,0.3887468030690537,782,selection_n,2844,130,129,36631,782,27.49648382559775,25.0,5.0,89.0,46.84271099744245,0.793052351024567,0.7882736156351792,0.75,0.8376623376623377,0.206947648975433
b,direct_60_day,Direct 60-day,92987,11.0,0.3900255754475703,782,selection_n,2844,130,129,36631,782,27.49648382559775,25.0,5.0,89.0,46.84271099744245,0.793052351024567,0.7882736156351792,0.75,0.8376623376623377,0.206947648975433
b,direct_60_day,Direct 60-day,11794,12.0,0.391304347826087,782,selection_n,2844,130,129,36631,782,27.49648382559775,25.0,5.0,89.0,46.84271099744245,0.793052351024567,0.7882736156351792,0.75,0.8376623376623377,0.206947648975433
b,direct_60_day,Direct 60-day,19981,12.0,0.39258312020460356,782,selection_n,2844,130,129,36631,782,27.49648382559775,25.0,5.0,89.0,46.84271099744245,0.793052351024567,0.7882736156351792,0.75,0.8376623376623377,0.206947648975433
b,direct_60_day,Direct 60-day,2344,12.0,0.3938618925831202,782,selection_n,2844,130,129,36631,782,27.49648382559775,25.0,5.0,89.0,46.84271099744245,0.793052351024567,0.7882736156351792,0.75,0.8376623376623377,0.206947648975433
b,direct_60_day,Direct 60-day,344794,12.0,0.39514066496163686,782,selection_n,2844,130,129,36631,782,27.49648382559775,25.0,5.0,89.0,46.84271099744245,0.793052351024567,0.7882736156351792,0.75,0.8376623376623377,0.206947648975433
b,direct_60_day,Direct 60-day,35778,12.0,0.39641943734015345,782,selection_n,2844,130,129,36631,782,27.49648382559775,25.0,5.0,89.0,46.84271099744245,0.793052351024567,0.7882736156351792,0.75,0.8376623376623377,0.206947648975433
b,direct_60_day,Direct 60-day,37862,12.0,0.3976982097186701,782,selection_n,2844,130,129,36631,782,27.49648382559775,25.0,5.0,89.0,46.84271099744245,0.793052351024567,0.7882736156351792,0.75,0.8376623376623377,0.206947648975433
b,direct_60_day,Direct 60-day,474375,12.0,0.3989769820971867,782,selection_n,2844,130,129,36631,782,27.49648382559775,25.0,5.0,89.0,46.84271099744245,0.793052351024567,0.7882736156351792,0.75,0.8376623376623377,0.206947648975433
b,direct_60_day,Direct 60-day,68332,12.0,0.40025575447570333,782,selection_n,2844,130,129,36631,782,27.49648382559775,25.0,5.0,89.0,46.84271099744245,0.793052351024567,0.7882736156351792,0.75,0.8376623376623377,0.206947648975433
b,direct_60_day,Direct 60-day,70049,12.0,0.40153452685422,782,selection_n,2844,130,129,36631,782,27.49648382559775,25.0,5.0,89.0,46.84271099744245,0.793052351024567,0.7882736156351792,0.75,0.8376623376623377,0.206947648975433
b,direct_60_day,Direct 60-day,84729,12.0,0.40281329923273657,782,selection_n,2844,130,129,36631,782,27.49648382559775,25.0,5.0,89.0,46.84271099744245,0.793052351024567,0.7882736156351792,0.75,0.8376623376623377,0.206947648975433
b,direct_60_day,Direct 60-day,1100,13.0,0.4040920716112532,782,selection_n,2844,130,129,36631,782,27.49648382559775,25.0,5.0,89.0,46.84271099744245,0.793052351024567,0.7882736156351792,0.75,0.8376623376623377,0.206947648975433
b,direct_60_day,Direct 60-day,118775,13.0,0.4053708439897698,782,selection_n,2844,130,129,36631,782,27.49648382559775,25.0,5.0,89.0,46.84271099744245,0.793052351024567,0.7882736156351792,0.75,0.8376623376623377,0.206947648975433
b,direct_60_day,Direct 60-day,191241,13.0,0.40664961636828645,782,selection_n,2844,130,129,36631,782,27.49648382559775,25.0,5.0,89.0,46.84271099744245,0.793052351024567,0.7882736156351792,0.75,0.8376623376623377,0.206947648975433
b,direct_60_day,Direct 60-day,32612,13.0,0.4079283887468031,782,selection_n,2844,130,129,36631,782,27.49648382559775,25.0,5.0,89.0,46.84271099744245,0.793052351024567,0.7882736156351792,0.75,0.8376623376623377,0.206947648975433
b,direct_60_day,Direct 60-day,3637,13.0,0.4092071611253197,782,selection_n,2844,130,129,36631,782,27.49648382559775,25.0,5.0,89.0,46.84271099744245,0.793052351024567,0.7882736156351792,0.75,0.8376623376623377,0.206947648975433
b,direct_60_day,Direct 60-day,3801,13.0,0.41048593350383633,782,selection_n,2844,130,129,36631,782,27.49648382559775,25.0,5.0,89.0,46.84271099744245,0.793052351024567,0.7882736156351792,0.75,0.8376623376623377,0.206947648975433
b,direct_60_day,Direct 60-day,3973,13.0,0.4117647058823529,782,selection_n,2844,130,129,36631,782,27.49648382559775,25.0,5.0,89.0,46.84271099744245,0.793052351024567,0.7882736156351792,0.75,0.8376623376623377,0.206947648975433
b,direct_60_day,Direct 60-day,45290,13.0,0.41304347826086957,782,selection_n,2844,130,129,36631,782,27.49648382559775,25.0,5.0,89.0,46.84271099744245,0.793052351024567,0.7882736156351792,0.75,0.8376623376623377,0.206947648975433
b,direct_60_day,Direct 60-day,4637,13.0,0.4143222506393862,782,selection_n,2844,130,129,36631,782,27.49648382559775,25.0,5.0,89.0,46.84271099744245,0.793052351024567,0.7882736156351792,0.75,0.8376623376623377,0.206947648975433
b,direct_60_day,Direct 60-day,60687,13.0,0.4156010230179028,782,selection_n,2844,130,129,36631,782,27.49648382559775,25.0,5.0,89.0,46.84271099744245,0.793052351024567,0.7882736156351792,0.75,0.8376623376623377,0.206947648975433
b,direct_60_day,Direct 60-day,6965,13.0,0.41687979539641945,782,selection_n,2844,130,129,36631,782,27.49648382559775,25.0,5.0,89.0,46.84271099744245,0.793052351024567,0.7882736156351792,0.75,0.8376623376623377,0.206947648975433
b,direct_60_day,Direct 60-day,1814,14.0,0.41815856777493604,782,selection_n,2844,130,129,36631,782,27.49648382559775,25.0,5.0,89.0,46.84271099744245,0.793052351024567,0.7882736156351792,0.75,0.8376623376623377,0.206947648975433
b,direct_60_day,Direct 60-day,189292,14.0,0.4194373401534527,782,selection_n,2844,130,129,36631,782,27.49648382559775,25.0,5.0,89.0,46.84271099744245,0.793052351024567,0.7882736156351792,0.75,0.8376623376623377,0.206947648975433
b,direct_60_day,Direct 60-day,208206,14.0,0.42071611253196933,782,selection_n,2844,130,129,36631,782,27.49648382559775,25.0,5.0,89.0,46.84271099744245,0.793052351024567,0.7882736156351792,0.75,0.8376623376623377,0.206947648975433
b,direct_60_day,Direct 60-day,222105,14.0,0.4219948849104859,782,selection_n,2844,130,129,36631,782,27.49648382559775,25.0,5.0,89.0,46.84271099744245,0.793052351024567,0.7882736156351792,0.75,0.8376623376623377,0.206947648975433
b,direct_60_day,Direct 60-day,127308,15.0,0.42327365728900257,782,selection_n,2844,130,129,36631,782,27.49648382559775,25.0,5.0,89.0,46.84271099744245,0.793052351024567,0.7882736156351792,0.75,0.8376623376623377,0.206947648975433
b,direct_60_day,Direct 60-day,330626,15.0,0.42455242966751916,782,selection_n,2844,130,129,36631,782,27.49648382559775,25.0,5.0,89.0,46.84271099744245,0.793052351024567,0.7882736156351792,0.75,0.8376623376623377,0.206947648975433
b,direct_60_day,Direct 60-day,355468,15.0,0.4258312020460358,782,selection_n,2844,130,129,36631,782,27.49648382559775,25.0,5.0,89.0,46.84271099744245,0.793052351024567,0.7882736156351792,0.75,0.8376623376623377,0.206947648975433
b,direct_60_day,Direct 60-day,3924,15.0,0.42710997442455245,782,selection_n,2844,130,129,36631,782,27.49648382559775,25.0,5.0,89.0,46.84271099744245,0.793052351024567,0.7882736156351792,0.75,0.8376623376623377,0.206947648975433
b,direct_60_day,Direct 60-day,4098,15.0,0.42838874680306904,782,selection_n,2844,130,129,36631,782,27.49648382559775,25.0,5.0,89.0,46.84271099744245,0.793052351024567,0.7882736156351792,0.75,0.8376623376623377,0.206947648975433
b,direct_60_day,Direct 60-day,4606,15.0,0.4296675191815857,782,selection_n,2844,130,129,36631,782,27.49648382559775,25.0,5.0,89.0,46.84271099744245,0.793052351024567,0.7882736156351792,0.75,0.8376623376623377,0.206947648975433
b,direct_60_day,Direct 60-day,97379,15.0,0.4309462915601023,782,selection_n,2844,130,129,36631,782,27.49648382559775,25.0,5.0,89.0,46.84271099744245,0.793052351024567,0.7882736156351792,0.75,0.8376623376623377,0.206947648975433
b,direct_60_day,Direct 60-day,186513,16.0,0.4322250639386189,782,selection_n,2844,130,129,36631,782,27.49648382559775,25.0,5.0,89.0,46.84271099744245,0.793052351024567,0.7882736156351792,0.75,0.8376623376623377,0.206947648975433
b,direct_60_day,Direct 60-day,195573,16.0,0.43350383631713557,782,selection_n,2844,130,129,36631,782,27.49648382559775,25.0,5.0,89.0,46.84271099744245,0.793052351024567,0.7882736156351792,0.75,0.8376623376623377,0.206947648975433
b,direct_60_day,Direct 60-day,33602,16.0,0.43478260869565216,782,selection_n,2844,130,129,36631,782,27.49648382559775,25.0,5.0,89.0,46.84271099744245,0.793052351024567,0.7882736156351792,0.75,0.8376623376623377,0.206947648975433
b,direct_60_day,Direct 60-day,7044,16.0,0.4360613810741688,782,selection_n,2844,130,129,36631,782,27.49648382559775,25.0,5.0,89.0,46.84271099744245,0.793052351024567,0.7882736156351792,0.75,0.8376623376623377,0.206947648975433
b,direct_60_day,Direct 60-day,184461,17.0,0.4373401534526854,782,selection_n,2844,130,129,36631,782,27.49648382559775,25.0,5.0,89.0,46.84271099744245,0.793052351024567,0.7882736156351792,0.75,0.8376623376623377,0.206947648975433
b,direct_60_day,Direct 60-day,194813,17.0,0.43861892583120204,782,selection_n,2844,130,129,36631,782,27.49648382559775,25.0,5.0,89.0,46.84271099744245,0.793052351024567,0.7882736156351792,0.75,0.8376623376623377,0.206947648975433
b,direct_60_day,Direct 60-day,2787,17.0,0.4398976982097187,782,selection_n,2844,130,129,36631,782,27.49648382559775,25.0,5.0,89.0,46.84271099744245,0.793052351024567,0.7882736156351792,0.75,0.8376623376623377,0.206947648975433
b,direct_60_day,Direct 60-day,6971,17.0,0.4411764705882353,782,selection_n,2844,130,129,36631,782,27.49648382559775,25.0,5.0,89.0,46.84271099744245,0.793052351024567,0.7882736156351792,0.75,0.8376623376623377,0.206947648975433
b,direct_60_day,Direct 60-day,88865,17.0,0.4424552429667519,782,selection_n,2844,130,129,36631,782,27.49648382559775,25.0,5.0,89.0,46.84271099744245,0.793052351024567,0.7882736156351792,0.75,0.8376623376623377,0.206947648975433
b,direct_60_day,Direct 60-day,114507,18.0,0.4437340153452685,782,selection_n,2844,130,129,36631,782,27.49648382559775,25.0,5.0,89.0,46.84271099744245,0.793052351024567,0.7882736156351792,0.75,0.8376623376623377,0.206947648975433
b,direct_60_day,Direct 60-day,208034,18.0,0.44501278772378516,782,selection_n,2844,130,129,36631,782,27.49648382559775,25.0,5.0,89.0,46.84271099744245,0.793052351024567,0.7882736156351792,0.75,0.8376623376623377,0.206947648975433
b,direct_60_day,Direct 60-day,84,18.0,0.4462915601023018,782,selection_n,2844,130,129,36631,782,27.49648382559775,25.0,5.0,89.0,46.84271099744245,0.793052351024567,0.7882736156351792,0.75,0.8376623376623377,0.206947648975433
b,direct_60_day,Direct 60-day,123972,19.0,0.4475703324808184,782,selection_n,2844,130,129,36631,782,27.49648382559775,25.0,5.0,89.0,46.84271099744245,0.793052351024567,0.7882736156351792,0.75,0.8376623376623377,0.206947648975433
b,direct_60_day,Direct 60-day,124051,19.0,0.44884910485933505,782,selection_n,2844,130,129,36631,782,27.49648382559775,25.0,5.0,89.0,46.84271099744245,0.793052351024567,0.7882736156351792,0.75,0.8376623376623377,0.206947648975433
b,direct_60_day,Direct 60-day,133602,19.0,0.45012787723785164,782,selection_n,2844,130,129,36631,782,27.49648382559775,25.0,5.0,89.0,46.84271099744245,0.793052351024567,0.7882736156351792,0.75,0.8376623376623377,0.206947648975433
b,direct_60_day,Direct 60-day,193565,19.0,0.4514066496163683,782,selection_n,2844,130,129,36631,782,27.49648382559775,25.0,5.0,89.0,46.84271099744245,0.793052351024567,0.7882736156351792,0.75,0.8376623376623377,0.206947648975433
b,direct_60_day,Direct 60-day,335,19.0,0.45268542199488493,782,selection_n,2844,130,129,36631,782,27.49648382559775,25.0,5.0,89.0,46.84271099744245,0.793052351024567,0.7882736156351792,0.75,0.8376623376623377,0.206947648975433
b,direct_60_day,Direct 60-day,41137,19.0,0.4539641943734015,782,selection_n,2844,130,129,36631,782,27.49648382559775,25.0,5.0,89.0,46.84271099744245,0.793052351024567,0.7882736156351792,0.75,0.8376623376623377,0.206947648975433
b,direct_60_day,Direct 60-day,4188,19.0,0.45524296675191817,782,selection_n,2844,130,129,36631,782,27.49648382559775,25.0,5.0,89.0,46.84271099744245,0.793052351024567,0.7882736156351792,0.75,0.8376623376623377,0.206947648975433
b,direct_60_day,Direct 60-day,57641,19.0,0.45652173913043476,782,selection_n,2844,130,129,36631,782,27.49648382559775,25.0,5.0,89.0,46.84271099744245,0.793052351024567,0.7882736156351792,0.75,0.8376623376623377,0.206947648975433
b,direct_60_day,Direct 60-day,103214,20.0,0.4578005115089514,782,selection_n,2844,130,129,36631,782,27.49648382559775,25.0,5.0,89.0,46.84271099744245,0.793052351024567,0.7882736156351792,0.75,0.8376623376623377,0.206947648975433
b,direct_60_day,Direct 60-day,366991,20.0,0.45907928388746805,782,selection_n,2844,130,129,36631,782,27.49648382559775,25.0,5.0,89.0,46.84271099744245,0.793052351024567,0.7882736156351792,0.75,0.8376623376623377,0.206947648975433
b,direct_60_day,Direct 60-day,4799,20.0,0.46035805626598464,782,selection_n,2844,130,129,36631,782,27.49648382559775,25.0,5.0,89.0,46.84271099744245,0.793052351024567,0.7882736156351792,0.75,0.8376623376623377,0.206947648975433
b,direct_60_day,Direct 60-day,4944,20.0,0.4616368286445013,782,selection_n,2844,130,129,36631,782,27.49648382559775,25.0,5.0,89.0,46.84271099744245,0.793052351024567,0.7882736156351792,0.75,0.8376623376623377,0.206947648975433
b,direct_60_day,Direct 60-day,80553,20.0,0.4629156010230179,782,selection_n,2844,130,129,36631,782,27.49648382559775,25.0,5.0,89.0,46.84271099744245,0.793052351024567,0.7882736156351792,0.75,0.8376623376623377,0.206947648975433
b,direct_60_day,Direct 60-day,93023,20.0,0.4641943734015345,782,selection_n,2844,130,129,36631,782,27.49648382559775,25.0,5.0,89.0,46.84271099744245,0.793052351024567,0.7882736156351792,0.75,0.8376623376623377,0.206947648975433
b,direct_60_day,Direct 60-day,135695,21.0,0.46547314578005117,782,selection_n,2844,130,129,36631,782,27.49648382559775,25.0,5.0,89.0,46.84271099744245,0.793052351024567,0.7882736156351792,0.75,0.8376623376623377,0.206947648975433
b,direct_60_day,Direct 60-day,141910,21.0,0.46675191815856776,782,selection_n,2844,130,129,36631,782,27.49648382559775,25.0,5.0,89.0,46.84271099744245,0.793052351024567,0.7882736156351792,0.75,0.8376623376623377,0.206947648975433
b,direct_60_day,Direct 60-day,454729,21.0,0.4680306905370844,782,selection_n,2844,130,129,36631,782,27.49648382559775,25.0,5.0,89.0,46.84271099744245,0.793052351024567,0.7882736156351792,0.75,0.8376623376623377,0.206947648975433
b,direct_60_day,Direct 60-day,474253,21.0,0.46930946291560105,782,selection_n,2844,130,129,36631,782,27.49648382559775,25.0,5.0,89.0,46.84271099744245,0.793052351024567,0.7882736156351792,0.75,0.8376623376623377,0.206947648975433
b,direct_60_day,Direct 60-day,13785,22.0,0.47058823529411764,782,selection_n,2844,130,129,36631,782,27.49648382559775,25.0,5.0,89.0,46.84271099744245,0.793052351024567,0.7882736156351792,0.75,0.8376623376623377,0.206947648975433
b,direct_60_day,Direct 60-day,193049,22.0,0.4718670076726343,782,selection_n,2844,130,129,36631,782,27.49648382559775,25.0,5.0,89.0,46.84271099744245,0.793052351024567,0.7882736156351792,0.75,0.8376623376623377,0.206947648975433
b,direct_60_day,Direct 60-day,316751,22.0,0.4731457800511509,782,selection_n,2844,130,129,36631,782,27.49648382559775,25.0,5.0,89.0,46.84271099744245,0.793052351024567,0.7882736156351792,0.75,0.8376623376623377,0.206947648975433
b,direct_60_day,Direct 60-day,339022,22.0,0.4744245524296675,782,selection_n,2844,130,129,36631,782,27.49648382559775,25.0,5.0,89.0,46.84271099744245,0.793052351024567,0.7882736156351792,0.75,0.8376623376623377,0.206947648975433
b,direct_60_day,Direct 60-day,363083,22.0,0.47570332480818417,782,selection_n,2844,130,129,36631,782,27.49648382559775,25.0,5.0,89.0,46.84271099744245,0.793052351024567,0.7882736156351792,0.75,0.8376623376623377,0.206947648975433
b,direct_60_day,Direct 60-day,94134,22.0,0.47698209718670076,782,selection_n,2844,130,129,36631,782,27.49648382559775,25.0,5.0,89.0,46.84271099744245,0.793052351024567,0.7882736156351792,0.75,0.8376623376623377,0.206947648975433
b,direct_60_day,Direct 60-day,99482,22.0,0.4782608695652174,782,selection_n,2844,130,129,36631,782,27.49648382559775,25.0,5.0,89.0,46.84271099744245,0.793052351024567,0.7882736156351792,0.75,0.8376623376623377,0.206947648975433
b,direct_60_day,Direct 60-day,132581,23.0,0.479539641943734,782,selection_n,2844,130,129,36631,782,27.49648382559775,25.0,5.0,89.0,46.84271099744245,0.793052351024567,0.7882736156351792,0.75,0.8376623376623377,0.206947648975433
b,direct_60_day,Direct 60-day,142332,23.0,0.48081841432225064,782,selection_n,2844,130,129,36631,782,27.49648382559775,25.0,5.0,89.0,46.84271099744245,0.793052351024567,0.7882736156351792,0.75,0.8376623376623377,0.206947648975433
b,direct_60_day,Direct 60-day,189775,23.0,0.4820971867007673,782,selection_n,2844,130,129,36631,782,27.49648382559775,25.0,5.0,89.0,46.84271099744245,0.793052351024567,0.7882736156351792,0.75,0.8376623376623377,0.206947648975433
b,direct_60_day,Direct 60-day,201013,23.0,0.4833759590792839,782,selection_n,2844,130,129,36631,782,27.49648382559775,25.0,5.0,89.0,46.84271099744245,0.793052351024567,0.7882736156351792,0.75,0.8376623376623377,0.206947648975433
b,direct_60_day,Direct 60-day,2261,23.0,0.4846547314578005,782,selection_n,2844,130,129,36631,782,27.49648382559775,25.0,5.0,89.0,46.84271099744245,0.793052351024567,0.7882736156351792,0.75,0.8376623376623377,0.206947648975433
b,direct_60_day,Direct 60-day,21038,24.0,0.4859335038363171,782,selection_n,2844,130,129,36631,782,27.49648382559775,25.0,5.0,89.0,46.84271099744245,0.793052351024567,0.7882736156351792,0.75,0.8376623376623377,0.206947648975433
b,direct_60_day,Direct 60-day,235932,24.0,0.48721227621483376,782,selection_n,2844,130,129,36631,782,27.49648382559775,25.0,5.0,89.0,46.84271099744245,0.793052351024567,0.7882736156351792,0.75,0.8376623376623377,0.206947648975433
b,direct_60_day,Direct 60-day,361694,24.0,0.4884910485933504,782,selection_n,2844,130,129,36631,782,27.49648382559775,25.0,5.0,89.0,46.84271099744245,0.793052351024567,0.7882736156351792,0.75,0.8376623376623377,0.206947648975433
b,direct_60_day,Direct 60-day,4164,24.0,0.489769820971867,782,selection_n,2844,130,129,36631,782,27.49648382559775,25.0,5.0,89.0,46.84271099744245,0.793052351024567,0.7882736156351792,0.75,0.8376623376623377,0.206947648975433
b,direct_60_day,Direct 60-day,4771,24.0,0.49104859335038364,782,selection_n,2844,130,129,36631,782,27.49648382559775,25.0,5.0,89.0,46.84271099744245,0.793052351024567,0.7882736156351792,0.75,0.8376623376623377,0.206947648975433
b,direct_60_day,Direct 60-day,5162,24.0,0.49232736572890023,782,selection_n,2844,130,129,36631,782,27.49648382559775,25.0,5.0,89.0,46.84271099744245,0.793052351024567,0.7882736156351792,0.75,0.8376623376623377,0.206947648975433
b,direct_60_day,Direct 60-day,71421,24.0,0.4936061381074169,782,selection_n,2844,130,129,36631,782,27.49648382559775,25.0,5.0,89.0,46.84271099744245,0.793052351024567,0.7882736156351792,0.75,0.8376623376623377,0.206947648975433
b,direct_60_day,Direct 60-day,7456,24.0,0.4948849104859335,782,selection_n,2844,130,129,36631,782,27.49648382559775,25.0,5.0,89.0,46.84271099744245,0.793052351024567,0.7882736156351792,0.75,0.8376623376623377,0.206947648975433
b,direct_60_day,Direct 60-day,105575,25.0,0.4961636828644501,782,selection_n,2844,130,129,36631,782,27.49648382559775,25.0,5.0,89.0,46.84271099744245,0.793052351024567,0.7882736156351792,0.75,0.8376623376623377,0.206947648975433
b,direct_60_day,Direct 60-day,139838,25.0,0.49744245524296676,782,selection_n,2844,130,129,36631,782,27.49648382559775,25.0,5.0,89.0,46.84271099744245,0.793052351024567,0.7882736156351792,0.75,0.8376623376623377,0.206947648975433
b,direct_60_day,Direct 60-day,312676,25.0,0.49872122762148335,782,selection_n,2844,130,129,36631,782,27.49648382559775,25.0,5.0,89.0,46.84271099744245,0.793052351024567,0.7882736156351792,0.75,0.8376623376623377,0.206947648975433
b,direct_60_day,Direct 60-day,32638,25.0,0.5,782,selection_n,2844,130,129,36631,782,27.49648382559775,25.0,5.0,89.0,46.84271099744245,0.793052351024567,0.7882736156351792,0.75,0.8376623376623377,0.206947648975433
b,direct_60_day,Direct 60-day,337057,25.0,0.5012787723785166,782,selection_n,2844,130,129,36631,782,27.49648382559775,25.0,5.0,89.0,46.84271099744245,0.793052351024567,0.7882736156351792,0.75,0.8376623376623377,0.206947648975433
b,direct_60_day,Direct 60-day,4401,25.0,0.5025575447570333,782,selection_n,2844,130,129,36631,782,27.49648382559775,25.0,5.0,89.0,46.84271099744245,0.793052351024567,0.7882736156351792,0.75,0.8376623376623377,0.206947648975433
b,direct_60_day,Direct 60-day,55898,25.0,0.5038363171355499,782,selection_n,2844,130,129,36631,782,27.49648382559775,25.0,5.0,89.0,46.84271099744245,0.793052351024567,0.7882736156351792,0.75,0.8376623376623377,0.206947648975433
b,direct_60_day,Direct 60-day,102115,26.0,0.5051150895140665,782,selection_n,2844,130,129,36631,782,27.49648382559775,25.0,5.0,89.0,46.84271099744245,0.793052351024567,0.7882736156351792,0.75,0.8376623376623377,0.206947648975433
b,direct_60_day,Direct 60-day,363219,26.0,0.5063938618925832,782,selection_n,2844,130,129,36631,782,27.49648382559775,25.0,5.0,89.0,46.84271099744245,0.793052351024567,0.7882736156351792,0.75,0.8376623376623377,0.206947648975433
b,direct_60_day,Direct 60-day,366189,26.0,0.5076726342710998,782,selection_n,2844,130,129,36631,782,27.49648382559775,25.0,5.0,89.0,46.84271099744245,0.793052351024567,0.7882736156351792,0.75,0.8376623376623377,0.206947648975433
b,direct_60_day,Direct 60-day,4111,26.0,0.5089514066496164,782,selection_n,2844,130,129,36631,782,27.49648382559775,25.0,5.0,89.0,46.84271099744245,0.793052351024567,0.7882736156351792,0.75,0.8376623376623377,0.206947648975433
b,direct_60_day,Direct 60-day,4648,26.0,0.510230179028133,782,selection_n,2844,130,129,36631,782,27.49648382559775,25.0,5.0,89.0,46.84271099744245,0.793052351024567,0.7882736156351792,0.75,0.8376623376623377,0.206947648975433
b,direct_60_day,Direct 60-day,467172,26.0,0.5115089514066496,782,selection_n,2844,130,129,36631,782,27.49648382559775,25.0,5.0,89.0,46.84271099744245,0.793052351024567,0.7882736156351792,0.75,0.8376623376623377,0.206947648975433
b,direct_60_day,Direct 60-day,4899,26.0,0.5127877237851662,782,selection_n,2844,130,129,36631,782,27.49648382559775,25.0,5.0,89.0,46.84271099744245,0.793052351024567,0.7882736156351792,0.75,0.8376623376623377,0.206947648975433
b,direct_60_day,Direct 60-day,64935,26.0,0.5140664961636828,782,selection_n,2844,130,129,36631,782,27.49648382559775,25.0,5.0,89.0,46.84271099744245,0.793052351024567,0.7882736156351792,0.75,0.8376623376623377,0.206947648975433
b,direct_60_day,Direct 60-day,67985,27.0,0.5153452685421995,782,selection_n,2844,130,129,36631,782,27.49648382559775,25.0,5.0,89.0,46.84271099744245,0.793052351024567,0.7882736156351792,0.75,0.8376623376623377,0.206947648975433
b,direct_60_day,Direct 60-day,1881,28.0,0.5166240409207161,782,selection_n,2844,130,129,36631,782,27.49648382559775,25.0,5.0,89.0,46.84271099744245,0.793052351024567,0.7882736156351792,0.75,0.8376623376623377,0.206947648975433
b,direct_60_day,Direct 60-day,189910,28.0,0.5179028132992327,782,selection_n,2844,130,129,36631,782,27.49648382559775,25.0,5.0,89.0,46.84271099744245,0.793052351024567,0.7882736156351792,0.75,0.8376623376623377,0.206947648975433
b,direct_60_day,Direct 60-day,1914,28.0,0.5191815856777494,782,selection_n,2844,130,129,36631,782,27.49648382559775,25.0,5.0,89.0,46.84271099744245,0.793052351024567,0.7882736156351792,0.75,0.8376623376623377,0.206947648975433
b,direct_60_day,Direct 60-day,199368,28.0,0.520460358056266,782,selection_n,2844,130,129,36631,782,27.49648382559775,25.0,5.0,89.0,46.84271099744245,0.793052351024567,0.7882736156351792,0.75,0.8376623376623377,0.206947648975433
b,direct_60_day,Direct 60-day,2606,28.0,0.5217391304347826,782,selection_n,2844,130,129,36631,782,27.49648382559775,25.0,5.0,89.0,46.84271099744245,0.793052351024567,0.7882736156351792,0.75,0.8376623376623377,0.206947648975433
b,direct_60_day,Direct 60-day,3014,29.0,0.5230179028132992,782,selection_n,2844,130,129,36631,782,27.49648382559775,25.0,5.0,89.0,46.84271099744245,0.793052351024567,0.7882736156351792,0.75,0.8376623376623377,0.206947648975433
b,direct_60_day,Direct 60-day,413,29.0,0.5242966751918159,782,selection_n,2844,130,129,36631,782,27.49648382559775,25.0,5.0,89.0,46.84271099744245,0.793052351024567,0.7882736156351792,0.75,0.8376623376623377,0.206947648975433
b,direct_60_day,Direct 60-day,42225,29.0,0.5255754475703325,782,selection_n,2844,130,129,36631,782,27.49648382559775,25.0,5.0,89.0,46.84271099744245,0.793052351024567,0.7882736156351792,0.75,0.8376623376623377,0.206947648975433
b,direct_60_day,Direct 60-day,4322,29.0,0.5268542199488491,782,selection_n,2844,130,129,36631,782,27.49648382559775,25.0,5.0,89.0,46.84271099744245,0.793052351024567,0.7882736156351792,0.75,0.8376623376623377,0.206947648975433
b,direct_60_day,Direct 60-day,119746,30.0,0.5281329923273658,782,selection_n,2844,130,129,36631,782,27.49648382559775,25.0,5.0,89.0,46.84271099744245,0.793052351024567,0.7882736156351792,0.75,0.8376623376623377,0.206947648975433
b,direct_60_day,Direct 60-day,316495,30.0,0.5294117647058824,782,selection_n,2844,130,129,36631,782,27.49648382559775,25.0,5.0,89.0,46.84271099744245,0.793052351024567,0.7882736156351792,0.75,0.8376623376623377,0.206947648975433
b,direct_60_day,Direct 60-day,342596,30.0,0.530690537084399,782,selection_n,2844,130,129,36631,782,27.49648382559775,25.0,5.0,89.0,46.84271099744245,0.793052351024567,0.7882736156351792,0.75,0.8376623376623377,0.206947648975433
b,direct_60_day,Direct 60-day,463337,30.0,0.5319693094629157,782,selection_n,2844,130,129,36631,782,27.49648382559775,25.0,5.0,89.0,46.84271099744245,0.793052351024567,0.7882736156351792,0.75,0.8376623376623377,0.206947648975433
b,direct_60_day,Direct 60-day,4882,30.0,0.5332480818414322,782,selection_n,2844,130,129,36631,782,27.49648382559775,25.0,5.0,89.0,46.84271099744245,0.793052351024567,0.7882736156351792,0.75,0.8376623376623377,0.206947648975433
b,direct_60_day,Direct 60-day,87067,30.0,0.5345268542199488,782,selection_n,2844,130,129,36631,782,27.49648382559775,25.0,5.0,89.0,46.84271099744245,0.793052351024567,0.7882736156351792,0.75,0.8376623376623377,0.206947648975433
b,direct_60_day,Direct 60-day,146676,31.0,0.5358056265984654,782,selection_n,2844,130,129,36631,782,27.49648382559775,25.0,5.0,89.0,46.84271099744245,0.793052351024567,0.7882736156351792,0.75,0.8376623376623377,0.206947648975433
b,direct_60_day,Direct 60-day,2237,31.0,0.5370843989769821,782,selection_n,2844,130,129,36631,782,27.49648382559775,25.0,5.0,89.0,46.84271099744245,0.793052351024567,0.7882736156351792,0.75,0.8376623376623377,0.206947648975433
b,direct_60_day,Direct 60-day,362640,31.0,0.5383631713554987,782,selection_n,2844,130,129,36631,782,27.49648382559775,25.0,5.0,89.0,46.84271099744245,0.793052351024567,0.7882736156351792,0.75,0.8376623376623377,0.206947648975433
b,direct_60_day,Direct 60-day,134664,32.0,0.5396419437340153,782,selection_n,2844,130,129,36631,782,27.49648382559775,25.0,5.0,89.0,46.84271099744245,0.793052351024567,0.7882736156351792,0.75,0.8376623376623377,0.206947648975433
b,direct_60_day,Direct 60-day,1431,32.0,0.540920716112532,782,selection_n,2844,130,129,36631,782,27.49648382559775,25.0,5.0,89.0,46.84271099744245,0.793052351024567,0.7882736156351792,0.75,0.8376623376623377,0.206947648975433
b,direct_60_day,Direct 60-day,189913,32.0,0.5421994884910486,782,selection_n,2844,130,129,36631,782,27.49648382559775,25.0,5.0,89.0,46.84271099744245,0.793052351024567,0.7882736156351792,0.75,0.8376623376623377,0.206947648975433
b,direct_60_day,Direct 60-day,2709,32.0,0.5434782608695652,782,selection_n,2844,130,129,36631,782,27.49648382559775,25.0,5.0,89.0,46.84271099744245,0.793052351024567,0.7882736156351792,0.75,0.8376623376623377,0.206947648975433
b,direct_60_day,Direct 60-day,342597,32.0,0.5447570332480819,782,selection_n,2844,130,129,36631,782,27.49648382559775,25.0,5.0,89.0,46.84271099744245,0.793052351024567,0.7882736156351792,0.75,0.8376623376623377,0.206947648975433
b,direct_60_day,Direct 60-day,189947,33.0,0.5460358056265985,782,selection_n,2844,130,129,36631,782,27.49648382559775,25.0,5.0,89.0,46.84271099744245,0.793052351024567,0.7882736156351792,0.75,0.8376623376623377,0.206947648975433
b,direct_60_day,Direct 60-day,3765,33.0,0.5473145780051151,782,selection_n,2844,130,129,36631,782,27.49648382559775,25.0,5.0,89.0,46.84271099744245,0.793052351024567,0.7882736156351792,0.75,0.8376623376623377,0.206947648975433
b,direct_60_day,Direct 60-day,3900,33.0,0.5485933503836317,782,selection_n,2844,130,129,36631,782,27.49648382559775,25.0,5.0,89.0,46.84271099744245,0.793052351024567,0.7882736156351792,0.75,0.8376623376623377,0.206947648975433
b,direct_60_day,Direct 60-day,121869,34.0,0.5498721227621484,782,selection_n,2844,130,129,36631,782,27.49648382559775,25.0,5.0,89.0,46.84271099744245,0.793052351024567,0.7882736156351792,0.75,0.8376623376623377,0.206947648975433
b,direct_60_day,Direct 60-day,351717,34.0,0.551150895140665,782,selection_n,2844,130,129,36631,782,27.49648382559775,25.0,5.0,89.0,46.84271099744245,0.793052351024567,0.7882736156351792,0.75,0.8376623376623377,0.206947648975433
b,direct_60_day,Direct 60-day,5496,34.0,0.5524296675191815,782,selection_n,2844,130,129,36631,782,27.49648382559775,25.0,5.0,89.0,46.84271099744245,0.793052351024567,0.7882736156351792,0.75,0.8376623376623377,0.206947648975433
b,direct_60_day,Direct 60-day,15908,35.0,0.5537084398976982,782,selection_n,2844,130,129,36631,782,27.49648382559775,25.0,5.0,89.0,46.84271099744245,0.793052351024567,0.7882736156351792,0.75,0.8376623376623377,0.206947648975433
b,direct_60_day,Direct 60-day,188723,35.0,0.5549872122762148,782,selection_n,2844,130,129,36631,782,27.49648382559775,25.0,5.0,89.0,46.84271099744245,0.793052351024567,0.7882736156351792,0.75,0.8376623376623377,0.206947648975433
b,direct_60_day,Direct 60-day,205322,35.0,0.5562659846547314,782,selection_n,2844,130,129,36631,782,27.49648382559775,25.0,5.0,89.0,46.84271099744245,0.793052351024567,0.7882736156351792,0.75,0.8376623376623377,0.206947648975433
b,direct_60_day,Direct 60-day,350988,35.0,0.5575447570332481,782,selection_n,2844,130,129,36631,782,27.49648382559775,25.0,5.0,89.0,46.84271099744245,0.793052351024567,0.7882736156351792,0.75,0.8376623376623377,0.206947648975433
b,direct_60_day,Direct 60-day,142349,36.0,0.5588235294117647,782,selection_n,2844,130,129,36631,782,27.49648382559775,25.0,5.0,89.0,46.84271099744245,0.793052351024567,0.7882736156351792,0.75,0.8376623376623377,0.206947648975433
b,direct_60_day,Direct 60-day,3163,36.0,0.5601023017902813,782,selection_n,2844,130,129,36631,782,27.49648382559775,25.0,5.0,89.0,46.84271099744245,0.793052351024567,0.7882736156351792,0.75,0.8376623376623377,0.206947648975433
b,direct_60_day,Direct 60-day,423800,36.0,0.5613810741687979,782,selection_n,2844,130,129,36631,782,27.49648382559775,25.0,5.0,89.0,46.84271099744245,0.793052351024567,0.7882736156351792,0.75,0.8376623376623377,0.206947648975433
b,direct_60_day,Direct 60-day,990,36.0,0.5626598465473146,782,selection_n,2844,130,129,36631,782,27.49648382559775,25.0,5.0,89.0,46.84271099744245,0.793052351024567,0.7882736156351792,0.75,0.8376623376623377,0.206947648975433
b,direct_60_day,Direct 60-day,15848,37.0,0.5639386189258312,782,selection_n,2844,130,129,36631,782,27.49648382559775,25.0,5.0,89.0,46.84271099744245,0.793052351024567,0.7882736156351792,0.75,0.8376623376623377,0.206947648975433
b,direct_60_day,Direct 60-day,205355,37.0,0.5652173913043478,782,selection_n,2844,130,129,36631,782,27.49648382559775,25.0,5.0,89.0,46.84271099744245,0.793052351024567,0.7882736156351792,0.75,0.8376623376623377,0.206947648975433
b,direct_60_day,Direct 60-day,3064,37.0,0.5664961636828645,782,selection_n,2844,130,129,36631,782,27.49648382559775,25.0,5.0,89.0,46.84271099744245,0.793052351024567,0.7882736156351792,0.75,0.8376623376623377,0.206947648975433
b,direct_60_day,Direct 60-day,41048,37.0,0.5677749360613811,782,selection_n,2844,130,129,36631,782,27.49648382559775,25.0,5.0,89.0,46.84271099744245,0.793052351024567,0.7882736156351792,0.75,0.8376623376623377,0.206947648975433
b,direct_60_day,Direct 60-day,4890,37.0,0.5690537084398977,782,selection_n,2844,130,129,36631,782,27.49648382559775,25.0,5.0,89.0,46.84271099744245,0.793052351024567,0.7882736156351792,0.75,0.8376623376623377,0.206947648975433
b,direct_60_day,Direct 60-day,56670,37.0,0.5703324808184144,782,selection_n,2844,130,129,36631,782,27.49648382559775,25.0,5.0,89.0,46.84271099744245,0.793052351024567,0.7882736156351792,0.75,0.8376623376623377,0.206947648975433
b,direct_60_day,Direct 60-day,22249,38.0,0.571611253196931,782,selection_n,2844,130,129,36631,782,27.49648382559775,25.0,5.0,89.0,46.84271099744245,0.793052351024567,0.7882736156351792,0.75,0.8376623376623377,0.206947648975433
b,direct_60_day,Direct 60-day,360013,38.0,0.5728900255754475,782,selection_n,2844,130,129,36631,782,27.49648382559775,25.0,5.0,89.0,46.84271099744245,0.793052351024567,0.7882736156351792,0.75,0.8376623376623377,0.206947648975433
b,direct_60_day,Direct 60-day,5167,38.0,0.5741687979539642,782,selection_n,2844,130,129,36631,782,27.49648382559775,25.0,5.0,89.0,46.84271099744245,0.793052351024567,0.7882736156351792,0.75,0.8376623376623377,0.206947648975433
b,direct_60_day,Direct 60-day,687,38.0,0.5754475703324808,782,selection_n,2844,130,129,36631,782,27.49648382559775,25.0,5.0,89.0,46.84271099744245,0.793052351024567,0.7882736156351792,0.75,0.8376623376623377,0.206947648975433
b,direct_60_day,Direct 60-day,84662,38.0,0.5767263427109974,782,selection_n,2844,130,129,36631,782,27.49648382559775,25.0,5.0,89.0,46.84271099744245,0.793052351024567,0.7882736156351792,0.75,0.8376623376623377,0.206947648975433
b,direct_60_day,Direct 60-day,122961,39.0,0.578005115089514,782,selection_n,2844,130,129,36631,782,27.49648382559775,25.0,5.0,89.0,46.84271099744245,0.793052351024567,0.7882736156351792,0.75,0.8376623376623377,0.206947648975433
b,direct_60_day,Direct 60-day,139780,39.0,0.5792838874680307,782,selection_n,2844,130,129,36631,782,27.49648382559775,25.0,5.0,89.0,46.84271099744245,0.793052351024567,0.7882736156351792,0.75,0.8376623376623377,0.206947648975433
b,direct_60_day,Direct 60-day,147878,39.0,0.5805626598465473,782,selection_n,2844,130,129,36631,782,27.49648382559775,25.0,5.0,89.0,46.84271099744245,0.793052351024567,0.7882736156351792,0.75,0.8376623376623377,0.206947648975433
b,direct_60_day,Direct 60-day,1750,39.0,0.5818414322250639,782,selection_n,2844,130,129,36631,782,27.49648382559775,25.0,5.0,89.0,46.84271099744245,0.793052351024567,0.7882736156351792,0.75,0.8376623376623377,0.206947648975433
b,direct_60_day,Direct 60-day,3384,39.0,0.5831202046035806,782,selection_n,2844,130,129,36631,782,27.49648382559775,25.0,5.0,89.0,46.84271099744245,0.793052351024567,0.7882736156351792,0.75,0.8376623376623377,0.206947648975433
b,direct_60_day,Direct 60-day,50483,39.0,0.5843989769820972,782,selection_n,2844,130,129,36631,782,27.49648382559775,25.0,5.0,89.0,46.84271099744245,0.793052351024567,0.7882736156351792,0.75,0.8376623376623377,0.206947648975433
b,direct_60_day,Direct 60-day,5168,39.0,0.5856777493606138,782,selection_n,2844,130,129,36631,782,27.49648382559775,25.0,5.0,89.0,46.84271099744245,0.793052351024567,0.7882736156351792,0.75,0.8376623376623377,0.206947648975433
b,direct_60_day,Direct 60-day,75,39.0,0.5869565217391305,782,selection_n,2844,130,129,36631,782,27.49648382559775,25.0,5.0,89.0,46.84271099744245,0.793052351024567,0.7882736156351792,0.75,0.8376623376623377,0.206947648975433
b,direct_60_day,Direct 60-day,15797,40.0,0.5882352941176471,782,selection_n,2844,130,129,36631,782,27.49648382559775,25.0,5.0,89.0,46.84271099744245,0.793052351024567,0.7882736156351792,0.75,0.8376623376623377,0.206947648975433
b,direct_60_day,Direct 60-day,3316,40.0,0.5895140664961637,782,selection_n,2844,130,129,36631,782,27.49648382559775,25.0,5.0,89.0,46.84271099744245,0.793052351024567,0.7882736156351792,0.75,0.8376623376623377,0.206947648975433
b,direct_60_day,Direct 60-day,85766,40.0,0.5907928388746803,782,selection_n,2844,130,129,36631,782,27.49648382559775,25.0,5.0,89.0,46.84271099744245,0.793052351024567,0.7882736156351792,0.75,0.8376623376623377,0.206947648975433
b,direct_60_day,Direct 60-day,86763,40.0,0.592071611253197,782,selection_n,2844,130,129,36631,782,27.49648382559775,25.0,5.0,89.0,46.84271099744245,0.793052351024567,0.7882736156351792,0.75,0.8376623376623377,0.206947648975433
b,direct_60_day,Direct 60-day,139770,41.0,0.5933503836317136,782,selection_n,2844,130,129,36631,782,27.49648382559775,25.0,5.0,89.0,46.84271099744245,0.793052351024567,0.7882736156351792,0.75,0.8376623376623377,0.206947648975433
b,direct_60_day,Direct 60-day,28733,41.0,0.5946291560102301,782,selection_n,2844,130,129,36631,782,27.49648382559775,25.0,5.0,89.0,46.84271099744245,0.793052351024567,0.7882736156351792,0.75,0.8376623376623377,0.206947648975433
b,direct_60_day,Direct 60-day,5329,41.0,0.5959079283887468,782,selection_n,2844,130,129,36631,782,27.49648382559775,25.0,5.0,89.0,46.84271099744245,0.793052351024567,0.7882736156351792,0.75,0.8376623376623377,0.206947648975433
b,direct_60_day,Direct 60-day,361261,42.0,0.5971867007672634,782,selection_n,2844,130,129,36631,782,27.49648382559775,25.0,5.0,89.0,46.84271099744245,0.793052351024567,0.7882736156351792,0.75,0.8376623376623377,0.206947648975433
b,direct_60_day,Direct 60-day,3738,43.0,0.59846547314578,782,selection_n,2844,130,129,36631,782,27.49648382559775,25.0,5.0,89.0,46.84271099744245,0.793052351024567,0.7882736156351792,0.75,0.8376623376623377,0.206947648975433
b,direct_60_day,Direct 60-day,6179,43.0,0.5997442455242967,782,selection_n,2844,130,129,36631,782,27.49648382559775,25.0,5.0,89.0,46.84271099744245,0.793052351024567,0.7882736156351792,0.75,0.8376623376623377,0.206947648975433
b,direct_60_day,Direct 60-day,234801,44.0,0.6010230179028133,782,selection_n,2844,130,129,36631,782,27.49648382559775,25.0,5.0,89.0,46.84271099744245,0.793052351024567,0.7882736156351792,0.75,0.8376623376623377,0.206947648975433
b,direct_60_day,Direct 60-day,61342,44.0,0.6023017902813299,782,selection_n,2844,130,129,36631,782,27.49648382559775,25.0,5.0,89.0,46.84271099744245,0.793052351024567,0.7882736156351792,0.75,0.8376623376623377,0.206947648975433
b,direct_60_day,Direct 60-day,189780,45.0,0.6035805626598465,782,selection_n,2844,130,129,36631,782,27.49648382559775,25.0,5.0,89.0,46.84271099744245,0.793052351024567,0.7882736156351792,0.75,0.8376623376623377,0.206947648975433
b,direct_60_day,Direct 60-day,54178,45.0,0.6048593350383632,782,selection_n,2844,130,129,36631,782,27.49648382559775,25.0,5.0,89.0,46.84271099744245,0.793052351024567,0.7882736156351792,0.75,0.8376623376623377,0.206947648975433
b,direct_60_day,Direct 60-day,119754,46.0,0.6061381074168798,782,selection_n,2844,130,129,36631,782,27.49648382559775,25.0,5.0,89.0,46.84271099744245,0.793052351024567,0.7882736156351792,0.75,0.8376623376623377,0.206947648975433
b,direct_60_day,Direct 60-day,451829,46.0,0.6074168797953964,782,selection_n,2844,130,129,36631,782,27.49648382559775,25.0,5.0,89.0,46.84271099744245,0.793052351024567,0.7882736156351792,0.75,0.8376623376623377,0.206947648975433
b,direct_60_day,Direct 60-day,50464,46.0,0.6086956521739131,782,selection_n,2844,130,129,36631,782,27.49648382559775,25.0,5.0,89.0,46.84271099744245,0.793052351024567,0.7882736156351792,0.75,0.8376623376623377,0.206947648975433
b,direct_60_day,Direct 60-day,5725,46.0,0.6099744245524297,782,selection_n,2844,130,129,36631,782,27.49648382559775,25.0,5.0,89.0,46.84271099744245,0.793052351024567,0.7882736156351792,0.75,0.8376623376623377,0.206947648975433
b,direct_60_day,Direct 60-day,58719,46.0,0.6112531969309463,782,selection_n,2844,130,129,36631,782,27.49648382559775,25.0,5.0,89.0,46.84271099744245,0.793052351024567,0.7882736156351792,0.75,0.8376623376623377,0.206947648975433
b,direct_60_day,Direct 60-day,121973,47.0,0.612531969309463,782,selection_n,2844,130,129,36631,782,27.49648382559775,25.0,5.0,89.0,46.84271099744245,0.793052351024567,0.7882736156351792,0.75,0.8376623376623377,0.206947648975433
b,direct_60_day,Direct 60-day,4649,47.0,0.6138107416879796,782,selection_n,2844,130,129,36631,782,27.49648382559775,25.0,5.0,89.0,46.84271099744245,0.793052351024567,0.7882736156351792,0.75,0.8376623376623377,0.206947648975433
b,direct_60_day,Direct 60-day,57709,47.0,0.6150895140664961,782,selection_n,2844,130,129,36631,782,27.49648382559775,25.0,5.0,89.0,46.84271099744245,0.793052351024567,0.7882736156351792,0.75,0.8376623376623377,0.206947648975433
b,direct_60_day,Direct 60-day,1882,48.0,0.6163682864450127,782,selection_n,2844,130,129,36631,782,27.49648382559775,25.0,5.0,89.0,46.84271099744245,0.793052351024567,0.7882736156351792,0.75,0.8376623376623377,0.206947648975433
b,direct_60_day,Direct 60-day,23286,48.0,0.6176470588235294,782,selection_n,2844,130,129,36631,782,27.49648382559775,25.0,5.0,89.0,46.84271099744245,0.793052351024567,0.7882736156351792,0.75,0.8376623376623377,0.206947648975433
b,direct_60_day,Direct 60-day,36810,48.0,0.618925831202046,782,selection_n,2844,130,129,36631,782,27.49648382559775,25.0,5.0,89.0,46.84271099744245,0.793052351024567,0.7882736156351792,0.75,0.8376623376623377,0.206947648975433
b,direct_60_day,Direct 60-day,381,48.0,0.6202046035805626,782,selection_n,2844,130,129,36631,782,27.49648382559775,25.0,5.0,89.0,46.84271099744245,0.793052351024567,0.7882736156351792,0.75,0.8376623376623377,0.206947648975433
b,direct_60_day,Direct 60-day,6206,48.0,0.6214833759590793,782,selection_n,2844,130,129,36631,782,27.49648382559775,25.0,5.0,89.0,46.84271099744245,0.793052351024567,0.7882736156351792,0.75,0.8376623376623377,0.206947648975433
b,direct_60_day,Direct 60-day,6999,48.0,0.6227621483375959,782,selection_n,2844,130,129,36631,782,27.49648382559775,25.0,5.0,89.0,46.84271099744245,0.793052351024567,0.7882736156351792,0.75,0.8376623376623377,0.206947648975433
b,direct_60_day,Direct 60-day,83703,48.0,0.6240409207161125,782,selection_n,2844,130,129,36631,782,27.49648382559775,25.0,5.0,89.0,46.84271099744245,0.793052351024567,0.7882736156351792,0.75,0.8376623376623377,0.206947648975433
b,direct_60_day,Direct 60-day,1932,49.0,0.6253196930946292,782,selection_n,2844,130,129,36631,782,27.49648382559775,25.0,5.0,89.0,46.84271099744245,0.793052351024567,0.7882736156351792,0.75,0.8376623376623377,0.206947648975433
b,direct_60_day,Direct 60-day,355722,49.0,0.6265984654731458,782,selection_n,2844,130,129,36631,782,27.49648382559775,25.0,5.0,89.0,46.84271099744245,0.793052351024567,0.7882736156351792,0.75,0.8376623376623377,0.206947648975433
b,direct_60_day,Direct 60-day,6062,50.0,0.6278772378516624,782,selection_n,2844,130,129,36631,782,27.49648382559775,25.0,5.0,89.0,46.84271099744245,0.793052351024567,0.7882736156351792,0.75,0.8376623376623377,0.206947648975433
b,direct_60_day,Direct 60-day,60742,50.0,0.629156010230179,782,selection_n,2844,130,129,36631,782,27.49648382559775,25.0,5.0,89.0,46.84271099744245,0.793052351024567,0.7882736156351792,0.75,0.8376623376623377,0.206947648975433
b,direct_60_day,Direct 60-day,124012,51.0,0.6304347826086957,782,selection_n,2844,130,129,36631,782,27.49648382559775,25.0,5.0,89.0,46.84271099744245,0.793052351024567,0.7882736156351792,0.75,0.8376623376623377,0.206947648975433
b,direct_60_day,Direct 60-day,139707,51.0,0.6317135549872123,782,selection_n,2844,130,129,36631,782,27.49648382559775,25.0,5.0,89.0,46.84271099744245,0.793052351024567,0.7882736156351792,0.75,0.8376623376623377,0.206947648975433
b,direct_60_day,Direct 60-day,350983,51.0,0.6329923273657289,782,selection_n,2844,130,129,36631,782,27.49648382559775,25.0,5.0,89.0,46.84271099744245,0.793052351024567,0.7882736156351792,0.75,0.8376623376623377,0.206947648975433
b,direct_60_day,Direct 60-day,39957,51.0,0.6342710997442456,782,selection_n,2844,130,129,36631,782,27.49648382559775,25.0,5.0,89.0,46.84271099744245,0.793052351024567,0.7882736156351792,0.75,0.8376623376623377,0.206947648975433
b,direct_60_day,Direct 60-day,3198,52.0,0.6355498721227621,782,selection_n,2844,130,129,36631,782,27.49648382559775,25.0,5.0,89.0,46.84271099744245,0.793052351024567,0.7882736156351792,0.75,0.8376623376623377,0.206947648975433
b,direct_60_day,Direct 60-day,356580,52.0,0.6368286445012787,782,selection_n,2844,130,129,36631,782,27.49648382559775,25.0,5.0,89.0,46.84271099744245,0.793052351024567,0.7882736156351792,0.75,0.8376623376623377,0.206947648975433
b,direct_60_day,Direct 60-day,14882,53.0,0.6381074168797954,782,selection_n,2844,130,129,36631,782,27.49648382559775,25.0,5.0,89.0,46.84271099744245,0.793052351024567,0.7882736156351792,0.75,0.8376623376623377,0.206947648975433
b,direct_60_day,Direct 60-day,184622,53.0,0.639386189258312,782,selection_n,2844,130,129,36631,782,27.49648382559775,25.0,5.0,89.0,46.84271099744245,0.793052351024567,0.7882736156351792,0.75,0.8376623376623377,0.206947648975433
b,direct_60_day,Direct 60-day,314560,53.0,0.6406649616368286,782,selection_n,2844,130,129,36631,782,27.49648382559775,25.0,5.0,89.0,46.84271099744245,0.793052351024567,0.7882736156351792,0.75,0.8376623376623377,0.206947648975433
b,direct_60_day,Direct 60-day,3177,53.0,0.6419437340153452,782,selection_n,2844,130,129,36631,782,27.49648382559775,25.0,5.0,89.0,46.84271099744245,0.793052351024567,0.7882736156351792,0.75,0.8376623376623377,0.206947648975433
b,direct_60_day,Direct 60-day,305,54.0,0.6432225063938619,782,selection_n,2844,130,129,36631,782,27.49648382559775,25.0,5.0,89.0,46.84271099744245,0.793052351024567,0.7882736156351792,0.75,0.8376623376623377,0.206947648975433
b,direct_60_day,Direct 60-day,3149,54.0,0.6445012787723785,782,selection_n,2844,130,129,36631,782,27.49648382559775,25.0,5.0,89.0,46.84271099744245,0.793052351024567,0.7882736156351792,0.75,0.8376623376623377,0.206947648975433
b,direct_60_day,Direct 60-day,86726,54.0,0.6457800511508951,782,selection_n,2844,130,129,36631,782,27.49648382559775,25.0,5.0,89.0,46.84271099744245,0.793052351024567,0.7882736156351792,0.75,0.8376623376623377,0.206947648975433
b,direct_60_day,Direct 60-day,4884,55.0,0.6470588235294118,782,selection_n,2844,130,129,36631,782,27.49648382559775,25.0,5.0,89.0,46.84271099744245,0.793052351024567,0.7882736156351792,0.75,0.8376623376623377,0.206947648975433
b,direct_60_day,Direct 60-day,179,56.0,0.6483375959079284,782,selection_n,2844,130,129,36631,782,27.49648382559775,25.0,5.0,89.0,46.84271099744245,0.793052351024567,0.7882736156351792,0.75,0.8376623376623377,0.206947648975433
b,direct_60_day,Direct 60-day,341700,56.0,0.649616368286445,782,selection_n,2844,130,129,36631,782,27.49648382559775,25.0,5.0,89.0,46.84271099744245,0.793052351024567,0.7882736156351792,0.75,0.8376623376623377,0.206947648975433
b,direct_60_day,Direct 60-day,187119,57.0,0.6508951406649617,782,selection_n,2844,130,129,36631,782,27.49648382559775,25.0,5.0,89.0,46.84271099744245,0.793052351024567,0.7882736156351792,0.75,0.8376623376623377,0.206947648975433
b,direct_60_day,Direct 60-day,202250,57.0,0.6521739130434783,782,selection_n,2844,130,129,36631,782,27.49648382559775,25.0,5.0,89.0,46.84271099744245,0.793052351024567,0.7882736156351792,0.75,0.8376623376623377,0.206947648975433
b,direct_60_day,Direct 60-day,3238,57.0,0.6534526854219949,782,selection_n,2844,130,129,36631,782,27.49648382559775,25.0,5.0,89.0,46.84271099744245,0.793052351024567,0.7882736156351792,0.75,0.8376623376623377,0.206947648975433
b,direct_60_day,Direct 60-day,356876,58.0,0.6547314578005116,782,selection_n,2844,130,129,36631,782,27.49648382559775,25.0,5.0,89.0,46.84271099744245,0.793052351024567,0.7882736156351792,0.75,0.8376623376623377,0.206947648975433
b,direct_60_day,Direct 60-day,375,58.0,0.6560102301790282,782,selection_n,2844,130,129,36631,782,27.49648382559775,25.0,5.0,89.0,46.84271099744245,0.793052351024567,0.7882736156351792,0.75,0.8376623376623377,0.206947648975433
b,direct_60_day,Direct 60-day,515,58.0,0.6572890025575447,782,selection_n,2844,130,129,36631,782,27.49648382559775,25.0,5.0,89.0,46.84271099744245,0.793052351024567,0.7882736156351792,0.75,0.8376623376623377,0.206947648975433
b,direct_60_day,Direct 60-day,194594,59.0,0.6585677749360613,782,selection_n,2844,130,129,36631,782,27.49648382559775,25.0,5.0,89.0,46.84271099744245,0.793052351024567,0.7882736156351792,0.75,0.8376623376623377,0.206947648975433
b,direct_60_day,Direct 60-day,6968,59.0,0.659846547314578,782,selection_n,2844,130,129,36631,782,27.49648382559775,25.0,5.0,89.0,46.84271099744245,0.793052351024567,0.7882736156351792,0.75,0.8376623376623377,0.206947648975433
b,direct_60_day,Direct 60-day,1330,60.0,0.6611253196930946,782,selection_n,2844,130,129,36631,782,27.49648382559775,25.0,5.0,89.0,46.84271099744245,0.793052351024567,0.7882736156351792,0.75,0.8376623376623377,0.206947648975433
b,direct_60_day,Direct 60-day,1556,60.0,0.6624040920716112,782,selection_n,2844,130,129,36631,782,27.49648382559775,25.0,5.0,89.0,46.84271099744245,0.793052351024567,0.7882736156351792,0.75,0.8376623376623377,0.206947648975433
b,direct_60_day,Direct 60-day,16913,60.0,0.6636828644501279,782,selection_n,2844,130,129,36631,782,27.49648382559775,25.0,5.0,89.0,46.84271099744245,0.793052351024567,0.7882736156351792,0.75,0.8376623376623377,0.206947648975433
b,direct_60_day,Direct 60-day,3943,60.0,0.6649616368286445,782,selection_n,2844,130,129,36631,782,27.49648382559775,25.0,5.0,89.0,46.84271099744245,0.793052351024567,0.7882736156351792,0.75,0.8376623376623377,0.206947648975433
b,direct_60_day,Direct 60-day,1478,61.0,0.6662404092071611,782,selection_n,2844,130,129,36631,782,27.49648382559775,25.0,5.0,89.0,46.84271099744245,0.793052351024567,0.7882736156351792,0.75,0.8376623376623377,0.206947648975433
b,direct_60_day,Direct 60-day,307,61.0,0.6675191815856778,782,selection_n,2844,130,129,36631,782,27.49648382559775,25.0,5.0,89.0,46.84271099744245,0.793052351024567,0.7882736156351792,0.75,0.8376623376623377,0.206947648975433
b,direct_60_day,Direct 60-day,31636,61.0,0.6687979539641944,782,selection_n,2844,130,129,36631,782,27.49648382559775,25.0,5.0,89.0,46.84271099744245,0.793052351024567,0.7882736156351792,0.75,0.8376623376623377,0.206947648975433
b,direct_60_day,Direct 60-day,341446,61.0,0.670076726342711,782,selection_n,2844,130,129,36631,782,27.49648382559775,25.0,5.0,89.0,46.84271099744245,0.793052351024567,0.7882736156351792,0.75,0.8376623376623377,0.206947648975433
b,direct_60_day,Direct 60-day,971,61.0,0.6713554987212276,782,selection_n,2844,130,129,36631,782,27.49648382559775,25.0,5.0,89.0,46.84271099744245,0.793052351024567,0.7882736156351792,0.75,0.8376623376623377,0.206947648975433
b,direct_60_day,Direct 60-day,201887,62.0,0.6726342710997443,782,selection_n,2844,130,129,36631,782,27.49648382559775,25.0,5.0,89.0,46.84271099744245,0.793052351024567,0.7882736156351792,0.75,0.8376623376623377,0.206947648975433
b,direct_60_day,Direct 60-day,373899,62.0,0.6739130434782609,782,selection_n,2844,130,129,36631,782,27.49648382559775,25.0,5.0,89.0,46.84271099744245,0.793052351024567,0.7882736156351792,0.75,0.8376623376623377,0.206947648975433
b,direct_60_day,Direct 60-day,5421,62.0,0.6751918158567775,782,selection_n,2844,130,129,36631,782,27.49648382559775,25.0,5.0,89.0,46.84271099744245,0.793052351024567,0.7882736156351792,0.75,0.8376623376623377,0.206947648975433
b,direct_60_day,Direct 60-day,314644,64.0,0.6764705882352942,782,selection_n,2844,130,129,36631,782,27.49648382559775,25.0,5.0,89.0,46.84271099744245,0.793052351024567,0.7882736156351792,0.75,0.8376623376623377,0.206947648975433
b,direct_60_day,Direct 60-day,5550,64.0,0.6777493606138107,782,selection_n,2844,130,129,36631,782,27.49648382559775,25.0,5.0,89.0,46.84271099744245,0.793052351024567,0.7882736156351792,0.75,0.8376623376623377,0.206947648975433
b,direct_60_day,Direct 60-day,6211,64.0,0.6790281329923273,782,selection_n,2844,130,129,36631,782,27.49648382559775,25.0,5.0,89.0,46.84271099744245,0.793052351024567,0.7882736156351792,0.75,0.8376623376623377,0.206947648975433
b,direct_60_day,Direct 60-day,194700,65.0,0.680306905370844,782,selection_n,2844,130,129,36631,782,27.49648382559775,25.0,5.0,89.0,46.84271099744245,0.793052351024567,0.7882736156351792,0.75,0.8376623376623377,0.206947648975433
b,direct_60_day,Direct 60-day,1417,66.0,0.6815856777493606,782,selection_n,2844,130,129,36631,782,27.49648382559775,25.0,5.0,89.0,46.84271099744245,0.793052351024567,0.7882736156351792,0.75,0.8376623376623377,0.206947648975433
b,direct_60_day,Direct 60-day,2842,66.0,0.6828644501278772,782,selection_n,2844,130,129,36631,782,27.49648382559775,25.0,5.0,89.0,46.84271099744245,0.793052351024567,0.7882736156351792,0.75,0.8376623376623377,0.206947648975433
b,direct_60_day,Direct 60-day,4035,66.0,0.6841432225063938,782,selection_n,2844,130,129,36631,782,27.49648382559775,25.0,5.0,89.0,46.84271099744245,0.793052351024567,0.7882736156351792,0.75,0.8376623376623377,0.206947648975433
b,direct_60_day,Direct 60-day,44274,66.0,0.6854219948849105,782,selection_n,2844,130,129,36631,782,27.49648382559775,25.0,5.0,89.0,46.84271099744245,0.793052351024567,0.7882736156351792,0.75,0.8376623376623377,0.206947648975433
b,direct_60_day,Direct 60-day,1440,67.0,0.6867007672634271,782,selection_n,2844,130,129,36631,782,27.49648382559775,25.0,5.0,89.0,46.84271099744245,0.793052351024567,0.7882736156351792,0.75,0.8376623376623377,0.206947648975433
b,direct_60_day,Direct 60-day,56682,67.0,0.6879795396419437,782,selection_n,2844,130,129,36631,782,27.49648382559775,25.0,5.0,89.0,46.84271099744245,0.793052351024567,0.7882736156351792,0.75,0.8376623376623377,0.206947648975433
b,direct_60_day,Direct 60-day,7029,67.0,0.6892583120204604,782,selection_n,2844,130,129,36631,782,27.49648382559775,25.0,5.0,89.0,46.84271099744245,0.793052351024567,0.7882736156351792,0.75,0.8376623376623377,0.206947648975433
b,direct_60_day,Direct 60-day,758,67.0,0.690537084398977,782,selection_n,2844,130,129,36631,782,27.49648382559775,25.0,5.0,89.0,46.84271099744245,0.793052351024567,0.7882736156351792,0.75,0.8376623376623377,0.206947648975433
b,direct_60_day,Direct 60-day,80564,67.0,0.6918158567774936,782,selection_n,2844,130,129,36631,782,27.49648382559775,25.0,5.0,89.0,46.84271099744245,0.793052351024567,0.7882736156351792,0.75,0.8376623376623377,0.206947648975433
b,direct_60_day,Direct 60-day,32704,68.0,0.6930946291560103,782,selection_n,2844,130,129,36631,782,27.49648382559775,25.0,5.0,89.0,46.84271099744245,0.793052351024567,0.7882736156351792,0.75,0.8376623376623377,0.206947648975433
b,direct_60_day,Direct 60-day,342601,68.0,0.6943734015345269,782,selection_n,2844,130,129,36631,782,27.49648382559775,25.0,5.0,89.0,46.84271099744245,0.793052351024567,0.7882736156351792,0.75,0.8376623376623377,0.206947648975433
b,direct_60_day,Direct 60-day,52842,68.0,0.6956521739130435,782,selection_n,2844,130,129,36631,782,27.49648382559775,25.0,5.0,89.0,46.84271099744245,0.793052351024567,0.7882736156351792,0.75,0.8376623376623377,0.206947648975433
b,direct_60_day,Direct 60-day,973,68.0,0.69693094629156,782,selection_n,2844,130,129,36631,782,27.49648382559775,25.0,5.0,89.0,46.84271099744245,0.793052351024567,0.7882736156351792,0.75,0.8376623376623377,0.206947648975433
b,direct_60_day,Direct 60-day,7022,69.0,0.6982097186700768,782,selection_n,2844,130,129,36631,782,27.49648382559775,25.0,5.0,89.0,46.84271099744245,0.793052351024567,0.7882736156351792,0.75,0.8376623376623377,0.206947648975433
b,direct_60_day,Direct 60-day,72,69.0,0.6994884910485933,782,selection_n,2844,130,129,36631,782,27.49648382559775,25.0,5.0,89.0,46.84271099744245,0.793052351024567,0.7882736156351792,0.75,0.8376623376623377,0.206947648975433
b,direct_60_day,Direct 60-day,1401,70.0,0.7007672634271099,782,selection_n,2844,130,129,36631,782,27.49648382559775,25.0,5.0,89.0,46.84271099744245,0.793052351024567,0.7882736156351792,0.75,0.8376623376623377,0.206947648975433
b,direct_60_day,Direct 60-day,16779,70.0,0.7020460358056266,782,selection_n,2844,130,129,36631,782,27.49648382559775,25.0,5.0,89.0,46.84271099744245,0.793052351024567,0.7882736156351792,0.75,0.8376623376623377,0.206947648975433
b,direct_60_day,Direct 60-day,194758,70.0,0.7033248081841432,782,selection_n,2844,130,129,36631,782,27.49648382559775,25.0,5.0,89.0,46.84271099744245,0.793052351024567,0.7882736156351792,0.75,0.8376623376623377,0.206947648975433
b,direct_60_day,Direct 60-day,2287,70.0,0.7046035805626598,782,selection_n,2844,130,129,36631,782,27.49648382559775,25.0,5.0,89.0,46.84271099744245,0.793052351024567,0.7882736156351792,0.75,0.8376623376623377,0.206947648975433
b,direct_60_day,Direct 60-day,3960,71.0,0.7058823529411765,782,selection_n,2844,130,129,36631,782,27.49648382559775,25.0,5.0,89.0,46.84271099744245,0.793052351024567,0.7882736156351792,0.75,0.8376623376623377,0.206947648975433
b,direct_60_day,Direct 60-day,93011,71.0,0.7071611253196931,782,selection_n,2844,130,129,36631,782,27.49648382559775,25.0,5.0,89.0,46.84271099744245,0.793052351024567,0.7882736156351792,0.75,0.8376623376623377,0.206947648975433
b,direct_60_day,Direct 60-day,142108,72.0,0.7084398976982097,782,selection_n,2844,130,129,36631,782,27.49648382559775,25.0,5.0,89.0,46.84271099744245,0.793052351024567,0.7882736156351792,0.75,0.8376623376623377,0.206947648975433
b,direct_60_day,Direct 60-day,4607,72.0,0.7097186700767263,782,selection_n,2844,130,129,36631,782,27.49648382559775,25.0,5.0,89.0,46.84271099744245,0.793052351024567,0.7882736156351792,0.75,0.8376623376623377,0.206947648975433
b,direct_60_day,Direct 60-day,6994,73.0,0.710997442455243,782,selection_n,2844,130,129,36631,782,27.49648382559775,25.0,5.0,89.0,46.84271099744245,0.793052351024567,0.7882736156351792,0.75,0.8376623376623377,0.206947648975433
b,direct_60_day,Direct 60-day,481099,75.0,0.7122762148337596,782,selection_n,2844,130,129,36631,782,27.49648382559775,25.0,5.0,89.0,46.84271099744245,0.793052351024567,0.7882736156351792,0.75,0.8376623376623377,0.206947648975433
b,direct_60_day,Direct 60-day,4420,77.0,0.7135549872122762,782,selection_n,2844,130,129,36631,782,27.49648382559775,25.0,5.0,89.0,46.84271099744245,0.793052351024567,0.7882736156351792,0.75,0.8376623376623377,0.206947648975433
b,direct_60_day,Direct 60-day,85795,77.0,0.7148337595907929,782,selection_n,2844,130,129,36631,782,27.49648382559775,25.0,5.0,89.0,46.84271099744245,0.793052351024567,0.7882736156351792,0.75,0.8376623376623377,0.206947648975433
b,direct_60_day,Direct 60-day,350316,78.0,0.7161125319693095,782,selection_n,2844,130,129,36631,782,27.49648382559775,25.0,5.0,89.0,46.84271099744245,0.793052351024567,0.7882736156351792,0.75,0.8376623376623377,0.206947648975433
b,direct_60_day,Direct 60-day,197364,79.0,0.717391304347826,782,selection_n,2844,130,129,36631,782,27.49648382559775,25.0,5.0,89.0,46.84271099744245,0.793052351024567,0.7882736156351792,0.75,0.8376623376623377,0.206947648975433
b,direct_60_day,Direct 60-day,361,79.0,0.7186700767263428,782,selection_n,2844,130,129,36631,782,27.49648382559775,25.0,5.0,89.0,46.84271099744245,0.793052351024567,0.7882736156351792,0.75,0.8376623376623377,0.206947648975433
b,direct_60_day,Direct 60-day,695,79.0,0.7199488491048593,782,selection_n,2844,130,129,36631,782,27.49648382559775,25.0,5.0,89.0,46.84271099744245,0.793052351024567,0.7882736156351792,0.75,0.8376623376623377,0.206947648975433
b,direct_60_day,Direct 60-day,114627,80.0,0.7212276214833759,782,selection_n,2844,130,129,36631,782,27.49648382559775,25.0,5.0,89.0,46.84271099744245,0.793052351024567,0.7882736156351792,0.75,0.8376623376623377,0.206947648975433
b,direct_60_day,Direct 60-day,135373,80.0,0.7225063938618926,782,selection_n,2844,130,129,36631,782,27.49648382559775,25.0,5.0,89.0,46.84271099744245,0.793052351024567,0.7882736156351792,0.75,0.8376623376623377,0.206947648975433
b,direct_60_day,Direct 60-day,1668,80.0,0.7237851662404092,782,selection_n,2844,130,129,36631,782,27.49648382559775,25.0,5.0,89.0,46.84271099744245,0.793052351024567,0.7882736156351792,0.75,0.8376623376623377,0.206947648975433
b,direct_60_day,Direct 60-day,354805,80.0,0.7250639386189258,782,selection_n,2844,130,129,36631,782,27.49648382559775,25.0,5.0,89.0,46.84271099744245,0.793052351024567,0.7882736156351792,0.75,0.8376623376623377,0.206947648975433
b,direct_60_day,Direct 60-day,6982,80.0,0.7263427109974424,782,selection_n,2844,130,129,36631,782,27.49648382559775,25.0,5.0,89.0,46.84271099744245,0.793052351024567,0.7882736156351792,0.75,0.8376623376623377,0.206947648975433
b,direct_60_day,Direct 60-day,99205,80.0,0.7276214833759591,782,selection_n,2844,130,129,36631,782,27.49648382559775,25.0,5.0,89.0,46.84271099744245,0.793052351024567,0.7882736156351792,0.75,0.8376623376623377,0.206947648975433
b,direct_60_day,Direct 60-day,148481,82.0,0.7289002557544757,782,selection_n,2844,130,129,36631,782,27.49648382559775,25.0,5.0,89.0,46.84271099744245,0.793052351024567,0.7882736156351792,0.75,0.8376623376623377,0.206947648975433
b,direct_60_day,Direct 60-day,4936,82.0,0.7301790281329923,782,selection_n,2844,130,129,36631,782,27.49648382559775,25.0,5.0,89.0,46.84271099744245,0.793052351024567,0.7882736156351792,0.75,0.8376623376623377,0.206947648975433
b,direct_60_day,Direct 60-day,206557,83.0,0.731457800511509,782,selection_n,2844,130,129,36631,782,27.49648382559775,25.0,5.0,89.0,46.84271099744245,0.793052351024567,0.7882736156351792,0.75,0.8376623376623377,0.206947648975433
b,direct_60_day,Direct 60-day,2067,83.0,0.7327365728900256,782,selection_n,2844,130,129,36631,782,27.49648382559775,25.0,5.0,89.0,46.84271099744245,0.793052351024567,0.7882736156351792,0.75,0.8376623376623377,0.206947648975433
b,direct_60_day,Direct 60-day,6465,83.0,0.7340153452685422,782,selection_n,2844,130,129,36631,782,27.49648382559775,25.0,5.0,89.0,46.84271099744245,0.793052351024567,0.7882736156351792,0.75,0.8376623376623377,0.206947648975433
b,direct_60_day,Direct 60-day,194656,84.0,0.7352941176470589,782,selection_n,2844,130,129,36631,782,27.49648382559775,25.0,5.0,89.0,46.84271099744245,0.793052351024567,0.7882736156351792,0.75,0.8376623376623377,0.206947648975433
b,direct_60_day,Direct 60-day,5027,84.0,0.7365728900255755,782,selection_n,2844,130,129,36631,782,27.49648382559775,25.0,5.0,89.0,46.84271099744245,0.793052351024567,0.7882736156351792,0.75,0.8376623376623377,0.206947648975433
b,direct_60_day,Direct 60-day,5383,84.0,0.7378516624040921,782,selection_n,2844,130,129,36631,782,27.49648382559775,25.0,5.0,89.0,46.84271099744245,0.793052351024567,0.7882736156351792,0.75,0.8376623376623377,0.206947648975433
b,direct_60_day,Direct 60-day,118786,85.0,0.7391304347826086,782,selection_n,2844,130,129,36631,782,27.49648382559775,25.0,5.0,89.0,46.84271099744245,0.793052351024567,0.7882736156351792,0.75,0.8376623376623377,0.206947648975433
b,direct_60_day,Direct 60-day,203123,85.0,0.7404092071611253,782,selection_n,2844,130,129,36631,782,27.49648382559775,25.0,5.0,89.0,46.84271099744245,0.793052351024567,0.7882736156351792,0.75,0.8376623376623377,0.206947648975433
b,direct_60_day,Direct 60-day,50432,86.0,0.7416879795396419,782,selection_n,2844,130,129,36631,782,27.49648382559775,25.0,5.0,89.0,46.84271099744245,0.793052351024567,0.7882736156351792,0.75,0.8376623376623377,0.206947648975433
b,direct_60_day,Direct 60-day,915,86.0,0.7429667519181585,782,selection_n,2844,130,129,36631,782,27.49648382559775,25.0,5.0,89.0,46.84271099744245,0.793052351024567,0.7882736156351792,0.75,0.8376623376623377,0.206947648975433
b,direct_60_day,Direct 60-day,141802,87.0,0.7442455242966752,782,selection_n,2844,130,129,36631,782,27.49648382559775,25.0,5.0,89.0,46.84271099744245,0.793052351024567,0.7882736156351792,0.75,0.8376623376623377,0.206947648975433
b,direct_60_day,Direct 60-day,7001,87.0,0.7455242966751918,782,selection_n,2844,130,129,36631,782,27.49648382559775,25.0,5.0,89.0,46.84271099744245,0.793052351024567,0.7882736156351792,0.75,0.8376623376623377,0.206947648975433
b,direct_60_day,Direct 60-day,338176,88.0,0.7468030690537084,782,selection_n,2844,130,129,36631,782,27.49648382559775,25.0,5.0,89.0,46.84271099744245,0.793052351024567,0.7882736156351792,0.75,0.8376623376623377,0.206947648975433
b,direct_60_day,Direct 60-day,59714,88.0,0.7480818414322251,782,selection_n,2844,130,129,36631,782,27.49648382559775,25.0,5.0,89.0,46.84271099744245,0.793052351024567,0.7882736156351792,0.75,0.8376623376623377,0.206947648975433
b,direct_60_day,Direct 60-day,3574,89.0,0.7493606138107417,782,selection_n,2844,130,129,36631,782,27.49648382559775,25.0,5.0,89.0,46.84271099744245,0.793052351024567,0.7882736156351792,0.75,0.8376623376623377,0.206947648975433
b,direct_60_day,Direct 60-day,362778,89.0,0.7506393861892583,782,selection_n,2844,130,129,36631,782,27.49648382559775,25.0,5.0,89.0,46.84271099744245,0.793052351024567,0.7882736156351792,0.75,0.8376623376623377,0.206947648975433
b,direct_60_day,Direct 60-day,173,90.0,0.7519181585677749,782,selection_n,2844,130,129,36631,782,27.49648382559775,25.0,5.0,89.0,46.84271099744245,0.793052351024567,0.7882736156351792,0.75,0.8376623376623377,0.206947648975433
b,direct_60_day,Direct 60-day,234830,90.0,0.7531969309462916,782,selection_n,2844,130,129,36631,782,27.49648382559775,25.0,5.0,89.0,46.84271099744245,0.793052351024567,0.7882736156351792,0.75,0.8376623376623377,0.206947648975433
b,direct_60_day,Direct 60-day,142330,94.0,0.7544757033248082,782,selection_n,2844,130,129,36631,782,27.49648382559775,25.0,5.0,89.0,46.84271099744245,0.793052351024567,0.7882736156351792,0.75,0.8376623376623377,0.206947648975433
b,direct_60_day,Direct 60-day,3302,94.0,0.7557544757033248,782,selection_n,2844,130,129,36631,782,27.49648382559775,25.0,5.0,89.0,46.84271099744245,0.793052351024567,0.7882736156351792,0.75,0.8376623376623377,0.206947648975433
b,direct_60_day,Direct 60-day,46662,95.0,0.7570332480818415,782,selection_n,2844,130,129,36631,782,27.49648382559775,25.0,5.0,89.0,46.84271099744245,0.793052351024567,0.7882736156351792,0.75,0.8376623376623377,0.206947648975433
b,direct_60_day,Direct 60-day,7067,95.0,0.7583120204603581,782,selection_n,2844,130,129,36631,782,27.49648382559775,25.0,5.0,89.0,46.84271099744245,0.793052351024567,0.7882736156351792,0.75,0.8376623376623377,0.206947648975433
b,direct_60_day,Direct 60-day,84678,95.0,0.7595907928388747,782,selection_n,2844,130,129,36631,782,27.49648382559775,25.0,5.0,89.0,46.84271099744245,0.793052351024567,0.7882736156351792,0.75,0.8376623376623377,0.206947648975433
b,direct_60_day,Direct 60-day,222,96.0,0.7608695652173914,782,selection_n,2844,130,129,36631,782,27.49648382559775,25.0,5.0,89.0,46.84271099744245,0.793052351024567,0.7882736156351792,0.75,0.8376623376623377,0.206947648975433
b,direct_60_day,Direct 60-day,355723,97.0,0.7621483375959079,782,selection_n,2844,130,129,36631,782,27.49648382559775,25.0,5.0,89.0,46.84271099744245,0.793052351024567,0.7882736156351792,0.75,0.8376623376623377,0.206947648975433
b,direct_60_day,Direct 60-day,360338,98.0,0.7634271099744245,782,selection_n,2844,130,129,36631,782,27.49648382559775,25.0,5.0,89.0,46.84271099744245,0.793052351024567,0.7882736156351792,0.75,0.8376623376623377,0.206947648975433
b,direct_60_day,Direct 60-day,107336,99.0,0.7647058823529411,782,selection_n,2844,130,129,36631,782,27.49648382559775,25.0,5.0,89.0,46.84271099744245,0.793052351024567,0.7882736156351792,0.75,0.8376623376623377,0.206947648975433
b,direct_60_day,Direct 60-day,347314,99.0,0.7659846547314578,782,selection_n,2844,130,129,36631,782,27.49648382559775,25.0,5.0,89.0,46.84271099744245,0.793052351024567,0.7882736156351792,0.75,0.8376623376623377,0.206947648975433
b,direct_60_day,Direct 60-day,4389,100.0,0.7672634271099744,782,selection_n,2844,130,129,36631,782,27.49648382559775,25.0,5.0,89.0,46.84271099744245,0.793052351024567,0.7882736156351792,0.75,0.8376623376623377,0.206947648975433
b,direct_60_day,Direct 60-day,7049,100.0,0.768542199488491,782,selection_n,2844,130,129,36631,782,27.49648382559775,25.0,5.0,89.0,46.84271099744245,0.793052351024567,0.7882736156351792,0.75,0.8376623376623377,0.206947648975433
b,direct_60_day,Direct 60-day,138730,101.0,0.7698209718670077,782,selection_n,2844,130,129,36631,782,27.49648382559775,25.0,5.0,89.0,46.84271099744245,0.793052351024567,0.7882736156351792,0.75,0.8376623376623377,0.206947648975433
b,direct_60_day,Direct 60-day,5246,101.0,0.7710997442455243,782,selection_n,2844,130,129,36631,782,27.49648382559775,25.0,5.0,89.0,46.84271099744245,0.793052351024567,0.7882736156351792,0.75,0.8376623376623377,0.206947648975433
b,direct_60_day,Direct 60-day,94375,101.0,0.7723785166240409,782,selection_n,2844,130,129,36631,782,27.49648382559775,25.0,5.0,89.0,46.84271099744245,0.793052351024567,0.7882736156351792,0.75,0.8376623376623377,0.206947648975433
b,direct_60_day,Direct 60-day,4314,102.0,0.7736572890025576,782,selection_n,2844,130,129,36631,782,27.49648382559775,25.0,5.0,89.0,46.84271099744245,0.793052351024567,0.7882736156351792,0.75,0.8376623376623377,0.206947648975433
b,direct_60_day,Direct 60-day,4448,102.0,0.7749360613810742,782,selection_n,2844,130,129,36631,782,27.49648382559775,25.0,5.0,89.0,46.84271099744245,0.793052351024567,0.7882736156351792,0.75,0.8376623376623377,0.206947648975433
b,direct_60_day,Direct 60-day,440,103.0,0.7762148337595908,782,selection_n,2844,130,129,36631,782,27.49648382559775,25.0,5.0,89.0,46.84271099744245,0.793052351024567,0.7882736156351792,0.75,0.8376623376623377,0.206947648975433
b,direct_60_day,Direct 60-day,362582,104.0,0.7774936061381074,782,selection_n,2844,130,129,36631,782,27.49648382559775,25.0,5.0,89.0,46.84271099744245,0.793052351024567,0.7882736156351792,0.75,0.8376623376623377,0.206947648975433
b,direct_60_day,Direct 60-day,86016,104.0,0.7787723785166241,782,selection_n,2844,130,129,36631,782,27.49648382559775,25.0,5.0,89.0,46.84271099744245,0.793052351024567,0.7882736156351792,0.75,0.8376623376623377,0.206947648975433
b,direct_60_day,Direct 60-day,4816,105.0,0.7800511508951407,782,selection_n,2844,130,129,36631,782,27.49648382559775,25.0,5.0,89.0,46.84271099744245,0.793052351024567,0.7882736156351792,0.75,0.8376623376623377,0.206947648975433
b,direct_60_day,Direct 60-day,5175,105.0,0.7813299232736572,782,selection_n,2844,130,129,36631,782,27.49648382559775,25.0,5.0,89.0,46.84271099744245,0.793052351024567,0.7882736156351792,0.75,0.8376623376623377,0.206947648975433
b,direct_60_day,Direct 60-day,4393,106.0,0.782608695652174,782,selection_n,2844,130,129,36631,782,27.49648382559775,25.0,5.0,89.0,46.84271099744245,0.793052351024567,0.7882736156351792,0.75,0.8376623376623377,0.206947648975433
b,direct_60_day,Direct 60-day,85683,106.0,0.7838874680306905,782,selection_n,2844,130,129,36631,782,27.49648382559775,25.0,5.0,89.0,46.84271099744245,0.793052351024567,0.7882736156351792,0.75,0.8376623376623377,0.206947648975433
b,direct_60_day,Direct 60-day,134724,108.0,0.7851662404092071,782,selection_n,2844,130,129,36631,782,27.49648382559775,25.0,5.0,89.0,46.84271099744245,0.793052351024567,0.7882736156351792,0.75,0.8376623376623377,0.206947648975433
b,direct_60_day,Direct 60-day,312677,108.0,0.7864450127877238,782,selection_n,2844,130,129,36631,782,27.49648382559775,25.0,5.0,89.0,46.84271099744245,0.793052351024567,0.7882736156351792,0.75,0.8376623376623377,0.206947648975433
b,direct_60_day,Direct 60-day,94,108.0,0.7877237851662404,782,selection_n,2844,130,129,36631,782,27.49648382559775,25.0,5.0,89.0,46.84271099744245,0.793052351024567,0.7882736156351792,0.75,0.8376623376623377,0.206947648975433
b,direct_60_day,Direct 60-day,199732,109.0,0.789002557544757,782,selection_n,2844,130,129,36631,782,27.49648382559775,25.0,5.0,89.0,46.84271099744245,0.793052351024567,0.7882736156351792,0.75,0.8376623376623377,0.206947648975433
b,direct_60_day,Direct 60-day,26427,109.0,0.7902813299232737,782,selection_n,2844,130,129,36631,782,27.49648382559775,25.0,5.0,89.0,46.84271099744245,0.793052351024567,0.7882736156351792,0.75,0.8376623376623377,0.206947648975433
b,direct_60_day,Direct 60-day,128,110.0,0.7915601023017903,782,selection_n,2844,130,129,36631,782,27.49648382559775,25.0,5.0,89.0,46.84271099744245,0.793052351024567,0.7882736156351792,0.75,0.8376623376623377,0.206947648975433
b,direct_60_day,Direct 60-day,133716,110.0,0.7928388746803069,782,selection_n,2844,130,129,36631,782,27.49648382559775,25.0,5.0,89.0,46.84271099744245,0.793052351024567,0.7882736156351792,0.75,0.8376623376623377,0.206947648975433
b,direct_60_day,Direct 60-day,4510,110.0,0.7941176470588235,782,selection_n,2844,130,129,36631,782,27.49648382559775,25.0,5.0,89.0,46.84271099744245,0.793052351024567,0.7882736156351792,0.75,0.8376623376623377,0.206947648975433
b,direct_60_day,Direct 60-day,141883,111.0,0.7953964194373402,782,selection_n,2844,130,129,36631,782,27.49648382559775,25.0,5.0,89.0,46.84271099744245,0.793052351024567,0.7882736156351792,0.75,0.8376623376623377,0.206947648975433
b,direct_60_day,Direct 60-day,1448,111.0,0.7966751918158568,782,selection_n,2844,130,129,36631,782,27.49648382559775,25.0,5.0,89.0,46.84271099744245,0.793052351024567,0.7882736156351792,0.75,0.8376623376623377,0.206947648975433
b,direct_60_day,Direct 60-day,342330,111.0,0.7979539641943734,782,selection_n,2844,130,129,36631,782,27.49648382559775,25.0,5.0,89.0,46.84271099744245,0.793052351024567,0.7882736156351792,0.75,0.8376623376623377,0.206947648975433
b,direct_60_day,Direct 60-day,4440,111.0,0.7992327365728901,782,selection_n,2844,130,129,36631,782,27.49648382559775,25.0,5.0,89.0,46.84271099744245,0.793052351024567,0.7882736156351792,0.75,0.8376623376623377,0.206947648975433
b,direct_60_day,Direct 60-day,100219,112.0,0.8005115089514067,782,selection_n,2844,130,129,36631,782,27.49648382559775,25.0,5.0,89.0,46.84271099744245,0.793052351024567,0.7882736156351792,0.75,0.8376623376623377,0.206947648975433
b,direct_60_day,Direct 60-day,3264,112.0,0.8017902813299232,782,selection_n,2844,130,129,36631,782,27.49648382559775,25.0,5.0,89.0,46.84271099744245,0.793052351024567,0.7882736156351792,0.75,0.8376623376623377,0.206947648975433
b,direct_60_day,Direct 60-day,73041,112.0,0.80306905370844,782,selection_n,2844,130,129,36631,782,27.49648382559775,25.0,5.0,89.0,46.84271099744245,0.793052351024567,0.7882736156351792,0.75,0.8376623376623377,0.206947648975433
b,direct_60_day,Direct 60-day,176,113.0,0.8043478260869565,782,selection_n,2844,130,129,36631,782,27.49648382559775,25.0,5.0,89.0,46.84271099744245,0.793052351024567,0.7882736156351792,0.75,0.8376623376623377,0.206947648975433
b,direct_60_day,Direct 60-day,359516,113.0,0.8056265984654731,782,selection_n,2844,130,129,36631,782,27.49648382559775,25.0,5.0,89.0,46.84271099744245,0.793052351024567,0.7882736156351792,0.75,0.8376623376623377,0.206947648975433
b,direct_60_day,Direct 60-day,1104,114.0,0.8069053708439897,782,selection_n,2844,130,129,36631,782,27.49648382559775,25.0,5.0,89.0,46.84271099744245,0.793052351024567,0.7882736156351792,0.75,0.8376623376623377,0.206947648975433
b,direct_60_day,Direct 60-day,137728,114.0,0.8081841432225064,782,selection_n,2844,130,129,36631,782,27.49648382559775,25.0,5.0,89.0,46.84271099744245,0.793052351024567,0.7882736156351792,0.75,0.8376623376623377,0.206947648975433
b,direct_60_day,Direct 60-day,329969,114.0,0.809462915601023,782,selection_n,2844,130,129,36631,782,27.49648382559775,25.0,5.0,89.0,46.84271099744245,0.793052351024567,0.7882736156351792,0.75,0.8376623376623377,0.206947648975433
b,direct_60_day,Direct 60-day,5118,114.0,0.8107416879795396,782,selection_n,2844,130,129,36631,782,27.49648382559775,25.0,5.0,89.0,46.84271099744245,0.793052351024567,0.7882736156351792,0.75,0.8376623376623377,0.206947648975433
b,direct_60_day,Direct 60-day,4624,115.0,0.8120204603580563,782,selection_n,2844,130,129,36631,782,27.49648382559775,25.0,5.0,89.0,46.84271099744245,0.793052351024567,0.7882736156351792,0.75,0.8376623376623377,0.206947648975433
b,direct_60_day,Direct 60-day,4933,115.0,0.8132992327365729,782,selection_n,2844,130,129,36631,782,27.49648382559775,25.0,5.0,89.0,46.84271099744245,0.793052351024567,0.7882736156351792,0.75,0.8376623376623377,0.206947648975433
b,direct_60_day,Direct 60-day,57638,115.0,0.8145780051150895,782,selection_n,2844,130,129,36631,782,27.49648382559775,25.0,5.0,89.0,46.84271099744245,0.793052351024567,0.7882736156351792,0.75,0.8376623376623377,0.206947648975433
b,direct_60_day,Direct 60-day,25760,116.0,0.8158567774936062,782,selection_n,2844,130,129,36631,782,27.49648382559775,25.0,5.0,89.0,46.84271099744245,0.793052351024567,0.7882736156351792,0.75,0.8376623376623377,0.206947648975433
b,direct_60_day,Direct 60-day,356292,116.0,0.8171355498721228,782,selection_n,2844,130,129,36631,782,27.49648382559775,25.0,5.0,89.0,46.84271099744245,0.793052351024567,0.7882736156351792,0.75,0.8376623376623377,0.206947648975433
b,direct_60_day,Direct 60-day,363003,116.0,0.8184143222506394,782,selection_n,2844,130,129,36631,782,27.49648382559775,25.0,5.0,89.0,46.84271099744245,0.793052351024567,0.7882736156351792,0.75,0.8376623376623377,0.206947648975433
b,direct_60_day,Direct 60-day,364854,116.0,0.819693094629156,782,selection_n,2844,130,129,36631,782,27.49648382559775,25.0,5.0,89.0,46.84271099744245,0.793052351024567,0.7882736156351792,0.75,0.8376623376623377,0.206947648975433
b,direct_60_day,Direct 60-day,4395,116.0,0.8209718670076727,782,selection_n,2844,130,129,36631,782,27.49648382559775,25.0,5.0,89.0,46.84271099744245,0.793052351024567,0.7882736156351792,0.75,0.8376623376623377,0.206947648975433
b,direct_60_day,Direct 60-day,4473,116.0,0.8222506393861893,782,selection_n,2844,130,129,36631,782,27.49648382559775,25.0,5.0,89.0,46.84271099744245,0.793052351024567,0.7882736156351792,0.75,0.8376623376623377,0.206947648975433
b,direct_60_day,Direct 60-day,5336,116.0,0.8235294117647058,782,selection_n,2844,130,129,36631,782,27.49648382559775,25.0,5.0,89.0,46.84271099744245,0.793052351024567,0.7882736156351792,0.75,0.8376623376623377,0.206947648975433
b,direct_60_day,Direct 60-day,4312,117.0,0.8248081841432225,782,selection_n,2844,130,129,36631,782,27.49648382559775,25.0,5.0,89.0,46.84271099744245,0.793052351024567,0.7882736156351792,0.75,0.8376623376623377,0.206947648975433
b,direct_60_day,Direct 60-day,45308,117.0,0.8260869565217391,782,selection_n,2844,130,129,36631,782,27.49648382559775,25.0,5.0,89.0,46.84271099744245,0.793052351024567,0.7882736156351792,0.75,0.8376623376623377,0.206947648975433
b,direct_60_day,Direct 60-day,5241,117.0,0.8273657289002557,782,selection_n,2844,130,129,36631,782,27.49648382559775,25.0,5.0,89.0,46.84271099744245,0.793052351024567,0.7882736156351792,0.75,0.8376623376623377,0.206947648975433
b,direct_60_day,Direct 60-day,141821,118.0,0.8286445012787724,782,selection_n,2844,130,129,36631,782,27.49648382559775,25.0,5.0,89.0,46.84271099744245,0.793052351024567,0.7882736156351792,0.75,0.8376623376623377,0.206947648975433
b,direct_60_day,Direct 60-day,142339,118.0,0.829923273657289,782,selection_n,2844,130,129,36631,782,27.49648382559775,25.0,5.0,89.0,46.84271099744245,0.793052351024567,0.7882736156351792,0.75,0.8376623376623377,0.206947648975433
b,direct_60_day,Direct 60-day,315747,118.0,0.8312020460358056,782,selection_n,2844,130,129,36631,782,27.49648382559775,25.0,5.0,89.0,46.84271099744245,0.793052351024567,0.7882736156351792,0.75,0.8376623376623377,0.206947648975433
b,direct_60_day,Direct 60-day,346238,118.0,0.8324808184143222,782,selection_n,2844,130,129,36631,782,27.49648382559775,25.0,5.0,89.0,46.84271099744245,0.793052351024567,0.7882736156351792,0.75,0.8376623376623377,0.206947648975433
b,direct_60_day,Direct 60-day,5183,118.0,0.8337595907928389,782,selection_n,2844,130,129,36631,782,27.49648382559775,25.0,5.0,89.0,46.84271099744245,0.793052351024567,0.7882736156351792,0.75,0.8376623376623377,0.206947648975433
b,direct_60_day,Direct 60-day,2948,119.0,0.8350383631713555,782,selection_n,2844,130,129,36631,782,27.49648382559775,25.0,5.0,89.0,46.84271099744245,0.793052351024567,0.7882736156351792,0.75,0.8376623376623377,0.206947648975433
b,direct_60_day,Direct 60-day,4821,119.0,0.8363171355498721,782,selection_n,2844,130,129,36631,782,27.49648382559775,25.0,5.0,89.0,46.84271099744245,0.793052351024567,0.7882736156351792,0.75,0.8376623376623377,0.206947648975433
b,direct_60_day,Direct 60-day,51452,119.0,0.8375959079283888,782,selection_n,2844,130,129,36631,782,27.49648382559775,25.0,5.0,89.0,46.84271099744245,0.793052351024567,0.7882736156351792,0.75,0.8376623376623377,0.206947648975433
b,direct_60_day,Direct 60-day,95,119.0,0.8388746803069054,782,selection_n,2844,130,129,36631,782,27.49648382559775,25.0,5.0,89.0,46.84271099744245,0.793052351024567,0.7882736156351792,0.75,0.8376623376623377,0.206947648975433
b,direct_60_day,Direct 60-day,21113,120.0,0.840153452685422,782,selection_n,2844,130,129,36631,782,27.49648382559775,25.0,5.0,89.0,46.84271099744245,0.793052351024567,0.7882736156351792,0.75,0.8376623376623377,0.206947648975433
b,direct_60_day,Direct 60-day,1819,121.0,0.8414322250639387,782,selection_n,2844,130,129,36631,782,27.49648382559775,25.0,5.0,89.0,46.84271099744245,0.793052351024567,0.7882736156351792,0.75,0.8376623376623377,0.206947648975433
b,direct_60_day,Direct 60-day,2419,121.0,0.8427109974424553,782,selection_n,2844,130,129,36631,782,27.49648382559775,25.0,5.0,89.0,46.84271099744245,0.793052351024567,0.7882736156351792,0.75,0.8376623376623377,0.206947648975433
b,direct_60_day,Direct 60-day,4985,121.0,0.8439897698209718,782,selection_n,2844,130,129,36631,782,27.49648382559775,25.0,5.0,89.0,46.84271099744245,0.793052351024567,0.7882736156351792,0.75,0.8376623376623377,0.206947648975433
b,direct_60_day,Direct 60-day,80525,121.0,0.8452685421994884,782,selection_n,2844,130,129,36631,782,27.49648382559775,25.0,5.0,89.0,46.84271099744245,0.793052351024567,0.7882736156351792,0.75,0.8376623376623377,0.206947648975433
b,direct_60_day,Direct 60-day,3345,122.0,0.8465473145780051,782,selection_n,2844,130,129,36631,782,27.49648382559775,25.0,5.0,89.0,46.84271099744245,0.793052351024567,0.7882736156351792,0.75,0.8376623376623377,0.206947648975433
b,direct_60_day,Direct 60-day,4280,122.0,0.8478260869565217,782,selection_n,2844,130,129,36631,782,27.49648382559775,25.0,5.0,89.0,46.84271099744245,0.793052351024567,0.7882736156351792,0.75,0.8376623376623377,0.206947648975433
b,direct_60_day,Direct 60-day,4285,122.0,0.8491048593350383,782,selection_n,2844,130,129,36631,782,27.49648382559775,25.0,5.0,89.0,46.84271099744245,0.793052351024567,0.7882736156351792,0.75,0.8376623376623377,0.206947648975433
b,direct_60_day,Direct 60-day,4481,122.0,0.850383631713555,782,selection_n,2844,130,129,36631,782,27.49648382559775,25.0,5.0,89.0,46.84271099744245,0.793052351024567,0.7882736156351792,0.75,0.8376623376623377,0.206947648975433
b,direct_60_day,Direct 60-day,4667,122.0,0.8516624040920716,782,selection_n,2844,130,129,36631,782,27.49648382559775,25.0,5.0,89.0,46.84271099744245,0.793052351024567,0.7882736156351792,0.75,0.8376623376623377,0.206947648975433
b,direct_60_day,Direct 60-day,5396,122.0,0.8529411764705882,782,selection_n,2844,130,129,36631,782,27.49648382559775,25.0,5.0,89.0,46.84271099744245,0.793052351024567,0.7882736156351792,0.75,0.8376623376623377,0.206947648975433
b,direct_60_day,Direct 60-day,83634,122.0,0.8542199488491049,782,selection_n,2844,130,129,36631,782,27.49648382559775,25.0,5.0,89.0,46.84271099744245,0.793052351024567,0.7882736156351792,0.75,0.8376623376623377,0.206947648975433
b,direct_60_day,Direct 60-day,2686,123.0,0.8554987212276215,782,selection_n,2844,130,129,36631,782,27.49648382559775,25.0,5.0,89.0,46.84271099744245,0.793052351024567,0.7882736156351792,0.75,0.8376623376623377,0.206947648975433
b,direct_60_day,Direct 60-day,27757,123.0,0.8567774936061381,782,selection_n,2844,130,129,36631,782,27.49648382559775,25.0,5.0,89.0,46.84271099744245,0.793052351024567,0.7882736156351792,0.75,0.8376623376623377,0.206947648975433
b,direct_60_day,Direct 60-day,314992,123.0,0.8580562659846548,782,selection_n,2844,130,129,36631,782,27.49648382559775,25.0,5.0,89.0,46.84271099744245,0.793052351024567,0.7882736156351792,0.75,0.8376623376623377,0.206947648975433
b,direct_60_day,Direct 60-day,4566,123.0,0.8593350383631714,782,selection_n,2844,130,129,36631,782,27.49648382559775,25.0,5.0,89.0,46.84271099744245,0.793052351024567,0.7882736156351792,0.75,0.8376623376623377,0.206947648975433
b,direct_60_day,Direct 60-day,4942,123.0,0.860613810741688,782,selection_n,2844,130,129,36631,782,27.49648382559775,25.0,5.0,89.0,46.84271099744245,0.793052351024567,0.7882736156351792,0.75,0.8376623376623377,0.206947648975433
b,direct_60_day,Direct 60-day,5500,123.0,0.8618925831202046,782,selection_n,2844,130,129,36631,782,27.49648382559775,25.0,5.0,89.0,46.84271099744245,0.793052351024567,0.7882736156351792,0.75,0.8376623376623377,0.206947648975433
b,direct_60_day,Direct 60-day,6209,123.0,0.8631713554987213,782,selection_n,2844,130,129,36631,782,27.49648382559775,25.0,5.0,89.0,46.84271099744245,0.793052351024567,0.7882736156351792,0.75,0.8376623376623377,0.206947648975433
b,direct_60_day,Direct 60-day,119048,124.0,0.8644501278772379,782,selection_n,2844,130,129,36631,782,27.49648382559775,25.0,5.0,89.0,46.84271099744245,0.793052351024567,0.7882736156351792,0.75,0.8376623376623377,0.206947648975433
b,direct_60_day,Direct 60-day,122917,124.0,0.8657289002557544,782,selection_n,2844,130,129,36631,782,27.49648382559775,25.0,5.0,89.0,46.84271099744245,0.793052351024567,0.7882736156351792,0.75,0.8376623376623377,0.206947648975433
b,direct_60_day,Direct 60-day,355715,124.0,0.8670076726342711,782,selection_n,2844,130,129,36631,782,27.49648382559775,25.0,5.0,89.0,46.84271099744245,0.793052351024567,0.7882736156351792,0.75,0.8376623376623377,0.206947648975433
b,direct_60_day,Direct 60-day,35744,124.0,0.8682864450127877,782,selection_n,2844,130,129,36631,782,27.49648382559775,25.0,5.0,89.0,46.84271099744245,0.793052351024567,0.7882736156351792,0.75,0.8376623376623377,0.206947648975433
b,direct_60_day,Direct 60-day,4621,124.0,0.8695652173913043,782,selection_n,2844,130,129,36631,782,27.49648382559775,25.0,5.0,89.0,46.84271099744245,0.793052351024567,0.7882736156351792,0.75,0.8376623376623377,0.206947648975433
b,direct_60_day,Direct 60-day,4870,124.0,0.870843989769821,782,selection_n,2844,130,129,36631,782,27.49648382559775,25.0,5.0,89.0,46.84271099744245,0.793052351024567,0.7882736156351792,0.75,0.8376623376623377,0.206947648975433
b,direct_60_day,Direct 60-day,4967,124.0,0.8721227621483376,782,selection_n,2844,130,129,36631,782,27.49648382559775,25.0,5.0,89.0,46.84271099744245,0.793052351024567,0.7882736156351792,0.75,0.8376623376623377,0.206947648975433
b,direct_60_day,Direct 60-day,5155,124.0,0.8734015345268542,782,selection_n,2844,130,129,36631,782,27.49648382559775,25.0,5.0,89.0,46.84271099744245,0.793052351024567,0.7882736156351792,0.75,0.8376623376623377,0.206947648975433
b,direct_60_day,Direct 60-day,549,124.0,0.8746803069053708,782,selection_n,2844,130,129,36631,782,27.49648382559775,25.0,5.0,89.0,46.84271099744245,0.793052351024567,0.7882736156351792,0.75,0.8376623376623377,0.206947648975433
b,direct_60_day,Direct 60-day,6192,124.0,0.8759590792838875,782,selection_n,2844,130,129,36631,782,27.49648382559775,25.0,5.0,89.0,46.84271099744245,0.793052351024567,0.7882736156351792,0.75,0.8376623376623377,0.206947648975433
b,direct_60_day,Direct 60-day,7002,124.0,0.8772378516624041,782,selection_n,2844,130,129,36631,782,27.49648382559775,25.0,5.0,89.0,46.84271099744245,0.793052351024567,0.7882736156351792,0.75,0.8376623376623377,0.206947648975433
b,direct_60_day,Direct 60-day,72123,124.0,0.8785166240409207,782,selection_n,2844,130,129,36631,782,27.49648382559775,25.0,5.0,89.0,46.84271099744245,0.793052351024567,0.7882736156351792,0.75,0.8376623376623377,0.206947648975433
b,direct_60_day,Direct 60-day,110,125.0,0.8797953964194374,782,selection_n,2844,130,129,36631,782,27.49648382559775,25.0,5.0,89.0,46.84271099744245,0.793052351024567,0.7882736156351792,0.75,0.8376623376623377,0.206947648975433
b,direct_60_day,Direct 60-day,116962,126.0,0.881074168797954,782,selection_n,2844,130,129,36631,782,27.49648382559775,25.0,5.0,89.0,46.84271099744245,0.793052351024567,0.7882736156351792,0.75,0.8376623376623377,0.206947648975433
b,direct_60_day,Direct 60-day,27482,126.0,0.8823529411764706,782,selection_n,2844,130,129,36631,782,27.49648382559775,25.0,5.0,89.0,46.84271099744245,0.793052351024567,0.7882736156351792,0.75,0.8376623376623377,0.206947648975433
b,direct_60_day,Direct 60-day,349623,126.0,0.8836317135549873,782,selection_n,2844,130,129,36631,782,27.49648382559775,25.0,5.0,89.0,46.84271099744245,0.793052351024567,0.7882736156351792,0.75,0.8376623376623377,0.206947648975433
b,direct_60_day,Direct 60-day,5143,126.0,0.8849104859335039,782,selection_n,2844,130,129,36631,782,27.49648382559775,25.0,5.0,89.0,46.84271099744245,0.793052351024567,0.7882736156351792,0.75,0.8376623376623377,0.206947648975433
b,direct_60_day,Direct 60-day,62,126.0,0.8861892583120204,782,selection_n,2844,130,129,36631,782,27.49648382559775,25.0,5.0,89.0,46.84271099744245,0.793052351024567,0.7882736156351792,0.75,0.8376623376623377,0.206947648975433
b,direct_60_day,Direct 60-day,73448,126.0,0.887468030690537,782,selection_n,2844,130,129,36631,782,27.49648382559775,25.0,5.0,89.0,46.84271099744245,0.793052351024567,0.7882736156351792,0.75,0.8376623376623377,0.206947648975433
b,direct_60_day,Direct 60-day,853,126.0,0.8887468030690537,782,selection_n,2844,130,129,36631,782,27.49648382559775,25.0,5.0,89.0,46.84271099744245,0.793052351024567,0.7882736156351792,0.75,0.8376623376623377,0.206947648975433
b,direct_60_day,Direct 60-day,124017,127.0,0.8900255754475703,782,selection_n,2844,130,129,36631,782,27.49648382559775,25.0,5.0,89.0,46.84271099744245,0.793052351024567,0.7882736156351792,0.75,0.8376623376623377,0.206947648975433
b,direct_60_day,Direct 60-day,2376,127.0,0.8913043478260869,782,selection_n,2844,130,129,36631,782,27.49648382559775,25.0,5.0,89.0,46.84271099744245,0.793052351024567,0.7882736156351792,0.75,0.8376623376623377,0.206947648975433
b,direct_60_day,Direct 60-day,3382,127.0,0.8925831202046036,782,selection_n,2844,130,129,36631,782,27.49648382559775,25.0,5.0,89.0,46.84271099744245,0.793052351024567,0.7882736156351792,0.75,0.8376623376623377,0.206947648975433
b,direct_60_day,Direct 60-day,3441,127.0,0.8938618925831202,782,selection_n,2844,130,129,36631,782,27.49648382559775,25.0,5.0,89.0,46.84271099744245,0.793052351024567,0.7882736156351792,0.75,0.8376623376623377,0.206947648975433
b,direct_60_day,Direct 60-day,3562,127.0,0.8951406649616368,782,selection_n,2844,130,129,36631,782,27.49648382559775,25.0,5.0,89.0,46.84271099744245,0.793052351024567,0.7882736156351792,0.75,0.8376623376623377,0.206947648975433
b,direct_60_day,Direct 60-day,5256,127.0,0.8964194373401535,782,selection_n,2844,130,129,36631,782,27.49648382559775,25.0,5.0,89.0,46.84271099744245,0.793052351024567,0.7882736156351792,0.75,0.8376623376623377,0.206947648975433
b,direct_60_day,Direct 60-day,5581,127.0,0.8976982097186701,782,selection_n,2844,130,129,36631,782,27.49648382559775,25.0,5.0,89.0,46.84271099744245,0.793052351024567,0.7882736156351792,0.75,0.8376623376623377,0.206947648975433
b,direct_60_day,Direct 60-day,114824,128.0,0.8989769820971867,782,selection_n,2844,130,129,36631,782,27.49648382559775,25.0,5.0,89.0,46.84271099744245,0.793052351024567,0.7882736156351792,0.75,0.8376623376623377,0.206947648975433
b,direct_60_day,Direct 60-day,356001,128.0,0.9002557544757033,782,selection_n,2844,130,129,36631,782,27.49648382559775,25.0,5.0,89.0,46.84271099744245,0.793052351024567,0.7882736156351792,0.75,0.8376623376623377,0.206947648975433
b,direct_60_day,Direct 60-day,35808,128.0,0.90153452685422,782,selection_n,2844,130,129,36631,782,27.49648382559775,25.0,5.0,89.0,46.84271099744245,0.793052351024567,0.7882736156351792,0.75,0.8376623376623377,0.206947648975433
b,direct_60_day,Direct 60-day,1070,129.0,0.9028132992327366,782,selection_n,2844,130,129,36631,782,27.49648382559775,25.0,5.0,89.0,46.84271099744245,0.793052351024567,0.7882736156351792,0.75,0.8376623376623377,0.206947648975433
b,direct_60_day,Direct 60-day,1736,129.0,0.9040920716112532,782,selection_n,2844,130,129,36631,782,27.49648382559775,25.0,5.0,89.0,46.84271099744245,0.793052351024567,0.7882736156351792,0.75,0.8376623376623377,0.206947648975433
b,direct_60_day,Direct 60-day,22594,129.0,0.9053708439897699,782,selection_n,2844,130,129,36631,782,27.49648382559775,25.0,5.0,89.0,46.84271099744245,0.793052351024567,0.7882736156351792,0.75,0.8376623376623377,0.206947648975433
b,direct_60_day,Direct 60-day,24707,129.0,0.9066496163682864,782,selection_n,2844,130,129,36631,782,27.49648382559775,25.0,5.0,89.0,46.84271099744245,0.793052351024567,0.7882736156351792,0.75,0.8376623376623377,0.206947648975433
b,direct_60_day,Direct 60-day,4150,129.0,0.907928388746803,782,selection_n,2844,130,129,36631,782,27.49648382559775,25.0,5.0,89.0,46.84271099744245,0.793052351024567,0.7882736156351792,0.75,0.8376623376623377,0.206947648975433
b,direct_60_day,Direct 60-day,474,129.0,0.9092071611253197,782,selection_n,2844,130,129,36631,782,27.49648382559775,25.0,5.0,89.0,46.84271099744245,0.793052351024567,0.7882736156351792,0.75,0.8376623376623377,0.206947648975433
b,direct_60_day,Direct 60-day,6956,129.0,0.9104859335038363,782,selection_n,2844,130,129,36631,782,27.49648382559775,25.0,5.0,89.0,46.84271099744245,0.793052351024567,0.7882736156351792,0.75,0.8376623376623377,0.206947648975433
b,direct_60_day,Direct 60-day,86065,129.0,0.9117647058823529,782,selection_n,2844,130,129,36631,782,27.49648382559775,25.0,5.0,89.0,46.84271099744245,0.793052351024567,0.7882736156351792,0.75,0.8376623376623377,0.206947648975433
b,direct_60_day,Direct 60-day,103205,130.0,0.9130434782608695,782,selection_n,2844,130,129,36631,782,27.49648382559775,25.0,5.0,89.0,46.84271099744245,0.793052351024567,0.7882736156351792,0.75,0.8376623376623377,0.206947648975433
b,direct_60_day,Direct 60-day,10725,130.0,0.9143222506393862,782,selection_n,2844,130,129,36631,782,27.49648382559775,25.0,5.0,89.0,46.84271099744245,0.793052351024567,0.7882736156351792,0.75,0.8376623376623377,0.206947648975433
b,direct_60_day,Direct 60-day,1076,130.0,0.9156010230179028,782,selection_n,2844,130,129,36631,782,27.49648382559775,25.0,5.0,89.0,46.84271099744245,0.793052351024567,0.7882736156351792,0.75,0.8376623376623377,0.206947648975433
b,direct_60_day,Direct 60-day,111491,130.0,0.9168797953964194,782,selection_n,2844,130,129,36631,782,27.49648382559775,25.0,5.0,89.0,46.84271099744245,0.793052351024567,0.7882736156351792,0.75,0.8376623376623377,0.206947648975433
b,direct_60_day,Direct 60-day,119834,130.0,0.9181585677749361,782,selection_n,2844,130,129,36631,782,27.49648382559775,25.0,5.0,89.0,46.84271099744245,0.793052351024567,0.7882736156351792,0.75,0.8376623376623377,0.206947648975433
b,direct_60_day,Direct 60-day,1209,130.0,0.9194373401534527,782,selection_n,2844,130,129,36631,782,27.49648382559775,25.0,5.0,89.0,46.84271099744245,0.793052351024567,0.7882736156351792,0.75,0.8376623376623377,0.206947648975433
b,direct_60_day,Direct 60-day,156,130.0,0.9207161125319693,782,selection_n,2844,130,129,36631,782,27.49648382559775,25.0,5.0,89.0,46.84271099744245,0.793052351024567,0.7882736156351792,0.75,0.8376623376623377,0.206947648975433
b,direct_60_day,Direct 60-day,1615,130.0,0.921994884910486,782,selection_n,2844,130,129,36631,782,27.49648382559775,25.0,5.0,89.0,46.84271099744245,0.793052351024567,0.7882736156351792,0.75,0.8376623376623377,0.206947648975433
b,direct_60_day,Direct 60-day,16159,130.0,0.9232736572890026,782,selection_n,2844,130,129,36631,782,27.49648382559775,25.0,5.0,89.0,46.84271099744245,0.793052351024567,0.7882736156351792,0.75,0.8376623376623377,0.206947648975433
b,direct_60_day,Direct 60-day,1694,130.0,0.9245524296675192,782,selection_n,2844,130,129,36631,782,27.49648382559775,25.0,5.0,89.0,46.84271099744245,0.793052351024567,0.7882736156351792,0.75,0.8376623376623377,0.206947648975433
b,direct_60_day,Direct 60-day,1845,130.0,0.9258312020460358,782,selection_n,2844,130,129,36631,782,27.49648382559775,25.0,5.0,89.0,46.84271099744245,0.793052351024567,0.7882736156351792,0.75,0.8376623376623377,0.206947648975433
b,direct_60_day,Direct 60-day,1949,130.0,0.9271099744245525,782,selection_n,2844,130,129,36631,782,27.49648382559775,25.0,5.0,89.0,46.84271099744245,0.793052351024567,0.7882736156351792,0.75,0.8376623376623377,0.206947648975433
b,direct_60_day,Direct 60-day,2388,130.0,0.928388746803069,782,selection_n,2844,130,129,36631,782,27.49648382559775,25.0,5.0,89.0,46.84271099744245,0.793052351024567,0.7882736156351792,0.75,0.8376623376623377,0.206947648975433
b,direct_60_day,Direct 60-day,2578,130.0,0.9296675191815856,782,selection_n,2844,130,129,36631,782,27.49648382559775,25.0,5.0,89.0,46.84271099744245,0.793052351024567,0.7882736156351792,0.75,0.8376623376623377,0.206947648975433
b,direct_60_day,Direct 60-day,311086,130.0,0.9309462915601023,782,selection_n,2844,130,129,36631,782,27.49648382559775,25.0,5.0,89.0,46.84271099744245,0.793052351024567,0.7882736156351792,0.75,0.8376623376623377,0.206947648975433
b,direct_60_day,Direct 60-day,314255,130.0,0.9322250639386189,782,selection_n,2844,130,129,36631,782,27.49648382559775,25.0,5.0,89.0,46.84271099744245,0.793052351024567,0.7882736156351792,0.75,0.8376623376623377,0.206947648975433
b,direct_60_day,Direct 60-day,316492,130.0,0.9335038363171355,782,selection_n,2844,130,129,36631,782,27.49648382559775,25.0,5.0,89.0,46.84271099744245,0.793052351024567,0.7882736156351792,0.75,0.8376623376623377,0.206947648975433
b,direct_60_day,Direct 60-day,3349,130.0,0.9347826086956522,782,selection_n,2844,130,129,36631,782,27.49648382559775,25.0,5.0,89.0,46.84271099744245,0.793052351024567,0.7882736156351792,0.75,0.8376623376623377,0.206947648975433
b,direct_60_day,Direct 60-day,344134,130.0,0.9360613810741688,782,selection_n,2844,130,129,36631,782,27.49648382559775,25.0,5.0,89.0,46.84271099744245,0.793052351024567,0.7882736156351792,0.75,0.8376623376623377,0.206947648975433
b,direct_60_day,Direct 60-day,344386,130.0,0.9373401534526854,782,selection_n,2844,130,129,36631,782,27.49648382559775,25.0,5.0,89.0,46.84271099744245,0.793052351024567,0.7882736156351792,0.75,0.8376623376623377,0.206947648975433
b,direct_60_day,Direct 60-day,347309,130.0,0.9386189258312021,782,selection_n,2844,130,129,36631,782,27.49648382559775,25.0,5.0,89.0,46.84271099744245,0.793052351024567,0.7882736156351792,0.75,0.8376623376623377,0.206947648975433
b,direct_60_day,Direct 60-day,349812,130.0,0.9398976982097187,782,selection_n,2844,130,129,36631,782,27.49648382559775,25.0,5.0,89.0,46.84271099744245,0.793052351024567,0.7882736156351792,0.75,0.8376623376623377,0.206947648975433
b,direct_60_day,Direct 60-day,351341,130.0,0.9411764705882353,782,selection_n,2844,130,129,36631,782,27.49648382559775,25.0,5.0,89.0,46.84271099744245,0.793052351024567,0.7882736156351792,0.75,0.8376623376623377,0.206947648975433
b,direct_60_day,Direct 60-day,355174,130.0,0.9424552429667519,782,selection_n,2844,130,129,36631,782,27.49648382559775,25.0,5.0,89.0,46.84271099744245,0.793052351024567,0.7882736156351792,0.75,0.8376623376623377,0.206947648975433
b,direct_60_day,Direct 60-day,355320,130.0,0.9437340153452686,782,selection_n,2844,130,129,36631,782,27.49648382559775,25.0,5.0,89.0,46.84271099744245,0.793052351024567,0.7882736156351792,0.75,0.8376623376623377,0.206947648975433
b,direct_60_day,Direct 60-day,355997,130.0,0.9450127877237852,782,selection_n,2844,130,129,36631,782,27.49648382559775,25.0,5.0,89.0,46.84271099744245,0.793052351024567,0.7882736156351792,0.75,0.8376623376623377,0.206947648975433
b,direct_60_day,Direct 60-day,356003,130.0,0.9462915601023018,782,selection_n,2844,130,129,36631,782,27.49648382559775,25.0,5.0,89.0,46.84271099744245,0.793052351024567,0.7882736156351792,0.75,0.8376623376623377,0.206947648975433
b,direct_60_day,Direct 60-day,356594,130.0,0.9475703324808185,782,selection_n,2844,130,129,36631,782,27.49648382559775,25.0,5.0,89.0,46.84271099744245,0.793052351024567,0.7882736156351792,0.75,0.8376623376623377,0.206947648975433
b,direct_60_day,Direct 60-day,357171,130.0,0.948849104859335,782,selection_n,2844,130,129,36631,782,27.49648382559775,25.0,5.0,89.0,46.84271099744245,0.793052351024567,0.7882736156351792,0.75,0.8376623376623377,0.206947648975433
b,direct_60_day,Direct 60-day,357176,130.0,0.9501278772378516,782,selection_n,2844,130,129,36631,782,27.49648382559775,25.0,5.0,89.0,46.84271099744245,0.793052351024567,0.7882736156351792,0.75,0.8376623376623377,0.206947648975433
b,direct_60_day,Direct 60-day,363,130.0,0.9514066496163683,782,selection_n,2844,130,129,36631,782,27.49648382559775,25.0,5.0,89.0,46.84271099744245,0.793052351024567,0.7882736156351792,0.75,0.8376623376623377,0.206947648975433
b,direct_60_day,Direct 60-day,371305,130.0,0.9526854219948849,782,selection_n,2844,130,129,36631,782,27.49648382559775,25.0,5.0,89.0,46.84271099744245,0.793052351024567,0.7882736156351792,0.75,0.8376623376623377,0.206947648975433
b,direct_60_day,Direct 60-day,371784,130.0,0.9539641943734015,782,selection_n,2844,130,129,36631,782,27.49648382559775,25.0,5.0,89.0,46.84271099744245,0.793052351024567,0.7882736156351792,0.75,0.8376623376623377,0.206947648975433
b,direct_60_day,Direct 60-day,372145,130.0,0.9552429667519181,782,selection_n,2844,130,129,36631,782,27.49648382559775,25.0,5.0,89.0,46.84271099744245,0.793052351024567,0.7882736156351792,0.75,0.8376623376623377,0.206947648975433
b,direct_60_day,Direct 60-day,3848,130.0,0.9565217391304348,782,selection_n,2844,130,129,36631,782,27.49648382559775,25.0,5.0,89.0,46.84271099744245,0.793052351024567,0.7882736156351792,0.75,0.8376623376623377,0.206947648975433
b,direct_60_day,Direct 60-day,39040,130.0,0.9578005115089514,782,selection_n,2844,130,129,36631,782,27.49648382559775,25.0,5.0,89.0,46.84271099744245,0.793052351024567,0.7882736156351792,0.75,0.8376623376623377,0.206947648975433
b,direct_60_day,Direct 60-day,40387,130.0,0.959079283887468,782,selection_n,2844,130,129,36631,782,27.49648382559775,25.0,5.0,89.0,46.84271099744245,0.793052351024567,0.7882736156351792,0.75,0.8376623376623377,0.206947648975433
b,direct_60_day,Direct 60-day,4152,130.0,0.9603580562659847,782,selection_n,2844,130,129,36631,782,27.49648382559775,25.0,5.0,89.0,46.84271099744245,0.793052351024567,0.7882736156351792,0.75,0.8376623376623377,0.206947648975433
b,direct_60_day,Direct 60-day,431,130.0,0.9616368286445013,782,selection_n,2844,130,129,36631,782,27.49648382559775,25.0,5.0,89.0,46.84271099744245,0.793052351024567,0.7882736156351792,0.75,0.8376623376623377,0.206947648975433
b,direct_60_day,Direct 60-day,4532,130.0,0.9629156010230179,782,selection_n,2844,130,129,36631,782,27.49648382559775,25.0,5.0,89.0,46.84271099744245,0.793052351024567,0.7882736156351792,0.75,0.8376623376623377,0.206947648975433
b,direct_60_day,Direct 60-day,4594,130.0,0.9641943734015346,782,selection_n,2844,130,129,36631,782,27.49648382559775,25.0,5.0,89.0,46.84271099744245,0.793052351024567,0.7882736156351792,0.75,0.8376623376623377,0.206947648975433
b,direct_60_day,Direct 60-day,4631,130.0,0.9654731457800512,782,selection_n,2844,130,129,36631,782,27.49648382559775,25.0,5.0,89.0,46.84271099744245,0.793052351024567,0.7882736156351792,0.75,0.8376623376623377,0.206947648975433
b,direct_60_day,Direct 60-day,471,130.0,0.9667519181585678,782,selection_n,2844,130,129,36631,782,27.49648382559775,25.0,5.0,89.0,46.84271099744245,0.793052351024567,0.7882736156351792,0.75,0.8376623376623377,0.206947648975433
b,direct_60_day,Direct 60-day,4720,130.0,0.9680306905370843,782,selection_n,2844,130,129,36631,782,27.49648382559775,25.0,5.0,89.0,46.84271099744245,0.793052351024567,0.7882736156351792,0.75,0.8376623376623377,0.206947648975433
b,direct_60_day,Direct 60-day,4798,130.0,0.969309462915601,782,selection_n,2844,130,129,36631,782,27.49648382559775,25.0,5.0,89.0,46.84271099744245,0.793052351024567,0.7882736156351792,0.75,0.8376623376623377,0.206947648975433
b,direct_60_day,Direct 60-day,4886,130.0,0.9705882352941176,782,selection_n,2844,130,129,36631,782,27.49648382559775,25.0,5.0,89.0,46.84271099744245,0.793052351024567,0.7882736156351792,0.75,0.8376623376623377,0.206947648975433
b,direct_60_day,Direct 60-day,52571,130.0,0.9718670076726342,782,selection_n,2844,130,129,36631,782,27.49648382559775,25.0,5.0,89.0,46.84271099744245,0.793052351024567,0.7882736156351792,0.75,0.8376623376623377,0.206947648975433
b,direct_60_day,Direct 60-day,5290,130.0,0.9731457800511509,782,selection_n,2844,130,129,36631,782,27.49648382559775,25.0,5.0,89.0,46.84271099744245,0.793052351024567,0.7882736156351792,0.75,0.8376623376623377,0.206947648975433
b,direct_60_day,Direct 60-day,5374,130.0,0.9744245524296675,782,selection_n,2844,130,129,36631,782,27.49648382559775,25.0,5.0,89.0,46.84271099744245,0.793052351024567,0.7882736156351792,0.75,0.8376623376623377,0.206947648975433
b,direct_60_day,Direct 60-day,54712,130.0,0.9757033248081841,782,selection_n,2844,130,129,36631,782,27.49648382559775,25.0,5.0,89.0,46.84271099744245,0.793052351024567,0.7882736156351792,0.75,0.8376623376623377,0.206947648975433
b,direct_60_day,Direct 60-day,5583,130.0,0.9769820971867008,782,selection_n,2844,130,129,36631,782,27.49648382559775,25.0,5.0,89.0,46.84271099744245,0.793052351024567,0.7882736156351792,0.75,0.8376623376623377,0.206947648975433
b,direct_60_day,Direct 60-day,55874,130.0,0.9782608695652174,782,selection_n,2844,130,129,36631,782,27.49648382559775,25.0,5.0,89.0,46.84271099744245,0.793052351024567,0.7882736156351792,0.75,0.8376623376623377,0.206947648975433
b,direct_60_day,Direct 60-day,574,130.0,0.979539641943734,782,selection_n,2844,130,129,36631,782,27.49648382559775,25.0,5.0,89.0,46.84271099744245,0.793052351024567,0.7882736156351792,0.75,0.8376623376623377,0.206947648975433
b,direct_60_day,Direct 60-day,588,130.0,0.9808184143222506,782,selection_n,2844,130,129,36631,782,27.49648382559775,25.0,5.0,89.0,46.84271099744245,0.793052351024567,0.7882736156351792,0.75,0.8376623376623377,0.206947648975433
b,direct_60_day,Direct 60-day,6063,130.0,0.9820971867007673,782,selection_n,2844,130,129,36631,782,27.49648382559775,25.0,5.0,89.0,46.84271099744245,0.793052351024567,0.7882736156351792,0.75,0.8376623376623377,0.206947648975433
b,direct_60_day,Direct 60-day,6204,130.0,0.9833759590792839,782,selection_n,2844,130,129,36631,782,27.49648382559775,25.0,5.0,89.0,46.84271099744245,0.793052351024567,0.7882736156351792,0.75,0.8376623376623377,0.206947648975433
b,direct_60_day,Direct 60-day,6210,130.0,0.9846547314578005,782,selection_n,2844,130,129,36631,782,27.49648382559775,25.0,5.0,89.0,46.84271099744245,0.793052351024567,0.7882736156351792,0.75,0.8376623376623377,0.206947648975433
b,direct_60_day,Direct 60-day,666,130.0,0.9859335038363172,782,selection_n,2844,130,129,36631,782,27.49648382559775,25.0,5.0,89.0,46.84271099744245,0.793052351024567,0.7882736156351792,0.75,0.8376623376623377,0.206947648975433
b,direct_60_day,Direct 60-day,67054,130.0,0.9872122762148338,782,selection_n,2844,130,129,36631,782,27.49648382559775,25.0,5.0,89.0,46.84271099744245,0.793052351024567,0.7882736156351792,0.75,0.8376623376623377,0.206947648975433
b,direct_60_day,Direct 60-day,67057,130.0,0.9884910485933504,782,selection_n,2844,130,129,36631,782,27.49648382559775,25.0,5.0,89.0,46.84271099744245,0.793052351024567,0.7882736156351792,0.75,0.8376623376623377,0.206947648975433
b,direct_60_day,Direct 60-day,67996,130.0,0.989769820971867,782,selection_n,2844,130,129,36631,782,27.49648382559775,25.0,5.0,89.0,46.84271099744245,0.793052351024567,0.7882736156351792,0.75,0.8376623376623377,0.206947648975433
b,direct_60_day,Direct 60-day,70347,130.0,0.9910485933503836,782,selection_n,2844,130,129,36631,782,27.49648382559775,25.0,5.0,89.0,46.84271099744245,0.793052351024567,0.7882736156351792,0.75,0.8376623376623377,0.206947648975433
b,direct_60_day,Direct 60-day,729,130.0,0.9923273657289002,782,selection_n,2844,130,129,36631,782,27.49648382559775,25.0,5.0,89.0,46.84271099744245,0.793052351024567,0.7882736156351792,0.75,0.8376623376623377,0.206947648975433
b,direct_60_day,Direct 60-day,80526,130.0,0.9936061381074168,782,selection_n,2844,130,129,36631,782,27.49648382559775,25.0,5.0,89.0,46.84271099744245,0.793052351024567,0.7882736156351792,0.75,0.8376623376623377,0.206947648975433
b,direct_60_day,Direct 60-day,82605,130.0,0.9948849104859335,782,selection_n,2844,130,129,36631,782,27.49648382559775,25.0,5.0,89.0,46.84271099744245,0.793052351024567,0.7882736156351792,0.75,0.8376623376623377,0.206947648975433
b,direct_60_day,Direct 60-day,95174,130.0,0.9961636828644501,782,selection_n,2844,130,129,36631,782,27.49648382559775,25.0,5.0,89.0,46.84271099744245,0.793052351024567,0.7882736156351792,0.75,0.8376623376623377,0.206947648975433
b,direct_60_day,Direct 60-day,953,130.0,0.9974424552429667,782,selection_n,2844,130,129,36631,782,27.49648382559775,25.0,5.0,89.0,46.84271099744245,0.793052351024567,0.7882736156351792,0.75,0.8376623376623377,0.206947648975433
b,direct_60_day,Direct 60-day,97244,130.0,0.9987212276214834,782,selection_n,2844,130,129,36631,782,27.49648382559775,25.0,5.0,89.0,46.84271099744245,0.793052351024567,0.7882736156351792,0.75,0.8376623376623377,0.206947648975433
b,direct_60_day,Direct 60-day,98344,130.0,1.0,782,selection_n,2844,130,129,36631,782,27.49648382559775,25.0,5.0,89.0,46.84271099744245,0.793052351024567,0.7882736156351792,0.75,0.8376623376623377,0.206947648975433
