bootstrap_draw,total_event_copies,selected_candidate_copies,captured_1_60__forecast_early_30_day_reference,captured_31_60__forecast_early_30_day_reference,captured_1_60__direct_60_day_backbone,captured_31_60__direct_60_day_backbone,captured_1_60__direct_60_day_environment,captured_31_60__direct_60_day_environment,captured_1_60__direct_60_day,captured_31_60__direct_60_day,captured_1_60__multi_horizon,captured_31_60__multi_horizon,captured_1_60__risk_days_31_60,captured_31_60__risk_days_31_60,captured_1_60__risk_days_15_30,captured_31_60__risk_days_15_30,captured_1_60__lifecycle_stage_score,captured_31_60__lifecycle_stage_score
0,677,14915,470,334,320,274,450,337,467,320,503,350,489,340,500,346,506,347
1,597,14788,415,275,289,232,384,275,416,272,447,293,440,290,448,281,453,292
2,637,15041,447,308,299,248,431,314,447,312,495,342,476,334,495,336,494,337
3,723,14967,507,338,332,274,471,329,504,354,543,362,532,352,539,364,551,364
4,611,14844,446,287,298,242,401,278,449,308,469,312,475,317,477,306,476,304
5,590,14841,426,274,292,239,393,276,416,274,444,290,438,297,453,288,454,291
6,662,14751,465,316,316,264,415,285,464,317,486,344,490,328,483,330,496,343
7,695,14849,471,312,352,279,421,292,475,312,518,342,509,351,515,339,525,337
8,660,14813,453,321,322,251,418,307,463,316,490,348,483,358,497,343,503,343
9,661,14821,469,317,314,248,421,304,470,318,485,341,472,339,492,323,494,335
10,715,14773,491,311,324,259,457,325,456,309,528,336,521,331,526,326,538,336
11,671,15033,489,306,308,248,420,297,461,322,521,338,506,336,508,322,525,330
12,670,14913,463,297,300,240,431,298,443,284,508,346,498,332,520,345,516,343
13,652,15000,459,310,314,256,427,301,447,304,494,343,478,331,487,315,499,338
14,687,14650,461,310,324,260,438,306,468,317,517,341,509,344,513,336,520,335
15,703,14989,486,320,313,252,452,313,482,325,524,356,517,347,521,346,524,350
16,705,14952,502,337,344,273,457,316,497,326,541,366,517,351,534,356,541,352
17,651,14824,463,299,292,233,420,299,439,308,485,334,477,339,482,320,485,323
18,737,14728,483,311,294,240,457,320,480,304,543,352,525,341,542,337,556,342
19,653,14813,443,292,298,236,412,282,442,305,466,313,465,345,471,314,471,307
20,661,15112,483,301,319,252,443,304,462,294,512,326,498,329,513,318,517,319
21,689,14736,493,317,328,258,450,323,472,330,515,345,509,338,510,328,516,335
22,668,14714,462,315,309,250,434,312,458,319,489,334,482,329,488,340,497,337
23,747,14991,480,309,317,254,450,299,495,313,537,335,519,349,538,327,550,333
24,687,14719,485,320,322,263,437,312,473,323,519,352,498,342,517,353,517,356
25,624,14708,422,298,297,241,398,284,424,292,463,327,451,299,470,316,469,319
26,640,14947,420,285,284,221,403,286,428,288,463,314,433,303,463,316,465,309
27,643,14894,449,280,287,239,416,295,443,292,463,289,465,296,468,291,467,285
28,663,14795,444,290,281,229,410,293,447,301,489,336,470,307,489,328,491,324
29,674,14928,442,288,284,218,407,291,444,301,488,319,472,312,492,324,497,320
30,622,14619,400,255,269,209,369,258,405,262,441,290,423,288,446,281,451,289
31,695,14789,491,308,320,261,457,314,492,311,532,344,523,343,526,335,532,331
32,705,14609,482,318,324,262,461,323,478,333,525,360,498,323,523,350,528,356
33,742,15000,498,321,327,269,470,341,493,335,543,347,528,357,539,347,558,359
34,680,15008,465,284,314,260,418,297,468,313,494,331,489,328,493,337,495,324
35,674,14972,512,332,347,286,468,340,497,336,538,352,523,351,549,343,547,344
36,732,14839,515,335,318,257,474,324,499,325,552,361,542,357,552,353,554,352
37,637,14734,433,303,282,232,398,291,430,297,473,335,462,323,476,323,486,336
38,677,15022,462,310,281,221,419,293,444,304,499,339,493,337,487,330,505,337
39,588,15032,409,283,270,231,361,278,394,282,422,300,417,291,426,286,427,295
40,621,14920,418,282,305,249,405,310,409,287,466,318,457,304,463,320,470,315
41,614,15043,431,288,283,225,396,274,419,280,457,305,455,311,460,297,465,300
42,617,14924,430,279,295,232,383,262,412,269,439,282,422,269,441,286,446,272
43,673,15086,461,294,290,231,433,304,463,313,499,337,498,346,500,330,500,332
44,663,14865,432,296,300,240,406,296,442,313,486,315,463,306,490,311,491,315
45,641,15015,429,270,294,234,388,262,425,275,466,304,464,307,475,311,476,302
46,629,15004,433,296,307,239,409,294,420,280,475,319,455,314,475,316,483,315
47,668,14855,452,289,299,246,417,290,444,296,491,308,490,331,494,315,498,306
48,656,15280,462,308,290,231,403,297,446,312,490,328,490,336,498,326,491,315
49,715,14794,479,307,322,246,447,310,489,318,534,349,530,349,541,350,538,345
50,619,14779,440,293,295,239,398,287,431,284,483,324,463,306,483,311,482,319
51,627,14976,446,316,305,247,417,297,442,313,472,332,466,322,468,327,480,333
52,654,14931,451,302,301,237,430,314,447,311,487,337,487,339,487,314,496,322
53,639,14887,457,283,317,255,438,308,456,308,494,330,500,336,491,319,495,327
54,654,14594,465,317,316,253,430,323,452,320,498,345,495,351,485,344,498,335
55,641,14898,441,291,307,238,417,309,438,292,473,331,471,329,464,313,468,328
56,648,15099,439,287,294,234,399,291,442,301,472,311,460,320,476,311,479,307
57,635,14921,430,280,279,227,412,290,432,296,471,318,454,308,465,324,475,305
58,656,15064,447,292,298,245,414,298,450,304,483,315,483,327,484,311,486,304
59,683,14736,473,327,294,257,418,306,456,309,516,347,506,341,504,332,520,339
60,647,14885,447,288,281,221,405,282,436,291,482,324,479,329,490,310,491,319
61,614,14780,422,279,264,223,406,290,409,282,454,301,453,316,453,296,444,288
62,691,14829,451,293,297,237,415,299,427,283,493,317,483,333,484,314,500,317
63,634,15065,418,276,273,228,391,281,415,291,460,324,457,318,459,328,464,324
64,642,14858,443,298,282,225,415,287,442,300,476,317,454,320,483,328,483,318
65,588,14478,413,287,280,233,384,286,402,295,437,319,435,303,436,311,447,311
66,648,14885,454,294,302,252,409,308,448,300,473,319,479,323,465,303,477,321
67,634,14636,443,290,293,235,398,280,424,289,467,311,458,307,464,300,469,301
68,684,14854,482,334,367,297,434,324,480,332,508,359,501,345,499,336,518,358
69,648,14826,470,317,324,273,420,299,467,316,489,345,475,337,489,335,496,341
70,611,14879,435,282,304,258,412,309,423,294,466,328,447,288,462,329,474,329
71,644,15053,425,272,302,241,402,288,426,285,440,299,452,316,457,299,448,291
72,675,15006,461,308,330,269,448,317,461,309,489,327,489,327,487,316,489,319
73,598,15064,432,281,299,240,398,289,420,289,452,311,448,335,453,303,458,306
74,648,14819,447,287,279,230,410,289,435,302,492,330,473,321,485,334,494,322
75,648,15025,430,278,265,221,401,289,431,287,487,332,466,316,473,320,481,320
76,698,14969,458,294,307,241,429,305,451,302,509,348,502,342,501,336,512,339
77,778,14660,542,367,365,286,506,344,552,358,580,377,559,354,588,370,586,377
78,667,14826,482,303,330,276,438,309,468,320,523,342,511,334,521,339,524,338
79,644,15193,476,303,303,239,424,304,463,308,494,336,493,334,496,329,494,323
80,632,14834,407,273,251,206,356,244,405,272,457,307,443,293,460,308,465,304
81,598,14989,417,290,275,227,375,278,400,284,454,317,429,292,458,311,461,315
82,706,14786,457,286,309,249,445,319,477,323,500,327,492,340,501,337,503,319
83,704,14884,466,306,313,271,424,305,466,320,511,353,511,353,509,346,517,354
84,681,14792,461,302,320,256,435,309,464,313,490,327,487,328,497,323,506,324
85,722,14976,488,309,318,250,466,327,493,300,544,359,518,339,546,347,546,350
86,717,14800,508,327,323,264,466,316,487,330,545,358,533,348,541,348,540,348
87,637,15189,445,314,295,245,400,295,440,313,484,333,479,329,484,315,488,322
88,661,15061,446,293,292,230,405,300,448,316,503,350,491,343,494,347,506,335
89,652,14943,453,301,300,250,417,297,440,305,463,311,451,293,471,314,474,320
90,628,15172,443,312,311,265,399,297,430,313,459,325,459,318,473,329,459,322
91,665,15010,447,310,328,252,416,318,462,322,481,336,477,330,477,331,491,332
92,657,15041,458,302,301,247,428,296,457,311,492,345,495,354,486,333,489,330
93,680,14889,453,277,290,241,422,295,464,302,504,317,493,321,506,315,509,324
94,750,15087,502,328,360,285,484,332,510,345,549,344,550,352,544,345,548,340
95,678,15046,474,306,344,292,429,316,469,324,511,339,513,349,505,337,517,331
96,653,14971,459,328,304,252,423,311,441,315,491,343,486,335,487,332,497,331
97,675,15214,470,327,321,256,408,297,460,320,502,349,490,330,503,340,504,343
98,645,14746,468,303,312,265,435,308,454,313,490,332,484,337,489,325,495,328
99,699,14748,463,308,286,231,424,286,453,291,508,337,501,325,498,331,510,331
100,723,14724,494,318,358,293,472,326,484,322,545,357,524,349,541,338,549,349
101,649,14964,449,290,329,255,425,298,432,296,478,319,473,319,483,304,483,315
102,620,15119,441,300,298,243,411,296,431,290,479,320,468,320,479,318,482,314
103,690,14869,472,305,301,252,422,307,474,325,529,365,510,348,515,351,534,346
104,681,14724,464,298,294,243,417,285,446,298,490,325,485,321,489,322,491,314
105,672,14885,439,299,294,242,409,309,445,300,507,355,488,328,506,363,507,344
106,740,14826,495,328,316,259,474,335,497,328,539,353,539,368,544,346,555,358
107,595,14819,407,255,262,222,366,271,402,277,434,288,434,282,432,292,441,278
108,651,14771,450,313,286,241,414,300,453,295,498,329,483,321,490,316,502,325
109,682,14792,480,313,311,258,448,332,483,325,520,346,508,333,508,331,519,340
110,673,14757,438,288,317,259,423,302,450,295,483,323,475,327,477,312,488,325
111,678,14997,480,318,333,274,443,329,469,319,509,334,504,329,504,319,520,335
112,770,14813,513,334,335,263,498,337,528,345,574,368,563,360,578,365,581,363
113,679,14960,483,321,320,271,438,324,464,320,505,337,499,351,510,339,508,327
114,681,14838,454,294,303,253,438,321,463,316,497,346,486,337,494,334,499,345
115,659,14909,433,286,293,239,392,270,433,297,470,315,468,329,475,313,480,318
116,636,14817,436,294,309,249,408,291,427,293,469,311,457,304,466,325,481,312
117,627,14903,450,299,316,255,413,299,443,306,486,330,472,318,481,312,490,318
118,656,15219,434,282,310,241,427,309,438,294,480,316,479,330,475,310,480,324
119,674,14944,460,299,320,264,420,299,464,309,486,324,486,328,492,312,487,317
120,651,15002,455,312,314,268,447,320,449,305,498,349,497,332,503,336,494,328
121,668,14882,463,295,302,250,448,328,466,319,515,348,493,340,509,343,515,349
122,695,14933,466,310,316,260,440,321,454,320,509,343,508,341,505,339,507,329
123,690,14689,462,323,314,260,435,319,445,317,503,361,501,358,498,357,519,370
124,669,14745,463,313,312,251,438,310,457,314,508,346,490,332,514,322,516,342
125,731,14750,511,318,326,256,477,321,512,323,551,348,546,352,559,346,550,341
126,644,15067,442,289,276,235,406,300,433,290,486,322,479,329,479,316,488,308
127,684,15014,472,299,298,250,445,290,461,302,509,344,495,330,506,337,516,343
128,694,14802,447,286,286,224,438,295,455,302,486,336,482,338,489,328,496,326
129,678,15081,479,324,335,273,446,333,482,336,498,360,492,347,510,357,506,349
130,697,14733,497,324,330,259,457,300,490,318,532,351,522,358,532,336,532,343
131,727,14706,515,342,335,260,482,334,505,357,534,375,535,366,550,363,546,378
132,748,14947,526,340,332,248,484,325,525,344,567,365,538,352,558,353,574,363
133,623,14725,443,282,291,238,407,288,440,289,477,314,470,333,490,323,482,314
134,740,15084,487,312,335,277,471,330,502,333,539,339,532,345,533,341,549,344
135,689,15003,472,311,307,246,419,295,468,316,497,345,501,335,508,345,494,337
136,700,14855,478,315,345,267,438,324,484,314,526,360,502,339,524,341,529,342
137,617,14809,404,255,268,209,367,257,392,250,433,286,440,295,430,269,439,280
138,700,14901,484,317,339,271,445,313,473,322,520,365,513,362,528,340,526,355
139,658,14938,435,274,307,240,412,292,441,300,485,313,465,311,476,294,490,308
140,613,14911,427,268,288,231,392,275,421,279,448,306,452,304,452,295,446,293
141,672,14603,469,311,294,234,435,313,461,328,504,338,496,343,505,337,514,339
142,664,14929,478,339,331,261,455,329,491,331,508,356,491,348,507,339,510,352
143,653,15160,447,319,315,265,416,311,445,315,481,324,475,332,480,314,482,319
144,680,14944,483,303,307,243,436,290,470,294,503,327,495,321,510,326,509,324
145,610,14980,433,302,298,254,390,278,403,281,459,317,458,319,455,309,464,315
146,691,14879,519,337,340,290,474,342,517,340,554,371,544,377,542,357,555,362
147,621,14891,411,277,291,247,381,276,408,288,466,316,453,307,454,302,467,315
148,648,14909,448,297,298,249,411,289,422,289,480,339,459,310,476,330,480,322
149,666,14975,465,300,310,255,434,303,463,321,492,327,491,345,489,326,500,322
150,677,14935,479,328,340,276,454,342,470,326,517,357,492,336,512,347,522,347
151,697,14877,495,332,308,244,465,321,471,323,544,354,533,358,531,355,540,344
152,587,14830,404,274,285,238,375,272,399,271,453,306,440,305,447,296,452,298
153,673,14764,463,293,285,235,413,278,441,294,500,324,499,336,500,318,503,326
154,681,14942,465,282,301,236,429,301,458,296,499,336,489,326,499,322,509,333
155,633,14761,425,282,302,244,397,295,437,302,460,318,457,329,464,311,459,304
156,682,14779,492,305,298,235,439,291,477,306,520,337,506,338,518,332,524,333
157,651,15031,432,285,302,244,415,290,430,293,468,314,462,297,475,312,476,307
158,660,15097,422,274,276,230,413,295,438,284,483,321,466,326,476,314,483,318
159,671,14750,460,313,311,258,413,294,439,290,500,312,479,328,497,319,500,316
160,635,14991,446,315,294,246,406,281,439,315,475,315,456,316,467,318,475,324
161,732,14792,510,357,351,293,467,336,516,341,548,376,538,370,544,356,560,378
162,644,14882,439,286,326,260,423,305,444,301,479,332,476,332,479,323,479,318
163,641,14838,443,305,294,243,417,286,459,309,477,336,472,328,472,322,483,330
164,650,14949,444,279,290,239,407,287,438,296,473,308,471,317,475,308,482,304
165,693,14923,484,311,330,262,458,322,497,327,518,355,519,356,523,350,520,348
166,685,14925,472,295,294,239,426,293,453,283,502,314,499,313,507,307,516,310
167,657,14720,471,300,329,257,448,318,464,301,501,335,508,346,504,322,501,316
168,612,15036,429,297,285,237,384,289,423,296,468,319,453,306,464,309,472,321
169,657,14920,449,283,298,244,419,300,430,300,476,316,471,320,482,324,477,316
170,717,14918,512,332,341,268,497,347,500,343,540,352,526,342,544,351,552,351
171,673,14844,457,295,303,236,422,287,459,318,492,324,504,357,492,321,492,322
172,675,14751,463,318,307,256,431,309,446,298,483,329,478,329,499,312,501,327
173,649,14974,463,311,307,247,425,293,462,310,500,342,499,330,501,322,505,331
174,694,14696,488,309,327,266,466,320,481,325,516,344,503,336,523,337,517,344
175,634,14818,421,271,292,237,374,268,415,275,447,296,447,290,438,286,445,288
176,687,14880,497,320,322,267,449,311,491,330,540,348,523,341,527,349,541,343
177,632,14848,470,316,307,246,423,285,446,300,490,329,478,326,488,323,499,330
178,611,14886,434,287,270,215,387,283,425,284,476,323,464,313,476,310,480,313
179,702,14890,451,296,290,234,429,310,464,317,505,331,497,328,503,329,518,335
180,714,14879,486,315,331,275,464,321,489,324,523,354,514,346,533,356,544,363
181,676,14995,477,324,299,243,437,323,475,314,506,360,499,343,517,355,523,367
182,609,15111,421,284,298,236,395,283,423,296,447,306,449,311,447,305,444,301
183,651,14723,457,295,293,238,413,308,443,297,483,325,475,327,491,321,495,327
184,682,14921,460,306,319,256,432,307,452,321,501,337,496,330,497,337,504,331
185,705,15170,480,297,296,237,448,297,459,292,526,346,515,341,527,348,525,334
186,749,15019,521,343,310,253,465,330,490,318,567,372,548,364,548,347,566,362
187,597,14814,441,275,310,247,396,277,421,292,464,318,453,310,460,312,467,312
188,651,14899,468,324,333,272,414,296,456,315,501,354,490,350,499,336,508,353
189,661,14973,441,281,329,259,420,319,461,313,484,320,470,311,491,312,489,313
190,642,15004,452,308,304,252,410,289,448,308,477,327,485,353,488,331,482,326
191,702,14799,498,339,329,275,449,330,484,321,538,363,517,342,529,347,540,355
192,666,15033,453,294,283,214,405,283,432,287,478,302,475,310,479,312,479,305
193,701,14752,493,314,329,260,439,304,467,322,525,339,528,340,516,326,529,332
194,658,14822,438,292,298,245,413,293,447,306,487,329,472,328,480,320,486,309
195,606,14833,449,308,312,256,412,288,422,294,465,322,463,329,466,302,476,321
196,682,15144,486,330,320,258,451,325,471,333,524,347,513,333,514,342,526,342
197,662,14840,467,311,304,252,450,317,453,314,503,353,505,357,504,349,516,350
198,661,14851,461,306,292,233,422,296,451,306,496,332,492,332,496,340,501,331
199,680,14765,455,293,293,238,440,309,458,301,531,343,513,333,519,323,530,336
200,665,15077,467,314,332,263,428,313,466,314,494,324,493,334,486,324,498,319
201,697,15093,504,333,323,268,458,318,496,336,537,370,522,359,541,371,548,369
202,678,14655,482,292,308,243,425,294,464,310,502,328,509,354,497,311,507,311
203,646,14938,426,273,263,220,402,288,433,279,473,309,462,297,475,300,488,309
204,705,14812,477,323,317,259,430,292,475,329,516,350,517,354,528,339,529,348
205,658,14983,449,302,262,211,403,289,430,291,490,333,471,324,485,328,499,333
206,685,14909,507,343,345,274,464,320,490,313,533,338,535,351,531,339,541,329
207,660,14820,436,298,321,262,409,307,447,305,472,331,479,320,468,313,475,321
208,644,14838,448,309,310,246,425,316,440,310,482,326,471,328,479,322,493,320
209,633,14855,464,303,280,230,418,297,451,306,472,340,474,344,477,336,480,331
210,703,15095,491,327,305,248,460,320,487,323,531,355,522,349,530,344,530,347
211,655,14986,431,287,304,231,394,277,412,276,474,311,476,331,475,310,477,310
212,702,14730,508,334,332,273,479,336,499,345,538,363,536,367,538,370,538,365
213,690,14932,475,305,297,241,447,311,462,308,513,339,491,326,515,337,522,341
214,652,14881,431,286,280,225,408,276,434,301,457,315,464,314,469,315,469,307
215,695,14974,465,313,317,260,419,290,465,311,507,321,490,346,498,322,512,307
216,645,15033,441,296,307,251,421,307,453,298,479,325,469,325,483,323,484,320
217,670,14831,470,339,298,256,416,322,441,312,504,367,484,342,501,362,508,355
218,655,14817,436,285,306,243,414,297,441,286,477,318,473,304,484,303,484,306
219,709,14739,493,323,319,268,459,306,474,315,525,355,511,356,526,341,531,347
220,700,14852,492,312,306,254,452,302,479,314,536,351,526,379,532,346,537,338
221,670,14827,468,313,305,248,423,300,456,311,501,335,482,328,493,319,498,328
222,670,14736,474,293,284,229,425,288,459,285,507,325,498,334,502,321,507,331
223,676,15138,488,320,315,261,447,308,469,318,511,346,498,334,506,337,517,343
224,668,14862,446,306,309,255,423,303,438,311,481,326,489,332,487,324,485,327
225,665,14812,457,293,317,259,428,303,437,305,491,338,481,314,493,328,497,335
226,640,14899,428,286,303,237,393,277,436,295,472,334,459,313,466,308,472,324
227,640,14736,463,302,307,244,408,290,452,296,485,322,480,320,487,327,490,320
228,693,14836,466,317,302,254,427,298,453,306,515,353,497,337,520,340,520,342
229,721,14815,488,334,307,259,440,321,485,336,535,371,520,365,536,360,542,362
230,732,14805,504,314,317,250,465,318,493,319,568,355,551,346,556,353,571,352
231,655,14772,442,271,270,216,391,256,428,258,476,299,469,301,469,294,476,293
232,663,14939,468,293,300,239,416,301,449,287,499,332,483,324,501,320,512,325
233,664,14886,440,288,302,249,434,300,445,315,497,340,485,332,505,333,512,335
234,622,14790,457,312,295,246,406,303,430,299,477,353,467,341,483,350,484,346
235,587,15016,390,271,272,227,367,246,386,268,425,289,412,283,414,267,425,279
236,646,14952,432,315,300,251,421,314,443,319,479,327,462,313,472,328,488,327
237,629,14864,427,280,273,232,400,282,431,290,460,317,460,323,463,309,467,303
238,648,15005,453,286,330,274,440,311,464,306,505,332,504,339,510,329,502,322
239,616,15178,428,298,304,258,381,281,431,302,472,321,459,308,465,321,467,318
240,662,14836,485,315,312,263,445,305,477,316,509,354,489,347,504,335,512,335
241,735,14778,506,322,334,272,472,332,493,333,544,354,537,362,534,330,548,343
242,704,14729,477,314,318,262,453,333,465,323,516,342,499,347,517,333,520,336
243,643,14838,456,279,293,245,416,281,448,291,495,334,482,322,491,328,497,332
244,680,14554,476,309,305,255,443,307,470,307,512,330,507,328,511,328,522,330
245,690,14930,477,312,324,260,449,319,479,328,524,350,506,361,527,362,529,342
246,657,15006,453,303,275,214,410,292,437,290,488,325,472,301,490,308,494,311
247,627,14882,422,273,280,212,389,279,418,281,467,303,461,306,473,296,474,303
248,681,14938,463,298,312,262,428,316,461,320,504,350,494,362,495,341,506,335
249,712,14891,502,347,324,271,471,338,500,352,560,374,531,369,553,362,562,371
250,701,14909,476,322,333,269,448,333,469,327,521,355,513,355,514,349,524,351
251,697,15064,482,307,314,262,440,313,454,308,514,331,485,316,513,327,526,330
252,628,14879,464,314,321,271,429,321,447,312,477,335,472,333,483,330,483,332
253,726,15013,496,319,319,256,461,325,493,336,536,356,530,341,529,347,530,350
254,651,14825,444,292,274,228,414,299,442,297,484,327,458,311,490,319,494,322
255,661,14980,448,315,295,245,416,295,444,314,486,339,477,333,488,323,490,331
256,680,15011,472,321,289,241,440,315,466,325,506,368,498,356,507,354,511,353
257,641,14942,440,290,281,223,421,299,431,297,464,324,462,315,473,317,474,324
258,629,15014,429,278,278,226,399,285,437,299,463,322,460,324,471,327,474,315
259,678,14932,506,321,318,253,465,317,501,331,543,373,534,346,548,364,545,368
260,698,15109,491,330,318,258,444,302,483,329,522,345,517,351,528,343,525,336
261,707,14708,489,327,293,243,462,325,486,335,544,358,526,357,541,366,542,360
262,652,14882,444,297,301,244,410,295,430,298,467,332,462,318,463,312,475,331
263,645,14858,438,284,284,236,399,300,434,290,475,318,462,301,464,317,480,316
264,653,14916,455,273,297,240,412,282,446,286,493,314,476,324,483,317,487,307
265,646,14679,434,297,287,241,396,296,419,284,477,328,454,315,467,315,476,322
266,619,14924,429,303,295,256,393,291,416,302,461,321,453,330,457,316,456,314
267,630,14864,448,294,290,234,406,291,440,294,487,331,485,333,497,325,486,319
268,642,14852,453,288,281,231,411,287,441,307,480,314,483,311,473,318,485,323
269,646,14812,419,289,290,243,388,287,415,293,468,315,462,306,469,316,473,324
270,566,14933,405,276,247,214,386,278,393,275,428,305,424,303,433,306,428,295
271,696,14785,507,340,326,268,467,335,494,331,543,360,524,348,528,347,541,350
272,699,15049,453,308,313,247,413,293,456,313,497,334,498,328,496,323,505,340
273,626,14792,423,274,268,215,386,268,409,271,453,294,434,282,450,299,456,293
274,692,14814,486,323,352,287,444,320,476,331,524,351,503,338,514,344,530,337
275,682,14858,478,298,304,242,427,285,470,299,503,320,494,312,512,311,509,316
276,731,14905,487,312,305,241,444,298,483,313,538,354,523,341,539,340,545,346
277,687,14926,486,314,319,266,462,325,473,309,535,347,519,341,534,335,531,337
278,673,14987,462,298,274,215,407,282,429,282,497,315,491,320,497,318,496,308
279,638,14999,444,293,283,236,404,292,436,306,481,322,476,321,476,311,488,315
280,662,14949,473,309,291,239,412,286,464,293,490,313,484,318,493,306,495,306
281,700,14826,451,307,324,271,435,313,479,324,504,345,493,340,496,333,502,335
282,588,15052,413,277,274,228,368,272,397,272,432,299,428,289,435,296,441,293
283,733,14869,511,343,316,250,487,327,501,333,555,370,534,360,555,360,565,362
284,686,14859,463,294,289,238,420,303,451,298,492,329,481,336,493,325,499,325
285,670,15025,470,297,311,254,433,308,464,318,499,339,491,349,493,323,505,336
286,661,14793,443,285,276,220,398,286,437,286,480,324,473,319,473,315,499,319
287,627,14927,424,289,314,240,384,271,422,286,445,311,430,278,445,306,455,315
288,728,14823,498,316,333,263,468,321,497,319,534,351,529,343,542,356,551,358
289,661,14818,433,277,275,226,425,300,433,286,481,317,473,308,476,314,483,307
290,657,14748,457,304,315,252,416,297,436,309,482,323,469,318,467,300,480,325
291,640,14885,421,292,281,242,387,299,423,287,449,316,442,306,455,296,466,315
292,715,14790,479,295,298,236,438,300,462,288,509,342,495,330,521,349,521,339
293,644,14969,462,307,327,252,443,324,463,321,486,343,481,322,482,323,488,342
294,616,14954,419,274,302,246,385,281,423,282,454,296,438,294,449,293,456,285
295,671,14684,458,306,303,245,401,274,452,309,501,358,496,361,498,359,499,345
296,674,14781,477,312,324,272,432,304,454,313,512,343,503,345,503,332,514,332
297,625,14761,440,300,275,230,392,284,433,300,466,327,469,330,462,330,472,322
298,711,14838,471,309,316,247,432,299,476,316,519,351,500,323,526,355,523,347
299,643,14820,444,299,299,247,441,309,450,310,481,317,477,314,486,318,482,313
300,633,14969,457,310,310,257,426,317,437,304,486,346,476,332,485,340,487,341
301,711,14912,478,308,317,252,458,309,467,307,529,330,511,318,518,325,536,320
302,699,14998,474,296,312,247,445,309,470,307,506,337,501,330,503,334,516,330
303,695,14650,474,319,314,254,419,278,453,298,498,321,500,329,514,333,511,325
304,700,15131,463,310,311,244,425,295,467,319,511,325,504,328,494,327,509,322
305,677,14909,474,311,314,252,433,300,461,296,514,346,492,308,515,346,511,331
306,697,14978,484,323,302,259,443,303,476,323,522,346,508,326,518,347,530,335
307,699,14879,483,324,325,266,439,328,474,324,512,350,506,337,515,340,518,336
308,692,14723,505,337,319,260,467,337,501,352,537,360,527,346,541,366,543,358
309,685,15015,449,314,297,245,424,322,460,334,519,355,504,354,506,347,516,352
310,632,14666,432,289,263,210,399,277,416,275,462,313,446,284,459,311,465,303
311,665,15077,450,291,318,245,424,299,448,302,495,317,478,309,491,311,495,308
312,666,14990,492,342,325,270,436,322,464,330,520,366,510,351,514,352,519,359
313,676,14751,485,311,307,238,438,288,466,319,520,344,512,340,509,336,516,345
314,655,14842,441,290,297,235,410,292,444,285,454,289,453,289,459,284,460,283
315,617,14638,431,298,315,261,407,309,427,297,454,324,454,329,464,327,461,320
316,669,14771,457,308,332,259,422,310,437,303,479,305,473,306,482,319,495,313
317,670,14946,476,322,309,247,437,306,469,314,515,360,506,348,521,347,518,343
318,713,15055,510,325,325,260,469,314,501,316,532,344,531,356,533,345,538,340
319,672,15018,442,304,295,239,423,309,432,289,493,336,489,328,495,330,502,327
320,601,14904,403,251,292,237,388,280,407,279,436,298,434,305,433,297,441,289
321,687,14827,456,304,298,236,419,294,453,307,509,335,490,334,503,319,510,327
322,682,15001,468,307,312,267,427,304,455,306,501,322,496,340,505,333,514,320
323,613,14892,444,310,320,266,416,309,436,311,472,339,462,327,468,329,473,327
324,630,14760,460,288,296,248,426,297,439,284,480,324,475,312,486,319,485,311
325,665,14715,443,276,280,229,404,286,436,288,469,309,477,309,484,319,480,296
326,625,14737,421,270,279,219,404,285,414,281,468,306,461,298,463,303,470,301
327,655,14961,467,314,318,255,419,319,456,315,503,348,491,351,498,338,502,339
328,657,14963,485,347,307,253,442,312,474,324,512,345,506,340,505,343,516,337
329,704,14718,497,321,310,250,444,306,471,304,517,340,506,351,524,330,529,334
330,709,14852,494,307,304,250,452,308,495,336,535,336,531,355,542,335,541,334
331,667,15048,434,283,312,248,418,293,452,299,497,341,488,328,493,327,493,333
332,715,14789,504,344,313,261,470,337,486,327,540,385,530,377,536,368,545,380
333,628,15045,439,301,288,235,405,291,443,311,468,320,464,319,477,331,478,324
334,693,14835,488,326,330,268,433,310,469,316,524,372,515,356,529,360,533,374
335,678,14695,461,318,299,255,438,320,454,314,509,340,492,335,503,330,506,333
336,609,14786,430,281,274,229,383,280,423,298,446,327,455,328,454,325,457,327
337,694,14943,492,316,338,277,465,330,492,332,509,343,509,352,512,346,517,350
338,642,14872,488,318,321,258,450,323,470,320,513,348,508,352,502,342,522,336
339,698,15025,472,325,305,247,414,288,454,316,508,345,496,340,504,348,514,351
340,692,15029,481,296,301,247,449,302,483,307,530,339,517,355,540,345,530,334
341,621,14949,421,281,299,248,408,293,414,278,458,316,449,306,455,297,459,308
342,617,14712,437,300,283,236,403,300,422,296,464,325,451,311,463,312,474,317
343,712,14768,487,320,323,255,450,314,474,322,512,343,509,326,511,337,518,331
344,679,14906,486,322,317,244,448,311,474,309,513,330,519,339,511,316,514,323
345,670,14707,434,286,288,239,405,282,436,292,493,312,476,304,489,308,492,308
346,699,14775,485,323,322,255,448,304,484,314,526,354,504,342,523,344,534,356
347,678,14948,460,297,300,252,421,278,453,304,493,308,488,306,492,303,501,299
348,699,14669,492,331,318,269,457,322,488,338,531,360,524,362,530,356,540,356
349,693,14774,467,310,316,255,441,308,465,311,513,343,499,343,512,327,518,330
350,694,14943,465,287,295,230,417,279,463,297,503,323,492,316,504,308,517,319
351,671,14953,447,290,306,236,412,286,454,305,493,330,487,329,499,336,494,331
352,623,14623,414,269,257,213,382,265,406,264,457,304,456,315,461,290,468,293
353,692,15189,475,311,322,261,451,325,485,325,511,353,491,335,509,328,517,346
354,684,14690,484,335,335,278,452,324,479,337,518,351,513,336,529,342,530,346
355,651,14906,471,312,277,231,407,291,440,308,495,337,487,334,484,328,498,324
356,721,14870,506,343,315,254,464,326,489,333,543,378,529,367,545,373,543,376
357,699,14889,485,305,306,247,449,300,485,312,526,338,520,352,522,339,529,324
358,665,15055,457,320,314,260,430,309,444,313,510,351,487,348,500,342,504,343
359,660,14743,431,283,286,231,384,266,427,290,481,317,468,311,479,315,485,312
360,663,14982,452,278,292,222,419,276,453,283,485,325,485,341,490,318,496,321
361,657,15003,472,300,269,215,414,297,462,307,507,333,496,333,507,330,507,332
362,724,15111,496,328,348,285,480,338,486,334,538,362,522,348,537,363,541,353
363,717,14746,496,337,328,271,470,330,494,345,530,371,526,386,529,355,538,361
364,627,14833,449,290,298,244,402,289,434,296,470,312,462,300,471,298,479,310
365,660,15029,435,292,279,217,407,281,449,284,486,319,468,321,491,315,496,314
366,707,14792,469,303,309,250,433,305,471,317,527,333,510,317,523,328,532,329
367,654,14865,429,282,292,236,407,292,431,290,468,302,453,296,472,301,473,303
368,688,14986,486,321,286,240,420,300,455,310,521,345,504,340,505,343,519,337
369,668,14958,433,265,269,215,410,278,439,281,472,296,467,312,483,305,483,300
370,685,14949,481,311,297,238,432,305,469,307,509,344,490,325,503,319,515,329
371,632,15027,463,306,304,237,420,291,435,289,492,335,478,326,491,328,494,331
372,718,14879,497,304,322,264,482,324,497,328,549,343,536,356,553,342,560,354
373,600,14800,424,285,294,236,395,286,431,302,439,295,439,309,439,286,449,300
374,665,14818,470,327,315,269,424,319,451,318,503,340,479,343,495,334,508,347
375,723,14879,490,303,295,232,467,312,484,320,534,333,527,335,532,341,537,338
376,636,14902,433,265,263,221,401,276,433,284,473,306,450,312,475,297,481,301
377,695,15008,462,316,303,250,412,299,445,306,491,349,473,335,494,334,488,340
378,681,14841,469,300,305,244,419,283,465,308,523,332,509,341,515,325,526,331
379,632,15011,440,291,289,223,404,283,441,297,487,326,472,305,475,303,488,310
380,694,15116,482,318,322,252,440,307,470,319,525,349,501,343,528,355,532,346
381,598,14835,435,298,327,260,410,301,424,296,455,313,452,321,446,301,461,302
382,675,15005,460,304,310,254,420,293,457,313,501,349,487,344,507,336,507,340
383,721,14921,501,341,357,291,455,342,500,360,549,371,530,361,536,368,548,363
384,667,14697,481,326,314,268,469,329,479,339,527,365,506,354,516,354,531,362
385,728,14880,504,327,316,256,461,314,497,324,539,362,530,359,545,350,547,348
386,717,14920,502,328,317,247,479,321,497,323,555,358,541,355,560,352,561,344
387,713,14894,477,313,300,252,432,298,474,314,520,349,519,350,517,343,528,346
388,681,14791,470,322,325,270,435,316,471,334,507,344,499,351,508,339,516,336
389,649,14931,444,306,303,247,417,311,436,304,484,335,468,331,481,318,482,319
390,618,14636,453,313,275,234,400,288,430,291,471,328,464,327,475,321,480,322
391,692,14810,463,324,310,243,421,307,450,318,497,331,486,325,492,333,506,333
392,720,15052,476,301,325,265,453,320,486,316,512,332,514,339,527,334,528,337
393,625,14835,443,279,318,252,413,305,440,293,458,315,450,308,465,300,466,310
394,683,14994,458,291,309,240,426,291,438,290,511,338,492,320,503,315,512,329
395,625,14952,435,300,314,264,400,296,421,304,467,322,452,314,468,312,483,328
396,646,14712,452,305,308,260,421,310,435,308,491,324,478,315,484,322,494,321
397,662,14922,477,309,330,279,456,327,477,328,494,348,492,343,505,333,502,337
398,697,14775,487,314,323,263,461,329,498,343,532,371,515,355,535,366,532,356
399,697,14901,461,298,315,267,440,323,461,308,524,345,495,331,525,351,526,337
400,717,14810,507,340,314,261,460,317,492,332,549,364,526,345,545,351,550,355
401,611,14822,408,267,267,217,379,280,388,269,438,295,445,299,440,292,439,288
402,738,15050,505,300,325,262,461,313,495,329,536,345,526,361,538,342,541,343
403,628,14578,439,293,288,245,413,285,437,288,476,326,456,305,481,327,473,319
404,649,15198,460,301,302,251,410,300,450,311,485,340,487,337,493,337,491,337
405,695,15115,450,298,310,253,402,296,456,305,502,337,483,328,505,328,505,340
406,633,14718,428,279,299,236,405,295,437,298,506,337,475,318,492,322,500,319
407,682,14851,461,313,309,251,425,332,444,316,480,334,477,322,483,326,486,325
408,607,15204,435,282,312,241,392,262,423,277,451,294,456,299,460,299,461,288
409,622,14785,455,295,299,247,403,279,435,278,469,319,468,313,474,311,468,307
410,694,14960,486,328,303,247,439,304,489,330,529,365,525,359,535,368,537,355
411,702,14864,499,344,334,281,476,351,497,358,542,375,526,380,538,370,540,362
412,599,14948,450,312,296,252,411,295,443,306,472,325,465,329,470,303,470,315
413,644,14866,447,292,293,243,403,301,450,306,493,335,487,330,493,327,492,323
414,714,14802,488,331,306,239,451,323,482,316,554,366,528,366,551,366,568,367
415,624,15013,451,320,334,278,411,304,441,327,475,347,459,331,464,340,479,343
416,610,14859,440,294,294,239,394,294,432,301,464,324,465,327,475,313,470,318
417,738,14906,492,327,326,264,452,331,480,335,532,375,516,363,538,381,538,377
418,648,15012,448,298,278,225,400,294,439,299,492,322,479,306,493,326,501,328
419,712,14861,476,309,335,276,450,321,504,332,514,351,516,342,516,342,511,349
420,703,14921,454,296,305,243,424,293,460,302,511,333,500,340,509,319,525,321
421,706,14916,474,295,307,255,430,294,465,303,508,337,505,350,506,339,513,332
422,641,15035,478,306,325,267,447,320,465,316,518,343,498,349,515,343,520,335
423,721,14962,494,323,319,258,469,322,493,326,541,347,520,347,537,341,538,336
424,709,14883,477,325,309,246,428,311,448,303,520,348,507,348,508,334,518,339
425,698,14924,479,326,343,275,447,332,477,329,516,351,526,358,523,347,523,341
426,666,14827,458,315,304,253,427,321,453,323,498,344,500,345,492,339,500,341
427,687,14932,461,312,312,254,441,315,450,303,510,330,499,330,513,323,520,324
428,661,14725,473,283,307,247,421,282,447,302,495,310,488,311,494,306,503,311
429,620,15009,423,288,294,239,395,284,423,291,468,319,453,319,456,317,461,312
430,707,15002,498,314,295,244,453,311,469,322,536,350,516,348,541,348,534,344
431,658,14914,461,315,308,252,434,318,458,325,504,344,491,332,491,329,503,327
432,663,14894,441,290,260,214,404,285,439,276,488,328,462,304,483,320,489,324
433,603,15003,412,277,268,219,384,280,408,263,449,304,436,288,451,291,457,298
434,677,14811,460,296,312,249,452,305,456,303,496,327,490,341,509,328,511,321
435,667,15088,440,290,288,222,417,303,433,288,484,331,473,332,490,334,490,327
436,655,14774,465,312,300,243,423,304,462,316,480,337,474,317,483,330,488,334
437,682,14826,490,320,329,267,450,341,477,328,518,372,520,373,513,347,524,356
438,683,14806,456,317,300,240,418,311,437,305,493,339,475,324,494,327,499,332
439,624,14952,458,290,282,235,428,297,455,294,490,332,477,320,495,329,496,329
440,654,14916,451,297,306,242,425,282,444,289,484,332,478,325,485,322,491,327
441,657,14675,449,283,305,231,412,286,452,299,483,308,466,316,488,311,487,302
442,595,14700,408,270,276,222,369,275,404,267,430,308,436,301,427,301,441,307
443,659,14798,453,302,323,266,428,320,446,316,499,351,484,342,496,336,503,342
444,634,14969,453,297,300,246,419,298,441,294,476,327,463,316,472,317,478,321
445,699,15016,485,320,285,226,423,297,473,335,517,357,514,351,513,342,523,353
446,687,14846,466,322,310,248,436,311,454,324,500,339,500,341,505,346,503,339
447,612,14754,425,273,283,247,398,291,419,289,458,313,450,326,450,311,456,308
448,662,14700,454,287,304,246,416,287,447,286,491,317,491,309,501,319,495,317
449,646,15050,432,287,286,238,388,282,413,288,447,317,439,316,451,313,455,314
450,623,14809,440,305,325,261,424,317,439,324,462,321,450,314,470,320,467,317
451,605,14746,432,285,275,228,412,298,414,290,461,317,451,309,462,319,470,325
452,680,14906,460,309,300,237,409,295,447,304,506,353,508,358,499,336,520,356
453,593,14688,406,265,262,213,376,279,398,266,452,300,439,297,449,289,459,296
454,661,14982,498,326,331,266,456,330,470,331,523,352,516,367,510,348,529,353
455,611,15066,407,278,270,216,391,280,403,283,454,318,440,307,441,309,450,308
456,673,14742,468,319,307,259,442,316,467,322,502,344,504,359,499,335,502,343
457,712,14704,459,299,317,256,432,310,468,321,507,352,494,342,523,358,511,343
458,682,14691,486,324,330,260,445,321,461,315,517,354,497,328,518,335,528,358
459,706,14942,476,325,324,266,460,299,469,319,522,356,516,352,535,354,534,358
460,662,14910,441,289,293,239,415,289,451,300,470,307,467,297,476,302,478,295
461,618,14746,423,281,283,226,387,266,409,278,446,305,447,315,450,299,455,301
462,591,14727,408,270,274,229,364,269,396,268,436,293,437,298,440,293,438,285
463,660,14726,464,304,292,248,421,304,441,302,487,333,488,343,495,326,497,334
464,614,14979,436,298,265,229,383,272,407,286,436,300,435,298,437,300,452,300
465,609,15048,415,280,294,244,377,281,414,292,444,292,430,292,441,298,445,289
466,688,14789,472,303,303,250,454,318,460,300,520,338,511,340,507,316,516,326
467,681,14748,495,327,322,265,465,324,494,326,526,359,521,356,525,343,542,349
468,622,14956,439,302,302,245,397,273,444,306,469,335,459,335,471,324,467,334
469,709,15000,494,315,332,275,462,339,494,339,540,364,524,366,531,369,541,363
470,639,14907,435,279,286,244,400,292,425,286,475,320,475,337,486,317,481,313
471,677,14880,459,299,312,255,421,311,443,306,503,337,493,335,494,329,516,341
472,688,14707,491,328,313,252,431,308,467,311,504,335,491,330,502,335,509,335
473,642,14819,461,310,326,257,436,321,458,315,492,341,481,340,492,327,493,338
474,699,14804,484,311,319,258,453,316,486,322,529,363,509,348,521,358,532,351
475,660,14810,451,286,311,244,413,292,465,303,492,326,479,309,491,320,497,316
476,605,14820,434,289,284,235,420,298,428,292,445,299,448,304,445,302,449,301
477,703,14829,473,303,325,253,418,298,462,302,495,330,498,338,503,325,501,318
478,693,14729,487,325,318,267,445,316,463,330,501,336,500,337,506,336,512,344
479,651,14713,442,308,326,279,417,325,443,304,480,330,463,324,472,310,475,320
480,771,14799,554,354,362,280,517,349,546,352,594,396,583,398,591,379,599,379
481,601,15119,428,289,288,229,387,266,414,272,446,312,437,302,450,305,452,310
482,650,15115,448,284,285,230,409,280,437,294,488,312,479,315,483,301,481,306
483,608,15069,427,280,274,214,383,256,401,266,450,307,447,315,454,313,453,303
484,657,14741,445,307,303,247,418,311,449,318,472,331,468,333,474,323,479,327
485,658,15063,459,314,329,264,448,330,456,316,503,346,482,330,514,349,503,340
486,662,14711,440,292,276,213,404,285,430,294,479,312,476,313,482,304,489,302
487,732,14877,503,326,279,229,483,322,500,327,560,372,551,378,559,358,570,365
488,656,14906,447,287,289,234,427,296,445,303,479,318,472,325,480,308,481,311
489,620,14734,439,302,277,225,399,280,417,286,466,310,455,302,467,310,474,307
490,620,14779,436,285,308,234,410,273,435,279,467,290,462,304,474,293,474,289
491,690,14817,469,307,288,239,424,290,460,299,505,351,499,349,504,339,513,344
492,616,14676,449,291,279,228,394,277,426,286,472,323,464,315,473,307,469,315
493,636,14813,446,291,295,249,402,282,424,295,480,317,470,319,479,310,475,310
494,612,14768,428,281,291,238,404,272,428,281,458,303,440,298,449,286,463,292
495,641,14858,433,284,297,248,398,276,422,280,478,306,454,291,471,291,481,298
496,768,14826,537,353,328,276,490,354,523,347,585,392,554,356,582,382,593,387
497,648,14911,453,294,292,238,406,292,442,313,479,320,486,329,476,317,485,311
498,727,15096,489,329,309,256,462,340,477,327,548,383,532,373,555,381,561,381
499,652,14882,449,305,301,249,405,303,448,314,476,330,463,319,482,332,486,325
500,631,14889,442,311,314,257,413,302,449,297,488,333,470,326,486,324,485,322
501,669,14979,460,305,301,232,434,301,457,319,502,334,489,348,497,328,514,342
502,603,14720,397,259,268,222,366,244,406,275,429,294,430,287,428,281,433,286
503,672,14743,456,293,307,253,430,318,456,314,501,339,487,337,500,338,509,328
504,675,14910,449,282,313,248,413,294,451,309,482,322,472,317,474,295,496,313
505,705,14883,476,324,325,262,450,321,463,318,515,353,508,353,504,341,524,342
506,678,15038,494,336,336,286,460,342,482,334,524,357,508,340,522,350,530,358
507,628,14986,445,308,309,260,401,286,437,297,469,316,466,317,467,316,471,320
508,630,14734,452,280,266,204,416,294,438,277,465,296,462,297,469,309,474,291
509,683,14881,482,318,296,241,443,318,459,303,523,357,506,343,520,351,527,358
510,660,15048,470,314,311,266,418,302,453,318,491,347,490,344,488,344,489,329
511,601,14841,433,273,265,227,393,284,398,269,464,311,466,317,466,307,469,303
512,696,14836,462,292,312,237,442,307,458,305,519,328,508,334,515,318,523,318
513,611,14959,426,278,279,238,378,290,416,268,449,321,445,326,446,307,458,309
514,664,15132,452,288,323,254,397,285,453,311,485,338,476,331,492,320,492,337
515,677,14929,466,293,329,265,438,313,458,320,505,321,502,326,496,328,501,314
516,635,14990,462,309,313,254,425,311,457,319,495,339,482,343,494,331,493,333
517,621,15032,416,274,271,229,385,265,404,282,451,298,442,294,446,300,451,296
518,684,15046,476,311,293,246,435,304,476,325,512,354,502,343,514,347,512,351
519,613,14834,404,276,278,222,370,277,398,281,452,312,437,308,447,312,454,308
520,661,14922,459,288,298,247,438,314,467,298,499,324,474,318,496,310,511,317
521,637,14760,434,291,293,240,391,284,414,286,466,316,454,313,463,310,471,313
522,707,14873,449,292,293,238,413,286,450,299,509,328,482,300,513,313,512,325
523,651,14851,452,286,282,221,421,285,451,288,504,330,476,309,497,320,511,330
524,661,15153,439,304,301,242,415,300,442,306,482,314,478,318,476,305,483,312
525,693,14890,494,329,295,241,448,317,479,325,523,355,511,357,517,348,515,348
526,575,15025,379,267,267,221,360,282,380,276,412,304,419,309,419,291,420,293
527,679,14992,466,310,292,231,423,300,448,308,495,334,488,329,504,334,510,335
528,669,14795,460,298,287,244,433,291,469,301,485,335,487,334,493,334,500,327
529,638,14910,423,282,276,226,376,276,414,284,455,299,444,293,459,293,467,288
530,702,14870,489,328,295,250,461,332,462,300,531,346,502,344,515,349,535,350
531,631,14949,441,310,318,254,401,298,436,296,485,317,466,318,475,301,485,308
532,698,14839,498,322,327,262,470,331,477,309,529,345,511,339,535,339,537,343
533,664,14988,456,303,321,265,417,298,433,305,486,337,480,321,472,329,489,322
534,643,14976,442,292,300,240,429,298,434,294,489,334,481,338,489,325,492,316
535,624,14958,432,290,299,238,396,278,454,300,476,323,449,313,471,313,486,325
536,693,14813,465,303,304,241,430,306,468,322,511,336,511,352,504,333,520,339
537,649,14781,441,298,317,266,425,315,447,313,494,332,483,340,491,335,494,328
538,730,14842,498,331,310,259,471,326,492,326,527,361,517,348,531,349,539,355
539,750,14850,513,356,307,254,458,323,482,334,542,369,526,345,536,358,549,369
540,642,14893,455,296,323,256,438,308,447,310,491,331,484,332,486,319,495,321
541,689,14872,476,316,324,255,441,307,470,311,527,343,511,350,530,338,530,331
542,683,14931,486,324,308,249,447,305,467,312,504,343,489,338,506,336,513,337
543,646,14961,435,281,268,220,412,290,437,290,474,318,475,321,477,308,477,311
544,639,14736,437,303,321,254,407,308,442,301,467,322,460,322,469,319,466,320
545,698,14935,488,327,312,259,444,339,475,334,508,364,505,350,518,356,518,364
546,633,14496,475,311,304,257,422,310,453,319,488,339,478,336,495,340,492,334
547,667,14842,455,288,295,244,427,292,450,300,495,333,479,315,485,321,499,325
548,662,14803,475,306,303,247,427,303,457,318,507,338,484,324,513,333,514,335
549,647,14913,435,265,298,231,409,289,426,271,470,300,455,311,467,294,480,305
550,699,14829,489,326,317,253,471,338,478,316,522,343,511,341,525,345,524,334
551,596,15074,445,288,302,241,401,290,425,290,469,308,467,313,474,318,477,316
552,701,14895,505,334,324,257,445,308,496,334,529,362,519,366,527,345,535,360
553,641,15086,426,272,293,223,389,266,418,286,469,302,469,306,466,290,473,295
554,647,14953,464,306,307,250,428,305,440,303,481,325,470,321,471,321,477,306
555,671,14900,481,334,311,260,436,322,458,320,515,343,498,342,508,345,516,343
556,640,14796,448,302,295,244,409,288,433,301,492,332,480,318,486,324,485,316
557,662,14966,452,278,293,241,403,278,431,277,471,306,478,308,478,297,471,291
558,678,14863,501,299,323,268,446,303,472,307,528,338,510,350,517,335,528,334
559,660,14870,495,345,320,266,448,336,478,339,538,389,513,370,532,365,541,377
560,652,14810,441,283,301,248,414,281,427,284,468,314,463,316,464,309,463,300
561,698,14841,486,313,344,275,436,318,472,322,517,334,500,341,512,327,524,335
562,615,15012,470,309,295,245,432,305,452,314,486,334,479,346,482,329,490,333
563,646,14943,463,299,284,231,421,293,446,287,485,327,481,331,493,314,489,317
564,650,14874,467,306,307,252,411,287,463,316,478,327,474,332,478,328,480,323
565,715,14678,500,339,352,283,464,334,484,339,522,357,510,360,516,355,521,352
566,636,14855,459,295,284,228,403,278,444,305,481,332,473,334,483,310,485,327
567,650,14977,469,294,287,236,423,300,442,303,487,326,489,322,489,324,494,321
568,642,14852,456,306,297,235,419,284,459,309,488,325,485,314,489,313,501,322
569,636,14874,443,282,308,232,392,268,424,284,457,296,469,311,470,293,469,294
570,679,14743,463,302,293,229,426,316,454,307,505,343,496,349,504,338,507,335
571,695,14813,470,291,289,221,440,306,465,299,509,333,494,328,514,314,515,325
572,682,14982,479,298,317,259,442,311,478,317,509,335,504,345,515,330,517,328
573,651,14790,463,306,289,245,411,287,437,297,475,325,473,318,479,329,483,323
574,643,14959,470,318,321,266,421,309,446,321,479,322,473,329,477,329,491,332
575,694,14842,465,307,289,233,433,303,462,295,509,338,506,335,515,347,516,343
576,675,14996,467,304,309,270,436,299,469,324,511,343,506,349,510,338,512,325
577,655,14920,462,326,316,258,434,326,458,317,501,352,495,347,494,335,502,344
578,672,14919,459,298,303,240,411,296,448,303,497,328,496,327,486,324,503,326
579,628,14985,427,271,271,225,398,289,427,282,460,322,457,314,466,311,473,322
580,628,14750,445,299,327,274,418,305,444,316,470,315,472,321,479,315,480,308
581,620,14807,415,283,305,254,404,295,419,299,450,306,439,306,454,301,452,304
582,642,14690,417,260,269,210,389,272,433,285,467,310,462,308,462,313,468,305
583,657,14771,495,341,343,272,451,333,477,329,525,369,514,352,525,368,530,360
584,668,14887,448,291,299,247,420,297,447,303,485,312,488,314,492,321,503,310
585,633,14710,431,285,289,241,389,285,422,285,466,316,465,306,474,302,476,320
586,731,15000,466,316,328,274,441,317,478,326,523,365,521,358,521,358,533,354
587,607,14896,402,271,274,223,382,275,403,273,457,311,443,310,454,294,454,305
588,638,14994,433,288,319,258,408,288,442,299,491,318,479,320,486,321,488,316
589,646,15017,454,290,297,251,422,302,454,312,490,337,491,346,487,324,496,327
590,631,14802,429,283,288,234,417,299,433,287,462,324,440,312,461,306,471,314
591,598,14931,404,273,262,224,360,261,403,278,432,298,424,289,444,305,433,289
592,749,14928,509,321,328,258,483,333,492,310,544,348,536,350,542,340,548,346
593,707,14793,497,314,314,258,472,334,501,331,539,361,526,347,532,351,539,354
594,676,15018,450,296,281,226,405,284,442,294,500,330,476,319,499,328,500,315
595,733,14995,496,314,321,267,464,309,503,330,542,348,529,354,537,328,543,338
596,692,14845,467,303,313,256,422,297,480,329,503,332,498,327,511,331,515,331
597,676,15029,484,330,352,295,438,316,476,334,506,347,498,355,498,328,510,340
598,627,14994,442,298,291,242,387,308,428,303,479,334,469,340,477,326,484,325
599,706,14892,496,332,334,274,436,330,471,329,533,359,524,357,532,360,543,352
600,626,14745,412,265,298,249,382,264,399,278,445,299,449,311,452,305,460,297
601,643,14954,433,291,284,232,407,291,426,300,471,324,460,317,461,320,469,310
602,672,14920,462,294,288,218,424,286,468,292,504,329,497,339,512,331,508,326
603,593,15054,411,267,262,214,355,250,399,268,433,291,426,298,436,290,434,288
604,676,14888,471,319,296,237,428,300,459,320,527,359,513,358,518,350,522,342
605,658,15021,435,260,298,235,399,265,430,272,472,301,473,307,464,289,477,295
606,671,15132,476,310,313,256,441,307,471,317,524,348,507,323,526,343,536,335
607,712,14828,488,327,343,265,452,319,501,329,525,361,516,370,518,352,525,345
608,693,14821,472,286,316,255,455,312,474,308,512,329,499,342,519,331,525,333
609,683,14877,456,303,333,265,435,305,466,311,489,336,493,334,492,337,500,330
610,684,14906,451,286,302,246,395,277,435,295,484,307,476,307,473,311,486,304
611,648,14617,466,321,318,264,431,332,441,314,502,350,497,342,502,345,508,350
612,640,14947,430,266,290,232,401,277,433,283,461,290,445,294,470,288,468,291
613,699,14604,501,330,306,256,471,333,484,319,525,359,517,363,530,356,533,346
614,627,14980,444,296,295,246,410,294,417,294,473,322,461,315,465,305,472,311
615,695,14731,474,298,300,227,439,308,479,315,519,330,512,337,518,326,529,329
616,660,14974,454,305,329,267,430,310,456,322,505,355,479,344,493,338,501,343
617,682,14785,462,302,311,255,435,297,451,310,487,346,491,331,485,333,502,351
618,669,15010,470,308,314,244,416,303,449,305,491,331,490,341,490,340,499,333
619,632,14714,448,281,310,246,416,291,432,292,474,320,474,329,473,314,477,310
620,630,15003,456,288,296,244,418,292,445,292,486,323,463,322,476,324,485,306
621,641,15306,472,310,304,242,441,303,447,302,492,325,488,324,496,321,498,318
622,662,14844,460,282,316,256,415,294,449,299,471,300,469,319,477,305,476,302
623,682,15019,469,292,322,261,438,309,467,291,505,312,495,309,511,319,508,309
624,632,15106,455,300,302,248,424,299,452,312,483,333,475,329,485,330,491,325
625,640,14773,470,328,325,273,439,321,465,329,499,353,493,363,498,335,501,338
626,615,14871,439,286,308,231,407,288,436,295,472,325,458,326,476,314,480,318
627,735,14955,495,332,315,262,450,318,495,332,541,353,550,354,545,354,546,353
628,664,15171,448,282,324,254,438,299,457,297,495,333,477,325,489,317,490,318
629,656,14951,485,321,290,241,408,280,458,317,491,327,483,321,477,325,495,319
630,693,14832,507,337,339,276,447,328,512,347,541,370,520,351,530,363,550,365
631,704,14979,508,342,338,285,464,328,482,333,539,351,529,364,540,343,540,333
632,718,14816,473,310,331,260,450,325,464,305,508,342,512,338,510,342,517,343
633,650,14888,451,304,303,240,429,295,458,295,493,326,477,322,489,323,499,328
634,600,14945,444,320,301,263,395,289,430,323,477,347,469,343,480,341,478,337
635,668,14803,440,285,296,235,406,297,442,296,480,316,477,305,480,316,483,311
636,671,14765,475,300,318,254,448,317,475,304,500,323,492,334,498,329,502,325
637,657,14794,437,312,321,262,416,301,452,312,492,339,476,322,486,325,493,325
638,683,14888,456,307,314,256,427,320,453,318,504,366,497,349,511,348,508,349
639,711,14698,476,287,298,217,424,287,470,296,511,323,500,323,518,319,521,321
640,667,14715,468,323,311,258,446,313,446,306,504,347,489,330,496,328,504,339
641,627,14992,442,315,314,258,420,306,446,310,483,335,475,322,485,319,489,329
642,647,14782,455,301,296,242,422,301,446,311,472,321,461,320,466,316,483,327
643,627,14853,425,264,297,247,393,273,425,295,470,317,461,306,464,306,470,303
644,624,14894,442,305,295,246,377,287,428,308,451,330,450,330,456,332,464,331
645,690,14800,476,315,293,228,427,299,463,313,508,342,497,335,509,338,522,337
646,653,14894,459,303,307,245,429,301,458,315,497,345,481,337,494,332,493,326
647,618,14994,456,302,299,231,413,292,440,291,462,322,464,310,464,317,468,315
648,650,14880,441,277,293,244,417,305,440,297,483,318,479,317,483,320,482,309
649,677,14943,468,301,299,235,453,301,459,302,512,341,498,338,517,317,520,332
650,591,14807,420,277,287,246,380,287,407,282,431,304,435,306,430,301,431,299
651,593,14861,427,264,282,219,394,264,409,262,450,287,442,286,450,282,452,283
652,623,14802,426,270,296,240,392,269,423,273,463,290,462,290,461,287,468,293
653,640,15061,436,273,295,246,420,299,428,284,479,311,462,309,478,304,471,291
654,641,14964,439,287,315,249,416,305,435,305,466,329,476,327,466,318,472,320
655,728,14749,512,317,321,272,462,319,497,324,549,365,537,355,546,351,549,360
656,656,14948,471,293,304,255,425,299,460,305,505,330,489,330,516,332,501,315
657,648,14864,471,330,305,253,417,313,442,322,487,349,482,344,491,332,495,349
658,677,15129,463,298,319,250,437,307,467,307,502,333,491,325,501,331,513,327
659,624,14670,471,326,306,256,422,275,448,304,487,325,482,325,489,316,490,321
660,672,14692,437,289,278,230,413,289,442,297,490,326,484,320,495,330,499,313
661,715,14975,519,350,337,270,477,328,510,346,555,363,554,379,556,354,564,362
662,619,14655,413,284,264,224,366,253,396,264,453,311,444,306,449,299,452,298
663,665,14781,459,308,323,255,437,304,448,295,492,329,481,330,485,314,496,329
664,732,14958,495,327,336,283,472,330,484,327,535,358,531,363,542,346,539,356
665,611,14893,427,290,296,244,391,279,424,306,466,323,449,308,474,306,475,314
666,717,14793,492,342,331,256,475,322,496,340,546,375,533,360,541,359,551,360
667,645,14888,440,302,314,242,418,288,431,293,483,322,462,328,468,318,488,317
668,679,14909,460,279,274,218,401,284,450,280,506,311,494,304,504,301,502,299
669,681,15051,452,317,312,257,437,330,450,326,508,361,488,357,495,348,513,355
670,605,14817,414,277,270,216,379,264,398,270,443,299,431,289,441,300,447,291
671,737,14868,515,354,323,268,464,331,503,342,567,388,544,362,566,381,573,384
672,717,14942,508,337,330,268,473,339,504,342,545,378,549,381,556,382,564,376
673,663,14875,481,307,318,250,438,310,482,326,504,335,496,333,504,326,515,339
674,618,14983,429,297,297,241,399,291,427,286,452,303,451,307,449,311,447,303
675,653,14820,459,297,309,256,413,295,450,310,475,334,471,332,476,324,474,324
676,664,14782,466,300,301,243,442,310,450,297,513,348,496,334,513,341,519,343
677,676,14906,443,283,301,246,428,299,445,290,476,323,472,331,487,316,487,307
678,625,15049,440,289,314,246,410,298,441,304,478,305,467,295,476,302,482,304
679,673,14872,440,295,316,248,428,322,449,308,498,340,478,329,484,324,505,337
680,667,14866,434,283,283,233,401,283,419,283,478,317,466,315,470,305,477,313
681,603,14863,397,253,268,220,365,258,390,257,424,295,416,289,429,281,430,285
682,657,14933,445,280,292,224,404,262,426,271,478,307,464,298,469,310,480,305
683,638,15005,429,287,278,222,382,276,411,300,449,307,450,297,450,302,461,301
684,591,14868,415,277,274,224,369,267,407,274,440,289,443,301,442,289,444,293
685,648,14807,431,288,287,234,401,292,426,291,466,320,462,321,462,311,477,310
686,672,14847,469,315,320,252,425,290,463,310,506,316,489,302,509,308,511,313
687,635,14858,438,284,275,230,396,277,426,289,467,318,469,311,483,318,466,308
688,657,14957,453,292,314,260,398,291,447,296,489,320,475,315,485,321,488,326
689,587,14837,398,271,280,226,372,264,396,271,434,293,432,296,438,285,440,284
690,670,14824,474,303,354,269,459,317,480,331,517,353,493,337,515,339,518,352
691,667,14860,462,316,308,252,418,301,446,305,490,320,483,331,486,335,495,323
692,709,14989,475,298,328,269,440,318,472,302,504,323,502,322,503,316,503,317
693,674,15063,479,333,346,271,455,333,490,346,515,368,500,350,522,365,518,367
694,702,14896,473,314,331,271,431,322,472,337,514,354,503,352,508,343,520,350
695,674,14741,471,324,338,267,436,317,450,315,507,334,519,346,505,332,511,333
696,646,14782,439,292,285,235,420,293,450,303,473,324,461,321,470,327,480,318
697,651,14979,427,285,275,225,395,271,433,297,480,328,461,328,477,330,482,324
698,649,15014,462,301,296,239,414,275,451,303,485,313,481,315,489,315,489,315
699,672,14933,486,293,311,251,442,300,474,303,519,344,513,344,513,333,529,336
700,767,14954,526,321,355,275,488,351,493,327,571,367,563,369,564,365,576,361
701,642,15066,449,329,316,271,441,346,454,326,491,345,475,337,488,351,486,334
702,653,14892,443,304,277,227,415,300,443,296,482,321,467,322,487,320,486,322
703,616,14722,413,284,287,246,371,281,422,298,439,313,438,319,453,310,445,308
704,668,15089,431,309,290,248,412,307,432,312,487,336,472,329,485,328,490,322
705,679,15056,474,319,311,255,446,320,483,342,527,349,523,367,520,347,534,334
706,638,14844,441,274,305,247,416,300,449,303,489,321,480,325,486,319,491,322
707,712,14943,496,324,311,248,460,316,480,323,538,371,518,358,528,347,535,357
708,688,15049,474,306,299,239,440,315,461,311,515,335,507,322,512,326,524,325
709,659,14693,432,294,271,214,368,266,415,290,478,317,471,316,472,309,480,303
710,635,14887,423,279,294,250,383,287,405,282,463,311,444,304,446,302,468,304
711,654,14804,457,301,306,252,418,301,463,317,486,339,486,332,483,331,487,338
712,594,15051,401,273,272,218,371,270,390,276,427,296,425,299,438,297,433,289
713,623,14936,430,287,310,249,387,289,434,308,459,321,452,307,449,315,459,310
714,664,14998,445,298,301,233,414,290,444,285,503,328,486,335,488,324,503,324
715,668,14850,463,312,302,254,419,302,473,333,523,362,491,354,512,343,522,357
716,728,14938,502,340,332,259,460,332,488,333,538,367,522,372,542,368,547,368
717,668,14765,440,291,289,243,407,301,432,297,470,308,479,314,466,298,477,304
718,709,14829,501,338,349,283,473,345,500,353,512,345,499,358,529,353,523,346
719,596,14800,403,267,281,233,383,276,386,269,436,299,429,290,437,286,440,291
720,758,14924,512,332,347,277,461,319,505,337,568,368,556,367,559,365,576,363
721,712,14902,508,340,335,273,471,325,502,343,563,390,550,376,549,373,563,376
722,679,14758,487,323,332,280,446,323,482,335,525,360,513,356,522,345,529,348
723,668,14731,455,319,284,227,439,310,453,308,499,340,485,325,500,334,502,338
724,653,14852,460,289,299,238,431,279,451,285,494,317,486,314,507,319,503,317
725,646,14789,460,318,310,270,425,316,457,324,495,343,487,343,503,349,499,331
726,734,15070,525,349,335,252,499,351,506,343,550,358,534,363,564,366,563,370
727,658,15090,468,317,324,265,423,311,462,310,488,342,480,324,490,331,500,351
728,646,14977,447,308,275,235,408,299,437,318,481,333,478,326,481,329,481,327
729,650,14790,461,304,299,244,419,285,456,298,483,331,472,337,494,326,493,316
730,581,15006,419,270,282,231,375,277,408,280,438,288,431,289,425,276,441,282
731,670,15006,491,319,306,254,445,318,463,317,502,355,510,348,500,354,518,350
732,603,14772,394,272,282,222,378,282,389,264,449,310,433,280,438,298,448,299
733,670,14822,481,319,319,250,422,292,481,323,506,338,503,346,500,330,511,322
734,665,14896,444,276,283,227,391,266,441,287,473,306,470,330,469,301,483,297
735,629,14984,461,309,301,251,415,312,431,313,502,351,486,344,497,345,509,344
736,675,14661,457,305,310,256,421,302,461,320,498,325,484,317,503,323,497,317
737,651,15012,450,321,292,232,400,288,436,300,480,340,478,331,476,328,492,338
738,669,14822,453,307,317,249,406,293,449,316,485,333,470,325,482,328,492,322
739,598,14920,430,282,286,237,395,293,430,299,460,318,452,323,465,306,469,316
740,670,15157,474,299,286,235,422,302,462,318,498,333,479,323,494,338,508,331
741,657,14942,460,289,280,235,430,304,444,297,477,319,478,326,480,316,480,307
742,636,14967,437,271,289,224,398,275,436,285,466,304,466,303,474,290,467,300
743,603,14958,437,293,310,253,419,293,442,318,472,324,454,323,473,325,475,321
744,678,14797,454,300,283,223,410,290,434,289,496,347,488,338,492,322,506,335
745,708,14861,499,337,320,264,445,329,475,342,533,367,528,362,521,355,525,359
746,600,15124,417,281,286,240,377,285,404,279,465,323,452,312,461,313,469,312
747,705,14868,474,319,297,246,430,307,459,321,494,324,486,317,503,325,501,332
748,716,14581,469,302,329,270,446,325,455,295,530,345,520,346,533,338,546,343
749,669,14979,472,299,304,249,441,304,465,300,514,345,507,347,500,326,517,337
750,681,14810,468,326,335,271,438,328,457,329,497,338,499,344,500,325,511,340
751,649,15017,440,290,307,263,402,294,441,303,472,313,466,304,471,311,472,315
752,652,14757,470,321,333,291,431,331,447,317,498,356,483,346,497,343,495,350
753,701,14782,514,331,356,274,473,338,497,336,549,369,530,358,549,350,558,349
754,723,14954,510,338,335,271,492,331,496,338,554,369,536,373,548,367,559,358
755,686,14886,493,317,308,255,440,311,451,308,524,340,505,332,527,330,536,343
756,647,14701,435,297,294,243,408,297,460,305,471,328,471,331,479,337,478,326
757,629,14987,437,265,294,230,408,284,426,274,449,293,450,296,458,294,453,294
758,715,14983,511,323,311,259,469,328,505,318,546,359,531,350,543,355,550,351
759,648,14943,461,291,295,237,422,301,455,309,491,329,485,323,481,337,488,326
760,691,14700,477,330,289,248,426,311,464,322,507,366,505,357,510,369,521,368
761,645,14830,451,283,288,239,412,291,441,278,474,300,468,307,482,306,481,296
762,573,14914,405,265,259,216,385,277,401,262,438,310,431,302,431,288,448,298
763,672,14709,456,310,297,236,413,293,448,296,485,331,486,323,490,322,487,321
764,620,15032,437,306,305,246,405,306,429,300,460,329,458,325,459,323,461,320
765,688,14939,456,282,313,248,423,284,468,299,516,330,500,330,510,322,512,322
766,707,14937,488,319,343,265,460,320,479,321,527,353,518,351,531,342,534,341
767,704,14988,490,318,327,263,468,327,495,334,531,361,531,378,523,353,527,351
768,658,15018,463,313,300,251,427,317,444,318,494,348,483,329,496,346,497,343
769,713,14930,515,338,321,264,472,340,508,353,567,367,541,359,562,369,578,377
770,680,14854,491,320,310,241,433,293,476,322,508,345,506,340,506,337,518,341
771,607,14892,425,266,274,216,379,257,401,263,461,305,444,296,462,299,469,299
772,682,14789,469,296,302,240,436,305,465,301,508,338,495,337,505,335,510,332
773,650,14981,447,310,296,244,419,312,434,321,487,342,481,345,474,331,491,332
774,668,14757,463,306,312,254,416,296,450,299,495,333,479,328,489,323,498,318
775,725,14742,503,309,315,253,472,331,496,303,528,339,522,343,540,350,537,337
776,676,14782,462,306,302,246,416,303,453,289,500,335,482,343,502,319,509,328
777,671,14766,439,299,313,250,410,295,439,299,487,330,466,315,483,323,490,317
778,677,14913,493,322,301,244,449,322,469,316,518,347,501,336,525,341,526,341
779,700,14904,504,338,315,263,456,336,486,322,533,372,522,355,539,355,541,361
780,666,14897,461,313,295,247,423,295,462,313,495,332,494,353,504,328,514,341
781,626,14919,442,294,314,248,407,295,438,296,472,335,454,329,470,312,474,333
782,645,15036,451,298,309,243,421,306,438,307,487,341,479,333,477,332,498,337
783,638,14895,464,314,311,256,419,308,435,304,496,347,486,340,486,332,495,334
784,698,14852,477,308,290,247,443,324,451,288,520,342,503,327,512,338,529,336
785,615,15057,433,278,287,234,390,279,429,281,460,307,459,306,462,310,468,305
786,650,15111,456,290,310,245,430,301,444,296,482,331,478,328,484,319,493,317
787,711,14906,506,329,308,252,458,335,483,331,539,364,531,352,538,350,545,360
788,697,14792,495,319,291,237,458,320,477,314,533,355,519,340,535,347,537,351
789,676,14597,434,286,262,213,409,283,429,289,485,306,483,319,493,318,492,312
790,700,14758,490,333,346,286,466,347,483,346,521,356,508,338,512,345,524,348
791,696,15064,479,315,278,220,448,310,457,291,508,334,485,314,509,333,522,327
792,689,14973,483,312,313,256,424,308,455,309,507,349,496,338,510,347,514,345
793,711,14856,490,343,324,268,454,331,493,351,536,389,525,379,531,375,545,383
794,653,14859,458,293,303,231,429,298,452,291,485,319,482,305,483,319,495,317
795,637,14837,434,283,288,223,398,280,417,288,457,309,453,321,459,304,461,302
796,668,15046,445,293,280,231,418,284,450,306,489,321,473,326,488,308,491,315
797,609,15047,414,274,278,233,381,275,405,281,455,320,453,293,454,308,460,301
798,635,14992,440,297,291,238,395,276,443,307,463,317,467,324,467,303,473,315
799,654,15031,457,275,295,229,419,293,446,275,473,307,472,322,486,292,485,303
800,683,14978,486,313,313,253,437,299,473,317,524,342,499,340,519,337,528,346
801,702,15010,483,320,295,241,442,296,472,323,522,344,498,325,518,332,526,344
802,669,14954,471,319,298,247,417,292,457,314,513,337,489,324,514,336,526,343
803,634,14806,450,296,310,252,403,296,448,299,468,316,460,312,469,309,476,304
804,667,15092,456,311,307,240,419,304,458,299,505,338,500,330,502,331,504,321
805,722,14746,507,358,332,272,472,339,496,359,548,393,534,375,541,390,549,396
806,629,14700,447,298,275,228,392,284,443,292,468,310,469,322,478,312,477,312
807,704,14953,473,302,305,244,435,312,458,306,527,333,520,335,516,315,534,340
808,568,14837,395,253,261,213,358,255,391,268,430,282,426,294,439,293,431,284
809,644,14902,456,290,274,233,408,272,451,292,497,329,468,321,502,320,494,310
810,667,14898,458,295,304,244,437,299,450,297,494,337,486,325,497,328,507,340
811,733,14850,515,331,334,277,478,346,508,342,563,380,541,369,554,368,566,378
812,618,14737,453,316,296,254,391,292,433,306,473,315,475,321,485,323,475,313
813,678,14933,486,329,347,268,446,319,493,353,525,364,520,358,527,349,528,348
814,653,14965,465,317,334,277,434,327,466,324,504,347,509,356,509,341,511,350
815,665,15103,459,310,317,260,424,324,456,323,505,347,492,341,495,339,507,342
816,675,14736,486,333,339,282,436,317,483,332,517,356,517,354,507,343,519,352
817,765,14736,536,362,348,285,492,331,503,334,582,385,565,379,581,376,583,380
818,666,14884,459,312,335,270,435,311,459,315,490,352,482,334,495,343,503,345
819,699,15007,474,309,317,254,443,307,468,317,527,345,523,350,522,336,525,330
820,570,14910,391,257,265,224,360,259,389,273,424,290,405,276,422,286,430,286
821,631,14976,436,288,273,219,400,281,423,285,472,317,469,319,460,303,479,312
822,728,14802,504,341,333,266,477,341,491,341,547,374,540,366,549,378,551,370
823,650,14804,455,308,291,242,416,298,438,302,479,334,472,330,481,323,481,332
824,664,14877,474,317,311,247,415,312,458,331,501,350,485,347,496,343,510,347
825,668,14984,476,299,305,241,440,297,463,294,519,336,493,314,517,327,517,332
826,696,14831,487,303,320,266,468,322,490,320,531,339,517,339,521,332,535,333
827,704,14828,507,343,328,269,462,328,493,321,542,342,526,345,546,349,549,350
828,617,14878,446,292,288,238,394,283,424,291,485,327,467,315,472,321,483,325
829,576,14832,414,280,268,217,393,272,397,268,449,300,440,305,444,301,455,304
830,651,14997,470,299,316,248,423,307,455,298,496,339,490,336,502,337,504,340
831,709,14872,468,299,310,255,437,302,467,302,512,336,489,322,511,339,514,333
832,709,15006,469,314,317,254,437,326,466,329,510,345,501,348,514,325,516,340
833,677,14865,457,323,327,267,434,319,459,315,496,353,487,337,499,356,503,344
834,665,14895,453,286,275,229,417,284,453,302,490,312,490,329,491,315,493,305
835,660,15045,479,304,323,255,430,308,452,293,491,316,492,315,481,312,495,309
836,639,14927,407,274,258,213,379,285,407,273,461,320,445,295,459,321,462,310
837,637,14720,458,304,286,236,415,304,436,313,474,331,462,319,468,317,480,326
838,715,14667,461,299,304,244,429,299,470,299,497,336,481,326,510,344,511,339
839,657,14914,474,314,302,247,448,316,460,318,507,361,500,350,516,359,511,356
840,636,15114,474,311,307,256,426,315,441,289,475,316,464,313,465,314,479,314
841,641,14830,448,284,341,274,425,293,449,288,486,321,475,327,480,303,490,312
842,718,14965,478,316,323,260,463,325,477,310,529,360,512,347,521,344,532,349
843,705,14934,486,319,286,243,447,315,477,313,528,350,523,343,519,335,528,343
844,674,15110,485,312,330,258,429,314,478,333,505,344,501,348,506,340,513,336
845,610,14765,421,282,306,243,399,293,421,284,466,320,465,316,465,313,476,309
846,605,14882,421,292,282,240,387,291,428,295,446,322,440,307,451,305,456,312
847,643,15015,455,292,286,241,412,285,450,310,485,333,467,320,484,323,491,322
848,622,14864,426,271,261,206,387,256,413,264,459,290,449,295,462,290,461,286
849,636,15013,432,272,273,213,404,278,425,276,472,303,462,310,464,296,466,296
850,673,14996,479,333,311,265,456,328,477,324,523,358,503,345,531,353,526,356
851,643,14943,452,300,302,247,424,315,437,299,490,344,482,325,490,327,493,339
852,651,14876,442,287,286,250,405,281,441,304,487,325,469,323,487,319,488,306
853,682,14808,462,294,313,240,432,277,469,309,495,325,478,327,498,335,506,332
854,641,15017,476,304,296,229,419,293,460,302,493,317,484,323,495,321,506,325
855,659,14678,461,308,307,252,426,304,443,315,498,343,486,325,489,340,508,352
856,655,15174,440,304,304,243,409,307,443,298,479,319,480,326,475,313,481,314
857,691,14623,462,299,320,269,424,291,468,309,507,338,502,338,494,330,503,333
858,653,15028,458,325,301,235,429,300,445,317,486,344,473,321,487,335,490,337
859,640,14768,424,287,293,251,398,303,437,300,465,340,438,301,466,326,465,339
860,727,14917,484,313,326,257,457,320,486,327,542,354,527,354,542,346,545,346
861,738,14998,506,321,337,264,475,334,507,348,542,350,529,355,540,351,544,347
862,698,14693,488,331,318,258,455,318,481,317,515,351,512,343,520,350,524,359
863,647,15093,460,300,294,252,419,304,438,295,486,333,467,319,482,339,486,328
864,690,14768,468,325,303,245,450,336,475,323,522,364,501,343,519,365,519,361
865,643,14764,468,299,303,246,434,299,453,296,504,343,494,326,504,325,507,330
866,705,14839,495,321,348,269,479,331,504,341,543,360,526,356,527,349,536,352
867,708,14939,498,322,299,242,450,316,481,311,533,347,523,339,514,332,538,347
868,649,14890,452,299,293,244,401,296,443,295,475,335,471,340,480,327,479,336
869,686,14857,459,301,313,254,436,306,471,302,514,334,487,336,503,322,516,318
870,671,14945,459,285,313,253,445,318,461,309,499,329,498,325,498,328,502,325
871,641,14805,424,272,286,215,406,283,414,264,462,307,453,304,468,310,471,308
872,731,14931,515,332,318,251,466,317,501,332,549,365,535,359,539,346,551,355
873,667,14684,460,301,309,264,414,303,452,323,499,365,491,361,499,355,516,359
874,677,14658,469,338,320,263,424,303,462,325,528,360,517,350,521,355,526,355
875,676,14779,460,299,296,235,414,283,459,304,491,320,482,326,487,322,495,324
876,640,14832,458,300,310,255,429,304,459,304,481,330,478,330,488,329,481,324
877,612,15173,425,295,298,239,391,292,417,293,455,308,444,309,452,305,464,307
878,591,14997,409,261,277,223,374,265,386,265,441,292,444,303,445,299,442,288
879,642,14980,455,290,314,250,404,289,445,308,494,322,474,328,500,328,500,321
880,641,15016,435,274,288,230,411,269,436,273,470,303,464,298,471,305,477,301
881,723,14861,494,317,280,228,449,306,464,308,542,352,534,349,540,348,550,344
882,686,15073,459,297,291,244,420,286,438,294,492,330,478,315,492,324,497,317
883,646,14740,441,277,280,229,423,292,439,284,500,326,472,315,500,329,503,319
884,690,14823,467,288,299,249,442,293,468,298,518,315,506,311,519,320,517,313
885,654,14760,462,284,303,248,442,305,449,290,485,311,478,317,481,309,488,310
886,691,14703,477,325,295,231,431,307,466,327,511,358,501,350,507,345,514,350
887,666,14915,482,315,296,245,433,293,465,306,503,320,488,315,498,311,516,326
888,675,14894,465,311,307,252,436,313,453,321,510,350,491,340,506,347,508,342
889,650,14909,446,298,295,239,411,297,443,311,483,322,468,323,479,321,481,321
890,631,14974,427,276,285,228,400,269,440,288,469,300,452,295,462,293,476,300
891,685,14873,453,293,299,248,434,306,472,322,506,332,500,345,519,328,510,333
892,659,14939,460,307,296,248,422,295,463,319,492,338,491,355,494,341,503,341
893,670,14813,479,329,309,258,432,318,468,327,512,349,504,353,519,350,517,347
894,638,14892,443,298,313,258,408,290,444,301,490,326,474,318,476,308,485,319
895,709,14818,521,330,335,278,479,337,510,341,540,363,527,365,541,353,545,365
896,614,14956,433,280,305,255,405,287,427,300,468,312,453,302,461,305,472,303
897,639,14882,417,275,296,231,398,284,420,279,458,294,462,310,459,304,470,295
898,673,14954,442,271,295,234,405,287,434,284,478,314,473,313,472,305,485,304
899,697,15061,490,318,267,202,440,315,449,297,528,349,515,354,529,346,535,348
900,663,14841,467,324,290,231,431,302,462,325,490,345,480,335,487,338,493,340
901,636,14861,440,277,304,242,399,279,435,283,473,311,476,321,481,303,479,307
902,703,14906,495,325,332,262,447,318,485,327,515,340,522,352,525,341,517,332
903,611,14907,412,262,284,230,369,253,407,279,439,282,436,307,442,277,441,273
904,588,14765,415,284,279,232,373,265,404,285,454,319,449,322,454,308,457,304
905,608,15017,447,289,268,219,390,275,414,266,464,319,454,298,449,309,466,308
906,679,14778,444,289,311,243,435,306,448,297,501,325,484,305,498,315,511,311
907,557,14887,406,261,265,213,373,280,409,266,421,297,412,286,421,290,432,291
908,682,14793,478,319,335,260,436,305,467,329,509,350,496,346,501,339,511,340
909,681,14792,454,307,293,239,429,312,437,299,488,342,474,327,485,344,491,335
910,693,14969,481,314,316,249,428,288,450,303,511,327,504,341,510,323,516,318
911,726,14873,495,317,318,257,469,318,500,319,527,348,514,339,532,335,532,347
912,676,14849,465,314,313,245,422,300,449,297,519,334,476,321,522,331,524,327
913,667,14836,453,281,301,245,433,303,452,300,494,314,487,329,493,323,498,313
914,638,14916,436,277,290,243,397,268,422,280,478,314,465,321,469,316,473,304
915,690,14937,459,298,323,256,441,304,494,328,511,321,523,342,509,320,524,326
916,649,14983,465,301,288,236,420,303,466,313,494,321,475,320,497,318,508,320
917,646,14988,453,304,293,234,409,298,454,315,470,331,462,310,466,308,472,324
918,653,14980,458,313,289,238,442,310,450,307,499,339,485,334,492,334,503,330
919,668,14819,457,314,310,247,419,288,456,310,491,331,483,324,490,325,494,324
920,631,15114,438,275,299,232,387,260,415,273,449,292,443,282,455,297,453,286
921,690,14980,494,328,322,257,444,308,470,305,511,324,505,317,506,308,514,316
922,682,14922,471,302,309,245,426,296,478,308,524,338,513,336,510,323,531,329
923,632,14965,434,277,286,235,382,266,418,285,467,325,461,331,463,307,471,313
924,642,15065,466,303,304,240,411,289,448,311,488,328,480,327,489,322,490,320
925,705,14833,483,308,327,259,442,308,495,319,519,348,508,335,519,338,525,344
926,649,14875,467,321,294,239,431,303,458,308,492,337,491,336,492,336,493,328
927,653,14996,482,315,317,264,443,320,465,300,496,314,492,321,500,313,508,322
928,667,14816,456,303,324,267,432,303,452,303,505,334,497,343,507,334,503,327
929,662,14849,455,312,309,252,407,286,436,304,488,356,481,343,474,345,488,353
930,689,14754,475,286,321,249,444,306,476,302,516,317,506,326,508,313,521,311
931,676,14653,458,295,275,226,406,285,432,273,504,329,488,310,503,321,509,332
932,759,14849,488,301,298,247,442,297,482,301,534,333,520,328,532,334,543,340
933,663,14908,476,321,314,264,429,318,459,320,506,358,497,352,516,352,510,344
934,612,14943,421,281,259,209,379,281,406,276,450,307,434,297,447,299,459,311
935,691,14924,482,321,333,282,431,321,469,332,511,345,497,351,495,329,513,338
936,645,14902,440,279,270,218,404,274,444,289,480,314,468,317,489,315,488,309
937,621,14992,429,267,277,216,403,277,419,272,471,299,459,305,470,295,475,297
938,650,14740,450,273,270,205,394,263,423,279,479,311,468,311,477,302,480,302
939,646,14912,464,309,326,265,413,291,444,325,487,339,483,347,488,322,494,329
940,702,14545,468,307,284,225,420,279,459,310,510,335,496,325,508,317,509,320
941,674,14696,450,295,272,210,398,267,425,279,480,310,471,314,473,308,485,303
942,654,15032,463,310,273,227,425,304,450,302,511,349,498,346,505,348,508,333
943,626,14819,398,283,268,226,364,278,408,291,442,319,433,309,450,316,444,312
944,664,14844,465,285,273,205,400,280,447,289,497,325,478,323,488,323,499,321
945,654,14617,453,276,286,225,409,272,437,281,478,308,470,320,467,300,485,299
946,677,14616,464,298,311,253,445,309,466,298,500,317,485,315,499,327,503,314
947,672,14947,485,320,333,266,444,310,467,319,506,342,493,340,504,334,512,331
948,678,14781,468,316,303,247,439,321,443,312,506,343,485,338,494,327,509,335
949,665,14829,457,313,309,246,416,296,453,317,482,345,477,341,475,334,495,341
950,643,14846,441,287,280,222,393,271,437,286,471,326,462,315,472,311,478,319
951,650,14832,446,277,290,234,419,298,432,285,482,324,475,320,483,324,484,318
952,653,15029,456,301,292,231,427,303,460,299,499,324,495,334,503,319,507,316
953,661,14817,454,308,286,236,402,283,456,315,495,335,489,334,488,324,501,327
954,673,14997,472,332,319,271,430,320,464,328,518,367,507,372,513,366,523,354
955,639,14960,467,315,302,247,436,302,435,309,482,322,471,314,481,315,491,317
956,701,14835,492,323,312,251,445,316,486,330,522,363,512,346,522,355,529,354
957,678,14871,453,293,314,244,425,288,467,304,497,331,488,320,500,324,506,330
958,676,14980,463,304,293,237,441,296,469,306,507,338,500,337,509,335,513,333
959,600,15010,420,290,280,231,385,288,403,283,467,328,453,313,459,320,467,328
960,661,14892,449,299,302,244,403,294,453,306,495,331,486,327,493,324,498,330
961,620,15159,437,290,312,258,405,298,431,303,469,331,460,333,468,318,463,315
962,669,14669,477,321,289,235,443,320,469,325,502,347,484,332,500,348,509,343
963,695,14738,489,322,318,252,452,316,476,311,522,346,504,334,523,341,532,343
964,694,14905,478,325,325,259,435,302,485,343,511,355,512,352,512,333,521,359
965,662,15031,449,298,282,219,425,297,460,297,492,327,492,334,495,332,503,325
966,686,14831,489,322,298,243,448,308,454,301,520,352,504,335,509,342,532,345
967,677,14759,461,310,292,232,414,288,465,304,492,342,476,334,494,333,495,340
968,646,15011,445,301,316,253,419,310,440,308,494,349,485,339,493,324,495,336
969,630,14928,464,304,300,249,416,301,449,307,491,341,483,334,492,335,498,333
970,582,14772,408,273,280,242,361,272,385,268,434,306,422,294,430,298,438,291
971,658,14776,442,293,288,250,409,302,441,289,487,323,467,326,486,321,484,300
972,731,14919,500,314,286,236,449,298,479,316,524,330,523,346,533,340,532,329
973,697,15076,485,303,291,238,458,315,474,314,527,355,516,341,528,345,523,338
974,666,15156,470,315,306,255,419,302,440,304,491,344,473,325,487,337,495,336
975,614,14956,428,292,309,257,389,281,420,298,439,311,426,311,439,305,440,303
976,660,14717,460,275,287,234,404,259,447,279,481,311,477,298,488,313,488,308
977,682,14714,480,319,320,259,421,299,461,316,515,345,513,351,517,340,522,350
978,692,14983,461,300,293,228,439,294,459,294,514,331,497,331,512,312,523,333
979,740,14938,497,317,317,254,462,327,487,322,552,349,525,350,537,351,548,346
980,632,14785,425,273,264,222,380,256,434,285,456,285,441,289,457,293,459,287
981,704,14796,477,305,297,232,447,312,477,308,517,346,502,330,519,343,524,341
982,680,14943,461,305,293,238,406,300,445,297,497,343,495,347,503,324,497,334
983,684,15060,457,304,304,243,425,300,464,301,509,345,492,335,518,344,518,348
984,667,15001,428,276,324,260,420,304,444,304,480,305,485,321,486,315,485,301
985,677,14685,458,329,316,262,431,322,454,328,503,354,495,353,504,349,513,342
986,669,15049,443,282,297,240,408,293,453,286,481,317,476,319,483,313,490,314
987,678,14846,463,304,304,242,422,292,469,313,496,330,467,319,500,320,500,323
988,706,14924,494,320,318,261,455,324,472,320,527,359,502,343,524,352,535,348
989,728,14779,490,314,292,238,461,323,487,317,533,355,519,328,550,347,546,349
990,662,14845,463,298,297,230,439,322,464,313,515,335,487,330,515,337,519,335
991,717,14721,509,331,337,261,458,326,499,330,543,349,530,346,541,356,547,353
992,636,14743,458,315,314,238,420,310,433,305,481,334,474,338,481,324,491,321
993,637,15081,439,296,296,240,416,294,437,302,477,319,470,318,480,322,474,313
994,694,14908,506,341,341,283,442,309,493,329,522,354,509,348,535,353,526,344
995,650,14904,458,302,307,249,420,295,461,310,498,341,471,329,498,338,504,332
996,673,15198,482,329,328,262,418,296,464,315,506,346,500,334,495,343,507,332
997,628,15018,431,296,303,243,406,292,416,298,454,314,442,305,456,323,468,319
998,683,14898,479,321,317,259,424,303,468,319,508,363,503,357,513,341,512,347
999,659,14685,460,291,289,231,424,301,440,297,505,329,499,340,508,315,509,322
1000,703,14927,463,295,326,250,435,311,469,300,497,325,482,318,496,311,502,310
1001,689,14770,468,304,321,265,424,304,462,323,502,340,489,326,505,335,509,336
1002,620,15032,416,264,283,230,395,281,425,281,464,311,448,307,457,301,467,306
1003,612,14823,405,262,259,217,371,262,401,271,433,294,433,297,436,293,437,291
1004,684,14810,487,327,332,270,450,320,493,324,522,349,503,359,524,351,519,341
1005,705,14864,470,302,306,250,447,313,462,305,522,333,509,335,515,333,529,332
1006,614,15023,460,311,307,242,416,305,434,315,461,326,458,339,467,319,463,324
1007,654,14973,438,290,301,236,415,302,448,301,482,332,472,334,493,335,488,330
1008,672,14628,471,315,329,268,431,314,459,325,504,347,502,349,498,347,512,339
1009,677,14811,471,292,296,241,421,288,463,297,501,328,479,316,507,327,508,322
1010,682,14894,468,272,291,231,431,286,460,294,515,334,504,341,523,341,524,330
1011,697,14822,503,334,333,279,452,316,497,337,544,358,534,357,545,343,553,350
1012,709,14845,495,312,337,261,462,323,499,335,523,345,505,343,513,333,530,327
1013,656,14780,467,288,318,259,430,293,453,296,493,328,492,325,488,325,501,326
1014,609,14734,428,287,311,260,406,297,432,289,462,309,448,313,453,304,459,303
1015,691,15006,472,308,320,260,438,318,483,318,514,342,502,337,516,346,526,346
1016,661,14926,463,294,301,240,431,302,463,290,495,315,499,305,494,310,499,313
1017,640,14926,446,291,264,218,396,270,433,283,472,330,469,308,473,321,474,329
1018,632,14953,429,306,277,227,402,290,416,295,481,341,463,328,482,338,483,331
1019,680,14938,466,300,346,270,443,308,468,328,504,342,482,335,502,323,502,331
1020,692,14654,476,327,291,245,430,312,448,315,504,352,501,346,509,344,509,349
1021,666,14771,476,319,297,238,428,302,468,314,497,354,490,338,502,354,505,357
1022,679,14639,453,307,305,244,427,309,449,312,496,344,500,332,488,318,506,339
1023,633,14761,447,297,318,258,428,309,447,305,472,324,456,302,469,315,478,320
1024,633,14907,426,274,290,229,389,273,409,280,470,308,467,297,464,309,468,305
1025,684,14990,466,309,308,264,423,320,451,311,500,346,495,336,495,350,504,339
1026,658,14857,455,320,309,252,412,306,445,304,490,350,487,341,476,326,490,341
1027,708,14957,510,328,316,259,467,316,497,329,537,374,525,367,539,372,539,363
1028,692,15070,507,324,318,268,457,305,480,325,546,363,536,362,546,345,549,354
1029,702,14673,485,325,281,227,437,292,476,312,533,351,518,339,531,334,535,345
1030,690,14948,479,322,345,270,453,318,458,305,518,348,511,344,520,345,510,335
1031,594,14858,410,260,270,209,393,276,387,256,424,289,406,276,427,285,428,284
1032,701,14887,479,298,283,215,429,275,475,303,516,337,509,327,507,320,519,334
1033,701,15032,472,303,297,246,431,308,456,297,505,337,493,339,511,335,512,335
1034,683,14914,460,298,313,240,424,305,458,309,509,343,507,346,503,327,520,349
1035,660,14696,448,299,323,252,415,295,454,314,483,318,476,320,483,314,485,316
1036,617,14728,408,281,268,232,388,278,406,279,456,324,443,326,447,312,456,317
1037,608,14817,399,247,264,224,373,261,394,266,445,292,434,286,437,289,450,291
1038,668,15023,467,316,310,255,446,299,454,303,518,332,511,338,512,308,520,318
1039,718,14997,483,302,304,247,445,305,463,292,539,352,516,341,536,340,535,339
1040,661,14738,448,309,313,252,411,302,443,310,482,344,471,327,477,336,487,346
1041,666,14916,457,302,289,240,397,280,435,286,484,315,482,323,488,310,488,310
1042,611,15113,434,300,296,248,387,296,404,283,458,320,451,322,452,315,463,313
1043,696,14899,482,331,319,259,452,333,489,327,507,366,502,361,513,358,515,365
1044,645,14717,449,299,298,247,421,301,436,293,487,325,473,308,492,323,493,320
1045,699,14904,469,313,305,255,421,294,468,309,524,339,513,344,527,347,529,335
1046,683,14810,449,301,278,223,422,297,453,306,502,321,491,330,488,308,502,315
1047,666,15004,479,298,289,231,437,296,460,307,504,326,504,331,494,336,503,319
1048,620,14962,428,288,279,229,396,285,419,290,464,314,456,302,470,311,460,302
1049,664,15121,479,295,326,266,453,306,488,315,522,335,513,333,513,319,521,323
1050,707,14878,501,319,315,245,434,298,462,312,510,346,504,343,517,345,515,339
1051,669,14713,462,295,307,251,416,279,443,292,503,316,488,313,489,305,506,306
1052,703,14965,479,302,332,256,471,322,474,305,524,342,522,355,519,345,529,345
1053,668,14720,445,300,304,258,427,305,445,311,489,334,475,332,485,332,488,323
1054,759,14904,521,360,362,294,490,342,531,361,562,376,566,383,572,367,575,378
1055,691,14782,490,326,339,281,463,335,477,311,524,351,508,344,518,346,528,350
1056,631,14973,455,297,300,237,422,296,446,307,489,322,485,323,484,331,493,320
1057,686,14664,457,325,295,242,421,319,436,308,490,346,480,340,485,328,503,344
1058,685,15026,483,307,305,245,444,299,467,308,510,344,497,321,507,342,515,334
1059,652,14899,463,294,304,239,415,294,436,296,484,332,487,342,482,324,488,330
1060,645,14865,448,302,297,242,422,301,453,306,476,332,476,332,471,325,490,330
1061,625,14813,453,299,293,243,414,301,443,295,471,334,458,330,480,326,479,327
1062,608,15007,424,283,297,254,373,277,418,277,461,321,452,317,458,307,456,313
1063,718,14923,486,321,342,274,477,346,500,345,537,369,532,371,538,360,545,365
1064,628,14881,425,280,290,235,388,270,431,284,450,306,448,306,447,303,463,304
1065,655,14852,475,287,291,243,409,288,447,309,503,326,492,328,509,324,507,318
1066,695,14762,472,316,317,245,446,322,466,320,518,363,502,343,521,368,519,367
1067,701,14821,479,307,322,262,449,331,472,321,528,347,524,351,513,344,534,350
1068,651,14766,452,304,289,242,419,300,445,308,476,324,472,330,481,320,482,319
1069,675,15059,481,332,327,270,451,348,458,320,513,355,501,348,506,336,514,343
1070,679,14852,468,305,310,251,440,297,458,307,507,336,520,353,499,328,512,332
1071,719,14682,474,316,320,260,441,296,477,323,519,336,498,337,518,337,526,332
1072,676,14931,446,304,301,237,429,315,443,306,493,357,474,337,495,348,499,350
1073,672,14985,452,300,311,252,426,289,449,302,489,321,488,340,487,312,494,316
1074,698,14913,470,325,317,251,441,319,468,312,525,345,500,319,504,331,529,342
1075,666,14897,470,316,296,249,427,305,443,307,496,331,487,326,496,335,504,333
1076,716,14729,499,360,327,277,474,338,490,343,544,371,528,361,546,366,548,367
1077,630,14781,447,285,301,244,383,276,434,288,466,310,446,291,468,305,467,302
1078,637,14957,450,290,299,246,405,285,441,311,459,323,458,319,459,315,461,322
1079,748,15167,498,302,306,246,471,315,484,318,541,350,537,358,539,345,550,343
1080,680,14651,480,315,320,258,446,336,459,313,523,362,509,345,515,355,523,343
1081,605,14887,440,288,291,238,390,288,437,296,469,326,468,329,473,321,471,317
1082,644,14939,429,297,295,244,405,310,418,291,489,336,473,339,491,330,497,335
1083,624,14886,436,292,299,230,408,292,430,287,471,311,459,317,475,311,475,316
1084,665,14863,452,298,300,241,413,301,449,304,490,325,471,308,487,319,497,317
1085,656,14754,440,304,283,242,394,288,433,298,470,334,470,339,469,323,479,316
1086,650,14903,462,289,290,229,427,300,442,295,474,328,480,330,473,313,490,321
1087,688,15012,487,314,328,260,444,312,481,313,512,336,499,323,500,330,516,329
1088,660,14659,454,303,299,248,414,292,449,307,481,320,481,330,491,313,498,323
1089,647,14683,467,302,296,237,409,285,452,295,482,326,487,327,482,320,492,321
1090,683,14789,484,317,316,259,438,306,470,318,535,347,518,335,513,337,526,335
1091,663,14731,476,315,315,259,441,309,449,306,493,330,495,337,494,314,497,323
1092,655,15111,451,289,278,231,400,289,449,300,492,313,500,335,491,302,495,309
1093,655,14851,437,283,295,242,422,300,452,299,478,326,465,319,465,322,481,326
1094,624,14952,439,270,261,215,403,280,432,288,471,319,473,323,474,309,476,312
1095,675,14914,457,281,287,232,424,300,454,305,497,328,491,331,500,334,503,325
1096,652,15031,451,299,310,253,416,305,457,308,488,334,483,329,482,316,487,315
1097,702,14808,485,322,319,253,446,311,469,315,520,352,503,339,524,356,531,353
1098,668,14835,460,294,291,236,420,284,444,282,487,314,478,318,485,318,482,303
1099,648,14920,436,286,311,246,389,277,424,298,474,329,467,317,464,324,471,315
1100,690,14704,473,301,299,243,427,287,484,306,521,341,514,331,522,329,521,331
1101,693,14912,468,319,330,278,447,317,477,324,531,364,511,340,528,360,535,362
1102,669,14917,472,323,321,261,428,312,454,318,508,327,485,321,504,330,515,333
1103,673,14977,459,299,305,247,433,301,458,310,501,340,493,325,506,329,505,335
1104,649,14818,451,294,304,240,402,280,448,299,483,321,468,322,479,309,486,307
1105,676,14994,455,326,310,249,429,321,451,315,499,346,488,335,494,327,505,340
1106,662,15025,450,288,293,239,412,301,441,311,485,348,487,338,484,336,487,340
1107,701,14591,481,326,303,251,452,330,476,323,502,358,498,344,509,359,516,360
1108,649,14885,427,281,291,238,396,276,427,281,460,319,449,309,451,303,457,301
1109,659,14800,461,311,302,242,431,307,463,320,506,334,503,352,499,339,508,330
1110,669,15068,453,281,266,220,417,304,445,293,493,336,481,338,494,341,498,338
1111,731,14741,494,316,337,281,458,318,475,314,534,337,521,344,522,325,532,330
1112,663,14887,453,287,304,250,423,304,450,307,491,329,481,320,493,317,496,324
1113,748,14760,531,331,313,242,479,317,512,319,573,362,559,361,575,358,577,360
1114,584,15002,423,293,290,238,393,280,430,302,457,321,441,310,456,321,457,317
1115,706,14712,492,298,317,265,458,309,489,305,518,316,522,320,521,322,530,320
1116,653,15031,459,313,305,246,422,300,477,321,498,338,498,349,487,337,495,339
1117,697,14762,500,359,339,274,472,361,493,358,528,384,523,380,538,380,539,377
1118,612,14917,416,294,269,215,376,270,414,277,454,314,447,303,447,308,454,302
1119,670,14857,451,305,284,240,410,302,436,295,465,318,456,315,475,312,472,316
1120,685,14704,491,298,294,238,444,288,487,311,525,339,516,348,529,340,531,340
1121,645,14865,417,294,297,247,399,293,406,296,449,306,452,319,450,307,459,309
1122,655,14871,461,292,303,247,432,301,444,296,497,337,482,319,500,322,495,330
1123,640,14849,413,289,296,259,399,302,429,297,465,327,463,321,464,318,468,317
1124,609,15020,422,266,294,240,382,275,415,281,449,298,446,308,453,294,446,278
1125,764,15051,526,336,370,291,506,340,524,356,563,353,562,365,562,353,566,346
1126,671,14711,454,318,336,271,428,314,460,313,505,349,495,341,499,348,506,341
1127,692,14808,467,313,326,259,447,320,463,319,506,350,496,346,510,334,513,340
1128,662,14908,459,315,326,259,413,307,447,316,492,344,489,354,481,334,496,344
1129,662,14693,442,295,304,249,408,300,451,303,496,345,484,333,491,336,500,341
1130,684,15092,470,317,314,260,436,320,456,318,514,346,509,342,519,342,519,348
1131,643,14858,439,302,292,252,401,299,442,317,471,336,459,323,472,328,485,335
1132,639,14928,449,305,292,244,412,299,447,306,484,338,478,341,478,320,495,327
1133,660,14751,462,301,282,238,422,287,443,298,497,329,491,339,495,314,496,318
1134,619,15136,436,306,279,223,413,296,435,308,456,327,457,337,461,314,467,320
1135,658,15140,437,273,297,231,406,292,434,273,477,326,472,313,476,310,478,302
1136,667,14869,444,299,265,213,413,275,425,290,483,329,474,334,481,325,488,333
1137,703,14628,482,320,306,258,442,312,467,319,500,341,496,345,502,321,514,339
1138,664,14970,475,316,281,231,428,303,458,310,503,340,492,338,515,338,505,333
1139,647,14850,431,285,303,242,405,278,431,295,455,297,454,319,472,291,466,299
1140,622,14735,439,289,280,231,401,299,424,307,474,328,466,311,479,327,482,316
1141,673,14866,440,306,327,266,417,304,451,312,480,327,468,339,482,324,489,327
1142,565,14948,407,271,246,199,378,267,393,283,429,299,424,300,424,289,427,286
1143,663,14856,484,313,316,253,446,309,474,323,518,345,496,344,518,326,524,348
1144,725,15022,489,322,336,283,440,328,475,319,499,338,482,321,502,333,508,339
1145,682,15028,472,293,321,261,435,311,467,318,503,345,488,337,502,341,508,338
1146,663,14759,439,288,292,245,409,295,455,290,484,317,474,322,494,317,500,320
1147,659,15037,472,304,317,259,428,299,460,304,500,333,488,313,495,322,508,332
1148,661,15074,455,299,303,247,412,277,437,285,495,324,490,327,488,306,492,308
1149,662,14876,429,291,279,227,388,277,434,302,477,316,472,327,463,309,471,314
1150,643,15025,435,278,294,234,403,282,429,280,468,311,456,297,460,293,472,305
1151,649,14820,454,290,290,224,419,297,443,296,486,323,481,313,490,315,481,316
1152,652,14919,456,316,332,270,412,314,448,305,494,346,482,343,481,332,500,337
1153,652,14789,453,321,291,238,420,309,443,305,512,363,481,340,496,350,507,347
1154,677,14679,479,314,326,263,438,321,465,317,497,346,490,329,505,332,508,345
1155,698,14824,479,313,299,231,425,285,463,300,513,344,507,336,513,326,518,341
1156,646,14993,441,316,318,256,423,317,437,323,483,339,476,344,484,339,482,329
1157,583,14765,389,262,273,229,382,272,393,270,416,286,409,292,422,285,428,285
1158,689,14842,439,293,316,255,423,304,455,303,500,344,479,339,498,338,506,335
1159,647,14778,436,290,292,244,414,287,425,294,472,324,463,324,480,314,486,312
1160,674,14703,459,304,306,263,416,306,455,323,515,354,492,334,514,348,515,350
1161,660,14902,476,286,291,236,424,287,473,314,494,313,492,343,499,317,503,323
1162,659,14991,451,311,283,245,426,305,455,300,491,340,477,325,487,321,496,329
1163,637,14883,437,299,304,252,411,294,444,316,489,323,469,314,483,322,487,312
1164,632,14780,452,301,309,249,399,287,438,290,466,309,461,315,473,306,479,305
1165,630,14901,446,293,313,260,418,304,427,281,479,319,468,320,473,313,476,309
1166,673,14882,467,315,290,240,414,297,464,330,487,350,482,329,493,351,498,339
1167,755,14795,526,358,345,275,491,363,515,353,574,396,562,389,581,384,588,392
1168,630,15012,415,275,290,235,394,273,424,290,452,316,446,306,461,310,454,310
1169,735,14804,485,320,321,267,450,321,498,333,535,344,520,334,521,335,541,335
1170,633,14874,443,292,328,272,412,306,428,295,460,314,457,311,457,302,467,309
1171,628,14924,452,271,311,250,412,286,449,289,473,309,460,301,487,312,477,310
1172,693,14782,489,335,326,275,443,320,489,344,520,365,503,358,513,348,514,355
1173,651,14874,445,285,280,231,403,283,428,268,488,316,479,317,480,306,490,308
1174,674,14708,471,301,297,239,423,278,467,303,509,341,499,332,507,339,512,343
1175,703,14992,495,303,326,251,456,334,483,310,536,352,529,347,544,350,537,347
1176,635,14975,452,299,283,235,402,296,430,298,476,314,475,328,489,322,477,313
1177,712,14873,508,353,346,285,472,347,501,362,542,376,533,371,534,369,553,374
1178,631,14723,420,266,292,229,391,275,417,274,463,303,456,300,469,304,467,295
1179,648,14875,465,312,310,256,430,300,443,310,487,345,476,338,484,324,489,330
1180,635,14948,453,310,288,247,424,307,437,302,489,334,480,330,493,347,493,328
1181,704,15077,497,334,332,264,471,332,477,336,542,361,523,358,534,347,535,346
1182,702,15046,505,326,311,248,462,320,489,327,532,364,525,370,543,363,546,355
1183,670,14793,493,306,316,254,448,295,482,316,518,339,516,356,516,337,513,334
1184,642,14921,448,298,284,239,404,286,432,290,478,321,470,327,481,315,485,306
1185,657,14951,448,303,314,239,421,294,456,301,486,343,477,323,481,327,492,327
1186,734,14729,497,339,329,271,455,342,493,336,547,361,542,363,555,369,556,365
1187,641,14810,429,289,306,251,407,301,433,301,461,311,458,309,462,307,465,304
1188,647,14854,430,296,299,248,406,306,429,301,466,340,453,329,471,325,473,332
1189,619,14941,427,270,295,230,384,272,414,275,471,310,457,315,466,301,476,296
1190,723,14903,518,341,341,282,471,332,509,346,554,364,544,365,554,361,557,361
1191,737,14934,503,332,344,290,462,338,474,323,536,360,520,364,537,356,544,353
1192,619,15026,447,310,322,261,422,305,428,303,474,332,462,314,472,324,474,324
1193,605,15153,423,272,280,224,375,260,408,278,440,301,445,295,435,295,449,290
1194,693,14897,479,315,319,261,442,319,482,331,509,341,493,336,523,337,521,343
1195,701,14741,491,321,333,268,480,333,496,328,535,347,538,366,544,352,543,351
1196,681,14745,472,299,284,241,429,291,463,289,518,342,504,328,523,330,519,334
1197,689,14985,457,316,321,275,424,317,443,310,498,336,498,338,486,318,498,328
1198,713,14811,496,326,323,250,453,319,474,336,537,362,523,356,529,365,544,350
1199,651,14933,461,319,285,231,403,276,449,305,495,340,495,335,496,333,497,336
1200,611,14982,414,273,282,215,395,275,420,284,465,313,457,299,454,299,462,300
1201,648,14816,450,291,320,259,419,302,446,298,498,329,475,313,493,322,500,325
1202,671,15006,452,301,297,244,441,316,465,313,495,327,481,324,492,334,498,329
1203,731,14599,482,335,321,258,438,305,464,323,534,354,513,355,520,337,531,347
1204,645,14911,453,303,304,245,402,301,431,305,481,335,466,327,486,332,486,330
1205,633,14854,444,297,307,244,399,297,432,309,471,331,462,339,469,318,468,321
1206,679,14975,464,323,323,258,434,315,454,312,488,340,472,342,485,336,490,335
1207,670,14968,485,327,304,252,453,331,473,311,513,347,502,342,525,336,527,347
1208,741,14995,483,317,338,270,454,315,488,340,519,344,518,361,525,341,533,341
1209,661,14727,450,309,326,258,412,305,446,294,470,324,468,321,475,318,484,323
1210,650,15108,432,288,282,224,394,284,431,300,461,336,461,332,461,327,471,328
1211,669,14943,469,300,320,265,416,299,453,303,500,344,477,321,498,322,508,321
1212,702,15290,492,329,325,263,455,327,499,337,540,374,533,379,533,359,542,361
1213,659,14822,488,288,301,247,445,288,481,296,519,330,507,330,531,321,524,318
1214,654,14912,444,309,318,250,402,284,439,301,471,315,470,336,470,303,479,318
1215,692,14723,485,321,316,253,443,318,465,320,505,356,502,335,502,338,507,339
1216,681,15059,494,325,317,264,442,318,463,323,515,361,521,361,512,358,514,353
1217,673,14720,463,293,306,244,439,297,454,288,497,306,482,297,490,299,502,300
1218,617,15090,432,289,260,223,390,275,422,277,462,319,458,307,479,306,473,315
1219,736,14759,526,346,342,279,489,342,530,361,568,395,553,385,563,375,570,384
1220,700,14876,495,311,323,252,457,296,482,312,517,338,521,340,509,330,526,335
1221,658,14744,446,294,280,222,422,300,440,288,489,334,471,311,490,333,494,328
1222,669,14901,463,315,301,251,416,308,438,312,491,343,490,342,488,343,494,336
1223,695,14870,483,303,313,256,459,305,491,311,541,339,526,335,541,343,550,340
1224,629,15062,435,285,300,242,388,274,424,292,473,327,459,324,470,321,465,308
1225,686,14964,485,306,296,249,433,294,463,298,512,334,504,328,511,337,517,335
1226,643,14804,427,262,289,225,381,270,428,282,472,301,461,300,460,279,474,284
1227,694,14982,484,321,316,265,439,323,480,335,511,359,503,357,519,355,519,353
1228,617,14807,437,298,308,246,403,280,432,297,469,317,475,321,471,316,479,325
1229,681,14703,441,295,302,250,410,289,452,293,490,315,482,315,478,315,487,301
1230,649,14921,440,299,300,242,428,311,436,290,499,347,481,336,496,328,505,329
1231,615,14847,420,276,276,234,377,274,412,288,454,318,442,311,453,310,456,307
1232,706,14942,500,323,337,280,468,316,506,333,542,373,533,366,549,361,550,368
1233,660,14892,451,305,328,259,412,303,450,321,500,323,487,328,479,320,505,319
1234,697,14787,453,288,298,225,421,289,441,293,492,333,471,325,488,324,495,323
1235,644,14987,437,291,307,254,397,295,443,308,476,335,464,323,468,327,483,326
1236,676,14824,453,310,319,255,433,320,442,321,498,356,492,351,493,327,502,343
1237,713,14907,487,311,348,290,447,320,480,320,517,356,524,365,516,344,528,349
1238,668,14706,480,333,319,265,439,317,455,327,509,358,497,351,516,351,511,349
1239,661,14890,465,304,285,237,416,287,454,290,499,339,490,334,495,331,500,326
1240,689,15063,480,329,312,267,422,311,467,328,520,367,504,341,520,356,526,364
1241,647,14849,446,280,298,235,421,291,453,291,484,331,479,312,479,302,498,321
1242,590,14843,416,269,284,233,390,270,419,285,452,293,449,300,453,302,457,291
1243,728,14677,461,299,299,234,436,299,449,301,539,349,511,334,533,344,531,336
1244,637,14777,424,268,293,235,392,295,416,275,457,318,449,300,460,311,453,299
1245,656,14698,441,269,281,231,412,284,430,273,478,306,468,308,476,299,482,291
1246,690,14770,458,306,298,232,414,292,452,306,505,334,500,339,501,325,504,323
1247,686,14897,452,282,308,252,427,303,459,289,495,305,487,301,495,304,502,299
1248,586,14994,401,277,297,243,392,289,407,297,426,298,418,299,427,297,427,296
1249,664,14813,460,310,322,264,432,310,443,301,486,349,483,337,500,354,499,346
1250,598,14849,408,275,283,229,361,269,404,285,444,295,430,287,445,296,443,294
1251,637,14861,430,291,312,252,403,296,435,315,465,350,460,339,469,334,466,334
1252,668,14952,435,289,305,256,399,284,431,288,462,315,464,304,460,310,467,311
1253,617,14824,441,281,287,235,389,271,425,288,461,314,452,314,460,307,468,309
1254,744,14919,508,320,338,270,494,329,506,346,562,368,540,358,554,352,570,357
1255,709,15005,503,316,344,281,477,342,499,353,533,357,517,356,528,345,543,362
1256,630,14812,415,272,284,230,385,285,420,306,443,301,440,306,454,310,446,291
1257,683,14765,469,308,316,248,440,311,464,319,504,329,507,344,506,333,516,330
1258,595,15093,448,300,296,244,393,294,432,309,460,308,450,324,457,301,457,299
1259,670,15066,457,292,303,238,427,297,446,293,495,319,474,327,495,317,498,315
1260,657,15032,454,303,315,260,429,304,438,300,472,324,481,328,482,326,480,320
1261,695,15036,479,304,343,284,467,331,466,302,509,334,502,335,523,326,513,327
1262,642,14722,447,303,312,262,418,316,431,305,473,319,468,323,470,319,487,316
1263,668,15000,458,293,333,272,425,300,458,310,499,339,497,338,493,319,509,330
1264,656,14926,450,311,294,235,405,301,442,306,486,332,474,317,487,325,495,325
1265,671,15038,451,309,306,247,404,284,434,297,493,334,472,325,482,327,501,329
1266,647,14999,454,293,291,227,427,291,441,303,479,322,466,319,478,316,480,315
1267,625,14831,448,286,301,242,404,288,450,305,477,312,476,306,476,298,474,290
1268,691,14814,493,318,322,262,441,313,478,322,514,349,503,344,512,334,521,345
1269,655,14692,435,268,282,234,417,295,436,291,472,316,475,321,478,309,472,303
1270,700,15015,487,335,312,269,415,298,481,327,514,344,496,334,510,347,521,340
1271,679,14815,460,293,321,257,421,308,451,296,492,304,478,311,492,306,500,301
1272,728,14808,486,338,311,243,445,311,486,337,532,361,522,360,520,352,534,360
1273,596,14880,434,269,281,233,385,274,418,270,440,299,442,292,438,292,441,290
1274,664,15191,437,295,304,248,391,283,443,305,468,328,464,328,463,325,472,312
1275,623,14851,448,288,296,237,413,275,443,293,456,300,465,309,466,301,470,305
1276,656,14785,458,306,309,256,437,307,454,310,487,332,489,342,488,325,489,323
1277,605,14844,430,275,263,219,377,270,407,272,462,311,457,304,459,305,462,303
1278,649,15032,471,325,310,255,427,309,482,325,494,344,477,333,487,338,495,333
1279,611,14901,426,274,278,225,387,264,413,277,449,288,441,291,451,294,450,293
1280,704,14964,491,314,324,267,450,311,475,312,526,343,504,344,536,336,523,346
1281,714,14754,488,331,328,266,463,319,490,328,516,346,494,336,519,349,519,349
1282,654,14836,439,286,287,230,419,297,447,302,485,329,462,314,485,331,484,325
1283,759,14766,529,338,343,281,486,335,513,348,545,363,552,369,550,365,552,355
1284,686,14951,477,306,329,264,444,310,453,298,521,352,495,329,524,350,522,341
1285,683,15097,484,321,325,269,439,317,473,325,510,351,484,332,507,326,516,334
1286,705,14902,480,325,320,248,453,311,490,307,532,346,508,335,528,355,539,348
1287,630,14939,458,312,325,278,411,311,434,320,489,343,475,336,479,338,487,340
1288,702,14944,460,312,311,252,436,319,470,321,513,348,502,363,513,334,517,338
1289,683,15074,484,306,296,239,418,294,458,309,518,340,501,334,506,334,527,339
1290,613,14704,432,279,301,245,395,283,423,286,460,316,452,313,454,309,468,304
1291,651,15085,463,312,314,264,428,317,449,314,485,335,483,337,490,341,494,327
1292,691,14979,475,315,329,278,451,324,476,328,516,347,511,347,519,351,526,347
1293,604,14875,411,271,264,210,382,269,405,279,443,304,426,302,449,306,448,306
1294,660,14820,460,314,307,258,427,318,453,305,481,333,477,313,490,331,497,331
1295,654,14890,471,325,300,243,419,298,449,301,493,323,495,327,500,326,495,321
1296,614,14891,408,280,292,251,382,292,403,290,451,309,450,314,438,298,445,303
1297,684,14916,461,318,331,264,436,310,451,311,495,344,496,347,499,336,497,336
1298,613,15022,425,274,294,250,390,282,415,282,447,302,438,305,446,295,454,302
1299,736,14883,509,333,332,267,459,336,502,336,552,360,544,359,553,370,564,362
1300,654,14853,449,283,294,240,417,288,448,293,479,322,471,320,478,314,479,305
1301,641,15016,469,310,323,263,424,323,454,330,483,347,488,352,493,345,489,342
1302,659,14990,472,311,325,264,409,291,455,311,490,330,489,337,501,332,493,329
1303,656,14784,448,289,301,249,421,292,434,291,508,306,481,317,504,309,506,300
1304,737,14900,472,299,314,255,450,307,453,291,521,334,504,331,524,327,528,334
1305,636,15000,438,284,303,247,403,277,426,288,486,319,469,312,473,307,487,309
1306,691,14787,489,332,316,251,438,313,481,321,527,367,508,349,522,346,532,368
1307,652,14845,450,286,296,242,414,283,454,300,484,325,480,316,475,326,493,328
1308,677,14875,477,309,288,231,435,297,447,283,511,331,491,331,511,330,513,320
1309,639,14790,453,298,305,257,427,314,447,305,484,341,473,332,479,328,496,326
1310,695,14898,486,330,309,249,445,325,479,321,534,366,521,362,532,357,532,367
1311,697,15076,473,303,288,224,435,293,467,293,488,326,487,317,498,329,496,331
1312,601,14856,432,292,285,224,394,276,412,287,456,323,453,320,460,312,462,314
1313,676,14682,487,308,321,253,438,307,474,306,530,344,521,344,528,341,534,334
1314,650,14910,438,300,299,246,407,279,432,294,486,327,476,322,466,309,486,324
1315,619,15035,429,291,299,239,396,298,427,306,476,333,464,311,462,324,470,323
1316,648,14961,462,321,300,248,418,307,453,324,501,343,502,351,495,337,502,331
1317,651,14899,459,306,294,240,409,287,439,291,478,320,476,319,471,316,475,313
1318,688,14677,460,304,312,261,443,319,446,304,512,347,483,327,504,338,520,342
1319,661,14926,451,295,299,239,436,293,449,299,492,325,479,330,494,294,501,315
1320,580,15031,397,268,283,222,361,262,412,295,420,293,417,292,424,298,427,292
1321,728,14928,490,316,315,252,464,322,485,321,527,341,525,348,529,347,533,340
1322,615,14829,408,260,275,227,382,263,409,270,441,284,438,277,446,273,445,279
1323,629,14849,432,281,293,223,401,287,415,272,460,308,460,298,461,290,466,308
1324,677,14907,487,322,329,272,456,317,477,316,521,339,504,353,526,339,524,340
1325,672,14995,472,302,308,256,440,309,457,315,512,349,489,335,497,332,513,339
1326,660,14873,462,310,288,240,441,316,453,319,503,347,494,354,500,340,507,329
1327,678,14885,462,320,327,267,436,319,481,325,480,329,494,327,484,335,485,326
1328,627,14781,459,295,288,231,421,292,434,286,477,332,468,322,481,319,479,316
1329,678,14949,498,320,313,257,468,317,480,326,520,353,515,341,519,336,520,344
1330,677,14874,471,301,310,243,430,304,471,303,508,340,508,342,505,336,513,328
1331,680,15040,453,305,322,264,431,297,453,315,497,338,487,343,499,327,503,342
1332,707,14916,508,325,324,252,460,312,517,354,535,345,531,354,525,334,534,337
1333,549,15017,379,259,259,211,359,256,373,266,413,288,403,285,406,277,419,278
1334,661,14952,467,319,328,258,429,313,447,312,484,338,482,341,483,326,487,329
1335,579,14983,403,272,290,237,359,260,394,269,426,282,423,287,430,285,431,272
1336,635,14820,432,289,302,261,389,275,417,281,464,302,452,309,448,291,460,298
1337,766,14890,513,334,306,246,475,322,499,327,565,359,541,359,564,348,562,357
1338,658,14766,432,282,282,230,401,285,434,267,476,312,470,305,477,306,479,312
1339,737,14881,527,330,329,256,485,322,531,339,562,370,555,372,567,365,562,369
1340,737,14823,501,322,316,249,464,318,489,321,560,361,549,356,555,341,570,356
1341,693,14916,469,294,298,240,440,311,455,290,509,336,501,335,510,335,516,325
1342,672,15065,477,299,310,250,451,322,470,320,510,331,490,325,514,338,516,323
1343,624,14980,431,287,272,220,386,284,408,289,467,310,458,304,469,317,475,308
1344,676,15079,488,318,313,258,434,305,487,328,512,361,493,351,499,335,511,348
1345,616,14921,447,319,307,261,419,321,423,309,465,341,465,337,468,326,474,333
1346,603,14891,435,299,298,248,380,281,424,296,450,311,433,310,446,287,453,296
1347,629,14878,430,296,299,243,399,296,423,287,473,321,462,316,468,305,471,312
1348,655,14920,482,307,315,274,437,326,469,321,491,337,485,332,507,337,498,331
1349,761,14943,526,327,324,264,491,323,514,328,571,363,551,365,565,368,570,363
1350,687,14621,463,295,304,232,417,280,442,294,507,341,492,326,506,324,505,330
1351,639,15004,428,258,266,214,396,275,430,280,474,303,460,298,487,305,483,305
1352,652,15068,464,306,316,271,411,315,437,311,490,338,497,340,487,327,486,329
1353,668,14702,463,311,310,268,425,311,450,305,483,337,475,322,482,321,496,329
1354,625,14850,436,276,276,230,403,283,427,287,472,316,450,302,466,309,473,309
1355,673,14916,463,293,297,238,424,286,464,294,511,323,502,327,504,319,516,315
1356,596,14654,420,286,305,258,388,295,404,297,447,314,444,317,450,306,450,306
1357,696,14900,473,320,299,249,420,317,460,320,515,353,493,345,510,347,520,344
1358,634,14899,463,300,281,230,395,284,439,297,474,331,474,330,480,321,476,319
1359,634,15013,446,306,289,245,392,278,425,299,467,328,472,320,469,332,471,326
1360,653,14816,462,321,299,238,412,293,451,311,500,355,480,337,497,345,503,348
1361,669,14823,473,306,297,253,439,295,461,311,530,335,497,334,508,342,529,332
1362,666,14877,463,299,297,240,426,291,452,293,477,313,462,305,480,307,489,316
1363,750,14674,529,324,343,263,483,325,526,340,582,376,563,355,571,364,580,365
1364,675,14827,461,301,324,255,431,301,441,316,492,341,482,334,489,325,492,330
1365,650,14883,447,305,301,253,400,299,429,293,487,341,468,334,481,338,491,340
1366,675,14872,476,297,300,240,441,301,475,301,494,308,498,331,491,308,499,304
1367,706,14774,462,298,317,235,431,309,454,297,505,337,489,339,510,330,517,347
1368,615,14938,422,277,283,238,404,282,423,271,470,307,461,306,467,303,470,298
1369,729,15152,488,317,291,234,478,329,478,306,527,351,514,341,520,337,539,345
1370,626,14965,444,295,320,253,416,292,439,296,471,304,467,309,481,291,481,304
1371,681,14854,454,286,285,241,418,300,454,289,499,321,479,315,501,323,509,316
1372,639,14977,446,264,270,227,405,275,439,282,488,314,469,310,490,311,491,303
1373,759,14859,543,348,359,290,494,342,537,351,579,388,559,376,577,377,580,374
1374,686,14825,453,296,310,257,421,292,443,296,501,338,483,322,491,323,500,324
1375,636,14867,437,287,320,252,404,293,427,296,475,330,478,332,473,325,476,325
1376,645,14990,439,287,303,238,409,294,427,287,481,319,468,318,478,318,472,312
1377,683,14814,488,319,342,280,459,330,463,317,522,344,518,338,525,334,529,335
1378,755,14879,501,325,320,252,462,322,494,328,522,357,529,353,527,362,537,363
1379,685,14704,469,318,302,251,431,322,456,327,499,346,492,345,500,338,509,346
1380,663,14779,492,344,308,251,434,307,475,328,507,352,494,354,500,347,508,341
1381,656,14881,456,288,302,245,406,279,467,306,487,325,480,329,487,335,484,323
1382,707,14934,482,301,298,235,453,308,465,307,530,351,511,338,522,336,531,338
1383,684,15008,480,305,316,256,442,306,478,312,519,338,507,354,520,328,518,326
1384,635,14909,433,300,301,254,404,295,426,300,455,309,455,327,457,308,463,308
1385,617,14957,438,287,296,246,405,284,433,294,474,322,467,326,462,311,475,316
1386,647,15018,428,266,305,248,383,282,426,293,456,324,463,322,452,303,462,314
1387,648,14705,441,294,314,262,395,292,444,299,482,328,460,318,464,312,481,317
1388,640,14751,431,287,284,231,399,283,435,286,468,320,465,305,469,307,475,318
1389,687,14769,463,304,300,248,425,301,461,300,499,335,495,324,504,335,507,338
1390,602,15084,420,293,293,233,391,299,406,281,447,310,428,315,446,295,447,295
1391,673,14818,472,303,292,238,451,304,451,296,505,334,495,327,504,323,513,328
1392,690,14852,487,301,298,254,438,307,471,300,514,330,509,328,514,331,527,322
1393,635,14930,431,297,302,246,404,289,429,295,472,321,472,318,470,318,476,312
1394,645,15070,424,271,295,237,393,273,425,288,453,296,449,303,453,297,454,293
1395,630,14868,440,263,288,234,398,258,450,280,490,301,476,309,482,294,492,294
1396,664,14729,459,302,321,264,426,307,456,320,494,338,499,354,490,327,497,332
1397,638,14732,432,305,304,248,415,297,431,309,484,349,471,338,487,332,492,342
1398,648,14940,447,289,304,249,408,288,444,311,487,332,476,330,479,322,488,315
1399,637,14745,446,309,331,269,415,310,453,311,489,333,477,330,483,338,489,324
1400,723,14806,514,357,332,267,484,333,503,349,541,382,532,376,541,364,552,374
1401,606,14788,430,289,291,248,394,298,416,285,429,307,437,320,432,296,439,295
1402,701,14746,477,317,300,247,474,331,479,312,529,354,512,335,535,342,534,351
1403,561,14736,404,274,268,223,382,268,396,260,428,311,417,294,423,311,428,305
1404,651,14764,452,304,312,255,424,298,428,298,474,324,473,328,481,329,487,320
1405,652,15004,455,301,294,241,408,290,434,293,483,323,476,324,481,310,484,306
1406,645,14916,436,274,295,239,407,281,432,285,483,320,477,324,469,315,479,306
1407,712,14724,488,311,309,243,454,324,471,301,528,350,509,342,519,340,532,342
1408,692,14813,481,320,314,257,440,319,465,318,516,349,515,345,518,339,516,348
1409,716,14788,500,328,337,261,464,337,487,319,527,350,513,337,533,345,532,350
1410,648,14787,458,299,299,253,436,310,463,305,516,346,492,332,517,337,524,338
1411,737,14703,526,334,338,269,480,329,500,330,566,360,545,360,553,344,559,357
1412,766,14914,476,308,306,236,449,295,480,317,537,328,522,320,534,323,545,324
1413,754,14827,513,322,305,244,479,341,504,318,579,379,558,369,576,372,579,371
1414,660,14938,463,312,315,246,436,326,455,298,498,355,499,348,508,355,503,343
1415,681,15035,477,327,297,240,444,324,469,315,513,360,511,347,515,344,517,354
1416,629,14896,425,286,272,229,383,271,402,273,462,326,457,327,456,309,467,317
1417,633,14915,436,304,280,239,401,300,432,290,489,337,467,331,482,328,492,315
1418,581,14955,410,280,269,222,370,270,410,287,455,317,448,322,452,310,448,305
1419,664,14865,459,298,294,241,420,298,441,302,487,330,468,319,497,319,490,329
1420,707,14918,477,310,314,257,431,310,448,298,499,349,488,325,506,341,513,342
1421,689,14954,488,320,342,276,455,327,482,334,515,360,512,361,524,349,527,357
1422,629,15105,432,282,287,234,400,284,417,274,474,324,462,319,471,314,479,328
1423,658,14765,465,304,325,248,411,280,460,304,497,319,489,324,503,306,502,322
1424,667,14632,448,297,300,246,416,304,432,307,496,344,480,338,495,335,495,331
1425,638,15059,475,328,319,254,445,314,446,321,506,350,493,355,508,345,507,337
1426,661,14781,464,294,301,226,446,294,464,290,485,321,480,318,488,313,490,312
1427,642,15021,461,323,327,276,420,312,449,317,483,358,475,347,485,347,486,352
1428,678,14878,479,292,305,242,440,317,438,288,504,338,505,335,501,324,514,322
1429,700,15065,485,321,311,256,452,319,477,317,520,356,508,343,531,358,530,353
1430,670,14852,473,314,321,251,462,310,468,318,520,365,494,349,522,359,532,350
1431,779,14734,514,339,359,291,492,338,516,337,562,351,543,355,564,352,575,346
1432,619,15010,462,304,320,258,419,297,445,307,485,340,481,343,479,326,479,329
1433,661,14944,474,316,311,253,444,322,473,336,509,348,505,348,507,338,510,349
1434,590,14895,404,264,258,202,378,259,416,272,447,302,424,288,445,299,454,298
1435,656,15027,443,296,300,244,420,292,441,297,482,309,472,317,482,299,490,299
1436,577,14916,408,286,292,235,356,259,390,277,437,300,429,313,437,300,443,300
1437,661,14912,462,312,318,267,437,315,455,303,494,351,495,345,489,325,496,335
1438,750,14965,529,323,344,284,479,331,522,345,562,362,553,383,561,361,566,362
1439,650,14935,458,312,330,269,420,317,444,321,481,337,478,344,479,324,488,329
1440,619,14890,409,264,280,226,384,268,417,291,448,300,439,307,453,290,453,289
1441,593,14904,398,253,278,221,360,258,390,259,419,272,414,279,432,269,428,267
1442,662,14911,456,306,281,232,400,285,450,299,491,333,484,325,488,329,492,331
1443,611,14945,430,287,295,234,397,279,412,272,464,306,455,309,468,303,471,308
1444,707,14885,473,311,325,258,434,296,484,331,492,350,492,341,500,339,500,339
1445,653,14840,458,285,270,228,418,291,437,297,484,321,480,331,477,328,489,320
1446,648,14874,453,295,285,226,422,288,455,298,495,331,481,313,503,329,494,318
1447,671,14986,468,301,291,231,435,304,465,322,508,352,502,356,512,345,518,346
1448,620,14879,456,316,320,260,402,299,452,321,472,333,461,314,467,330,470,322
1449,623,14694,420,286,284,231,378,273,408,275,453,306,429,297,441,288,456,295
1450,659,14951,487,314,318,255,426,301,482,327,512,352,515,341,518,349,518,338
1451,681,14840,465,300,319,255,444,329,457,311,499,335,479,332,500,322,506,335
1452,652,14925,430,277,269,227,412,287,424,280,477,316,472,325,471,310,475,300
1453,705,14884,507,341,315,253,446,315,471,319,538,354,522,342,531,340,535,352
1454,650,14991,421,276,288,236,394,276,426,287,475,304,459,304,476,305,478,309
1455,630,14799,438,280,301,240,398,285,448,295,474,318,457,314,465,306,477,310
1456,712,14930,481,310,297,237,445,297,463,310,527,348,518,353,530,332,534,339
1457,706,14703,496,333,314,258,461,318,485,328,519,344,515,339,511,348,528,344
1458,586,14976,394,247,271,222,384,273,406,261,413,277,397,267,420,273,422,270
1459,664,15119,455,310,319,251,413,298,455,307,474,328,473,333,476,335,477,325
1460,750,14975,524,327,307,248,484,327,503,317,575,364,578,370,572,351,585,354
1461,678,14970,488,312,330,283,445,313,479,324,523,353,513,361,522,344,532,344
1462,640,15064,430,274,287,231,403,287,431,282,481,319,467,316,482,324,483,310
1463,685,14854,452,308,320,259,421,306,457,322,495,349,483,341,495,338,502,345
1464,730,15092,508,329,327,268,489,349,499,338,536,374,533,384,539,367,537,358
1465,678,15096,475,329,323,254,445,329,460,311,509,344,502,338,516,352,522,341
1466,636,14892,446,312,295,242,412,304,439,311,479,339,459,313,468,339,483,336
1467,657,15022,453,301,305,255,411,299,437,301,490,338,481,318,492,337,496,325
1468,690,15023,491,344,331,272,470,339,502,348,534,361,526,365,533,353,538,362
1469,707,15026,480,319,318,266,441,313,475,309,524,346,510,342,532,346,535,337
1470,688,14803,478,318,304,254,435,302,467,326,511,351,507,339,510,355,519,352
1471,718,14887,491,337,332,268,446,310,474,321,533,353,518,364,526,341,539,353
1472,687,14933,473,298,334,277,437,327,454,303,497,325,489,317,492,322,502,325
1473,696,14840,462,313,304,262,445,313,467,327,509,363,495,339,500,355,516,352
1474,688,15036,472,318,314,268,453,330,461,318,523,351,500,335,509,338,525,347
1475,687,14762,460,294,319,253,422,302,456,310,494,341,484,331,501,335,504,329
1476,695,14765,486,326,334,288,444,317,485,326,509,346,495,329,513,349,517,349
1477,656,14801,463,286,306,250,422,281,456,295,486,314,504,332,481,308,499,316
1478,619,14777,429,293,296,235,387,285,412,298,463,321,452,310,464,313,471,316
1479,672,15019,451,306,321,265,422,301,455,322,485,339,478,339,497,342,493,338
1480,662,14789,484,319,296,242,428,319,460,321,508,353,492,345,508,343,516,335
1481,644,14815,415,275,293,229,403,284,423,290,455,310,445,306,455,308,459,306
1482,679,14857,499,325,321,275,445,314,478,327,512,355,509,359,510,350,519,353
1483,679,14802,470,297,287,237,420,296,455,287,479,313,483,317,490,309,491,310
1484,611,15037,413,277,273,220,368,273,401,279,457,313,447,312,454,307,461,312
1485,656,14788,455,293,287,239,423,297,454,301,495,324,478,323,498,326,501,323
1486,674,15061,462,307,325,286,421,310,450,309,495,342,488,339,502,327,503,338
1487,660,14897,424,289,300,240,406,287,438,302,467,324,456,313,464,319,475,321
1488,612,14895,410,270,274,216,374,256,404,264,450,301,444,309,450,318,466,299
1489,719,14810,506,324,306,241,467,319,498,315,543,367,546,374,533,344,551,354
1490,682,15080,490,330,325,262,446,328,486,333,528,367,517,364,513,363,531,361
1491,691,15015,498,328,313,259,450,314,493,326,545,365,539,364,537,366,550,370
1492,657,14861,457,327,305,241,429,331,457,326,477,330,473,328,484,333,488,340
1493,680,14771,441,301,279,223,412,297,447,307,504,333,481,322,499,316,505,321
1494,647,14790,454,318,283,225,415,297,442,310,492,331,488,329,495,333,506,321
1495,647,15011,454,309,279,243,414,300,437,298,499,346,479,340,502,345,500,341
1496,617,14827,444,293,308,238,408,286,426,298,479,315,468,312,478,312,480,313
1497,629,14902,443,290,290,226,406,287,422,283,473,322,464,310,469,313,473,314
1498,686,15139,482,316,338,282,435,299,461,319,518,337,509,350,517,331,523,328
1499,646,14930,435,292,281,231,401,284,427,288,471,318,463,302,476,310,480,310
1500,621,14846,423,297,261,220,392,276,413,292,448,312,438,321,445,315,453,304
1501,647,14905,435,300,292,240,415,291,440,287,470,326,461,321,465,319,480,318
1502,621,14728,440,303,297,239,419,303,433,291,471,327,479,327,472,321,478,328
1503,675,14762,458,301,294,225,433,315,459,313,499,318,479,298,503,323,512,315
1504,694,14665,447,306,315,241,436,304,457,322,507,337,495,336,501,333,511,330
1505,647,14841,459,328,277,243,429,311,446,320,495,349,487,339,482,331,495,337
1506,696,14778,479,319,325,269,426,303,490,324,526,350,520,348,524,350,527,352
1507,664,14656,480,319,305,244,433,296,480,320,520,338,515,337,508,346,527,335
1508,718,14883,477,319,316,260,445,319,473,316,527,355,523,341,532,357,543,351
1509,649,14860,454,293,269,229,415,285,441,284,482,319,463,311,478,327,492,318
1510,674,15077,475,321,301,244,420,304,461,315,495,342,496,348,495,346,507,340
1511,645,15042,421,264,278,230,397,274,438,296,461,301,452,287,467,298,472,303
1512,661,14872,476,315,339,269,432,326,461,323,508,336,492,329,503,322,513,331
1513,650,14773,457,300,297,248,417,297,443,306,481,327,470,325,480,315,485,323
1514,762,14980,515,324,325,249,452,302,504,326,570,366,557,351,574,359,580,370
1515,654,14991,469,328,292,231,409,299,453,310,497,345,485,338,507,336,503,337
1516,647,14999,425,279,282,228,386,264,416,277,463,300,457,280,462,293,469,299
1517,656,14818,458,274,321,233,418,276,448,287,481,301,486,309,484,305,481,288
1518,619,15035,435,301,307,251,405,293,426,287,474,325,457,315,473,315,475,327
1519,629,14901,445,303,319,258,411,298,423,298,458,315,469,337,462,309,456,305
1520,697,15006,465,310,297,245,437,316,462,318,522,366,500,361,510,357,519,352
1521,738,14887,500,315,307,245,461,323,490,317,559,357,531,354,552,357,561,346
1522,668,14674,437,292,290,236,387,284,426,289,467,319,462,322,462,317,466,320
1523,641,15092,451,310,318,283,404,310,450,326,469,345,458,334,470,345,476,339
1524,698,14950,492,328,318,255,449,316,474,325,534,345,517,329,531,336,537,342
1525,712,14959,490,318,309,246,462,319,476,303,535,344,535,353,539,351,543,339
1526,661,15001,459,319,312,265,398,296,450,314,475,323,468,312,470,317,478,313
1527,644,14795,440,297,299,249,414,308,432,306,490,344,468,334,482,323,492,334
1528,633,14754,427,281,290,246,403,293,423,280,483,333,449,298,476,325,492,323
1529,663,15202,427,272,298,250,415,295,447,299,470,315,467,324,472,309,471,309
1530,688,15108,482,323,313,256,450,308,479,325,525,353,502,331,513,340,532,350
1531,717,14938,466,291,293,234,448,303,469,307,541,348,523,332,521,343,538,332
1532,672,14835,450,300,303,244,425,298,433,303,474,326,476,323,489,325,484,323
1533,702,14839,476,303,313,252,443,304,475,302,526,336,517,329,532,334,523,323
1534,552,14903,396,274,276,232,357,268,401,270,415,294,411,288,418,291,423,295
1535,710,14578,468,311,268,217,418,284,457,306,514,337,486,319,503,340,514,329
1536,635,14846,431,281,287,235,400,286,435,296,472,315,462,315,468,311,480,316
1537,655,15019,457,297,302,248,431,309,444,290,481,322,478,330,476,305,488,315
1538,633,14857,445,280,298,251,416,308,436,309,478,327,483,338,475,323,487,322
1539,642,14805,432,302,295,244,400,298,424,295,480,334,447,305,472,314,480,326
1540,692,14939,482,306,324,260,453,329,479,333,501,342,492,329,502,336,516,335
1541,708,14739,463,297,304,251,419,293,457,299,508,331,502,331,493,322,512,319
1542,637,14890,453,299,285,234,417,299,437,287,476,326,465,337,483,325,478,314
1543,653,14982,455,322,298,246,406,297,450,315,491,346,482,338,492,326,498,340
1544,682,14685,465,296,286,232,410,296,450,291,518,332,496,321,508,327,518,324
1545,660,14979,460,299,312,262,417,293,430,298,480,330,475,331,480,323,486,326
1546,635,14960,463,292,289,246,420,289,440,300,488,321,483,328,491,314,492,321
1547,721,14656,513,338,331,271,467,318,521,349,544,360,515,345,542,346,549,357
1548,585,14991,406,274,271,223,378,264,390,272,448,300,444,303,446,282,449,279
1549,639,15014,466,304,264,218,406,280,446,291,474,313,471,302,485,307,487,312
1550,667,14775,446,293,291,227,414,307,432,292,490,322,482,321,487,318,499,329
1551,674,14957,483,338,318,272,457,334,474,328,520,353,506,333,511,344,523,346
1552,662,14644,471,321,303,258,430,321,451,318,505,343,488,341,504,334,512,340
1553,663,15075,457,315,278,224,422,301,456,297,503,344,496,323,510,344,506,346
1554,698,14958,491,316,316,260,440,309,468,320,534,340,525,349,525,321,544,330
1555,663,14929,443,301,288,231,413,307,447,307,477,327,470,317,481,322,485,316
1556,627,14595,443,292,302,242,404,293,448,304,471,324,474,326,474,318,468,323
1557,641,15034,456,303,308,260,420,310,450,318,472,327,456,305,479,334,491,326
1558,649,14827,467,316,328,254,431,317,455,319,492,349,487,338,502,353,496,343
1559,709,14817,479,308,318,255,444,313,473,315,515,342,505,343,523,336,524,341
1560,628,14714,422,262,275,229,383,261,422,275,469,292,457,299,478,299,470,293
1561,595,15039,417,291,286,227,393,298,414,285,443,305,434,304,446,296,440,303
1562,652,14861,443,292,277,227,389,267,439,290,472,330,473,329,465,315,480,321
1563,661,14867,448,297,280,227,412,294,433,300,499,336,487,345,491,338,504,332
1564,644,15060,458,299,282,225,398,298,440,299,496,333,476,322,492,328,495,324
1565,645,14920,437,292,282,232,410,282,432,299,479,320,472,312,471,322,476,317
1566,643,14727,440,294,341,278,422,302,439,306,480,335,473,324,480,325,481,325
1567,682,14946,435,283,289,233,404,278,426,283,477,302,468,289,480,298,481,301
1568,669,14710,490,318,315,258,454,307,478,307,517,338,501,340,520,327,516,328
1569,707,14891,488,317,343,276,469,345,472,312,543,349,525,350,531,340,555,348
1570,667,15087,450,296,314,244,423,297,462,304,495,331,484,332,497,321,494,327
1571,649,14968,416,278,280,240,392,282,412,276,472,313,461,305,460,299,473,299
1572,577,14657,413,276,267,220,385,276,397,275,429,291,428,301,435,289,429,281
1573,658,15066,448,277,272,213,421,277,439,277,485,315,478,300,486,312,489,308
1574,622,14945,432,276,300,238,387,280,424,288,464,294,457,305,456,291,459,291
1575,592,14795,406,290,291,246,372,287,396,298,434,313,432,304,443,312,438,305
1576,708,14842,507,338,357,294,473,335,490,330,529,358,517,360,520,342,537,357
1577,635,14905,427,267,266,216,397,277,418,276,461,296,463,312,454,291,460,295
1578,696,14955,494,318,328,257,444,307,488,308,524,357,515,334,510,337,528,358
1579,703,15192,478,305,292,230,438,289,469,302,519,336,501,315,516,326,521,324
1580,673,14999,465,297,309,253,425,302,466,306,512,330,489,328,502,317,521,327
1581,576,14958,399,265,276,219,376,263,406,267,435,302,422,290,432,309,433,284
1582,671,15106,423,296,299,231,405,306,426,303,473,330,463,315,465,315,479,324
1583,691,14802,500,306,305,256,452,313,482,322,532,346,531,353,530,331,529,331
1584,670,14925,469,299,299,242,441,310,459,307,510,339,494,343,518,327,521,336
1585,690,14886,502,318,311,241,461,323,483,313,537,346,507,338,532,337,538,345
1586,662,14843,461,310,330,262,427,312,445,295,489,343,481,335,486,315,493,339
1587,642,14854,445,307,303,243,434,322,443,321,475,333,471,327,476,316,482,322
1588,688,14986,449,279,296,244,442,293,464,292,509,334,499,333,508,322,509,321
1589,650,14767,464,314,319,254,433,291,468,311,494,338,488,335,496,331,501,335
1590,628,15103,433,279,297,242,379,280,410,290,459,312,469,326,466,317,458,307
1591,694,14984,482,326,331,272,449,325,473,325,517,355,504,345,522,354,527,354
1592,606,14799,421,283,286,247,390,291,421,296,463,317,450,298,456,306,463,308
1593,680,15033,460,297,300,237,425,288,469,296,513,338,498,335,525,322,520,327
1594,724,14855,503,321,304,264,458,305,480,315,537,356,527,362,533,355,545,357
1595,656,15134,462,295,288,233,436,306,452,286,503,328,498,331,509,328,509,328
1596,616,14989,450,285,295,227,401,282,440,282,471,305,472,321,472,304,476,301
1597,704,14989,514,347,352,289,450,330,502,340,550,379,547,363,546,358,557,371
1598,691,14911,479,322,305,247,450,310,477,324,540,367,526,357,530,360,540,359
1599,694,15007,481,333,296,238,438,310,461,314,504,352,489,334,518,358,517,361
1600,613,15018,423,281,283,238,395,288,409,278,454,304,450,302,453,302,460,304
1601,646,14817,455,319,322,275,439,336,446,321,482,342,475,333,485,342,488,338
1602,639,14783,423,274,281,235,387,282,427,275,466,320,464,315,456,305,468,306
1603,641,14903,459,293,276,221,419,294,452,305,492,308,485,320,491,313,491,309
1604,681,14916,479,314,316,258,437,310,468,313,525,343,513,346,512,328,524,336
1605,669,14645,478,344,324,268,426,316,455,309,497,355,502,350,503,356,504,351
1606,669,14774,466,321,290,232,403,282,460,313,491,333,477,335,493,317,494,328
1607,728,14834,502,316,321,259,448,305,477,305,531,349,525,344,539,342,530,332
1608,683,14793,481,301,308,229,425,283,467,297,510,331,499,339,512,326,515,324
1609,652,14914,446,283,270,214,419,289,439,289,503,333,472,310,496,325,500,324
1610,613,14979,434,299,297,233,389,290,427,296,446,325,451,321,451,311,458,322
1611,658,14986,466,315,306,247,421,305,438,303,496,336,482,325,498,341,499,338
1612,612,14846,443,300,285,240,409,290,433,311,470,321,469,320,467,326,477,321
1613,728,14693,521,345,338,274,479,341,498,349,546,358,537,367,548,366,551,346
1614,572,14875,388,277,257,206,360,274,386,282,425,307,415,302,427,303,430,307
1615,655,14871,455,322,299,250,409,299,445,310,491,353,481,343,494,334,496,338
1616,639,14923,454,295,308,245,395,273,450,294,479,317,466,313,479,317,472,310
1617,637,14948,462,317,313,262,423,308,446,299,492,330,477,323,491,327,492,326
1618,654,14699,457,291,310,245,434,302,459,304,502,339,500,341,499,310,503,325
1619,672,14991,490,327,346,289,444,327,468,331,514,341,500,338,521,329,517,332
1620,672,14647,443,295,319,255,422,311,442,304,470,318,461,318,477,315,479,314
1621,645,14834,431,268,289,231,384,262,429,270,455,301,454,292,453,286,461,297
1622,677,14854,481,307,297,242,443,315,475,315,517,344,510,338,513,336,521,334
1623,668,14720,474,311,323,268,433,309,465,315,510,346,507,345,521,342,514,346
1624,639,14833,450,308,316,246,407,272,460,312,481,316,483,326,476,316,482,312
1625,683,14844,451,317,305,257,405,294,458,321,494,344,476,350,505,343,503,355
1626,702,14969,489,322,343,272,457,330,481,327,528,370,525,365,532,362,532,365
1627,700,14773,484,319,317,270,432,305,467,310,507,339,508,345,514,344,518,342
1628,763,14969,526,369,365,299,496,355,524,371,562,381,556,382,554,386,560,378
1629,662,15083,425,294,287,234,402,283,432,283,485,319,473,319,485,315,488,311
1630,640,15107,447,310,296,235,421,307,443,304,483,341,479,341,491,331,494,340
1631,654,14850,465,313,304,243,418,284,446,300,489,322,481,311,493,324,493,318
1632,695,14927,487,310,314,246,454,304,479,307,520,348,497,329,521,346,526,343
1633,715,14925,474,320,297,247,441,313,459,310,526,357,514,334,519,349,531,351
1634,683,15104,458,293,318,258,445,315,468,308,509,342,500,335,507,336,508,336
1635,666,14784,453,292,290,228,405,287,444,284,470,311,470,312,472,296,477,309
1636,642,14878,441,296,301,242,415,306,442,308,494,342,474,327,496,337,505,347
1637,689,15155,489,307,308,240,453,317,465,307,529,342,513,348,526,336,532,335
1638,667,14903,468,315,324,262,444,319,462,318,509,348,511,370,506,336,510,346
1639,679,14847,452,284,270,212,428,273,440,277,492,319,486,318,481,305,497,305
1640,652,14811,467,324,316,266,422,314,457,331,499,355,486,354,497,338,500,345
1641,660,14654,479,322,294,256,438,309,476,320,507,338,483,330,508,333,512,331
1642,656,14791,470,308,326,268,426,305,454,309,505,346,483,330,505,337,510,337
1643,664,14871,463,286,310,250,426,290,446,297,486,327,479,328,500,329,486,314
1644,696,15088,477,324,324,266,456,330,477,329,528,354,509,348,524,349,530,341
1645,683,14845,482,321,284,239,442,316,460,314,521,342,504,333,515,341,516,333
1646,736,14796,477,303,307,259,439,301,480,302,523,335,522,352,523,330,527,335
1647,711,15011,481,329,348,276,451,339,480,343,510,346,508,346,503,337,515,338
1648,648,14874,421,279,284,241,403,302,432,299,470,321,455,320,475,322,485,323
1649,613,14835,438,309,302,255,404,304,426,305,454,328,458,323,453,319,456,315
1650,641,15022,450,297,295,247,404,291,448,294,480,309,471,317,481,317,487,308
1651,687,14856,485,335,316,277,441,318,465,328,524,379,513,360,527,365,531,368
1652,646,14930,446,272,297,238,420,279,453,288,479,306,466,308,487,295,485,293
1653,676,14943,454,291,308,257,414,287,458,307,502,335,483,325,500,330,507,337
1654,698,14908,498,337,313,262,437,306,478,314,534,361,509,337,529,340,537,349
1655,682,15004,458,318,287,234,429,297,448,296,493,335,481,334,483,325,490,321
1656,677,14833,490,311,339,270,442,320,467,312,518,355,509,344,514,340,528,351
1657,639,14912,434,287,307,247,405,292,435,294,482,320,461,324,474,318,476,310
1658,721,14828,479,317,304,237,454,315,473,315,527,348,523,344,522,338,530,342
1659,736,15107,513,335,315,258,466,324,522,339,558,374,535,368,549,359,566,369
1660,693,15008,482,306,327,264,455,348,460,315,509,342,499,345,515,342,525,342
1661,622,14713,412,268,280,205,398,266,413,250,450,286,450,281,454,274,455,279
1662,622,14779,439,307,270,233,398,297,431,306,461,322,454,323,453,317,462,315
1663,665,14866,467,282,319,250,441,295,459,292,499,316,481,314,501,313,504,303
1664,661,15090,446,286,287,237,414,280,439,281,479,331,471,331,487,314,484,318
1665,777,15145,518,337,361,271,493,346,527,340,590,368,566,369,583,376,596,360
1666,684,14939,475,305,296,246,421,296,481,328,511,346,498,334,514,347,509,334
1667,645,15145,447,310,297,238,418,304,434,314,480,344,472,330,484,338,484,342
1668,717,14914,500,318,302,243,464,324,497,325,534,360,531,360,530,357,537,359
1669,681,14785,464,319,290,245,436,306,452,307,489,335,482,329,495,319,500,334
1670,674,15006,470,324,301,238,429,311,461,316,503,358,482,329,498,339,515,354
1671,677,14873,458,309,296,252,426,294,464,301,490,324,484,331,487,323,499,317
1672,658,14989,468,308,318,249,439,308,469,312,488,334,493,341,493,335,495,333
1673,674,14877,484,342,304,247,452,336,475,340,522,364,499,355,522,357,528,353
1674,635,14850,421,274,278,230,388,273,399,276,454,315,443,303,453,312,453,308
1675,656,15074,477,293,297,236,430,304,475,313,512,341,500,338,501,332,515,338
1676,668,14744,462,303,286,238,404,283,443,290,496,340,486,334,497,340,500,327
1677,679,14718,454,286,295,254,416,300,454,293,490,332,476,313,493,330,496,321
1678,656,15109,447,289,299,237,402,277,417,274,468,307,471,309,471,311,474,306
1679,688,14830,478,323,317,257,430,302,458,318,513,340,514,344,514,335,522,335
1680,689,14929,443,289,288,229,412,289,443,298,505,341,492,337,501,332,516,336
1681,666,15013,457,284,305,252,423,307,460,309,492,331,480,341,485,326,495,327
1682,662,15022,483,327,315,268,436,315,467,306,516,354,502,350,511,349,514,342
1683,662,14882,458,296,293,242,410,298,425,288,495,343,483,327,481,328,494,334
1684,598,14986,410,273,280,224,387,268,409,270,436,290,437,302,442,294,442,287
1685,594,14931,409,284,300,243,380,270,414,305,439,326,432,329,433,314,439,323
1686,617,15081,432,287,280,234,384,277,430,288,476,336,461,322,470,319,476,325
1687,624,14993,439,298,306,247,390,283,418,282,462,317,448,310,464,316,463,315
1688,616,14907,462,292,300,242,419,300,437,291,490,318,484,315,476,308,487,300
1689,626,14721,458,307,298,239,417,317,436,304,479,324,484,349,483,323,481,317
1690,654,15325,451,322,288,236,408,305,439,299,487,350,469,333,483,346,490,344
1691,673,15109,465,309,307,258,420,303,448,311,503,353,496,326,498,333,507,340
1692,654,14883,453,292,313,246,404,289,449,296,493,339,474,324,496,337,499,333
1693,693,14804,460,282,319,251,431,305,464,302,499,326,494,327,497,308,504,314
1694,673,15045,505,329,337,274,462,343,492,337,531,355,522,347,529,343,535,350
1695,711,15005,502,338,325,269,456,325,496,340,548,375,537,363,534,361,543,365
1696,583,15121,422,272,274,234,387,277,400,280,433,302,435,306,433,289,439,294
1697,676,14837,448,317,315,267,421,317,428,322,490,346,484,340,484,335,497,334
1698,693,14895,483,331,330,265,439,320,468,322,542,365,517,346,532,353,540,369
1699,685,14890,496,320,303,237,460,316,492,312,527,354,526,353,530,343,537,358
1700,685,14980,460,294,331,253,447,323,458,309,509,340,493,330,492,330,511,339
1701,640,14782,440,307,278,215,372,273,428,303,460,318,455,317,455,310,461,312
1702,752,15008,519,329,332,262,495,351,513,340,569,371,554,368,572,371,570,376
1703,716,14912,456,318,314,260,433,310,462,331,498,337,491,346,507,327,510,331
1704,721,15023,534,344,355,291,483,336,516,352,549,359,541,365,545,358,553,360
1705,673,14893,464,292,317,252,425,302,446,293,500,339,485,340,496,323,502,327
1706,726,14947,478,295,310,252,442,298,478,308,520,338,507,332,522,332,529,332
1707,713,15116,488,313,322,260,460,322,482,328,525,353,514,347,521,343,538,348
1708,759,15101,498,310,333,268,478,339,515,341,569,375,551,377,560,369,579,371
1709,683,14972,468,319,317,257,429,309,460,312,498,343,491,342,495,337,499,341
1710,674,14836,488,321,311,251,442,307,458,301,518,353,504,335,513,348,524,346
1711,671,14981,458,312,304,240,407,295,437,294,463,319,462,318,465,318,477,323
1712,643,14792,449,282,312,249,419,282,445,281,489,314,473,305,484,305,491,310
1713,702,14869,512,338,336,280,484,347,513,353,547,380,536,375,551,361,550,376
1714,613,15071,431,299,284,233,388,283,428,287,459,302,466,302,460,303,468,306
1715,737,14605,519,336,324,258,461,313,503,346,556,374,540,363,545,362,559,365
1716,675,14895,449,299,308,253,422,308,427,291,489,324,480,319,482,321,486,319
1717,677,15017,475,317,290,237,444,309,458,309,504,344,503,344,499,333,505,341
1718,590,14852,403,264,274,222,377,279,392,267,446,297,428,289,445,293,447,297
1719,610,14747,427,268,260,217,379,262,409,287,457,298,445,304,463,300,458,297
1720,751,14708,500,324,317,251,474,323,498,316,543,356,529,339,547,342,554,348
1721,736,14789,532,348,335,270,485,332,514,355,568,378,553,392,553,379,568,364
1722,671,14647,463,319,309,261,418,297,450,309,494,336,482,325,491,325,497,335
1723,698,14960,497,342,327,261,475,344,487,343,536,375,520,367,538,367,542,374
1724,578,14927,441,294,282,230,415,305,422,298,466,336,460,327,468,332,467,335
1725,619,14873,438,307,291,249,388,289,420,297,470,334,454,322,464,329,463,315
1726,608,14723,426,285,289,231,389,276,430,296,447,306,446,304,458,309,445,304
1727,671,14929,460,303,284,239,432,301,462,304,510,349,490,343,499,320,506,329
1728,643,14970,442,293,297,243,415,301,451,301,485,338,480,347,492,338,488,330
1729,653,14986,452,315,319,255,413,287,460,305,488,331,481,319,495,331,502,326
1730,669,14681,465,301,309,244,419,293,468,311,488,331,488,330,487,329,498,322
1731,667,14928,448,303,291,243,404,281,441,298,492,329,480,325,486,324,492,326
1732,611,15047,405,271,290,252,387,295,406,292,444,311,437,318,435,304,443,309
1733,698,14873,482,304,311,263,445,311,479,311,505,339,515,343,508,344,511,334
1734,668,15029,461,287,293,234,445,308,461,279,514,336,498,337,504,318,516,329
1735,693,15004,488,331,297,240,463,319,472,326,526,359,523,344,528,365,539,362
1736,726,14820,497,315,303,239,452,309,471,297,537,342,521,350,547,339,545,336
1737,643,14796,439,318,276,234,405,307,434,312,473,333,462,330,475,329,478,329
1738,619,14926,409,284,271,225,403,301,417,288,457,320,451,312,452,309,464,314
1739,694,14956,492,314,328,266,454,327,463,313,523,358,519,361,513,351,523,345
1740,634,14715,445,311,298,245,410,297,431,302,475,332,462,323,472,326,477,320
1741,606,14821,428,277,251,204,392,287,411,273,456,315,446,303,457,323,464,310
1742,704,14762,490,326,326,270,474,342,485,323,530,361,519,341,541,359,548,369
1743,687,14932,470,298,321,257,423,293,467,302,508,318,503,309,512,313,514,310
1744,709,14726,506,317,315,252,471,322,495,331,530,347,517,334,537,353,541,349
1745,696,14978,493,317,322,264,449,315,486,321,538,358,524,333,548,350,539,351
1746,633,14925,427,290,278,220,382,274,417,281,471,321,459,312,474,322,474,311
1747,639,14987,437,309,311,255,408,300,446,314,464,330,460,314,466,319,472,316
1748,656,14821,458,321,317,262,431,311,451,312,496,341,475,315,489,331,500,345
1749,608,14863,417,267,271,225,386,274,433,297,467,317,462,308,468,308,472,305
1750,604,15174,434,274,303,234,398,281,430,275,471,318,453,306,465,319,473,316
1751,657,14721,471,317,301,251,418,308,451,317,487,327,488,343,488,330,494,325
1752,657,14814,462,304,303,244,410,288,455,302,490,327,484,316,492,335,497,324
1753,633,14651,430,277,277,224,399,282,425,279,456,303,450,304,457,304,475,302
1754,630,15229,436,302,279,236,396,288,431,292,458,322,447,312,461,314,466,322
1755,663,14859,464,317,319,265,430,307,445,308,496,342,479,327,493,335,504,338
1756,653,15085,422,279,311,251,407,313,430,293,485,332,466,322,476,315,489,324
1757,662,14894,462,303,288,224,414,288,445,289,491,329,488,328,493,318,498,330
1758,638,14918,431,288,285,245,403,292,442,297,472,340,464,327,475,330,478,333
1759,625,14897,452,295,299,236,417,279,440,301,478,316,473,313,471,322,481,313
1760,666,14799,451,317,295,235,400,290,426,298,490,341,471,320,494,346,490,339
1761,649,14931,465,318,323,268,432,318,462,322,487,332,504,346,490,322,490,330
1762,714,15125,497,329,300,240,459,333,493,333,543,381,526,358,536,369,544,377
1763,725,14638,508,350,341,273,460,331,497,335,548,370,537,369,559,371,556,363
1764,759,15070,492,306,321,249,471,305,504,326,542,327,536,347,534,325,554,336
1765,705,14702,477,330,323,256,451,318,470,322,522,349,518,349,519,332,526,336
1766,626,14893,436,304,294,248,401,306,426,301,473,338,458,330,468,342,473,336
1767,667,14874,449,310,296,251,424,309,450,303,519,346,499,328,506,339,514,339
1768,662,14912,460,314,332,281,424,316,430,311,482,336,468,328,484,314,482,320
1769,687,14964,490,340,312,251,444,313,476,323,517,358,513,357,516,358,523,358
1770,648,14642,462,289,290,240,423,279,452,298,497,326,489,316,504,327,508,323
1771,675,14965,478,300,311,255,446,302,459,301,511,331,493,318,499,314,512,324
1772,589,14848,393,255,275,218,347,251,379,255,432,277,408,256,425,276,435,273
1773,721,14862,488,307,301,248,463,304,493,305,522,336,523,319,521,327,521,332
1774,732,14730,483,314,321,250,439,294,479,307,537,344,524,351,536,348,542,343
1775,722,14644,512,346,312,254,468,344,480,327,545,368,529,351,539,361,555,380
1776,603,14797,418,292,278,233,402,309,421,281,429,307,428,304,434,298,443,304
1777,631,14997,443,296,312,243,416,297,440,310,493,344,466,327,482,322,498,337
1778,756,14855,530,335,346,282,478,321,520,351,572,377,563,380,565,352,577,365
1779,684,14815,483,310,310,250,437,297,464,311,500,328,493,332,500,311,508,321
1780,620,14868,413,284,286,233,403,281,412,264,460,302,441,301,458,295,464,296
1781,656,14808,460,303,329,262,441,309,453,313,514,341,502,337,511,328,516,330
1782,642,14922,441,299,317,258,409,293,446,313,471,320,478,346,478,317,484,317
1783,662,14854,467,330,299,238,417,295,458,320,491,344,488,344,491,337,486,344
1784,645,14924,465,294,281,235,421,281,455,295,502,320,491,338,498,306,504,320
1785,664,14940,454,302,301,244,434,303,453,300,498,340,488,340,499,324,503,330
1786,641,14716,435,282,280,233,400,280,430,294,473,312,465,312,480,316,482,312
1787,673,14943,462,298,306,247,429,316,444,297,502,340,487,334,499,328,502,325
1788,689,15038,457,289,319,264,421,291,466,297,502,332,469,317,492,313,504,323
1789,654,14718,456,298,293,239,409,279,439,288,495,332,492,330,499,327,496,317
1790,632,14638,430,272,300,244,421,293,431,284,472,320,479,321,475,303,475,309
1791,639,14680,432,287,298,240,391,265,434,286,464,322,455,323,454,299,465,307
1792,594,14936,427,297,280,226,377,269,413,283,454,316,447,317,459,320,459,311
1793,679,15004,455,301,296,243,431,298,454,298,489,321,489,339,503,323,496,320
1794,697,15070,459,292,295,242,416,293,452,301,500,313,491,320,498,311,504,328
1795,641,14890,451,301,321,266,410,292,451,299,500,328,487,329,498,324,503,322
1796,705,14963,468,305,327,265,429,313,466,325,516,347,499,340,505,332,523,344
1797,632,14694,452,300,310,262,422,310,441,312,470,334,467,328,466,314,478,329
1798,588,14922,425,270,277,232,392,285,411,282,455,309,437,301,450,301,458,307
1799,633,14940,438,304,285,233,387,291,426,292,469,312,460,318,465,301,480,309
1800,652,14871,464,309,304,250,428,308,459,312,496,339,506,352,510,338,504,339
1801,636,14752,451,302,271,221,400,294,435,291,482,329,472,322,479,307,495,329
1802,608,14948,415,269,318,254,380,267,423,286,433,296,443,307,439,287,444,300
1803,765,14767,538,338,341,269,512,348,547,355,583,376,572,369,580,369,594,369
1804,647,15055,463,295,282,227,408,281,452,292,481,325,468,319,487,314,486,316
1805,638,15120,450,295,320,259,424,314,454,298,503,349,488,337,497,338,508,352
1806,648,14861,465,290,301,243,415,297,451,291,496,320,479,319,493,316,500,308
1807,657,14825,464,296,296,249,410,287,455,295,500,325,487,321,493,310,506,316
1808,673,14869,455,294,296,235,421,276,462,305,508,315,487,320,494,314,500,314
1809,690,15023,466,297,274,221,435,298,446,293,506,335,497,327,517,337,509,331
1810,712,14963,467,309,322,261,452,313,486,313,514,326,512,344,513,325,522,327
1811,656,15023,461,305,308,251,431,307,457,295,515,327,500,334,512,324,519,320
1812,622,15053,432,304,288,231,388,279,433,311,466,326,459,309,461,330,464,319
1813,662,14743,465,292,290,236,427,308,465,306,498,322,485,328,502,305,506,323
1814,673,14784,459,289,314,250,446,312,450,296,500,321,492,330,502,313,504,305
1815,688,14777,472,322,318,257,441,315,473,320,508,356,497,339,510,353,520,347
1816,625,14796,436,314,296,254,402,302,428,298,466,346,461,341,481,353,481,345
1817,701,14841,461,318,316,248,448,312,465,322,508,346,505,351,515,346,520,355
1818,621,14788,442,288,294,250,416,301,447,303,485,324,471,313,478,314,485,313
1819,686,14932,474,326,310,256,433,317,464,319,501,341,497,350,495,327,505,333
1820,596,14748,427,290,291,238,396,288,408,290,465,324,457,307,463,318,466,318
1821,683,14767,478,306,293,238,437,297,460,301,527,341,515,328,521,329,527,339
1822,623,14884,444,292,297,250,406,296,440,294,484,327,462,320,477,322,485,319
1823,666,15031,489,305,316,263,438,301,469,301,503,325,505,341,510,329,517,312
1824,656,14950,476,320,309,255,437,306,458,320,496,345,485,330,497,339,502,346
1825,644,14905,435,306,284,232,398,302,411,299,469,329,461,328,472,332,474,328
1826,729,14868,487,312,326,261,463,321,496,317,539,362,530,353,549,354,549,357
1827,658,14784,454,296,284,226,435,314,451,294,495,334,489,329,496,330,500,327
1828,631,14823,417,296,272,229,377,279,401,282,451,319,433,306,459,315,453,316
1829,653,14923,442,301,284,228,412,296,432,302,487,339,471,326,484,318,495,337
1830,610,14870,413,285,302,259,395,284,417,288,449,296,440,297,446,288,457,290
1831,617,14855,416,270,309,258,400,304,418,284,439,305,428,298,441,308,445,289
1832,600,15158,414,276,282,225,380,277,416,288,445,304,439,303,442,299,451,301
1833,651,14819,439,284,277,217,420,292,437,280,474,319,469,323,475,319,482,315
1834,676,14883,464,320,319,260,439,313,474,315,499,327,496,334,501,326,502,326
1835,717,14648,494,322,323,249,465,310,502,326,547,358,529,357,549,352,564,363
1836,679,14935,466,311,288,236,427,289,460,301,498,333,479,323,503,317,517,346
1837,657,14829,444,272,304,246,418,286,441,291,489,315,492,327,477,307,488,297
1838,644,14999,460,305,299,239,426,287,448,293,480,325,484,325,481,321,484,318
1839,679,14953,479,337,332,274,442,326,460,335,511,357,498,345,518,357,514,344
1840,652,14835,463,293,306,234,426,286,452,299,501,318,504,323,490,303,506,315
1841,657,15029,458,304,297,230,422,305,455,309,507,342,482,332,499,345,508,337
1842,658,14834,436,285,297,243,422,309,432,293,462,304,462,318,455,309,471,304
1843,647,15052,440,292,292,233,408,283,432,289,472,313,478,317,478,314,476,310
1844,675,14672,476,311,304,244,446,310,478,313,503,336,497,340,516,338,518,334
1845,605,15038,408,270,264,222,373,273,405,284,440,307,428,290,431,301,445,307
1846,710,14979,450,304,320,267,425,311,454,314,498,354,502,360,497,353,502,342
1847,672,15042,464,304,308,251,440,305,454,304,502,330,501,329,509,330,514,327
1848,639,14843,443,292,314,249,414,298,422,297,472,317,481,326,468,310,487,322
1849,624,14830,416,267,279,230,383,269,413,274,452,311,456,307,446,298,452,306
1850,593,14893,406,280,273,226,367,290,384,269,437,304,424,297,440,298,440,297
1851,676,15013,481,322,309,252,448,329,481,336,534,361,522,350,531,351,540,360
1852,669,14810,465,305,291,250,418,295,454,309,514,347,496,335,510,339,521,335
1853,639,14824,452,297,299,245,426,302,436,302,493,319,480,321,485,311,497,313
1854,661,14758,445,299,300,246,432,314,437,296,482,342,471,332,479,341,485,339
1855,700,15168,494,325,301,249,460,316,451,310,524,355,526,352,529,346,530,339
1856,684,14937,477,302,364,298,460,312,486,328,512,333,510,339,507,322,518,329
1857,706,14917,506,352,331,267,452,336,491,336,544,367,532,363,533,361,544,366
1858,661,14952,438,288,292,238,393,282,440,295,463,331,464,337,468,321,472,330
1859,706,14826,489,333,318,254,435,320,471,328,523,353,510,354,522,346,529,343
1860,640,15011,421,290,298,261,397,299,432,298,475,333,465,335,464,328,478,335
1861,696,15054,497,332,338,268,460,330,484,327,513,348,521,352,507,338,520,346
1862,657,14910,460,317,300,244,427,290,467,299,492,342,482,333,492,330,493,328
1863,660,14963,465,307,291,233,426,311,457,320,496,346,483,340,499,344,501,346
1864,626,14827,448,286,297,244,419,294,445,296,474,331,460,315,478,321,486,328
1865,701,14760,463,294,288,234,438,306,463,300,525,335,510,327,521,329,524,329
1866,619,15102,423,285,286,233,388,286,412,284,448,314,447,322,449,299,450,308
1867,691,14976,457,288,306,242,425,282,463,303,521,336,500,326,509,327,521,332
1868,628,15147,456,306,287,245,399,290,427,308,473,334,473,345,487,333,485,335
1869,680,14776,468,298,319,257,428,293,463,308,524,336,518,341,521,322,528,321
1870,655,14969,446,300,314,266,424,312,443,299,487,332,478,316,482,316,488,317
1871,663,15056,479,328,329,269,440,316,457,319,513,348,502,358,507,346,513,342
1872,683,14924,467,320,316,273,422,312,468,327,506,347,500,340,502,324,510,337
1873,676,15016,481,318,327,269,435,319,477,335,511,370,504,350,507,367,504,357
1874,681,14943,474,310,312,252,435,302,466,319,518,340,509,334,521,337,526,336
1875,697,15075,457,305,337,274,444,325,470,304,501,339,480,329,499,333,502,328
1876,650,15015,496,325,316,261,427,298,478,326,513,343,513,352,502,321,512,327
1877,671,14988,465,299,305,253,421,293,444,310,493,331,484,334,506,336,501,338
1878,667,15016,444,292,314,260,445,330,440,307,480,327,484,316,477,321,487,320
1879,680,14705,477,323,305,256,435,305,469,323,505,342,501,333,500,336,512,345
1880,668,14487,438,286,297,248,412,293,440,295,485,337,468,315,486,329,497,336
1881,686,14977,495,320,317,257,449,306,478,327,521,346,510,340,514,318,518,336
1882,683,14622,467,325,333,268,434,296,470,308,505,342,493,350,504,336,511,332
1883,660,14839,463,295,317,253,438,303,450,297,503,326,497,318,511,340,506,324
1884,656,14752,474,334,308,249,453,333,445,303,500,357,490,351,501,344,502,347
1885,647,14854,448,281,283,224,405,276,444,293,486,313,472,310,474,302,482,300
1886,602,14945,412,287,266,220,382,299,408,293,454,326,442,313,456,331,459,314
1887,638,14887,438,289,292,252,410,293,440,314,482,333,473,333,484,343,485,334
1888,649,15068,460,306,294,243,425,288,447,290,490,338,465,321,499,334,497,335
1889,653,14917,441,297,284,217,399,280,428,294,459,318,448,305,460,305,470,317
1890,603,14788,415,274,297,231,390,280,410,287,441,298,436,301,432,297,440,294
1891,676,14890,447,296,332,265,421,301,447,304,497,313,488,319,499,313,502,305
1892,636,14918,434,299,298,249,417,287,427,278,475,305,445,299,473,304,481,305
1893,781,14854,546,363,343,275,499,338,538,352,581,374,579,370,582,369,588,376
1894,603,14839,424,270,277,231,398,275,417,269,454,300,445,309,453,302,459,300
1895,665,14772,439,286,285,233,403,277,429,282,482,311,461,302,474,305,481,299
1896,663,15009,452,295,297,228,414,284,445,301,492,308,480,318,491,316,494,307
1897,635,14895,438,268,267,207,413,267,434,263,480,292,469,291,482,291,481,287
1898,730,14719,478,320,317,252,440,306,463,314,527,356,512,335,528,351,527,347
1899,689,14880,470,297,296,245,425,288,464,304,496,332,496,321,499,332,504,331
1900,623,14902,446,277,287,244,420,288,446,287,481,316,469,330,481,313,490,316
1901,637,14669,472,317,324,269,424,311,466,327,499,361,489,352,498,346,502,348
1902,617,15018,415,276,270,217,385,269,410,280,441,303,423,286,448,308,446,302
1903,691,14879,452,319,332,273,429,320,451,307,492,331,492,350,492,317,511,339
1904,644,14909,456,297,296,240,399,288,427,279,481,333,466,329,482,331,487,323
1905,627,14956,422,288,278,226,392,287,419,286,448,324,451,317,448,307,452,311
1906,693,14762,472,308,291,242,439,311,460,293,512,316,494,306,511,318,516,312
1907,600,15009,441,293,285,240,387,295,420,295,461,324,454,321,460,322,463,328
1908,660,14892,445,301,296,247,409,287,438,305,473,322,482,330,484,322,487,326
1909,709,14898,482,316,305,236,460,321,485,308,527,341,509,347,530,337,541,347
1910,709,14820,513,310,336,273,482,331,489,323,540,343,538,353,535,341,546,339
1911,683,14941,484,291,315,262,448,306,473,316,515,327,506,331,519,327,519,319
1912,695,14564,482,316,349,275,456,327,487,329,538,347,521,360,538,351,541,344
1913,661,14707,446,299,288,236,424,284,454,300,483,333,469,326,485,324,496,318
1914,694,14894,450,292,293,237,439,296,457,302,502,327,469,319,505,318,502,306
1915,730,14997,496,302,291,235,458,314,481,301,545,346,520,353,544,331,551,333
1916,631,14898,461,311,308,251,422,302,449,317,491,330,493,339,489,336,496,323
1917,641,14817,468,321,310,243,412,299,464,329,481,334,463,333,478,324,491,326
1918,695,14888,490,322,308,256,433,321,491,324,519,352,512,360,524,338,526,353
1919,622,14849,430,302,273,225,390,288,425,295,456,319,456,319,458,304,467,312
1920,664,14723,478,325,318,271,442,323,464,331,506,337,487,322,509,338,514,340
1921,638,15029,457,296,294,241,409,296,448,309,487,335,490,338,495,332,488,331
1922,607,15031,434,295,268,227,387,285,409,290,445,323,443,327,449,304,446,310
1923,686,14834,435,273,300,231,411,293,443,285,479,314,473,328,480,311,477,308
1924,674,14814,478,327,316,254,424,297,467,327,510,340,500,348,508,334,517,333
1925,637,14616,444,287,286,239,400,280,435,296,476,314,470,308,480,302,477,307
1926,701,14853,490,306,305,253,445,311,468,304,526,347,506,326,522,343,536,348
1927,691,14851,503,331,327,269,463,339,492,352,533,369,522,357,526,351,535,367
1928,634,14677,421,263,281,224,408,279,419,282,464,313,461,311,467,304,473,301
1929,674,15081,441,309,314,264,400,293,434,302,485,336,476,322,479,323,490,335
1930,643,14964,444,319,293,230,397,289,431,298,479,323,458,325,472,322,483,324
1931,644,14937,433,290,289,240,403,300,433,296,476,342,458,322,480,340,480,336
1932,683,14840,482,326,290,236,447,314,475,318,523,350,517,367,523,338,532,345
1933,684,15135,473,315,332,270,447,325,474,332,523,363,509,363,518,351,523,354
1934,653,14830,478,310,341,272,432,317,468,310,504,345,486,340,498,340,508,340
1935,568,15046,406,286,304,248,381,287,399,292,419,302,415,307,421,300,418,296
1936,722,14878,491,322,311,240,455,315,478,321,528,347,518,342,534,353,535,343
1937,617,14917,418,290,300,258,403,300,424,304,472,333,457,324,464,325,468,327
1938,709,14808,497,318,324,269,454,324,486,317,541,355,555,352,546,358,552,356
1939,611,14722,420,271,266,217,388,273,390,256,458,311,442,297,458,300,462,298
1940,697,14863,476,314,319,258,454,323,465,303,499,340,497,320,510,346,511,336
1941,684,14661,476,312,299,237,436,302,463,315,512,342,504,338,508,330,519,343
1942,679,14865,485,303,294,239,460,304,476,305,526,354,508,343,521,337,527,343
1943,681,15115,455,297,308,262,430,308,458,311,515,346,501,343,516,336,521,340
1944,708,14842,518,344,334,267,462,317,486,325,537,358,534,365,522,340,540,353
1945,695,14847,474,322,307,256,454,317,468,311,525,343,517,348,530,348,537,345
1946,692,15118,487,321,316,256,465,330,483,321,537,358,520,359,538,359,548,358
1947,672,14806,488,328,301,241,432,292,461,311,530,349,508,349,525,351,533,340
1948,705,15170,479,329,306,250,437,320,451,320,525,350,505,340,529,344,529,339
1949,659,14675,446,295,291,233,400,272,443,287,473,316,468,321,466,303,471,305
1950,711,14938,506,326,332,262,481,329,504,322,547,347,533,349,544,344,538,338
1951,662,14888,483,321,300,245,440,314,473,314,516,345,501,348,514,335,517,339
1952,683,14928,477,299,312,241,438,304,473,306,520,347,497,337,509,339,522,336
1953,676,14855,462,292,309,251,440,292,466,296,500,325,496,327,500,318,505,317
1954,615,14777,428,276,265,213,391,269,413,279,461,306,447,296,454,297,479,310
1955,713,14643,490,343,336,268,466,327,490,342,534,369,530,359,526,353,536,366
1956,720,14682,495,333,309,243,455,310,477,324,524,345,510,340,524,339,535,344
1957,688,14886,472,306,311,245,458,322,465,314,510,344,493,340,520,342,519,346
1958,650,14935,448,296,283,230,406,298,425,305,467,335,458,323,472,325,469,332
1959,715,14628,474,317,300,234,434,313,455,306,519,335,505,339,513,329,524,337
1960,720,15115,494,303,303,254,464,308,479,299,533,349,526,342,528,348,529,340
1961,602,14804,392,250,260,212,356,248,388,258,431,286,426,307,420,276,431,274
1962,709,15046,489,328,335,255,462,338,492,320,540,366,528,352,536,352,542,356
1963,694,15020,447,308,302,237,421,303,455,315,493,345,491,347,508,336,502,342
1964,675,14863,486,313,316,254,455,321,470,310,531,351,515,334,526,338,536,355
1965,687,15123,471,307,296,239,446,317,469,302,531,358,502,340,527,354,530,346
1966,691,14800,486,341,330,271,442,339,479,336,496,359,498,350,498,355,498,338
1967,630,14914,405,275,292,234,374,280,405,278,448,308,445,303,451,295,452,293
1968,634,14973,424,303,281,226,410,293,419,303,492,333,478,323,486,314,491,329
1969,616,15241,451,316,313,260,427,302,445,313,482,337,473,337,489,336,487,330
1970,664,14944,452,305,299,243,427,278,452,308,492,339,485,350,501,322,495,325
1971,679,14893,470,313,302,254,441,317,468,322,511,364,495,355,505,350,508,350
1972,627,14938,451,301,303,253,400,305,423,288,470,328,453,320,473,318,479,322
1973,640,14817,428,294,299,224,401,294,439,301,481,325,474,335,477,331,495,331
1974,641,14798,439,284,266,206,420,291,436,280,471,317,460,322,476,323,474,318
1975,653,14753,449,298,299,242,434,311,444,294,484,316,484,310,493,317,493,314
1976,627,14899,398,253,297,247,394,289,413,278,444,299,431,298,432,294,451,299
1977,677,14709,452,299,288,237,416,289,447,305,499,318,485,315,501,317,494,311
1978,673,14920,445,292,278,227,413,285,442,293,487,326,490,327,488,312,500,325
1979,634,15048,433,306,303,248,407,298,438,311,488,339,490,349,483,328,489,324
1980,687,14954,478,307,314,243,438,293,484,315,506,338,499,337,510,324,519,329
1981,646,14962,470,322,322,268,420,295,459,316,489,339,473,337,483,338,488,328
1982,666,14978,495,320,319,252,431,299,485,328,516,349,496,350,509,342,522,346
1983,639,15247,441,313,293,238,406,305,434,310,476,346,472,344,476,337,479,334
1984,626,14976,455,301,296,238,396,275,435,287,469,335,462,321,470,313,475,331
1985,641,15048,469,319,330,261,413,297,456,336,490,349,489,349,485,339,490,342
1986,724,14824,501,330,333,275,462,328,484,335,538,353,529,356,541,361,539,351
1987,659,15057,467,333,330,275,427,317,461,333,493,355,499,365,488,344,493,347
1988,654,14806,438,282,287,238,416,287,441,290,483,310,464,297,483,301,491,307
1989,615,14767,411,265,270,224,379,275,407,264,442,295,446,290,443,277,444,281
1990,637,14838,443,301,293,246,414,304,439,306,466,329,456,321,471,315,469,320
1991,629,14994,441,299,285,241,411,294,439,295,475,333,463,322,469,317,478,329
1992,691,14967,463,281,298,237,428,309,460,288,510,328,484,325,508,330,513,318
1993,613,14816,421,285,276,232,394,294,426,297,449,318,444,321,458,314,454,312
1994,711,14821,502,311,337,277,463,315,494,312,525,333,516,331,530,325,539,329
1995,703,15045,491,326,333,274,454,322,486,327,537,342,516,337,541,347,539,337
1996,682,14600,451,292,278,223,420,278,451,296,516,333,490,314,517,334,527,333
1997,690,14738,487,320,343,270,474,338,475,324,538,367,514,337,529,362,544,356
1998,693,14605,444,283,283,216,411,272,451,280,502,312,509,321,504,312,513,312
1999,692,14798,468,272,295,232,423,274,462,286,499,301,479,306,490,294,498,296
2000,635,14917,452,309,297,250,423,319,446,307,480,352,468,339,490,348,485,341
2001,688,14600,478,318,298,239,441,302,463,308,514,341,501,340,507,349,519,345
2002,648,14951,461,317,300,239,430,314,441,312,497,350,477,330,501,341,500,349
2003,691,14875,449,298,303,243,426,309,464,319,499,323,490,320,501,323,502,326
2004,647,14986,454,313,303,250,418,312,449,311,485,332,476,328,486,332,490,326
2005,688,14834,435,299,296,238,412,284,453,302,502,333,487,329,494,313,503,328
2006,641,14828,459,316,318,267,424,306,457,324,497,334,487,327,487,322,493,331
2007,708,14526,505,304,292,234,481,333,491,305,555,373,541,362,556,356,565,357
2008,602,14847,432,274,285,226,391,269,432,279,449,297,445,304,445,277,456,293
2009,735,14889,506,331,340,270,470,331,486,320,559,374,533,357,559,357,561,366
2010,657,14772,468,309,312,251,434,300,463,315,505,346,494,344,503,329,505,336
2011,635,14931,445,303,302,250,398,294,433,312,465,334,469,347,473,328,474,329
2012,732,14804,527,348,371,295,488,350,509,357,555,377,541,352,554,386,560,377
2013,779,14835,544,360,348,280,501,359,535,370,585,395,570,394,587,386,584,386
2014,690,14720,475,304,326,259,450,317,476,317,514,341,498,336,513,327,519,326
2015,661,14976,457,306,267,225,420,308,450,298,499,338,478,326,493,328,494,324
2016,717,14863,487,317,349,281,452,321,495,341,528,368,515,358,526,360,530,352
2017,671,14907,460,324,294,243,426,311,460,312,513,352,496,353,514,339,518,350
2018,695,14844,489,310,294,236,432,299,476,319,502,341,490,332,506,342,516,339
2019,651,14931,452,309,303,248,419,301,433,304,491,319,476,312,484,315,490,312
2020,668,14828,464,315,309,270,427,320,459,322,502,343,499,341,509,344,508,343
2021,602,14797,408,265,271,217,376,263,409,278,448,303,438,291,453,297,454,292
2022,669,14799,449,302,328,270,408,287,462,316,479,326,476,339,477,324,495,330
2023,625,15024,442,308,300,256,400,290,436,318,465,337,457,332,467,328,469,337
2024,724,14885,530,346,349,292,481,335,520,338,541,369,547,382,541,365,555,359
2025,691,14631,458,287,311,239,412,281,473,302,509,322,496,318,504,322,513,320
2026,739,14629,502,334,313,251,467,331,487,327,538,353,544,367,532,361,538,350
2027,731,14985,478,320,316,254,441,317,474,333,533,363,509,360,528,355,532,361
2028,651,14958,425,296,254,221,387,281,426,297,466,325,462,325,468,326,469,325
2029,669,15044,449,287,300,246,417,284,428,288,485,324,475,314,478,306,489,312
2030,663,14916,472,320,318,246,433,313,443,307,500,332,488,333,490,314,497,324
2031,674,14789,474,288,307,251,426,309,462,299,497,324,487,322,505,331,500,326
2032,640,14860,433,283,302,241,409,288,425,272,485,313,471,325,485,310,495,298
2033,679,14869,438,287,276,214,418,282,451,291,498,322,490,322,500,333,493,316
2034,650,14725,462,305,316,256,427,301,451,304,499,328,497,338,502,311,502,323
2035,670,15042,463,309,287,242,416,291,436,303,506,335,489,332,496,324,499,319
2036,682,14706,459,303,323,256,432,292,465,321,486,319,486,325,489,330,495,316
2037,630,14756,438,287,276,222,387,266,435,281,478,316,454,297,478,313,480,310
2038,648,14763,463,305,312,258,419,300,441,309,488,337,478,343,495,342,496,343
2039,656,14886,438,281,276,218,409,270,443,302,479,310,476,311,482,302,484,295
2040,599,15021,405,262,236,195,361,253,397,252,431,292,428,304,440,297,435,296
2041,638,14873,445,315,289,251,413,315,435,309,494,346,476,334,496,338,500,353
2042,680,14766,463,311,335,278,440,310,457,309,507,342,487,325,496,325,515,333
2043,667,14890,467,315,301,248,437,316,456,315,506,340,494,337,506,333,510,336
2044,621,15182,430,284,294,234,404,296,436,304,452,317,442,319,463,315,467,321
2045,626,14567,447,317,280,223,403,284,442,294,474,326,462,317,480,316,478,313
2046,678,14862,482,307,345,279,441,321,483,322,511,337,502,333,519,334,515,331
2047,724,15070,486,295,316,249,460,327,493,325,533,353,512,334,536,352,540,351
2048,618,14809,432,301,291,238,391,279,409,284,441,311,433,305,439,314,448,308
2049,680,14718,475,309,320,255,436,308,460,317,524,344,505,337,522,348,529,331
2050,597,15115,414,278,309,261,398,298,415,282,451,321,445,314,457,319,451,315
2051,609,14873,435,294,306,240,402,280,428,302,475,319,472,322,471,304,476,318
2052,662,14861,434,296,286,222,400,279,453,296,475,300,469,292,475,301,478,297
2053,639,14759,447,312,310,243,418,284,450,312,500,337,485,331,501,332,503,328
2054,771,14851,514,343,335,273,482,353,495,339,556,363,547,366,557,354,557,364
2055,671,14735,476,318,299,246,424,306,446,310,502,349,501,346,505,341,508,341
2056,665,14757,444,294,283,224,417,305,457,299,475,329,471,330,481,327,484,324
2057,664,14913,470,304,294,241,438,312,458,310,502,334,483,314,509,331,506,329
2058,628,14769,435,273,287,231,387,266,420,272,459,287,461,297,452,276,468,291
2059,572,14840,402,260,263,207,374,258,397,277,435,299,424,300,427,277,433,284
2060,634,15084,412,289,292,242,390,284,418,283,455,318,449,317,462,310,459,308
2061,644,14754,453,295,290,240,417,299,464,315,491,346,484,345,488,336,496,339
2062,592,14917,430,270,281,228,377,278,413,277,461,318,448,299,458,302,468,312
2063,686,14663,483,330,309,255,455,331,474,331,526,353,519,359,519,347,524,353
2064,634,15004,444,297,300,244,404,290,428,302,471,319,455,320,472,320,480,314
2065,726,14863,521,328,312,251,489,335,501,344,543,352,539,359,556,348,550,351
2066,666,15047,470,323,335,277,427,320,469,335,489,344,502,347,496,328,497,340
2067,644,14927,454,289,287,232,416,282,457,313,470,324,469,328,478,324,485,327
2068,671,14802,453,306,308,254,423,299,448,313,499,330,480,338,494,316,505,324
2069,685,14825,460,304,289,243,427,306,437,307,495,340,486,345,490,342,501,331
2070,735,14740,509,343,349,275,486,359,511,335,549,372,528,359,562,381,557,379
2071,649,14786,430,284,280,233,412,287,431,287,476,303,467,310,478,304,481,297
2072,663,14846,418,271,275,222,396,269,422,283,471,310,463,308,463,310,470,297
2073,606,15119,413,281,281,223,375,258,403,274,434,297,428,287,432,286,439,284
2074,655,14998,452,312,289,239,414,305,441,299,480,332,470,328,469,330,483,324
2075,625,14898,416,285,302,251,379,281,412,290,446,312,435,294,452,312,443,304
2076,628,14925,439,289,298,255,423,307,435,305,474,326,463,316,478,323,481,321
2077,652,14744,478,325,305,267,427,308,463,309,511,352,507,341,510,346,517,342
2078,661,14823,444,285,295,245,407,287,444,296,484,320,472,331,488,323,489,318
2079,654,14906,451,286,293,245,411,280,435,290,481,323,484,326,487,316,491,310
2080,724,14872,502,320,317,267,469,315,494,327,546,368,530,355,546,353,548,351
2081,638,15025,461,308,316,247,422,299,458,304,499,316,486,322,492,299,494,318
2082,672,14717,493,333,324,264,440,322,490,320,519,340,501,329,523,337,527,327
2083,603,14902,433,282,292,235,389,269,431,287,468,308,467,315,460,300,475,302
2084,698,14928,479,313,333,269,460,328,477,334,519,349,505,339,517,341,529,354
2085,750,14966,526,339,371,290,502,337,528,348,556,367,546,368,552,355,556,358
2086,705,14760,483,310,331,268,450,318,488,329,520,330,507,334,523,332,527,332
2087,771,14879,529,349,347,280,493,362,516,352,580,397,553,380,590,386,591,401
2088,676,14806,459,307,305,252,426,300,451,302,502,340,506,346,504,338,511,342
2089,640,15048,456,280,273,222,383,267,442,284,489,319,479,321,486,313,499,321
2090,681,14969,459,311,260,213,414,273,456,309,499,328,494,321,496,323,505,325
2091,594,14666,431,283,284,232,387,288,408,291,449,313,446,322,447,307,455,308
2092,692,14753,481,329,333,285,451,330,480,331,502,335,492,330,504,341,511,331
2093,669,14716,452,271,276,234,415,277,457,283,482,305,468,300,479,305,484,294
2094,607,14805,458,298,285,237,413,279,444,302,482,324,477,316,481,312,478,307
2095,689,14853,467,312,320,260,425,301,466,314,514,353,500,341,515,338,524,350
2096,638,14806,459,308,308,244,416,301,434,295,477,329,463,333,486,328,487,318
2097,604,14606,440,287,294,240,396,286,422,288,456,306,444,307,448,300,459,301
2098,744,14823,487,328,331,269,461,338,481,321,533,359,518,338,547,360,545,355
2099,650,14641,429,286,276,217,393,282,429,299,476,325,461,327,475,323,480,315
2100,604,15009,417,293,293,255,388,287,410,290,458,304,460,300,463,304,458,297
2101,689,14860,486,315,331,258,433,299,478,304,512,346,505,344,510,321,514,329
2102,602,15213,420,282,274,216,393,277,426,277,454,307,455,307,464,309,454,297
2103,652,15188,450,311,285,240,386,293,448,318,483,339,461,322,479,341,480,324
2104,618,15021,406,277,302,245,386,275,397,285,426,295,410,292,414,298,425,290
2105,629,14757,423,289,277,230,404,298,421,299,462,316,445,312,461,322,468,320
2106,665,15009,472,304,322,270,423,298,459,310,494,328,492,327,493,316,501,331
2107,615,15027,422,270,279,225,399,276,429,283,453,313,445,308,457,301,450,306
2108,652,14757,467,296,304,248,436,311,459,307,499,332,492,329,500,319,506,333
2109,628,14784,456,310,307,247,407,306,445,321,476,343,465,339,476,342,491,334
2110,614,14819,409,272,296,251,387,284,411,282,446,321,437,322,443,312,450,314
2111,646,14974,448,300,297,250,418,297,445,296,499,336,481,332,499,327,503,325
2112,725,14737,513,312,311,247,462,324,509,318,543,349,544,345,543,342,554,338
2113,650,14947,458,300,331,260,445,307,469,313,485,338,472,331,489,340,492,327
2114,617,14773,425,275,294,238,388,282,422,280,457,309,450,307,460,300,463,311
2115,660,14916,455,293,327,259,426,305,456,296,491,332,482,331,488,322,482,321
2116,606,14983,436,276,273,222,393,269,432,285,471,315,454,308,471,312,476,305
2117,629,14931,441,282,283,238,391,274,434,279,457,310,465,324,448,296,465,309
2118,643,15026,450,315,287,236,431,296,440,300,491,336,484,337,489,319,496,335
2119,685,14726,488,306,301,219,456,309,460,297,527,352,509,341,527,334,530,347
2120,724,14891,492,326,308,240,454,323,490,345,529,364,510,355,538,372,540,372
2121,628,14651,425,294,275,222,396,273,424,293,450,303,434,292,448,305,443,296
2122,663,14711,439,313,326,283,416,289,455,319,463,327,462,334,465,307,465,322
2123,656,15069,468,295,311,240,420,297,467,315,489,341,482,327,491,326,489,330
2124,769,14774,530,322,317,248,475,322,525,339,577,369,562,344,573,362,579,364
2125,632,14545,449,298,312,247,419,304,438,292,475,307,466,310,470,310,481,309
2126,640,14752,451,302,277,218,412,290,438,279,481,312,478,320,489,314,488,317
2127,627,14791,436,290,299,242,407,308,427,303,469,316,450,310,453,306,477,310
2128,680,14852,468,320,321,247,443,305,462,314,512,329,493,322,511,316,516,310
2129,610,15022,386,275,280,227,362,281,397,280,438,308,428,309,433,304,440,293
2130,668,14823,494,320,301,237,439,291,471,315,510,342,504,341,509,345,515,342
2131,659,14907,454,291,280,228,387,280,432,297,459,308,464,313,464,300,472,306
2132,654,14898,457,316,325,271,434,328,454,327,483,340,476,337,492,335,493,337
2133,671,15015,493,316,330,264,464,320,483,330,515,351,506,346,528,327,526,331
2134,688,15071,492,334,353,284,439,313,477,328,522,361,515,352,520,342,529,357
2135,689,14845,469,313,294,246,434,314,470,317,519,346,498,337,518,343,517,334
2136,698,14984,466,293,295,238,447,314,470,296,502,312,501,312,505,318,508,308
2137,686,14940,483,305,320,248,448,308,477,319,531,355,524,352,526,345,525,351
2138,727,14886,471,299,300,259,439,303,463,314,527,358,515,355,528,356,531,338
2139,673,14710,479,310,303,254,446,317,470,324,499,344,503,337,501,340,508,344
2140,611,14909,424,305,311,269,395,296,430,309,467,342,458,349,464,328,473,331
2141,628,14833,418,296,292,238,394,301,404,304,459,327,439,322,455,318,464,315
2142,582,14949,416,271,283,229,383,268,411,281,442,306,442,303,436,291,437,295
2143,689,14841,484,317,293,239,433,288,473,312,511,344,503,348,513,331,511,338
2144,689,14914,495,330,341,279,435,316,474,338,514,357,499,346,507,347,516,354
2145,722,14872,512,325,333,273,465,306,504,339,542,364,531,367,540,337,547,357
2146,684,15070,472,315,317,263,445,315,475,313,505,341,512,348,489,336,506,328
2147,731,14799,507,324,329,255,464,325,496,334,547,352,530,338,534,334,551,346
2148,735,14934,512,332,304,247,453,301,494,329,539,353,536,348,538,352,541,345
2149,646,14867,458,296,296,245,432,293,441,293,489,314,479,310,495,316,497,306
2150,634,14735,414,250,265,209,386,269,420,266,455,284,441,291,454,291,462,287
2151,706,14994,472,299,273,221,436,289,473,305,509,330,494,329,511,332,505,321
2152,620,14908,449,285,289,243,394,283,431,295,464,306,449,311,470,306,473,310
2153,677,14957,498,319,306,261,456,315,485,321,514,346,498,339,518,340,523,337
2154,694,14793,466,310,305,239,432,304,455,307,511,350,490,333,520,345,515,347
2155,640,14928,455,310,294,249,416,307,457,325,478,324,473,326,484,329,488,322
2156,675,14807,500,319,338,277,482,351,487,333,538,395,521,369,542,374,552,384
2157,689,14631,464,304,304,242,437,309,457,307,486,333,476,323,484,331,492,328
2158,730,14918,479,290,311,248,456,310,480,303,529,335,527,338,528,323,536,335
2159,658,14691,452,309,283,231,419,298,452,309,488,323,472,312,490,313,495,314
2160,644,15093,456,303,299,232,416,277,441,297,485,324,480,331,477,310,486,319
2161,654,14914,418,284,320,252,396,286,424,297,464,305,461,293,450,300,461,304
2162,651,14741,458,320,318,266,430,328,445,314,492,344,482,326,482,339,493,331
2163,636,15083,449,292,290,252,411,278,449,303,488,311,489,323,491,303,494,314
2164,622,14849,428,302,315,247,405,294,430,297,469,334,446,302,459,322,470,326
2165,672,14878,495,321,293,238,441,318,467,309,525,359,506,350,516,336,534,356
2166,691,14824,471,302,292,240,442,325,448,319,502,329,488,336,496,317,505,331
2167,703,14897,498,321,340,276,461,322,494,331,530,353,518,337,524,340,538,344
2168,723,14637,492,309,329,262,466,311,483,317,524,342,533,362,526,351,524,336
2169,664,14955,435,303,297,249,393,277,433,308,464,317,467,313,469,312,474,320
2170,608,14977,415,311,277,233,371,279,414,308,450,329,442,312,458,330,451,333
2171,691,14893,470,305,309,253,429,305,451,307,496,328,481,333,503,333,510,330
2172,697,14981,467,310,315,254,442,320,465,308,521,342,502,341,519,337,518,340
2173,642,15112,463,322,297,244,420,298,437,302,493,334,475,323,495,338,499,329
2174,718,15027,506,318,324,279,482,340,507,331,548,370,532,358,550,352,551,353
2175,603,15180,439,277,301,238,403,275,428,287,465,307,455,314,459,302,468,297
2176,671,14808,448,295,293,235,434,296,455,299,507,326,500,326,502,319,508,317
2177,633,14880,431,295,281,225,392,292,432,306,465,333,455,311,468,330,467,328
2178,663,15196,460,294,318,247,417,297,445,302,478,330,469,319,488,313,481,321
2179,723,14844,492,327,331,265,458,336,495,333,541,357,527,358,539,356,551,366
2180,647,14686,442,305,292,240,392,277,435,298,478,318,462,314,476,311,471,309
2181,606,14934,412,277,268,212,362,264,382,262,416,280,421,290,414,280,421,276
2182,631,14742,427,280,277,227,401,288,426,290,487,332,467,310,480,321,488,323
2183,673,14795,477,307,313,263,424,298,467,306,510,356,494,335,502,344,519,341
2184,632,14814,436,271,287,237,405,283,439,296,458,309,458,316,459,310,460,301
2185,677,14760,461,288,279,224,423,294,447,292,509,332,485,303,504,326,506,320
2186,671,14773,469,300,308,245,448,295,462,306,500,325,502,332,501,312,507,317
2187,696,14867,477,324,312,264,454,321,486,320,538,375,522,346,536,365,538,356
2188,656,14830,468,301,328,270,432,302,470,326,500,338,492,348,500,331,499,330
2189,695,14859,479,318,323,269,453,322,464,311,529,364,501,349,528,353,538,362
2190,683,14927,470,328,309,256,436,319,461,325,507,361,493,358,503,362,509,355
2191,660,14843,457,319,295,246,417,310,464,310,498,348,473,327,502,346,501,340
2192,640,14842,437,290,300,240,402,292,432,300,476,330,472,330,477,317,483,320
2193,627,14698,436,280,271,212,404,293,431,288,476,320,458,294,468,304,479,312
2194,657,14977,422,271,281,231,389,273,426,279,468,297,458,290,474,298,480,295
2195,625,14901,458,315,307,250,405,295,439,311,484,335,478,318,476,323,486,328
2196,697,15034,480,328,313,262,437,325,478,317,527,357,516,363,522,356,538,352
2197,669,14717,478,307,287,234,439,298,462,311,524,350,510,334,526,346,530,349
2198,658,14713,432,298,280,228,412,296,426,300,470,326,472,331,485,317,475,318
2199,663,14802,459,298,285,241,404,284,431,290,496,332,478,322,500,318,512,336
2200,696,14988,477,327,324,259,438,327,464,331,516,376,514,362,513,359,516,367
2201,751,15110,497,296,293,246,454,305,478,304,550,354,538,353,548,342,557,341
2202,686,14990,499,335,301,242,450,306,463,315,514,339,511,359,514,333,525,339
2203,692,14958,447,297,302,253,423,307,430,287,475,311,481,320,474,303,487,303
2204,677,14769,473,326,320,269,441,329,463,320,524,369,495,348,524,357,530,361
2205,658,14942,462,320,302,247,434,319,450,310,507,359,497,346,507,351,510,352
2206,673,14979,460,303,315,262,415,299,465,322,485,337,487,335,487,320,495,324
2207,614,15046,450,292,317,256,404,291,430,292,469,318,449,309,464,300,472,317
2208,669,14990,480,301,313,257,437,304,474,314,505,338,490,330,503,339,510,327
2209,662,14918,467,308,310,258,428,307,471,313,515,363,490,333,507,352,514,348
2210,671,14839,449,290,297,239,421,305,453,289,489,321,478,314,474,306,487,313
2211,648,14982,440,305,293,244,407,298,425,301,475,327,473,324,475,323,480,324
2212,715,14889,502,323,333,264,460,309,492,327,532,345,528,345,535,344,545,347
2213,674,14769,433,286,287,233,407,296,435,282,484,333,472,316,490,335,487,337
2214,572,15088,393,257,254,202,369,260,382,262,424,283,416,282,423,284,428,281
2215,686,14748,473,301,324,257,444,305,468,306,523,360,507,353,528,356,529,357
2216,664,15020,461,303,308,244,434,313,451,300,505,336,498,336,504,328,513,333
2217,681,14979,473,320,307,255,443,327,457,313,523,348,501,337,524,351,528,339
2218,683,14863,484,295,341,265,455,310,463,297,522,337,509,337,533,326,528,328
2219,612,14876,440,291,283,234,396,276,430,277,468,303,464,310,458,306,474,300
2220,637,14943,425,300,316,253,411,314,431,316,464,334,457,324,458,328,469,333
2221,655,14831,443,304,304,244,412,288,429,301,470,312,464,336,478,313,476,305
2222,651,14919,453,296,267,214,412,291,446,290,482,321,471,322,476,315,497,322
2223,699,15041,496,331,336,278,459,325,480,331,525,351,514,348,516,351,533,352
2224,669,14963,449,290,281,233,428,302,456,300,484,309,473,310,480,312,486,308
2225,665,14851,481,307,299,247,431,300,456,299,507,339,498,333,503,333,514,335
2226,695,14885,475,340,318,266,439,318,470,339,525,363,507,354,523,345,528,363
2227,674,14994,458,312,315,250,431,306,460,304,505,330,489,327,506,319,506,324
2228,643,14715,442,295,271,209,410,293,437,298,476,322,467,332,474,322,481,323
2229,590,14914,442,306,297,249,400,290,425,296,464,315,466,337,461,305,462,304
2230,680,14793,484,327,324,268,445,320,472,314,506,338,487,333,510,342,515,331
2231,642,14978,426,276,270,214,390,273,416,283,449,301,445,299,455,305,453,292
2232,640,14820,460,310,294,248,416,308,434,306,484,344,485,333,481,328,489,337
2233,618,14869,438,308,296,240,404,289,432,310,458,326,450,326,452,320,466,329
2234,652,14898,451,288,297,233,417,283,444,285,495,316,476,314,497,302,496,312
2235,657,14943,425,253,289,234,402,283,443,289,465,304,458,301,469,302,464,295
2236,595,14701,430,283,287,226,397,282,428,283,458,307,444,298,450,283,458,298
2237,727,14833,476,320,304,253,417,286,465,298,538,358,529,363,530,344,530,347
2238,645,14771,444,277,287,225,427,288,453,287,484,291,460,284,480,281,485,283
2239,673,14908,429,292,289,248,387,287,436,304,478,327,454,310,475,316,482,322
2240,725,14822,467,317,325,257,455,317,469,322,516,354,513,360,515,338,526,351
2241,702,14815,517,332,327,268,475,326,495,322,535,366,535,372,541,356,547,364
2242,708,14708,471,315,305,251,448,328,474,333,521,357,504,349,515,358,517,344
2243,615,14917,422,295,288,241,392,296,433,298,461,313,443,308,456,312,464,314
2244,609,14876,407,277,291,228,376,272,402,278,444,297,422,294,442,288,448,299
2245,683,15067,475,322,315,252,456,327,472,320,512,356,508,347,511,351,517,346
2246,731,14826,514,344,352,286,478,338,512,357,568,383,550,376,555,349,565,377
2247,630,14924,405,276,278,236,390,274,416,283,452,308,451,294,465,301,453,299
2248,604,14834,411,288,301,244,380,284,406,299,440,321,440,322,441,306,443,305
2249,650,14722,450,296,324,252,408,297,434,304,474,314,455,301,478,312,481,312
2250,622,15000,462,304,286,235,419,310,447,307,494,348,495,341,493,336,495,334
2251,669,14972,470,280,308,236,433,284,451,277,499,309,486,300,493,306,502,306
2252,631,14885,429,282,299,234,390,279,399,281,454,302,447,299,457,290,463,299
2253,677,14706,470,312,319,266,420,293,454,316,500,338,474,326,500,334,504,339
2254,666,14921,474,299,287,224,432,300,471,295,513,335,499,340,510,331,521,337
2255,664,15018,457,314,310,256,421,311,448,313,499,343,491,353,501,337,501,328
2256,687,14739,474,297,315,242,443,301,461,306,505,330,489,338,508,320,514,324
2257,661,14890,433,277,299,243,407,287,432,291,474,317,458,301,472,308,488,315
2258,616,14910,443,299,298,248,398,287,429,299,466,314,460,320,463,306,464,301
2259,670,15040,452,302,315,258,408,303,441,313,475,346,463,330,480,337,479,333
2260,768,14951,534,333,345,273,505,337,535,354,572,360,566,382,571,352,572,352
2261,651,14715,446,309,304,246,411,302,429,290,473,344,461,328,474,335,475,331
2262,644,14796,477,324,320,262,430,309,458,323,500,340,499,350,494,321,500,330
2263,647,14897,441,288,285,237,398,267,424,287,478,318,454,306,485,320,481,313
2264,598,14800,427,289,296,243,391,283,413,291,448,321,441,312,446,311,451,315
2265,602,14751,430,268,249,202,400,269,419,266,452,299,449,300,449,304,453,294
2266,669,14921,474,311,305,250,444,311,470,312,519,346,501,335,519,340,526,346
2267,626,14561,437,309,266,216,411,300,428,283,461,323,463,324,472,308,466,317
2268,619,14825,436,291,286,232,398,299,418,289,463,320,454,327,466,299,471,313
2269,716,14701,493,311,300,243,441,297,490,310,547,344,536,347,540,346,562,336
2270,703,15097,511,325,311,260,475,333,482,313,549,340,532,337,541,344,548,341
2271,598,14768,426,286,316,250,386,280,421,291,449,310,449,306,444,300,450,307
2272,667,14936,476,312,312,245,439,315,450,311,497,362,491,350,508,359,512,357
2273,680,14581,479,322,336,265,456,336,455,318,507,347,486,331,508,341,517,340
2274,641,14866,462,312,300,241,399,279,436,306,475,337,474,342,479,340,482,330
2275,667,14768,454,300,299,247,416,298,456,309,497,323,490,332,496,311,493,317
2276,671,14963,491,302,313,252,462,310,478,322,519,364,506,343,518,352,521,355
2277,704,14880,475,296,299,231,453,302,468,300,517,330,503,331,512,321,522,325
2278,627,14796,435,301,281,234,382,280,414,294,468,320,462,322,480,321,471,321
2279,656,14805,444,313,302,254,410,301,436,315,510,350,495,344,499,337,511,341
2280,654,14977,458,306,285,227,411,270,444,287,472,315,472,314,472,314,484,318
2281,664,14840,454,289,310,252,439,300,457,293,506,323,489,307,503,321,509,325
2282,645,14581,439,293,289,237,401,281,428,275,462,303,464,310,470,298,467,289
2283,623,14870,433,260,274,221,381,253,420,268,452,300,447,297,454,291,454,295
2284,661,14853,463,306,295,237,429,299,450,300,492,326,486,323,493,320,501,329
2285,642,14949,441,279,308,253,408,278,436,291,480,314,480,318,487,310,487,312
2286,682,14865,494,336,319,262,444,329,474,307,517,351,501,345,527,355,521,349
2287,732,14967,522,360,324,260,463,336,502,353,556,373,552,374,547,367,558,364
2288,657,15024,449,296,289,226,417,279,437,294,500,319,489,337,502,316,505,315
2289,639,14912,460,318,307,249,416,291,464,297,495,332,485,320,498,334,496,335
2290,684,14844,460,283,301,241,414,280,458,300,491,323,501,343,498,316,499,309
2291,667,15025,475,321,331,273,433,311,477,336,506,358,490,341,503,351,505,344
2292,691,14850,463,305,316,259,436,319,456,320,497,341,483,338,481,333,505,334
2293,688,14907,476,318,274,226,459,315,470,314,519,355,517,342,515,350,522,342
2294,670,14635,483,312,299,250,458,294,476,311,512,349,501,332,504,340,517,343
2295,658,14888,449,294,324,262,413,306,439,304,488,324,489,323,485,316,497,322
2296,605,15038,429,292,297,243,404,301,427,303,471,331,458,328,459,328,474,320
2297,716,14732,489,335,333,277,455,342,473,329,516,360,503,356,521,355,511,358
2298,638,14919,480,300,303,242,437,301,469,312,500,337,503,342,502,319,505,324
2299,605,15073,436,294,313,257,381,267,410,276,461,301,433,283,452,308,467,302
2300,659,14741,468,301,304,241,426,299,449,304,499,325,492,327,489,313,502,328
2301,658,14805,448,287,286,243,423,301,435,296,481,322,480,321,496,332,496,317
2302,726,15084,472,308,330,274,459,327,479,316,529,353,515,342,536,334,529,347
2303,653,14926,474,308,287,237,412,278,468,311,490,338,486,312,490,343,494,336
2304,657,14805,434,284,296,245,409,284,448,296,475,305,446,298,474,303,478,299
2305,663,14888,435,299,272,220,415,296,445,296,487,329,478,336,485,325,493,328
2306,638,15039,459,312,294,238,425,298,443,295,483,325,471,312,488,338,490,319
2307,708,14889,486,320,315,262,452,321,474,322,534,362,502,353,537,363,539,348
2308,645,14874,427,291,306,244,401,291,438,298,480,325,462,315,479,318,490,313
2309,597,14830,423,285,289,239,391,275,417,276,462,311,466,322,467,308,463,299
2310,650,14963,457,312,300,238,413,290,437,291,468,311,466,310,479,304,471,307
2311,628,14840,446,305,292,243,395,290,433,301,460,329,462,334,466,327,467,325
2312,723,14864,475,301,294,236,456,318,485,307,528,336,518,336,530,341,536,328
2313,669,14977,483,335,341,270,457,337,479,326,518,354,503,351,517,347,532,361
2314,690,14833,481,328,345,285,466,339,498,339,515,364,508,345,514,354,513,352
2315,651,15153,479,307,299,250,428,307,443,306,502,339,502,345,492,332,509,339
2316,673,14769,452,307,318,265,436,324,463,328,496,341,490,337,498,343,498,338
2317,628,15003,436,291,292,235,397,293,425,294,460,324,466,321,467,315,469,316
2318,700,14855,466,299,293,230,423,298,461,307,511,317,498,330,503,310,518,317
2319,731,15026,481,304,326,251,433,291,476,305,517,325,500,336,514,320,528,334
2320,629,14910,438,287,297,241,421,302,426,286,467,319,460,321,466,299,472,307
2321,635,14940,436,286,310,237,401,281,429,288,459,305,448,308,459,295,464,306
2322,700,14742,487,314,301,242,446,297,469,308,528,365,503,334,524,342,534,347
2323,697,14921,479,320,309,249,438,321,460,310,525,351,506,345,521,336,519,336
2324,701,14965,485,317,331,267,443,325,480,329,520,359,499,350,510,344,518,353
2325,652,14980,431,276,313,245,393,295,432,300,471,317,457,314,468,309,483,316
2326,684,15039,460,310,304,257,436,322,464,318,509,338,498,345,506,329,506,335
2327,665,14812,452,298,321,262,447,323,450,306,501,325,482,330,501,323,502,323
2328,642,14951,435,298,295,247,393,291,446,322,474,333,459,317,475,321,479,327
2329,658,14931,436,290,313,257,407,286,431,296,485,328,481,325,481,314,490,323
2330,693,14935,480,329,328,275,439,320,470,326,514,358,502,357,511,352,524,352
2331,635,14797,437,270,316,252,398,274,445,284,472,299,471,310,469,291,470,295
2332,688,14939,488,320,377,309,466,343,507,358,522,351,523,347,521,347,523,337
2333,641,15022,482,319,276,225,432,285,455,295,517,340,511,336,520,338,520,333
2334,666,14938,463,313,305,240,426,296,450,304,509,336,499,332,505,336,512,328
2335,634,14728,417,287,313,248,402,290,435,308,457,309,462,323,465,299,466,306
2336,673,14720,467,306,278,222,420,300,456,289,513,339,485,325,509,330,516,333
2337,639,14806,441,301,257,203,399,283,425,289,477,320,476,324,478,312,480,323
2338,647,14759,454,310,276,224,399,286,426,294,486,342,475,335,486,330,496,338
2339,618,15006,428,275,280,225,387,271,418,280,458,311,453,324,451,306,453,301
2340,647,15024,457,294,282,226,415,292,452,319,495,342,473,334,478,337,494,334
2341,684,14894,457,304,296,232,410,290,449,301,490,320,486,313,493,326,503,319
2342,600,15076,414,272,287,234,370,280,399,287,444,307,428,298,433,299,446,296
2343,685,14793,479,319,322,267,441,313,481,324,524,337,506,333,517,335,523,327
2344,626,14851,454,297,287,232,397,273,435,298,477,326,480,330,476,318,482,310
2345,700,14768,499,347,312,255,459,322,490,328,530,363,510,351,529,359,534,362
2346,609,14925,427,282,271,219,388,272,420,278,460,313,458,314,463,313,463,316
2347,637,15067,454,299,295,242,406,286,451,304,481,317,474,323,480,320,488,315
2348,632,14874,453,289,313,257,415,309,445,300,480,321,479,328,490,315,484,305
2349,614,14803,431,287,312,246,387,287,417,282,456,285,440,294,449,286,452,281
2350,660,14938,468,282,293,247,433,295,458,296,501,320,489,335,503,323,499,308
2351,691,14991,480,324,309,249,469,314,470,306,519,363,499,349,519,358,527,364
2352,664,14858,438,270,278,227,408,273,438,276,474,308,465,299,469,295,484,303
2353,671,14958,463,302,285,235,425,303,454,311,515,344,509,333,516,338,521,342
2354,685,14829,459,293,309,238,423,301,462,305,503,347,494,334,506,322,513,336
2355,682,14983,484,326,321,265,447,335,461,318,496,343,503,337,506,340,512,341
2356,701,14836,480,307,296,237,455,320,471,316,520,348,500,335,518,345,529,346
2357,671,14898,471,306,299,235,437,303,466,316,509,333,502,345,508,334,510,333
2358,665,14982,477,305,334,261,434,297,473,302,503,333,493,320,491,326,504,324
2359,679,14931,468,307,315,254,445,318,469,310,502,347,495,341,507,356,503,340
2360,739,14615,479,318,294,238,438,309,474,304,530,363,517,347,522,358,542,365
2361,628,14863,458,303,294,255,407,308,452,311,474,337,469,338,473,330,481,324
2362,623,14786,431,313,281,223,400,281,417,288,456,324,452,319,461,317,467,318
2363,616,15018,436,274,273,233,399,289,410,279,461,305,456,306,458,295,465,304
2364,666,14876,473,264,329,252,419,283,455,294,482,304,487,311,487,298,485,286
2365,713,14765,469,308,318,250,445,305,478,310,511,342,513,339,516,329,526,342
2366,690,14990,491,326,320,265,466,335,472,320,518,344,520,340,511,337,528,343
2367,630,14939,433,289,291,247,406,295,440,289,456,301,438,301,456,303,461,302
2368,708,14727,489,310,332,270,467,335,498,330,533,338,536,351,533,340,535,341
2369,672,14965,468,315,329,277,424,300,460,325,506,347,497,346,498,330,516,340
2370,662,14807,452,311,275,228,434,314,452,310,495,334,474,314,496,342,496,330
2371,700,14950,471,303,320,271,441,313,459,308,510,334,500,340,514,331,519,329
2372,733,14767,519,325,328,260,473,307,508,330,551,359,539,350,549,345,558,350
2373,647,14747,452,296,307,255,428,305,450,312,494,339,483,347,498,324,495,330
2374,643,14977,443,287,293,235,410,275,432,285,472,309,459,310,476,307,478,309
2375,727,14786,518,335,341,282,478,330,503,345,569,377,549,357,566,368,569,369
2376,707,14978,510,352,329,260,453,327,495,341,542,370,527,356,527,349,538,373
2377,677,14838,451,310,318,259,424,303,467,311,495,329,484,321,503,320,498,322
2378,623,14847,411,275,286,230,382,282,399,273,436,291,428,285,445,292,444,282
2379,659,15033,457,311,323,265,420,298,462,326,491,349,480,335,497,353,502,349
2380,680,14767,461,309,321,264,419,315,443,313,483,337,475,330,486,336,493,331
2381,642,14961,461,315,321,255,414,306,451,303,471,330,468,325,477,327,481,331
2382,662,14995,456,307,314,246,429,318,444,301,487,327,470,321,487,316,491,315
2383,677,14949,476,313,320,272,447,319,462,314,508,363,504,357,512,356,510,354
2384,648,14923,447,291,291,232,412,296,445,303,476,332,474,321,484,325,486,329
2385,583,14849,416,288,298,251,389,282,406,279,444,311,438,311,438,300,444,291
2386,664,15002,467,305,314,257,444,317,462,322,501,347,489,342,495,341,510,337
2387,571,14923,397,275,254,211,341,249,378,270,424,306,413,294,418,291,424,300
2388,596,14887,424,272,303,246,404,301,416,282,467,312,439,311,462,302,470,302
2389,665,14745,449,287,327,259,440,297,465,299,494,327,498,336,484,312,495,318
2390,715,14903,506,295,348,289,469,308,484,314,530,334,536,338,521,331,538,329
2391,664,14990,464,291,302,240,435,295,459,295,495,330,487,331,493,319,503,329
2392,722,14887,504,318,309,255,468,315,500,333,539,336,539,338,546,341,550,339
2393,632,14973,454,306,307,259,413,291,429,294,473,314,471,323,471,301,479,310
2394,704,14934,488,318,324,268,443,301,469,322,506,345,497,353,502,324,519,338
2395,714,14897,508,309,302,245,464,312,481,310,530,350,526,343,535,344,548,344
2396,729,14888,502,322,308,256,461,327,510,345,547,365,537,350,541,363,551,355
2397,707,15071,521,330,324,271,482,342,505,341,542,380,537,363,550,370,546,371
2398,713,14798,502,317,304,243,459,331,486,328,531,359,512,337,533,347,543,350
2399,637,14775,457,312,308,267,427,318,444,308,477,341,474,342,492,328,492,339
2400,664,14866,445,308,301,240,421,310,434,310,496,334,481,353,486,332,499,335
2401,683,14804,464,289,300,227,437,317,430,299,512,338,493,332,512,325,515,327
2402,685,14844,485,308,290,241,444,300,472,309,530,337,520,347,521,328,531,335
2403,726,14948,482,317,306,247,448,305,478,321,539,349,527,332,535,344,539,346
2404,668,14979,469,317,314,268,435,310,459,305,498,335,489,332,509,330,512,330
2405,681,15130,490,323,313,248,444,314,482,334,529,361,524,371,535,351,535,351
2406,701,15029,456,319,292,237,435,310,458,312,512,348,485,322,502,330,527,351
2407,598,14922,413,278,277,224,375,278,408,279,432,299,439,302,436,303,441,306
2408,712,14723,488,315,318,268,445,313,479,322,520,347,512,350,521,345,537,350
2409,632,14818,429,272,279,225,391,273,418,273,460,303,453,306,467,292,461,292
2410,665,14892,461,301,306,265,427,318,458,315,512,347,491,339,508,349,510,347
2411,666,15072,442,287,274,221,386,267,427,283,479,315,465,303,477,293,484,304
2412,677,14781,446,289,296,235,407,294,453,315,505,334,491,340,486,318,506,322
2413,610,14742,422,288,308,256,400,298,434,296,446,298,443,305,448,287,443,285
2414,634,14878,442,290,314,252,405,294,449,300,476,317,472,312,480,328,476,323
2415,726,14959,533,347,317,257,487,330,502,329,556,361,537,356,555,351,568,352
2416,625,14928,430,293,299,243,399,288,404,274,450,291,435,281,452,298,453,289
2417,733,14829,504,330,326,264,477,335,502,342,556,379,528,373,556,379,552,361
2418,615,14888,440,296,284,225,396,276,445,295,463,322,442,304,459,317,464,308
2419,676,14796,459,305,306,256,406,310,449,312,501,335,485,341,496,335,506,333
2420,706,14821,476,306,338,268,449,317,478,319,524,339,509,355,531,323,532,330
2421,722,15045,495,318,298,241,486,337,496,322,531,353,523,335,530,359,538,347
2422,681,14691,444,283,302,246,422,301,443,281,485,300,459,301,489,299,500,301
2423,711,14948,470,329,324,264,456,335,480,331,517,363,506,363,503,348,520,359
2424,713,15082,507,320,319,249,467,309,508,340,555,367,538,357,551,370,554,357
2425,741,14742,510,307,327,255,464,304,491,304,541,338,538,333,534,325,545,328
2426,648,15160,477,315,342,288,435,326,464,321,497,339,483,332,499,351,504,343
2427,659,14877,459,299,322,257,412,300,449,302,485,328,474,340,491,321,485,311
2428,683,14860,476,306,323,267,441,295,468,298,502,325,503,328,506,330,511,323
2429,694,14792,476,305,342,270,456,308,463,321,516,336,520,337,510,341,519,331
2430,631,14690,437,294,295,246,410,308,430,315,478,338,479,349,478,328,481,317
2431,644,14950,468,303,305,248,400,281,460,302,491,325,477,327,488,337,489,324
2432,671,14629,484,328,328,278,454,327,487,338,515,353,501,350,514,343,521,351
2433,718,14994,514,340,315,254,458,315,493,331,538,362,511,354,521,347,540,366
2434,690,14689,447,291,308,249,418,293,464,316,498,338,482,333,497,336,509,331
2435,696,14675,499,321,311,260,477,335,505,347,545,360,514,340,534,362,545,352
2436,682,14932,470,297,293,240,431,296,469,310,507,325,490,327,503,320,510,321
2437,679,14739,460,327,318,268,426,327,472,345,506,343,478,341,502,341,505,335
2438,632,14905,470,310,348,278,435,320,470,327,493,351,484,336,491,340,497,345
2439,692,14888,463,291,303,237,432,293,466,299,511,334,497,341,505,320,522,322
2440,677,14776,458,294,309,255,430,311,454,305,507,327,488,326,506,318,504,314
2441,744,14968,514,338,339,276,481,337,508,344,571,366,553,378,575,373,586,372
2442,686,14763,479,304,312,246,442,326,468,310,521,361,504,351,515,356,522,344
2443,668,14693,451,314,309,248,418,295,449,302,497,336,493,324,483,316,503,333
2444,682,14872,475,316,336,274,445,329,470,320,528,370,512,343,522,357,528,358
2445,665,14773,477,326,327,272,423,308,466,321,500,343,497,341,493,330,506,342
2446,618,14952,445,285,285,235,412,291,443,279,469,321,463,324,464,307,469,304
2447,740,15089,515,326,317,255,502,344,506,330,570,370,554,352,574,365,573,363
2448,685,14973,460,291,307,243,423,297,446,298,493,324,486,322,492,313,495,301
2449,653,14882,449,298,283,225,398,283,435,305,493,344,478,328,481,330,493,332
2450,642,14772,444,278,309,235,402,282,437,280,472,323,464,323,471,306,475,308
2451,638,15008,442,296,265,206,412,290,445,300,487,330,479,323,492,332,491,332
2452,635,14708,455,285,288,237,405,273,444,289,495,331,487,331,499,322,496,327
2453,728,14933,486,324,313,249,470,318,491,323,551,357,533,345,555,355,555,359
2454,668,14863,470,325,302,241,433,309,461,324,502,348,500,347,501,336,509,341
2455,765,15005,514,356,337,269,456,332,523,368,561,380,553,375,563,367,570,373
2456,673,14835,465,324,312,268,424,324,471,332,498,353,482,352,502,358,501,350
2457,627,15090,440,289,283,226,399,301,421,290,470,331,467,331,476,329,474,318
2458,695,14977,479,316,325,267,455,322,464,324,507,338,508,333,501,326,511,323
2459,608,14848,411,256,300,250,392,275,412,276,445,301,441,309,448,295,448,287
2460,680,14792,446,297,298,249,404,278,444,293,496,327,490,323,498,324,506,318
2461,651,14867,446,292,306,250,411,293,438,297,481,321,476,315,489,317,482,318
2462,685,14943,470,308,313,259,440,315,467,328,508,342,504,341,509,332,512,332
2463,705,14863,488,320,326,261,448,313,471,310,528,356,513,351,524,326,541,349
2464,703,14692,481,329,308,259,437,302,480,332,523,356,508,342,522,356,522,348
2465,632,14823,446,306,303,245,419,300,437,294,479,322,475,335,483,315,487,312
2466,664,14753,459,289,321,265,429,294,461,313,487,322,474,326,482,305,488,307
2467,645,14851,435,293,280,229,400,299,424,289,468,331,449,317,470,322,482,332
2468,646,14895,430,270,311,253,401,282,428,288,469,290,463,302,467,291,473,294
2469,675,15049,468,318,327,267,427,295,463,294,490,333,480,330,490,329,497,330
2470,627,14983,472,311,294,246,430,295,450,313,486,331,485,330,488,331,497,329
2471,605,14994,427,290,281,233,411,298,419,298,457,330,456,331,457,310,465,323
2472,643,14800,457,290,310,252,408,282,452,291,482,309,464,312,477,298,496,298
2473,560,15033,422,280,284,233,385,274,397,278,448,304,432,290,440,301,457,290
2474,681,15050,483,311,322,255,451,326,476,313,519,331,516,340,512,322,522,327
2475,614,15001,410,272,262,216,388,273,410,272,447,295,444,296,454,297,450,292
2476,682,14924,477,312,322,266,428,302,465,322,506,335,484,333,506,336,511,333
2477,637,14895,423,264,278,228,383,262,413,264,456,286,446,288,461,282,458,272
2478,610,14932,436,312,295,249,408,319,435,305,469,345,468,349,473,334,472,334
2479,598,14973,411,285,270,225,372,273,397,286,436,310,428,305,441,305,442,311
2480,624,14924,444,303,313,260,417,301,451,302,488,344,473,321,480,327,490,333
2481,659,15031,455,287,296,238,421,300,445,292,485,314,473,307,491,311,487,307
2482,658,15061,469,282,290,243,417,296,459,305,502,338,489,326,504,333,503,327
2483,630,14852,457,297,314,254,410,294,432,284,486,331,468,321,492,312,488,314
2484,643,14726,433,280,279,220,396,295,423,293,470,336,455,323,466,328,478,331
2485,756,14950,537,344,342,266,483,341,520,349,560,368,541,360,553,368,569,359
2486,686,15023,469,307,307,236,448,306,482,332,524,352,516,343,517,346,523,337
2487,689,15053,494,335,319,256,445,319,494,344,523,357,508,350,530,346,531,353
2488,617,15025,426,289,263,212,387,267,430,291,457,328,461,325,462,320,472,333
2489,681,14737,443,289,293,225,421,279,437,278,487,326,484,317,494,317,502,332
2490,663,14931,463,319,325,274,433,332,451,310,510,350,505,344,513,349,517,343
2491,752,14988,481,305,311,238,436,309,485,314,539,351,525,353,530,350,536,347
2492,660,15070,496,324,299,249,437,307,466,312,505,346,499,347,499,324,515,341
2493,688,14929,435,303,329,257,410,299,438,306,480,330,478,331,484,332,493,322
2494,624,14990,418,283,292,229,400,290,413,276,456,324,447,304,458,311,461,316
2495,707,14863,488,325,337,270,456,326,489,326,521,364,510,352,516,343,518,344
2496,646,14899,432,282,292,234,413,308,430,287,466,305,460,301,471,298,479,306
2497,655,14946,460,305,310,251,421,312,457,315,484,333,476,334,493,334,485,330
2498,599,14956,432,292,291,233,393,282,408,280,445,314,447,317,453,319,451,317
2499,651,14772,466,319,293,240,424,308,447,310,495,348,477,326,498,342,497,334
2500,733,14850,470,298,292,229,434,307,466,303,516,341,503,320,510,324,522,327
2501,732,14770,491,312,315,242,466,308,488,322,527,340,528,339,522,324,529,328
2502,681,14804,500,343,309,258,446,327,467,322,524,361,508,357,517,363,529,354
2503,628,14568,442,309,302,259,405,299,410,299,472,339,459,314,466,337,481,338
2504,692,14937,477,293,284,221,434,300,465,292,533,345,514,342,537,335,536,337
2505,639,14606,420,272,279,227,384,266,420,271,468,301,447,303,461,299,465,301
2506,734,14697,517,335,329,259,475,320,503,326,566,372,557,373,572,368,573,374
2507,686,14976,439,292,287,226,400,294,452,301,489,320,473,314,479,314,489,311
2508,652,14619,452,314,280,227,420,292,468,308,486,333,467,315,492,333,490,334
2509,743,14848,488,307,269,217,458,308,476,299,537,342,516,321,556,338,547,343
2510,604,14751,415,264,290,233,396,287,411,264,457,305,433,288,462,309,461,303
2511,725,14757,505,335,320,263,478,333,509,351,557,366,545,367,558,355,547,354
2512,684,14932,466,307,301,239,443,311,464,317,520,350,504,350,508,345,524,349
2513,698,14707,477,309,315,244,441,301,475,320,513,349,513,348,517,338,521,341
2514,701,15060,494,312,293,236,460,309,490,322,534,324,539,330,538,320,544,313
2515,675,14757,478,295,296,237,431,300,456,301,520,348,511,346,518,334,518,337
2516,626,14828,454,298,310,258,417,307,444,300,476,324,465,327,474,313,486,329
2517,627,14977,432,280,273,220,403,285,422,278,461,307,461,306,462,294,469,294
2518,610,14759,438,288,310,261,400,284,411,278,456,313,459,314,453,295,458,301
2519,625,14949,451,280,303,230,402,271,450,305,489,321,476,312,484,311,482,312
2520,737,14928,506,341,327,257,468,330,501,331,546,376,535,365,552,370,553,378
2521,624,14781,425,290,286,227,391,273,414,300,458,312,451,318,452,300,463,305
2522,668,14904,464,300,288,229,426,287,464,303,519,329,502,316,511,331,520,325
2523,624,14927,424,270,280,240,398,294,412,289,469,311,451,308,476,327,471,315
2524,673,14928,476,321,308,247,429,313,448,312,504,335,494,337,498,330,509,325
2525,669,15027,465,318,320,267,429,327,450,327,490,340,471,332,488,339,489,327
2526,670,15121,440,291,304,258,416,290,437,304,485,336,484,351,495,331,493,326
2527,652,14889,423,270,317,242,394,276,415,276,444,297,443,293,450,292,455,290
2528,665,14704,467,317,327,267,431,318,449,316,499,337,503,344,498,324,503,338
2529,682,14859,506,341,306,255,466,334,484,317,539,367,524,350,536,363,540,360
2530,629,14954,430,296,296,231,401,281,424,288,450,310,446,305,456,300,466,300
2531,650,14987,444,290,283,229,410,286,429,282,474,306,472,306,477,312,478,305
2532,623,15170,439,303,301,244,381,270,416,289,445,314,458,323,452,314,444,306
2533,665,14983,450,310,320,274,419,303,453,308,484,331,483,326,494,324,495,334
2534,705,14941,507,348,370,297,470,333,492,360,534,371,537,378,541,370,543,367
2535,679,14823,502,327,331,271,444,311,475,307,534,359,527,360,532,350,533,340
2536,659,14987,442,292,306,255,419,314,444,318,489,345,484,344,473,327,484,339
2537,634,14765,448,302,304,251,402,277,446,304,471,329,477,330,467,320,477,327
2538,798,14902,518,338,350,275,491,350,522,336,584,375,574,371,574,373,586,370
2539,660,14778,463,307,286,221,427,295,453,311,507,342,488,344,507,329,520,332
2540,608,14980,438,302,318,264,405,296,436,302,466,329,461,324,453,311,473,324
2541,727,14850,519,319,288,233,494,319,501,314,572,356,555,360,570,352,588,356
2542,653,14841,466,312,322,262,424,302,436,306,495,344,491,351,488,339,499,337
2543,626,14786,415,285,265,215,395,281,419,284,453,309,451,312,454,307,456,306
2544,665,14978,453,306,284,241,426,306,458,307,497,330,477,327,492,331,499,334
2545,623,14867,438,305,281,228,401,292,429,290,479,339,468,330,478,327,478,327
2546,647,14943,450,302,327,268,439,328,452,306,482,317,482,319,490,320,488,315
2547,655,15034,446,314,305,248,417,315,437,302,476,338,468,327,475,333,479,332
2548,633,14729,404,251,247,193,366,249,390,252,439,292,437,277,448,292,445,283
2549,674,14985,448,287,286,227,412,291,442,301,487,327,484,333,487,325,489,324
2550,653,14933,458,300,287,237,413,282,450,296,484,326,465,313,483,315,487,319
2551,683,14880,482,313,313,252,473,335,468,315,513,334,507,340,520,326,527,338
2552,641,15186,472,332,297,246,412,295,455,307,494,334,487,329,497,331,495,331
2553,680,14847,484,337,329,276,447,334,475,344,510,357,495,355,516,361,517,346
2554,647,15030,455,306,317,263,422,306,428,309,473,335,478,341,470,341,481,336
2555,666,14903,436,295,312,259,400,282,433,287,476,317,471,326,466,309,481,313
2556,695,14710,485,331,329,281,441,307,479,324,535,348,514,334,529,348,538,346
2557,632,14758,454,296,309,256,418,289,439,299,491,319,477,323,489,324,496,317
2558,699,14858,462,304,318,258,423,305,469,310,495,320,493,320,503,302,507,322
2559,662,14919,436,279,310,251,416,284,440,287,484,308,485,311,489,305,496,310
2560,645,15098,453,300,320,256,422,297,451,310,492,341,477,343,491,340,497,331
2561,781,14727,535,348,345,269,500,333,539,359,583,385,568,373,572,376,587,373
2562,709,14853,493,328,327,275,465,319,491,329,523,337,517,350,519,328,529,330
2563,665,14987,472,320,284,238,427,299,461,305,495,322,481,321,503,326,500,316
2564,698,14805,476,312,341,270,440,314,475,309,499,317,486,321,493,310,509,325
2565,613,14794,432,291,276,235,396,284,430,299,467,318,460,319,463,307,461,305
2566,694,14694,486,308,314,252,455,315,480,322,529,343,514,353,531,345,532,332
2567,710,14834,481,338,294,239,437,322,468,324,525,357,509,341,529,359,536,357
2568,688,14790,516,337,328,278,457,310,502,337,538,362,527,359,538,357,540,350
2569,708,14923,503,322,339,271,452,324,485,332,527,343,513,348,522,348,523,339
2570,745,14820,503,292,284,234,480,304,512,311,564,347,541,345,558,339,561,336
2571,699,14803,480,302,340,272,463,327,492,322,529,342,513,337,522,342,531,332
2572,618,14940,425,273,281,227,388,276,413,284,474,312,454,308,466,308,483,302
2573,653,14791,456,321,303,247,417,300,446,317,495,352,498,347,480,333,498,340
2574,643,14810,433,261,289,235,415,290,434,289,464,308,455,302,471,307,472,301
2575,655,14855,457,296,281,233,408,298,452,312,485,330,475,322,483,322,497,329
2576,633,14661,429,275,301,236,396,280,428,286,470,304,452,279,464,294,471,298
2577,715,14901,484,332,319,262,454,330,471,328,528,340,518,346,528,344,532,338
2578,600,14980,406,275,250,213,372,261,406,289,446,308,432,299,442,298,442,301
2579,649,14865,440,292,297,249,418,278,454,297,480,313,470,304,482,312,486,310
2580,690,15045,510,329,323,264,459,330,486,332,525,350,522,345,524,349,533,350
2581,696,14925,464,320,325,262,434,313,462,309,496,335,494,327,493,333,507,333
2582,646,14775,467,298,310,247,438,299,458,306,500,331,489,334,493,329,499,318
2583,663,15056,466,317,308,245,437,312,463,305,500,354,489,326,500,343,507,341
2584,664,14775,480,323,319,262,444,330,478,334,506,357,484,354,504,350,514,359
2585,702,14838,510,328,340,274,477,323,504,335,522,356,522,353,524,343,533,343
2586,682,14675,439,310,313,256,428,311,444,308,491,325,483,339,489,312,496,324
2587,680,14822,477,313,313,263,438,311,474,311,510,348,499,329,500,333,509,334
2588,719,14887,470,298,309,236,433,304,489,320,528,334,514,339,534,331,541,339
2589,655,14901,473,321,312,253,452,330,470,321,496,336,492,336,492,325,496,328
2590,653,14953,456,299,320,260,430,296,459,309,498,331,495,345,483,310,500,315
2591,675,15004,488,331,322,275,451,333,479,322,512,358,511,365,513,353,515,353
2592,663,14905,441,294,270,219,408,290,441,304,495,325,475,309,480,316,502,325
2593,700,14838,483,322,312,258,459,325,460,317,506,346,497,329,509,343,517,345
2594,704,14942,490,316,328,268,447,305,486,326,524,363,515,353,522,358,540,355
2595,656,15080,467,308,308,259,440,327,462,325,511,357,497,339,499,347,514,353
2596,636,14785,424,294,278,229,398,278,410,294,461,311,442,293,457,311,477,316
2597,652,14938,457,299,284,236,432,293,449,301,491,332,483,319,494,332,499,338
2598,684,14909,486,323,325,263,433,301,485,332,516,344,514,351,521,342,515,335
2599,633,14938,444,300,294,229,424,289,447,307,484,330,476,323,490,337,490,328
2600,573,14864,410,261,286,229,378,261,399,269,432,295,431,296,435,296,434,291
2601,633,15003,445,285,287,235,421,293,434,292,480,323,479,337,484,314,483,314
2602,633,15015,425,294,297,253,392,305,423,310,474,336,460,339,478,335,473,327
2603,649,15051,440,304,286,235,395,293,420,301,474,331,479,338,468,325,476,331
2604,595,15172,428,285,309,274,369,276,410,284,428,293,426,299,425,274,432,279
2605,686,14931,508,343,334,275,464,335,484,337,528,356,526,369,523,349,533,355
2606,607,14939,395,276,264,220,359,266,406,261,435,296,431,287,441,310,437,297
2607,654,14813,481,321,323,268,442,319,465,329,509,354,497,339,510,341,514,354
2608,620,14700,431,278,247,210,381,274,420,277,467,311,455,316,465,316,478,313
2609,671,14833,469,303,325,263,443,312,468,306,503,338,493,336,497,327,510,327
2610,673,14879,457,307,298,230,419,310,462,318,495,347,496,350,498,346,501,341
2611,639,14992,457,303,298,249,412,284,442,298,479,330,485,341,474,319,479,324
2612,733,14816,490,316,301,242,437,304,500,332,517,336,511,341,517,330,534,335
2613,752,14792,527,334,334,277,470,329,526,340,562,372,543,357,560,376,569,375
2614,624,14692,404,277,272,226,353,265,394,272,435,306,426,299,433,309,437,299
2615,686,14788,471,312,307,245,439,313,474,319,516,345,512,342,512,339,511,338
2616,638,14878,445,281,302,244,426,299,435,290,472,316,470,316,478,313,485,311
2617,693,15007,481,311,319,253,423,305,465,313,510,346,508,329,504,340,514,342
2618,638,14977,452,284,283,234,381,266,412,279,471,308,459,320,470,308,474,297
2619,646,14877,435,298,296,251,409,290,430,288,479,338,475,337,489,333,489,327
2620,695,14741,466,299,317,243,432,305,448,294,519,341,507,340,512,326,517,322
2621,664,15003,451,295,329,257,421,287,435,299,486,332,469,315,481,319,486,323
2622,700,15084,475,310,290,224,445,298,471,306,519,341,504,331,527,339,519,336
2623,690,14815,510,336,290,249,437,316,491,336,551,365,528,357,535,352,553,361
2624,717,14731,477,325,327,251,454,326,482,332,537,357,527,356,542,350,544,353
2625,621,14882,462,322,332,270,426,311,451,307,487,346,480,341,480,322,487,334
2626,702,14929,489,314,323,268,444,312,464,317,508,330,510,336,504,333,508,317
2627,634,14948,451,301,290,223,413,286,457,305,465,321,462,329,463,315,470,314
2628,668,14932,451,288,302,248,428,297,446,305,493,334,494,346,499,329,493,335
2629,633,14823,412,289,285,233,392,278,410,291,464,314,462,306,458,308,470,313
2630,772,14950,538,352,321,265,487,340,535,361,571,371,562,377,573,375,583,378
2631,675,15135,488,311,302,246,442,307,467,310,505,333,505,328,510,337,521,326
2632,661,14913,465,290,286,241,426,304,449,300,491,326,477,316,496,312,502,322
2633,636,14814,456,298,315,258,419,298,441,304,490,327,480,332,486,306,492,315
2634,594,14913,428,283,263,226,381,284,405,294,454,313,451,309,454,310,452,307
2635,674,14898,462,292,299,251,424,293,464,317,496,327,480,325,493,320,505,325
2636,666,14591,462,319,298,261,416,302,461,317,497,344,489,339,495,345,503,340
2637,638,14869,440,294,313,257,421,295,441,303,478,308,476,317,473,320,483,299
2638,638,14847,434,309,294,243,402,294,437,300,460,321,456,309,464,309,462,312
2639,651,14957,456,317,316,271,428,313,450,337,492,353,490,355,478,340,491,344
2640,684,14823,447,297,318,253,434,324,440,305,481,326,477,328,480,326,489,327
2641,669,14908,471,308,324,259,428,313,473,318,500,345,494,353,504,345,504,345
2642,649,14945,445,277,269,221,404,278,425,281,481,308,470,319,480,314,485,302
2643,665,14997,442,293,261,224,405,275,435,285,479,329,475,317,484,328,491,328
2644,682,14968,488,324,319,256,451,318,490,336,523,369,521,366,533,373,537,365
2645,622,14932,409,261,284,219,374,266,404,274,445,307,443,287,443,285,447,294
2646,672,14849,475,315,350,275,455,317,476,329,503,330,502,333,505,326,510,332
2647,741,14784,516,352,355,280,469,346,494,341,547,356,539,357,543,355,556,363
2648,635,14865,426,285,284,239,398,285,426,278,483,316,471,314,486,307,493,311
2649,671,14941,459,286,278,220,430,281,440,284,502,327,494,322,502,321,504,315
2650,637,14714,449,306,305,247,429,307,453,324,499,348,481,332,508,345,512,344
2651,684,15070,482,296,322,259,443,297,480,315,497,329,487,332,484,312,503,320
2652,644,14969,466,289,290,232,410,282,458,308,495,336,477,332,494,339,498,327
2653,735,15037,518,330,324,258,488,341,510,346,563,377,554,361,562,364,567,375
2654,708,14763,486,310,336,264,445,314,472,316,526,348,512,352,527,334,534,350
2655,706,14961,506,338,327,271,448,314,477,323,516,351,505,344,510,341,518,346
2656,669,14921,459,308,301,258,441,317,460,313,498,341,500,337,498,345,498,335
2657,685,14903,468,321,308,255,423,294,459,324,512,352,502,348,512,336,519,339
2658,619,14976,447,295,307,255,407,306,434,301,473,342,458,333,467,317,474,341
2659,717,14836,493,334,319,252,441,311,486,314,526,363,522,339,531,349,531,356
2660,707,14910,516,306,325,260,470,318,501,320,548,332,540,351,550,326,549,326
2661,718,14942,477,315,336,255,447,305,477,313,514,333,508,329,503,318,518,321
2662,705,14814,469,315,332,257,422,294,469,330,504,340,511,350,503,335,512,343
2663,745,14892,521,331,339,267,505,367,513,339,559,365,543,351,556,364,558,360
2664,696,14850,493,330,327,267,456,326,485,336,521,370,517,373,523,347,529,364
2665,715,14881,492,346,342,271,464,326,491,340,535,359,523,356,542,351,534,356
2666,712,14965,513,329,315,243,476,317,506,329,539,352,523,350,536,346,547,352
2667,728,14814,497,332,349,277,479,338,490,324,537,355,528,337,539,354,534,350
2668,652,14910,468,291,297,238,428,301,462,294,484,319,478,313,489,325,487,311
2669,665,14886,452,287,294,239,418,292,448,293,489,311,483,320,489,314,500,325
2670,712,14874,499,334,328,262,457,325,474,325,527,362,508,340,524,346,536,355
2671,680,14945,479,332,297,256,439,310,458,324,516,372,498,350,518,368,518,363
2672,667,15049,472,306,309,253,434,296,459,310,497,346,494,349,488,330,508,344
2673,724,14882,474,316,309,246,451,328,481,318,541,365,517,356,535,356,548,359
2674,601,15059,443,272,287,236,400,280,429,283,459,299,463,305,470,301,463,289
2675,665,14991,445,311,313,260,426,319,452,318,476,336,469,339,480,324,489,339
2676,719,15057,484,332,325,273,456,349,494,353,537,375,531,378,540,366,542,366
2677,629,14895,460,309,297,260,411,309,429,307,484,331,470,336,475,325,485,320
2678,708,15008,483,327,325,253,453,331,489,335,519,345,517,349,520,343,521,342
2679,661,15096,448,293,290,235,427,289,463,310,516,354,493,335,519,337,518,337
2680,714,14814,516,333,318,260,474,336,489,317,546,353,526,344,536,342,550,348
2681,713,14786,478,322,316,257,449,320,494,328,516,351,498,333,521,344,514,337
2682,647,14835,424,281,282,226,393,275,431,284,468,328,455,326,466,307,473,319
2683,611,15038,430,306,301,241,410,298,435,311,474,318,465,318,474,312,472,304
2684,659,14665,465,309,309,241,423,291,454,306,491,323,471,305,493,314,499,322
2685,643,14753,436,295,311,254,416,304,432,295,479,327,467,326,479,321,492,323
2686,731,14925,504,320,332,271,460,322,490,334,546,354,531,347,539,333,551,344
2687,663,15036,452,305,322,260,426,302,474,321,506,345,506,354,499,339,508,334
2688,627,14909,454,294,303,249,407,301,433,293,488,324,471,330,483,316,499,328
2689,723,15030,522,339,332,259,480,323,490,329,556,366,549,368,560,364,561,362
2690,654,14906,453,285,311,245,414,279,451,305,486,309,481,323,479,298,487,297
2691,643,14946,421,293,286,222,410,297,415,292,475,327,474,324,479,313,475,325
2692,674,14689,462,313,311,258,436,316,460,318,515,360,493,345,508,343,514,350
2693,708,14910,515,334,339,278,453,326,487,330,529,366,524,360,535,358,534,357
2694,673,14850,455,289,308,261,428,296,452,304,484,325,481,332,482,317,493,314
2695,679,14730,458,318,312,263,428,312,464,334,511,357,502,353,507,350,510,350
2696,727,14772,512,344,325,244,483,328,503,336,556,371,552,377,551,363,560,375
2697,700,14887,490,328,336,272,464,319,480,321,541,358,522,354,537,357,548,348
2698,600,14696,442,284,288,221,388,289,417,289,468,309,447,292,467,306,467,308
2699,641,14807,461,317,298,245,406,287,440,297,482,333,474,331,483,325,484,318
2700,607,14854,409,270,296,238,386,283,416,286,447,296,442,303,451,299,459,299
2701,703,14922,479,311,318,247,432,288,476,309,521,345,508,349,515,341,523,332
2702,667,14968,442,288,303,239,418,296,439,305,490,329,480,317,484,319,490,321
2703,724,14761,500,322,325,256,473,323,491,314,547,368,527,351,542,356,558,365
2704,652,15094,460,306,312,261,419,306,452,318,488,350,493,339,489,339,489,343
2705,682,14862,467,305,294,246,416,291,461,305,511,351,497,332,500,351,514,349
2706,626,15155,456,287,274,221,407,277,432,273,477,308,462,318,482,308,479,307
2707,757,14864,505,317,312,254,469,320,508,323,564,364,553,359,551,352,559,353
2708,578,14816,392,273,265,222,359,269,390,272,430,304,423,300,427,300,430,295
2709,680,14967,482,309,304,243,434,297,467,313,518,333,497,319,520,331,523,320
2710,677,15065,481,335,318,259,443,329,462,335,510,368,507,359,509,355,512,361
2711,640,14935,454,311,310,250,418,309,450,314,484,336,484,334,480,324,480,319
2712,698,14937,493,308,312,250,446,300,480,320,527,337,516,329,517,328,535,337
2713,665,15157,473,319,302,248,421,298,478,329,496,349,493,345,497,337,506,346
2714,756,14981,501,326,328,252,476,323,493,321,554,356,544,362,559,351,568,355
2715,711,14716,507,335,347,285,469,336,498,335,543,367,533,349,542,363,546,370
2716,692,14834,495,319,360,290,457,314,495,335,518,349,524,374,513,344,519,345
2717,641,14884,437,288,297,244,402,269,432,278,478,306,471,304,471,305,477,304
2718,654,14827,470,317,299,245,422,294,452,303,504,345,484,320,494,334,503,326
2719,641,14954,439,292,292,233,412,286,425,286,475,326,464,316,478,318,479,315
2720,664,14953,435,297,300,245,413,313,432,297,485,327,469,309,477,321,483,322
2721,624,14914,410,268,297,240,410,303,422,293,456,311,452,316,458,314,464,307
2722,763,14915,516,315,343,274,502,331,512,339,566,362,564,362,564,355,574,354
2723,662,14864,452,296,310,239,408,283,451,302,489,311,483,313,481,315,489,305
2724,648,14811,446,299,276,235,405,287,428,300,475,334,462,322,474,333,478,329
2725,606,15027,428,289,272,225,386,273,423,286,463,317,455,310,467,305,473,316
2726,752,14609,525,356,352,294,498,363,529,368,583,402,556,395,582,391,583,394
2727,637,14950,448,293,300,229,398,275,429,279,465,308,456,301,469,308,473,305
2728,632,14832,443,292,287,227,418,308,436,282,468,319,457,320,467,310,472,317
2729,709,14863,490,333,318,261,459,331,507,340,539,378,539,364,538,366,539,364
2730,599,14662,423,297,262,219,383,283,412,301,448,315,443,310,450,309,453,311
2731,715,14892,498,323,288,232,455,317,499,321,542,372,521,358,546,350,549,355
2732,616,15107,434,300,301,243,402,285,418,296,458,313,454,315,461,316,466,311
2733,664,15046,456,309,304,241,426,305,449,303,485,321,479,314,486,320,488,320
2734,579,14676,394,262,274,234,356,258,397,277,417,280,413,292,424,285,425,276
2735,691,14699,497,336,325,255,449,315,479,326,514,357,500,338,507,349,517,356
2736,633,14739,437,271,294,226,405,286,443,293,469,307,458,309,477,305,484,309
2737,687,14677,480,310,295,230,433,282,469,311,506,326,505,319,509,324,508,326
2738,751,14852,528,321,328,262,505,344,521,336,580,376,551,360,581,375,585,364
2739,617,14862,468,290,298,236,405,276,439,295,473,318,474,320,473,299,481,313
2740,662,14870,468,319,325,262,449,317,479,331,510,348,500,351,510,336,511,337
2741,675,15041,471,318,352,283,440,332,459,320,496,341,485,334,500,332,496,333
2742,618,14812,420,276,283,226,400,273,422,272,455,291,444,296,454,288,459,285
2743,671,14871,456,310,299,242,419,311,443,290,485,343,489,342,487,338,494,347
2744,719,14837,486,333,314,259,444,317,493,342,516,362,511,357,522,347,525,369
2745,634,14562,450,321,313,244,395,305,434,315,475,329,471,331,475,324,481,328
2746,630,14884,427,272,263,213,378,248,421,276,450,289,436,270,449,283,454,284
2747,658,14764,476,322,310,253,430,309,459,328,497,348,483,343,495,348,503,344
2748,751,15098,545,360,352,266,518,348,535,365,579,389,574,388,583,386,589,392
2749,683,14986,474,330,329,272,437,324,457,336,517,355,519,364,515,344,515,348
2750,673,14856,464,311,301,256,425,308,468,305,511,347,500,335,508,334,522,348
2751,683,14999,473,336,316,258,437,333,470,326,511,351,508,353,507,350,515,344
2752,664,14651,463,298,312,251,438,306,460,325,499,335,491,352,500,331,507,338
2753,633,14901,446,304,310,260,430,313,440,309,480,337,486,347,487,330,492,319
2754,674,14910,475,311,307,233,431,303,463,308,501,339,497,334,506,329,511,329
2755,689,14844,503,339,337,273,467,330,478,326,520,362,522,368,534,357,529,348
2756,632,15005,431,284,294,235,393,288,429,303,472,315,462,309,480,324,480,308
2757,628,14812,432,293,321,253,413,309,437,311,486,346,464,334,476,342,489,333
2758,654,14959,458,301,313,257,423,295,457,302,489,320,478,331,482,316,491,307
2759,647,14766,429,286,273,219,403,282,426,281,480,299,454,295,465,294,482,294
2760,659,14933,461,331,305,250,418,298,450,308,487,332,476,326,477,320,487,324
2761,650,15003,443,294,294,240,411,292,432,291,486,339,469,329,486,322,490,331
2762,666,14878,451,296,305,250,427,308,456,301,497,344,492,341,503,336,501,343
2763,657,14999,460,301,285,238,418,282,444,302,489,334,481,326,484,324,491,324
2764,611,14936,424,284,288,232,400,296,415,289,468,325,447,313,467,321,471,318
2765,653,14743,442,273,290,225,422,277,429,266,476,298,459,290,483,304,486,301
2766,666,14863,455,299,311,256,414,293,455,320,491,324,479,325,479,322,484,313
2767,745,14855,527,363,357,287,493,356,523,357,571,377,562,384,573,378,576,380
2768,594,14921,417,278,289,240,392,285,433,303,453,300,442,300,457,298,459,289
2769,601,14736,412,273,278,231,373,275,411,286,441,303,431,309,438,313,443,296
2770,595,14999,416,275,288,230,371,260,412,276,451,302,445,303,446,293,448,304
2771,611,15015,439,291,323,261,399,291,429,306,459,319,450,317,464,317,467,317
2772,665,14764,439,296,294,229,403,295,431,289,476,316,466,301,477,321,482,316
2773,609,14914,417,270,251,205,377,249,397,257,458,303,448,302,452,290,462,297
2774,634,14811,446,312,292,237,412,294,426,295,480,337,488,321,479,314,492,322
2775,702,15090,485,332,336,281,444,327,485,334,518,359,520,358,524,364,526,355
2776,592,14813,416,275,295,245,378,266,410,294,437,291,437,297,430,295,437,283
2777,661,15106,459,299,289,235,408,281,446,291,500,326,478,320,499,326,501,327
2778,712,14958,462,312,301,244,428,311,438,306,498,327,483,326,500,324,498,319
2779,743,14675,532,336,338,267,492,328,529,348,563,360,552,362,565,359,570,355
2780,652,15191,471,324,311,258,429,318,459,324,501,351,497,339,491,358,511,345
2781,642,15137,463,326,316,254,409,306,441,320,482,340,478,335,482,340,483,333
2782,675,14685,458,314,324,260,434,302,455,313,504,341,491,336,504,342,500,334
2783,650,14773,443,273,296,235,391,281,424,282,468,313,459,298,469,303,467,302
2784,723,15029,487,327,314,251,445,321,468,322,524,341,509,344,516,348,528,355
2785,627,14762,443,303,267,222,401,289,424,288,468,323,468,316,461,315,475,325
2786,613,14838,408,275,314,241,407,298,426,299,450,314,439,297,448,305,454,302
2787,675,14845,485,311,339,284,444,315,485,320,505,330,502,341,502,320,508,318
2788,600,14819,424,271,272,215,404,289,432,284,466,309,451,306,463,307,478,304
2789,662,14717,458,324,333,281,435,320,447,327,492,350,497,340,498,338,493,337
2790,639,14955,455,295,294,246,411,285,445,301,491,327,478,338,492,329,492,318
2791,631,14858,422,267,275,223,364,257,420,268,442,303,440,303,438,287,439,285
2792,674,15052,464,322,319,250,438,312,472,317,501,352,482,357,499,348,510,348
2793,660,14922,433,271,288,239,395,270,436,288,480,312,471,307,478,305,481,302
2794,711,14974,515,323,326,259,464,303,499,335,530,340,518,330,528,335,541,339
2795,677,14958,461,293,293,235,420,298,471,301,507,322,471,304,510,318,513,319
2796,698,15003,512,336,344,278,460,326,500,334,542,354,523,348,531,343,541,356
2797,612,14754,427,291,277,229,403,286,421,296,452,323,454,331,459,314,464,316
2798,667,15088,464,322,338,270,417,319,463,332,504,360,496,365,500,356,511,364
2799,686,14848,485,309,319,245,442,325,488,335,533,382,517,373,533,366,536,376
2800,683,14806,489,324,315,265,448,326,476,312,513,345,502,343,518,347,524,345
2801,683,15013,478,329,318,267,455,336,473,326,522,370,499,357,524,358,519,361
2802,632,15000,439,282,295,233,413,286,439,293,475,306,464,297,480,310,482,308
2803,621,14830,405,279,249,207,360,269,394,278,425,285,428,296,424,286,431,283
2804,682,15074,477,309,269,222,443,297,481,304,518,344,498,329,517,322,517,327
2805,622,15156,440,287,304,252,411,277,441,308,474,311,466,315,476,313,475,304
2806,605,14697,411,263,299,235,375,263,394,254,440,290,430,294,439,285,439,282
2807,666,14954,472,308,296,235,440,303,481,307,501,324,479,313,488,305,504,313
2808,661,14828,482,324,329,265,443,324,480,340,519,363,511,353,509,346,521,350
2809,681,14916,491,329,308,254,448,307,475,314,522,351,514,344,521,346,525,342
2810,630,14872,420,275,267,219,383,261,424,287,466,306,458,309,461,303,464,289
2811,685,15084,446,292,305,242,411,291,434,292,497,318,483,323,491,318,500,310
2812,667,14762,472,315,307,248,439,305,470,302,493,334,474,309,487,332,494,329
2813,715,14827,485,331,302,257,447,323,473,324,535,355,522,359,534,349,543,355
2814,661,14776,437,280,297,234,415,289,434,296,492,323,486,323,491,305,492,314
2815,613,14994,424,272,264,220,388,269,428,281,433,298,431,295,439,297,445,293
2816,705,14661,516,356,335,277,485,351,509,352,542,389,539,389,549,382,545,378
2817,678,14866,480,291,305,251,440,298,445,297,522,352,506,340,517,333,526,342
2818,590,14868,405,266,284,235,376,262,406,274,439,292,434,301,437,287,444,281
2819,693,14844,476,304,322,261,447,313,472,306,514,343,501,342,514,331,519,329
2820,657,14851,459,318,310,255,421,306,453,318,496,326,479,349,486,331,503,327
2821,652,15083,460,311,333,267,445,315,457,310,504,353,484,340,496,338,503,352
2822,682,14809,469,286,319,247,439,301,466,314,504,319,503,330,510,328,511,323
2823,670,14774,453,308,301,242,427,300,442,291,504,342,487,317,500,336,512,345
2824,701,14626,493,350,335,285,458,348,493,345,523,378,520,380,528,374,529,370
2825,667,14862,455,300,303,240,408,297,458,318,493,345,479,326,502,347,496,344
2826,702,14697,471,333,315,255,458,329,467,316,518,362,493,334,517,350,520,354
2827,636,14807,434,291,295,235,406,287,432,295,479,321,473,325,487,330,485,327
2828,713,14961,469,326,316,261,439,319,475,332,515,353,507,348,513,340,511,340
2829,713,15019,509,342,311,258,465,348,501,344,542,378,521,372,530,378,550,369
2830,656,14868,468,297,277,206,415,273,452,293,496,327,472,318,502,321,499,318
2831,624,14904,414,285,302,249,394,289,411,295,450,311,441,302,444,298,456,294
2832,689,15082,440,292,259,211,424,287,451,299,499,324,487,328,493,311,496,318
2833,729,14825,510,318,322,254,472,323,509,338,548,361,524,349,543,344,549,348
2834,696,14890,460,301,337,258,435,301,467,298,508,326,489,316,504,325,512,317
2835,667,14808,480,321,322,265,436,312,458,312,495,345,497,346,493,329,499,331
2836,651,14974,446,288,298,243,411,301,452,303,499,332,480,335,506,329,511,333
2837,658,14870,437,300,291,237,405,286,441,289,461,319,457,322,468,303,460,310
2838,664,14713,430,269,275,218,412,277,446,303,485,320,478,331,478,315,483,316
2839,644,14872,454,282,314,268,412,305,441,300,484,325,478,325,470,316,486,315
2840,720,14781,506,321,313,246,465,328,477,314,530,352,518,334,524,348,541,349
2841,620,15009,457,308,310,257,407,302,429,300,480,324,470,312,484,315,487,319
2842,659,14904,462,304,288,230,424,298,456,311,483,332,488,334,487,320,495,327
2843,693,15010,470,326,308,259,434,316,468,326,525,357,505,342,515,356,526,352
2844,718,14769,506,333,340,273,478,351,503,341,546,360,540,373,540,354,550,353
2845,702,14819,483,306,321,259,457,335,476,319,509,336,511,347,508,338,522,325
2846,654,14782,451,286,317,244,442,315,461,301,497,323,493,326,501,311,499,319
2847,709,15014,506,318,334,266,453,310,488,325,536,361,527,355,548,349,547,365
2848,671,14761,467,298,314,255,439,320,477,312,505,338,496,340,508,328,509,334
2849,714,14803,500,327,309,264,451,325,498,337,551,371,535,374,554,369,554,368
2850,666,14865,464,294,317,250,433,301,457,302,503,322,493,308,509,310,515,315
2851,647,15106,468,296,302,248,416,279,465,307,498,340,493,337,498,345,499,330
2852,595,15101,440,315,289,241,384,288,427,300,459,331,445,327,462,316,466,328
2853,658,14868,438,270,297,244,431,310,435,292,491,331,477,329,502,326,498,319
2854,701,15073,478,310,302,244,438,314,464,315,539,361,521,347,534,344,546,348
2855,645,14980,461,300,281,223,411,282,430,287,489,325,473,332,481,318,493,317
2856,715,14978,509,326,324,266,465,325,497,318,545,361,529,352,542,349,556,356
2857,655,14806,456,300,280,236,409,289,445,297,476,309,467,317,462,306,476,299
2858,688,14746,471,311,299,242,432,308,454,307,503,325,490,315,504,334,510,320
2859,651,14735,448,293,299,241,407,287,438,288,480,320,463,306,488,321,490,315
2860,633,15078,451,298,310,264,433,315,450,313,477,337,470,333,487,337,485,329
2861,674,14920,481,307,318,244,439,322,478,312,525,362,515,352,514,342,525,349
2862,692,14796,497,313,309,247,453,302,477,307,535,341,517,331,525,331,538,317
2863,610,14796,416,264,276,205,375,243,413,283,455,296,445,293,456,289,457,288
2864,605,14870,419,284,254,214,374,253,409,270,447,298,427,290,444,299,447,293
2865,743,14671,515,313,297,235,469,305,498,306,545,343,546,340,539,336,553,341
2866,730,14812,508,338,325,263,478,327,505,348,542,372,538,379,547,378,561,376
2867,688,15164,483,308,335,270,447,307,490,325,521,351,521,358,520,346,525,341
2868,647,14863,444,309,273,214,415,303,434,300,472,320,450,313,478,335,479,330
2869,636,14965,422,278,294,237,396,288,427,295,468,317,468,326,472,310,471,305
2870,678,14734,491,332,337,293,464,348,477,334,508,358,505,354,519,357,511,348
2871,677,14674,485,308,304,253,433,320,458,300,512,345,508,333,503,341,517,338
2872,668,14615,495,310,309,246,453,315,471,317,514,361,513,355,504,339,510,351
2873,640,14938,434,303,296,238,382,277,415,285,463,331,454,321,459,321,464,320
2874,644,14845,443,308,293,239,409,305,428,302,487,334,475,318,479,326,484,327
2875,695,14948,456,301,298,225,426,295,455,299,492,330,476,322,483,309,495,318
2876,656,15036,470,294,307,232,429,290,446,290,499,336,498,346,489,339,497,326
2877,608,14925,433,278,273,230,404,286,426,295,468,326,463,305,467,317,476,314
2878,618,14906,416,269,297,248,398,296,428,288,457,315,460,318,464,301,464,310
2879,694,14840,501,316,319,262,467,325,466,317,531,359,526,361,536,358,537,355
2880,669,14998,454,297,290,228,406,284,444,301,491,326,470,318,491,326,492,315
2881,623,15071,416,269,274,224,372,249,419,272,449,283,439,293,453,286,457,279
2882,664,15015,473,309,325,271,433,308,466,324,504,334,486,341,503,321,510,326
2883,646,14743,445,306,295,239,420,296,442,292,482,323,476,309,486,317,487,323
2884,658,14906,468,293,275,218,440,303,469,320,501,343,502,350,501,340,508,335
2885,733,15027,484,324,334,270,461,336,475,319,538,369,509,339,528,359,532,366
2886,684,14775,457,295,297,237,421,289,444,296,496,320,479,314,488,317,498,309
2887,713,15051,498,336,334,278,470,335,480,323,537,364,525,352,527,365,527,360
2888,677,14753,477,331,298,249,449,315,472,307,508,344,506,348,524,346,520,347
2889,682,14772,461,295,305,254,426,291,450,308,497,334,493,347,504,319,501,331
2890,721,15003,498,329,340,261,463,312,502,339,523,343,510,336,516,335,530,337
2891,665,15109,470,292,294,240,441,299,460,301,504,339,488,327,493,329,499,325
2892,669,14766,476,312,323,261,434,307,466,309,507,330,517,337,510,323,516,327
2893,698,14862,490,314,318,256,455,300,486,320,532,348,521,341,530,338,542,345
2894,624,14990,438,289,298,247,408,298,433,305,478,329,466,323,487,330,486,326
2895,641,14948,448,319,296,242,401,294,436,302,470,335,463,332,479,319,472,331
2896,695,14961,481,318,312,257,454,338,466,319,530,357,520,359,538,365,544,360
2897,750,14784,523,320,314,262,498,338,532,354,557,376,554,365,563,360,555,359
2898,683,14859,471,303,302,237,441,319,472,308,519,337,499,344,511,334,531,344
2899,642,14833,445,285,321,257,421,300,440,285,480,316,478,312,479,312,487,309
2900,672,14928,441,290,300,243,421,302,454,306,491,324,480,319,494,326,502,337
2901,646,14779,426,284,281,226,399,282,430,293,471,323,446,310,470,313,475,323
2902,671,14826,471,284,320,266,444,304,459,298,523,328,513,338,518,324,528,334
2903,702,14994,499,307,329,248,455,312,473,321,525,348,528,348,513,337,529,343
2904,627,14957,449,307,313,270,426,327,450,318,473,339,479,336,468,326,472,329
2905,692,14978,480,308,313,260,443,316,472,322,516,338,494,324,515,336,519,331
2906,684,14892,483,329,327,270,455,324,479,324,519,366,515,363,519,361,519,359
2907,709,14843,503,335,329,267,473,340,491,334,529,357,525,355,534,346,539,358
2908,678,15100,476,296,335,263,447,305,473,309,513,332,515,330,511,309,513,326
2909,627,14939,436,274,268,218,400,285,420,285,464,312,456,311,466,299,473,310
2910,656,14791,486,321,291,244,447,324,462,308,512,347,499,355,515,341,510,337
2911,656,14968,465,289,300,240,435,297,455,303,495,312,476,309,488,304,504,312
2912,673,14871,469,304,309,253,431,307,455,304,508,343,490,331,495,344,514,346
2913,653,14883,438,296,301,240,408,288,442,289,482,310,478,312,477,302,487,311
2914,640,14893,427,275,285,237,389,267,427,291,467,313,465,319,466,309,470,304
2915,666,14694,455,327,314,257,422,320,452,325,498,370,492,350,501,358,500,360
2916,671,14903,459,313,308,252,413,302,448,302,487,335,475,340,489,330,497,328
2917,718,15014,469,312,334,260,451,329,473,325,531,343,515,343,525,336,530,331
2918,673,14976,468,313,288,239,430,306,445,314,500,346,493,332,497,332,511,344
2919,667,14825,467,303,301,248,421,294,447,300,502,339,475,324,504,335,506,340
2920,615,15001,429,282,284,246,405,298,441,306,456,341,444,342,459,338,459,334
2921,714,14718,505,331,317,253,473,329,492,305,566,379,551,353,558,373,559,369
2922,715,14909,510,330,320,261,485,344,509,345,554,379,545,372,561,363,568,363
2923,593,14832,395,267,270,228,354,262,392,278,433,294,421,308,435,295,437,290
2924,702,14739,471,322,297,244,422,305,465,317,514,349,492,352,518,344,523,355
2925,682,15041,451,283,287,234,431,288,455,291,495,315,473,312,493,309,503,310
2926,756,14636,511,303,353,271,471,328,507,338,558,349,552,358,544,344,560,352
2927,614,14905,437,280,298,247,412,291,433,284,469,314,467,327,475,307,474,302
2928,692,14708,495,329,305,257,451,337,471,313,517,352,504,344,512,351,527,359
2929,713,15027,504,335,330,269,459,332,494,339,526,367,522,358,525,355,545,364
2930,676,15108,473,307,333,251,450,329,468,314,519,364,511,357,507,352,520,357
2931,692,14806,510,336,346,275,484,341,501,337,540,370,531,362,543,356,548,367
2932,705,14863,471,295,305,244,443,323,461,299,527,346,508,337,521,346,527,337
2933,633,14847,425,274,302,238,393,279,414,282,458,314,448,313,457,303,468,307
2934,689,14697,460,287,306,238,429,278,462,281,500,313,480,315,499,310,501,308
2935,655,14988,470,309,282,228,408,289,454,306,483,329,473,317,496,342,489,327
2936,710,14890,471,319,328,255,434,307,464,320,512,345,496,344,509,355,516,347
2937,637,14892,419,274,266,220,397,278,422,283,462,310,449,300,464,301,463,307
2938,788,14854,540,332,345,268,528,351,546,343,608,391,584,379,606,385,606,379
2939,642,15013,441,288,293,244,404,276,443,300,457,312,457,325,466,302,462,312
2940,584,15109,423,273,282,233,387,261,426,280,454,291,451,318,458,292,452,277
2941,674,15099,470,291,286,231,433,291,460,303,506,330,508,323,516,322,518,323
2942,687,14954,469,327,329,266,451,341,480,338,515,363,513,348,520,352,521,364
2943,679,14986,468,293,308,248,427,290,461,299,507,331,505,334,515,332,509,330
2944,678,15155,487,324,289,235,425,290,471,299,514,349,501,331,518,336,517,340
2945,650,14860,442,284,290,236,413,288,436,298,487,326,482,312,480,318,495,322
2946,725,14904,504,340,324,261,466,339,500,344,547,371,531,375,561,368,557,371
2947,672,14660,458,311,310,252,429,306,448,299,508,345,505,341,507,332,509,337
2948,687,15071,450,314,316,249,446,320,443,307,501,343,483,318,496,326,510,341
2949,683,15042,474,315,287,235,439,311,461,317,522,347,511,337,518,345,522,331
2950,653,14929,443,288,299,239,415,295,441,297,480,321,470,317,481,327,489,314
2951,714,15086,484,306,320,245,454,305,492,318,530,350,517,336,526,342,534,346
2952,609,15102,417,283,269,222,371,287,408,285,434,299,429,304,448,306,434,292
2953,707,14916,458,288,317,248,430,303,462,295,506,325,491,321,512,316,513,323
2954,624,14875,428,282,291,234,389,280,422,290,473,312,453,312,473,309,480,306
2955,654,14945,446,276,290,223,416,285,433,288,485,315,474,321,488,312,495,310
2956,724,14859,502,326,328,256,459,308,498,335,546,356,543,365,544,347,556,348
2957,675,15144,475,319,314,252,425,300,458,312,485,332,484,323,488,319,491,328
2958,669,14980,438,278,286,233,399,283,424,265,484,311,469,298,481,312,491,306
2959,657,14866,481,312,329,267,433,305,455,319,514,364,510,350,510,343,522,353
2960,636,14971,432,306,321,259,413,307,435,317,466,318,458,314,469,321,474,323
2961,634,14632,438,286,284,233,410,291,450,305,497,338,475,330,497,334,500,332
2962,653,14981,445,298,296,243,428,303,447,304,492,351,486,347,495,340,500,343
2963,733,14924,489,327,323,269,449,331,481,323,534,354,523,352,538,353,541,353
2964,650,14862,443,292,296,237,402,289,421,284,478,318,461,306,479,311,490,308
2965,644,14912,432,272,285,215,395,271,419,273,471,308,449,293,467,297,479,300
2966,638,14779,458,299,306,253,406,290,439,303,474,318,474,314,471,308,478,313
2967,673,14927,483,323,324,264,447,323,460,319,505,339,503,339,499,333,508,333
2968,620,14816,431,294,295,234,395,293,421,304,466,317,453,319,464,306,467,310
2969,629,15125,435,297,288,238,404,309,429,308,468,346,471,350,470,338,473,337
2970,636,15062,434,275,272,228,408,284,433,283,466,315,468,317,469,306,464,301
2971,722,14739,499,315,328,259,463,309,492,319,557,357,537,342,543,333,557,349
2972,625,14553,452,310,295,248,412,297,444,315,475,335,470,341,476,329,478,326
2973,700,14869,491,317,301,251,448,316,479,330,525,334,509,340,528,342,538,330
2974,717,14879,471,301,292,229,448,304,486,315,523,330,515,337,516,325,522,322
2975,667,15044,468,329,315,258,424,309,454,326,503,354,493,354,508,346,508,353
2976,681,14974,460,302,263,215,423,286,438,287,492,326,487,331,492,326,495,320
2977,650,14720,454,306,297,228,406,294,444,311,486,331,463,313,482,332,488,327
2978,726,15034,494,305,344,287,465,326,480,306,518,331,530,340,524,325,521,322
2979,601,15040,431,261,283,229,388,272,414,272,452,307,442,302,451,305,458,296
2980,629,14857,443,311,293,252,400,287,429,305,467,319,457,328,471,329,467,312
2981,686,14811,478,313,312,257,450,318,482,333,522,364,505,347,516,355,524,357
2982,700,14928,506,323,304,229,459,315,485,326,533,359,514,349,531,342,542,356
2983,631,14978,419,279,279,224,385,279,417,292,451,313,444,312,455,298,456,311
2984,613,14921,423,265,270,220,388,276,412,274,461,310,435,306,460,309,469,303
2985,732,14961,498,301,327,262,454,307,492,306,532,340,519,330,536,318,549,348
2986,677,15019,477,294,331,276,428,302,461,326,506,328,502,340,516,333,517,320
2987,723,14703,508,324,323,257,461,318,492,317,546,342,535,344,534,339,547,335
2988,600,14752,433,289,279,233,399,280,423,271,467,315,459,301,464,306,465,300
2989,703,14855,455,292,303,243,453,307,474,307,500,330,501,318,508,319,508,325
2990,649,14684,429,274,261,204,411,287,437,280,477,308,465,301,476,309,480,298
2991,718,14811,482,318,292,242,449,329,477,318,535,347,523,339,531,354,547,344
2992,675,14999,493,311,333,267,458,320,488,331,522,350,515,356,519,333,522,332
2993,657,14996,462,308,317,256,438,315,462,320,494,339,481,349,493,324,501,330
2994,676,14883,458,295,305,242,420,280,462,292,490,318,482,318,493,310,499,314
2995,674,14940,428,264,296,240,411,293,441,306,486,327,466,315,482,331,484,317
2996,700,14982,501,323,324,263,467,305,499,325,539,361,527,351,534,355,546,353
2997,689,15131,487,328,319,244,449,314,493,324,534,354,506,341,524,344,541,346
2998,670,14934,480,322,321,269,422,311,475,327,503,352,500,347,503,352,499,349
2999,706,15019,477,318,299,226,442,298,469,302,521,344,493,337,522,323,532,338
3000,620,14756,440,282,291,235,396,283,436,312,456,320,451,319,465,322,462,314
3001,655,14684,461,308,298,252,424,313,460,311,489,329,486,329,494,329,491,322
3002,653,14781,438,270,297,231,436,307,451,289,489,307,483,293,496,310,501,300
3003,689,14882,467,306,324,264,443,314,470,325,516,344,511,351,515,336,528,341
3004,680,14934,475,294,309,248,434,304,458,312,512,336,485,330,497,329,505,331
3005,652,15103,443,312,282,230,399,294,439,300,487,349,479,341,474,323,492,343
3006,626,14868,434,272,270,220,397,288,429,288,462,313,443,309,462,308,469,309
3007,656,14909,431,285,292,232,401,290,448,296,474,330,467,329,470,318,478,317
3008,658,14861,451,308,284,233,411,279,448,287,480,325,477,316,482,325,488,325
3009,686,14886,465,297,281,225,427,286,455,287,516,341,503,333,514,331,513,334
3010,643,14995,463,293,292,244,430,309,447,307,488,335,485,348,488,333,487,325
3011,731,14857,485,332,312,249,458,324,492,331,532,362,521,358,534,353,536,357
3012,714,14820,494,308,307,256,450,299,474,310,533,341,519,337,531,343,537,336
3013,685,14962,481,325,326,255,433,303,476,312,515,337,498,318,506,323,521,335
3014,690,14909,503,327,297,244,454,319,493,323,550,375,536,364,541,360,553,375
3015,661,14924,470,323,321,260,427,319,461,326,502,356,480,338,503,347,509,347
3016,644,14870,478,319,294,240,435,306,464,319,504,349,498,355,499,343,501,344
3017,695,14908,483,314,304,247,436,312,467,311,525,350,508,340,510,348,527,347
3018,620,14958,423,275,296,249,392,295,423,297,462,305,448,300,461,297,469,307
3019,610,14829,414,283,261,225,374,272,399,270,453,317,436,298,457,314,454,312
3020,686,14925,475,292,315,261,444,305,469,313,519,345,504,337,519,340,526,337
3021,692,14622,498,330,303,257,436,332,469,317,531,374,502,353,523,359,537,370
3022,684,14993,494,328,318,260,449,316,469,311,513,337,514,355,508,320,509,326
3023,699,14889,470,301,314,260,432,293,464,309,493,325,497,326,507,331,502,318
3024,687,14726,469,319,322,262,440,304,465,326,511,343,497,347,491,331,517,343
3025,554,15097,380,254,277,227,360,273,376,264,407,282,410,289,416,287,409,275
3026,677,14743,477,315,301,250,446,306,479,309,517,355,510,350,515,339,520,337
3027,638,14921,434,299,288,233,396,281,413,274,446,315,440,308,447,318,455,319
3028,625,15109,437,291,292,232,409,276,443,295,464,307,467,320,461,304,465,309
3029,667,14767,444,315,290,229,400,285,437,296,470,327,465,317,468,323,477,329
3030,705,15099,467,302,295,242,439,309,477,312,516,341,500,341,516,341,522,343
3031,629,14879,448,295,297,236,417,280,465,306,473,315,473,316,474,317,481,324
3032,751,14915,514,353,363,292,464,339,503,349,556,388,553,393,568,385,564,383
3033,808,15025,546,369,373,296,522,351,567,383,600,389,593,406,599,380,601,389
3034,669,14767,452,315,310,255,441,320,458,332,498,347,478,331,493,338,502,342
3035,739,14805,505,326,325,262,471,336,511,344,559,378,538,362,551,360,561,371
3036,756,14715,492,301,319,255,471,318,480,302,549,359,522,333,533,346,554,351
3037,719,15016,493,334,303,241,448,316,486,325,525,374,518,358,541,366,533,373
3038,686,15031,461,309,316,253,428,301,451,309,497,340,481,317,498,341,505,337
3039,657,14957,453,273,280,218,421,275,442,269,488,306,485,322,485,306,485,298
3040,652,14955,446,282,291,237,386,268,450,301,470,324,468,322,467,321,474,320
3041,647,14903,446,301,321,264,414,296,445,306,486,328,477,308,487,322,494,323
3042,652,14896,451,290,305,252,411,288,453,296,491,314,481,320,484,303,496,310
3043,759,14788,514,331,304,254,469,299,516,325,557,373,542,349,562,373,565,371
3044,688,14984,456,283,325,246,447,319,462,305,509,326,497,330,497,312,506,316
3045,675,14762,491,319,318,263,448,318,470,323,524,351,510,349,524,346,524,339
3046,676,14916,467,313,289,239,439,305,463,308,507,323,495,325,507,319,519,318
3047,666,14992,461,317,299,242,418,313,450,311,500,358,484,334,507,351,509,351
3048,661,14974,447,290,317,258,405,287,447,310,483,321,458,320,478,316,482,312
3049,716,14621,511,326,358,283,469,327,509,337,551,362,531,357,549,353,559,366
3050,740,14845,508,313,328,267,481,318,507,328,554,347,548,348,561,344,558,339
3051,624,14962,418,293,303,257,383,267,416,295,449,305,448,316,448,293,450,296
3052,692,14778,482,309,293,239,446,285,476,291,522,337,517,333,530,338,522,329
3053,648,14813,442,301,292,251,396,293,419,297,475,318,462,303,459,302,474,309
3054,663,15214,470,321,334,261,437,334,461,340,499,361,491,353,498,363,506,359
3055,665,15029,456,310,321,264,431,314,439,306,481,333,483,316,481,311,488,336
3056,630,14951,429,287,308,251,403,284,415,285,466,295,447,294,461,288,469,293
3057,661,14934,458,299,297,241,427,310,455,317,502,346,477,325,500,338,503,340
3058,623,15013,414,282,265,220,379,279,420,285,447,316,434,306,444,317,454,317
3059,678,14862,450,301,291,227,413,293,433,292,490,329,483,327,494,332,500,327
3060,687,14815,460,297,303,234,425,291,465,305,509,321,499,326,497,310,513,320
3061,668,14863,453,292,313,254,414,305,447,293,505,341,499,333,500,341,507,341
3062,643,14863,454,295,321,262,418,293,452,306,485,326,476,320,478,306,479,318
3063,707,15052,481,306,315,259,457,329,492,324,526,355,515,348,529,348,532,345
3064,700,14936,482,323,317,260,446,323,469,314,524,351,504,329,508,331,527,344
3065,637,14756,451,304,308,250,424,320,444,302,488,352,475,335,485,335,492,339
3066,760,14819,517,322,334,261,480,322,510,323,562,368,539,350,555,353,579,382
3067,679,15059,476,312,332,264,459,331,475,337,522,345,502,334,524,349,531,337
3068,645,14819,461,320,323,270,409,304,437,309,484,341,470,325,478,328,489,341
3069,637,14888,447,303,272,218,416,288,440,304,479,327,483,331,474,308,481,315
3070,745,14761,503,315,320,256,466,314,490,313,541,336,515,337,540,341,550,332
3071,695,14647,481,311,315,249,441,298,478,305,512,336,505,343,514,338,514,326
3072,732,15074,493,339,330,273,463,335,474,337,537,379,529,355,530,380,537,365
3073,633,14830,443,290,297,241,411,289,437,298,487,331,458,321,486,332,481,324
3074,700,14817,467,298,314,266,447,318,481,317,517,339,515,347,527,346,534,340
3075,621,14841,407,264,284,218,374,260,401,276,449,291,451,311,450,289,446,284
3076,670,14748,484,308,299,248,439,309,451,301,511,343,503,329,510,329,517,338
3077,676,14795,445,297,297,237,415,296,446,305,489,325,469,299,490,318,486,319
3078,640,14953,467,298,314,238,426,307,456,319,492,331,482,331,494,320,495,320
3079,642,14794,445,295,296,244,400,283,433,289,469,322,444,325,465,317,473,312
3080,682,14917,449,291,299,236,417,299,452,317,496,338,498,346,492,328,502,342
3081,676,14736,464,293,284,209,418,284,450,276,493,320,490,312,502,318,505,318
3082,713,14751,502,331,310,255,479,338,498,338,547,370,539,378,540,361,554,360
3083,638,14858,428,284,278,223,405,272,425,283,473,307,474,321,472,310,474,304
3084,657,14781,457,304,298,240,428,300,449,315,480,333,479,334,481,326,488,332
3085,726,14930,496,303,339,281,475,340,486,328,539,360,504,330,543,359,538,346
3086,726,14827,494,329,301,238,445,314,487,327,524,344,511,342,524,338,534,340
3087,637,14775,453,303,292,235,418,297,439,285,490,329,468,316,487,314,489,320
3088,658,14833,446,305,302,258,413,303,455,320,489,346,483,342,484,337,488,336
3089,730,15000,482,331,325,256,469,334,476,333,536,356,524,343,520,357,542,363
3090,679,14915,479,317,316,261,419,295,455,316,507,326,505,337,502,318,512,331
3091,628,14854,445,278,287,229,412,277,435,277,469,304,459,301,475,307,466,297
3092,685,14942,466,303,316,260,439,317,469,311,519,345,512,348,526,350,519,343
3093,686,15077,465,313,279,228,432,310,464,324,504,345,495,358,500,337,506,345
3094,642,14949,430,295,300,240,417,311,433,296,474,337,466,331,462,312,478,331
3095,667,14795,473,310,315,262,457,317,468,313,512,332,494,327,500,331,510,324
3096,607,14842,415,277,260,218,397,288,408,284,452,307,449,302,454,309,463,304
3097,658,14826,440,300,301,245,408,299,437,303,478,327,476,326,472,313,481,322
3098,670,14771,455,307,289,235,413,295,455,302,499,339,493,333,499,323,501,328
3099,662,15040,483,326,317,257,443,314,476,327,513,353,515,364,513,348,508,344
3100,722,15048,486,316,319,253,450,319,484,321,542,358,514,342,542,353,551,350
3101,696,14760,470,297,302,230,428,302,460,289,505,316,486,316,501,318,514,321
3102,709,14895,471,283,294,243,422,303,464,293,515,326,500,329,513,337,524,320
3103,669,14953,467,295,249,208,427,282,452,292,509,324,501,335,511,323,523,325
3104,670,14856,449,288,301,250,415,305,451,310,496,329,486,333,494,331,492,321
3105,711,14956,466,310,321,260,453,312,487,314,508,330,495,330,510,331,509,318
3106,604,14969,440,295,290,244,390,287,415,295,461,330,451,325,459,315,465,327
3107,636,15003,446,286,299,245,401,287,428,300,464,312,439,305,467,317,469,313
3108,644,14916,458,300,282,229,417,289,432,298,472,321,463,316,469,322,478,320
3109,594,14870,401,257,274,225,373,266,408,276,436,308,430,297,443,307,447,301
3110,727,14919,510,340,342,277,466,325,503,350,549,360,539,365,546,345,553,358
3111,668,14759,451,289,289,230,426,303,456,305,506,328,503,336,512,335,511,323
3112,673,15006,484,295,290,233,434,287,470,288,534,352,523,349,531,334,531,334
3113,691,14964,441,268,332,255,416,311,439,299,502,348,482,330,498,329,505,331
3114,686,15318,484,323,322,267,459,322,485,326,506,347,498,350,502,333,516,347
3115,634,14905,466,316,302,252,412,297,448,304,476,331,456,320,478,322,481,326
3116,655,14795,463,280,293,236,423,295,447,295,479,305,474,309,481,303,488,306
3117,679,14911,456,281,280,224,416,290,448,291,489,321,481,319,492,324,493,314
3118,672,14641,456,314,320,256,403,295,438,309,495,327,492,329,491,328,502,322
3119,695,14683,472,324,332,275,438,313,475,322,515,361,500,347,514,350,513,360
3120,672,14889,500,335,337,283,461,318,497,348,527,369,530,372,530,361,533,358
3121,672,14859,439,291,304,250,404,301,426,301,481,319,468,323,480,299,481,311
3122,672,14820,456,297,302,226,420,292,457,308,485,329,477,312,494,324,496,330
3123,680,14857,484,314,313,250,433,309,476,329,527,354,506,354,517,348,535,335
3124,572,14935,387,254,268,204,348,249,370,254,408,279,412,277,418,286,413,268
3125,626,14998,426,288,290,245,396,288,421,293,464,317,460,314,462,314,470,314
3126,641,14744,447,288,325,252,426,308,454,311,489,329,468,318,487,319,497,324
3127,637,14863,464,303,303,247,423,303,453,312,500,345,478,336,497,345,508,339
3128,664,15047,440,299,295,241,400,286,441,298,467,322,456,306,471,318,471,315
3129,701,15051,469,297,300,250,428,315,465,298,515,347,500,325,501,321,520,338
3130,667,14792,442,304,307,243,420,306,443,300,483,326,480,325,487,331,484,321
3131,718,14887,498,338,316,259,456,320,486,324,537,359,520,346,549,359,547,361
3132,637,14966,435,288,281,233,398,289,419,270,478,329,460,305,475,323,477,320
3133,675,14978,465,302,319,274,431,306,477,328,519,347,503,344,517,343,518,334
3134,733,14880,497,335,320,247,458,314,489,326,562,383,540,374,561,357,568,375
3135,723,14908,513,342,356,296,489,342,511,346,562,392,547,381,553,372,568,384
3136,695,14866,488,323,319,247,443,323,459,322,525,356,522,359,520,340,534,348
3137,670,15215,469,297,294,242,434,296,453,308,510,339,494,331,501,322,514,329
3138,601,14767,424,262,289,228,392,274,412,270,446,299,431,288,445,293,453,300
3139,654,14820,445,279,277,216,392,271,428,288,476,306,467,305,468,296,473,292
3140,680,14916,502,322,297,254,475,324,497,323,548,371,532,343,539,355,534,350
3141,651,14777,442,293,300,246,418,303,441,307,493,326,483,333,488,325,495,321
3142,648,14825,459,303,315,249,422,290,459,308,493,320,493,337,486,299,498,320
3143,707,14728,469,306,285,237,439,291,466,299,531,340,509,325,522,335,535,335
3144,691,14831,459,312,335,269,431,320,457,328,499,335,491,333,504,336,508,331
3145,670,14932,470,312,326,260,453,321,468,316,504,344,495,350,493,329,507,334
3146,651,14848,473,297,319,260,423,315,456,306,509,344,494,342,497,331,511,339
3147,648,14580,463,312,289,233,423,295,456,304,496,341,488,338,504,331,502,337
3148,662,14987,447,280,315,237,430,288,455,299,499,326,489,341,494,316,501,318
3149,675,14876,467,325,350,285,443,327,467,319,506,349,508,354,502,336,509,349
3150,717,14963,509,309,312,244,461,307,493,322,542,348,536,343,541,343,541,337
3151,703,15186,465,290,293,219,434,289,461,297,502,325,484,313,500,318,512,324
3152,633,14748,447,302,287,234,404,279,435,306,472,321,471,313,473,315,477,315
3153,631,14988,423,266,271,213,380,269,405,262,458,299,450,287,464,293,470,292
3154,669,15034,483,303,304,242,450,312,473,304,501,316,496,328,510,311,516,325
3155,696,14608,480,299,312,247,444,316,482,312,510,328,493,332,509,330,520,325
3156,619,14827,435,292,294,239,399,300,427,300,460,306,461,309,460,314,465,309
3157,579,14692,423,276,254,205,382,261,398,259,437,305,438,305,438,297,445,298
3158,657,15063,467,329,332,274,436,322,463,322,499,347,490,349,498,336,499,340
3159,670,14973,458,311,312,235,428,301,451,299,505,333,492,323,508,331,500,327
3160,626,14905,450,319,291,244,409,290,435,312,490,327,473,325,491,335,496,326
3161,674,14858,455,309,315,257,423,315,456,307,501,349,503,351,491,345,508,348
3162,687,14871,479,334,292,230,430,302,475,319,521,368,501,341,518,352,522,359
3163,709,14860,481,334,326,267,447,321,482,332,532,358,524,365,528,351,530,347
3164,653,14938,455,288,322,259,425,300,447,304,492,323,478,309,489,315,498,313
3165,669,14606,474,304,321,264,430,297,477,304,501,317,483,305,497,308,510,316
3166,706,14737,485,299,309,245,461,327,470,315,524,359,500,340,520,347,529,350
3167,693,15105,478,333,346,272,445,329,473,321,518,347,511,341,516,347,523,348
3168,659,14927,459,298,312,255,436,301,453,300,487,326,481,326,476,319,484,312
3169,653,14860,434,283,280,229,398,272,424,281,484,323,467,320,492,311,484,309
3170,651,15116,443,293,283,232,400,281,440,293,478,326,468,322,476,317,488,322
3171,701,14794,476,304,311,252,439,305,465,310,520,339,501,339,524,339,532,351
3172,659,14869,433,282,291,222,414,288,429,281,478,316,461,314,468,302,486,309
3173,625,14807,450,276,306,241,410,287,437,289,476,306,466,301,472,300,480,302
3174,635,14848,447,305,297,249,403,306,443,317,480,348,466,338,478,323,492,338
3175,624,15125,424,287,275,216,389,279,411,274,458,312,455,290,460,306,465,305
3176,643,14945,453,307,309,251,414,303,440,309,492,342,476,340,488,340,495,340
3177,670,14726,479,311,292,245,458,326,465,312,539,370,517,348,530,361,540,362
3178,651,15015,453,295,286,233,417,291,440,300,500,327,486,329,494,332,500,318
3179,663,15037,480,316,326,248,426,303,464,302,502,331,494,325,503,308,500,321
3180,645,14727,459,303,284,231,411,289,440,302,476,339,472,354,475,335,487,332
3181,686,15028,467,304,286,236,424,289,463,308,506,325,497,333,505,339,511,327
3182,743,14883,493,308,304,249,463,312,483,307,535,346,530,355,536,338,550,349
3183,628,14901,425,284,290,226,386,290,422,295,450,307,441,313,452,305,459,309
3184,706,14905,485,312,278,224,445,286,478,293,517,325,502,325,529,318,527,324
3185,716,15190,495,332,326,260,429,296,480,312,544,342,526,331,546,346,546,339
3186,661,14720,458,307,293,235,423,313,447,314,498,337,489,335,495,331,504,337
3187,615,14895,413,247,261,223,390,259,407,263,457,288,437,287,451,284,454,281
3188,675,14759,467,315,310,257,435,306,454,303,487,327,467,316,480,332,480,326
3189,686,14833,489,321,319,256,449,310,469,329,519,354,510,360,512,339,523,343
3190,604,14993,430,294,277,229,390,296,413,287,454,320,445,328,458,318,460,318
3191,628,14881,432,297,319,252,406,299,430,289,449,300,440,294,445,278,465,297
3192,709,14861,466,297,299,236,447,306,478,307,514,340,506,344,521,337,517,329
3193,700,14748,491,300,296,244,461,328,492,323,533,364,510,345,527,353,527,356
3194,685,14810,467,300,326,259,447,317,471,293,515,328,500,319,509,322,518,318
3195,638,15025,462,311,319,257,418,312,451,315,491,353,502,346,501,355,503,349
3196,685,15045,447,290,290,240,411,279,428,281,490,319,464,305,479,302,489,318
3197,653,14612,468,318,321,267,430,314,445,303,498,330,485,319,483,332,509,332
3198,639,15046,454,315,297,240,406,306,450,305,496,347,492,350,482,326,502,338
3199,679,14809,466,317,308,253,439,319,478,314,512,349,493,335,524,349,521,349
3200,633,15021,423,277,290,222,395,293,415,285,453,300,451,304,457,299,466,294
3201,660,14829,454,290,299,230,439,304,461,304,482,338,481,325,484,324,485,325
3202,659,14931,452,311,287,237,435,304,439,303,500,357,490,345,490,337,498,341
3203,690,14962,479,313,316,256,447,319,481,324,528,353,515,348,523,350,523,341
3204,628,14943,436,292,303,242,400,277,425,281,456,316,455,322,454,300,454,313
3205,693,14768,465,318,327,269,435,325,461,311,503,358,486,338,498,346,503,349
3206,713,14976,497,328,322,269,459,346,490,328,546,364,535,354,540,366,554,363
3207,613,14869,440,284,310,240,394,284,435,298,463,314,462,323,467,298,466,308
3208,585,14907,419,265,285,239,381,266,420,281,447,315,442,306,450,311,449,303
3209,635,14970,453,312,286,231,419,298,434,304,490,326,471,315,484,326,487,327
3210,690,14856,442,281,301,237,425,283,455,289,510,321,500,338,502,309,508,316
3211,687,14994,486,325,334,268,438,302,489,320,525,346,493,330,517,332,529,337
3212,637,14954,432,289,292,248,389,274,421,288,471,307,461,315,470,299,474,307
3213,696,15050,471,320,309,257,432,311,468,326,507,348,495,334,501,340,517,335
3214,686,14810,493,296,344,270,449,314,485,329,518,335,507,332,507,328,527,332
3215,692,14862,522,365,317,265,471,338,504,350,551,389,532,364,546,375,556,379
3216,687,14926,485,330,338,273,467,336,494,330,523,362,512,365,530,336,527,351
3217,676,15069,482,313,346,272,430,302,473,323,495,343,479,348,498,337,504,332
3218,686,14946,461,309,305,254,437,308,459,301,512,348,498,338,509,332,521,345
3219,657,14686,449,302,303,243,408,284,462,304,488,330,485,330,482,322,492,323
3220,646,14846,442,288,297,244,386,255,437,293,482,330,467,315,473,311,486,323
3221,738,14899,539,350,354,280,498,338,518,352,556,381,549,379,557,362,558,371
3222,701,14845,473,327,322,258,440,313,483,333,516,349,507,350,516,345,522,344
3223,652,14708,459,310,311,252,462,344,457,316,494,357,485,347,498,353,495,348
3224,692,14887,474,300,318,262,439,320,474,320,501,332,496,342,506,328,506,324
3225,610,14928,415,292,295,252,398,292,419,288,453,311,450,313,453,305,457,305
3226,722,14972,503,325,332,273,491,340,502,328,549,372,535,355,559,368,554,359
3227,627,14837,463,300,305,248,416,291,447,311,481,322,481,337,488,333,479,314
3228,584,14682,404,281,279,238,376,278,393,281,447,322,446,334,444,310,449,308
3229,650,15081,448,299,302,257,411,303,451,315,477,331,468,320,480,313,483,315
3230,750,14736,523,350,339,276,485,345,503,339,563,393,551,381,566,390,569,388
3231,718,14784,481,325,322,256,460,323,491,325,525,355,505,345,528,357,528,351
3232,645,14946,452,308,320,264,416,304,439,297,484,337,484,343,482,320,484,319
3233,602,14822,427,286,298,244,383,280,418,275,454,298,453,305,455,295,454,294
3234,648,15144,476,317,309,243,444,318,467,311,510,345,504,354,514,348,509,344
3235,705,15043,485,329,325,265,453,325,490,326,519,359,508,350,519,343,522,355
3236,702,15023,497,306,336,265,467,321,494,322,528,335,521,346,537,343,543,332
3237,641,15085,438,298,276,217,398,283,425,283,472,328,460,320,475,325,476,321
3238,705,14893,455,318,298,249,422,306,457,303,506,351,485,347,506,339,508,340
3239,756,14974,512,320,346,282,486,339,521,348,544,360,544,350,542,348,543,345
3240,666,14789,477,321,315,257,446,317,481,329,516,357,499,346,512,344,519,351
3241,687,14915,453,296,302,241,425,303,464,298,498,340,478,333,497,329,509,337
3242,678,14852,478,333,314,270,437,320,460,321,514,350,501,353,505,350,514,342
3243,669,14819,477,313,312,252,442,315,466,312,511,333,502,336,510,336,514,326
3244,647,14785,458,288,333,258,427,299,439,291,486,322,471,324,489,313,486,324
3245,684,14952,469,307,323,252,440,296,463,306,520,349,502,341,514,333,526,348
3246,644,14867,447,290,277,230,408,293,438,290,469,313,467,309,469,306,475,315
3247,673,14647,489,328,314,244,443,302,464,299,516,355,503,351,514,344,518,347
3248,662,14912,455,309,296,235,426,312,449,305,507,340,492,328,503,335,514,340
3249,649,14919,437,278,299,225,412,287,427,283,478,318,472,325,475,305,482,319
3250,632,14821,435,288,277,227,386,263,419,284,471,310,458,312,459,306,468,294
3251,674,14978,463,287,280,231,438,303,474,311,503,332,502,332,502,336,501,328
3252,644,14852,479,300,317,255,451,325,481,322,512,351,507,347,515,340,514,333
3253,658,15007,450,288,304,246,414,286,442,295,494,327,477,319,482,320,512,319
3254,730,14727,505,333,316,255,468,328,501,329,539,365,528,355,546,365,551,366
3255,655,14723,465,295,272,226,430,295,449,289,489,327,476,319,486,327,487,326
3256,677,14823,430,280,268,219,395,266,447,294,476,315,468,312,478,314,479,312
3257,724,15100,501,335,314,252,463,319,504,330,544,365,532,368,539,358,553,363
3258,622,14848,425,276,270,230,391,279,417,280,453,300,454,308,451,299,460,296
3259,601,14730,405,258,280,232,380,275,409,274,437,300,437,302,447,289,440,299
3260,651,14752,456,306,322,260,447,314,471,328,491,334,487,336,484,324,490,331
3261,640,14830,449,297,280,223,427,317,441,286,488,334,481,328,494,332,492,328
3262,646,14902,473,324,330,271,433,313,476,320,486,342,479,344,494,345,497,345
3263,753,14833,516,331,307,246,469,301,504,329,567,363,540,356,563,357,574,365
3264,639,14740,465,320,331,285,434,317,462,313,501,343,487,328,495,332,506,343
3265,634,15015,432,278,290,232,395,276,413,271,466,311,458,319,463,300,471,302
3266,759,14975,529,346,365,310,493,345,517,354,563,376,555,371,560,367,567,374
3267,713,14833,473,309,312,261,449,320,454,319,517,343,514,342,523,344,515,337
3268,629,14832,441,299,289,239,412,298,441,302,496,345,476,335,500,343,500,333
3269,653,14806,476,306,308,255,420,296,458,310,493,344,485,341,503,348,501,344
3270,673,14844,483,330,297,260,430,313,482,336,514,359,512,355,510,346,518,353
3271,643,14913,447,275,296,244,424,289,429,282,482,309,475,318,478,304,479,298
3272,638,14883,456,302,301,257,424,297,454,308,494,338,482,328,496,327,496,334
3273,607,14987,437,264,298,230,400,278,431,298,463,302,456,306,462,292,470,298
3274,682,14772,483,326,295,241,454,322,474,332,517,366,511,355,530,362,522,362
3275,668,15107,456,294,305,244,424,285,459,308,492,325,494,322,498,315,501,318
3276,624,14921,447,286,306,253,405,280,440,304,457,300,464,325,455,306,464,296
3277,657,15080,450,290,307,244,412,297,441,310,475,334,465,330,482,335,483,327
3278,681,14841,484,327,326,265,435,313,478,332,522,373,510,345,521,355,527,366
3279,667,14904,453,300,282,234,421,285,450,292,486,324,479,325,486,326,500,317
3280,615,14881,448,295,313,260,409,307,445,314,468,337,469,335,476,327,469,335
3281,648,14920,482,316,333,267,434,302,456,310,500,357,489,354,499,353,496,341
3282,656,14599,440,292,289,240,409,285,436,300,476,323,474,325,480,328,482,320
3283,659,14809,463,292,299,238,408,291,442,289,469,301,472,328,477,318,477,306
3284,649,15044,432,272,294,232,389,275,432,281,462,319,457,306,463,307,465,304
3285,668,14824,452,299,297,240,413,300,453,315,496,336,469,318,492,329,494,321
3286,638,14922,443,289,276,231,390,273,438,275,469,303,455,297,457,284,474,294
3287,704,14920,463,304,312,249,443,300,463,303,503,342,492,343,510,341,510,334
3288,679,14771,440,307,298,238,414,310,443,322,487,334,472,342,477,335,496,339
3289,667,14952,491,306,309,247,449,315,481,305,505,326,504,330,515,327,516,324
3290,690,14879,484,310,296,235,431,294,480,308,518,335,510,333,515,340,521,333
3291,644,15063,459,293,276,238,417,287,450,296,469,318,477,324,473,312,477,310
3292,665,14852,472,326,291,229,425,293,468,314,499,342,499,346,504,333,504,339
3293,713,14938,458,323,315,265,434,304,452,310,518,362,503,346,513,346,520,359
3294,630,15031,431,280,280,226,394,288,426,299,471,321,464,322,462,311,474,313
3295,645,14887,450,307,292,244,400,280,445,295,479,330,468,341,472,318,475,320
3296,664,14743,458,304,305,243,427,297,461,312,495,329,492,331,491,328,503,320
3297,656,14850,467,309,311,254,425,305,457,301,494,343,495,345,490,324,496,332
3298,687,14903,455,284,275,230,417,301,457,301,503,331,489,313,503,334,516,327
3299,639,15041,454,308,311,257,417,313,435,306,473,333,474,317,480,325,475,328
3300,649,14977,461,293,280,231,423,290,443,300,480,329,480,332,482,314,491,325
3301,627,15066,422,285,295,239,394,292,415,282,463,305,457,305,458,304,472,301
3302,669,14908,460,297,286,226,428,292,463,302,504,322,498,328,500,319,500,313
3303,659,14640,495,315,334,272,422,305,473,328,525,365,507,350,513,339,522,345
3304,748,14931,479,293,308,231,456,306,485,310,545,351,525,345,539,338,543,340
3305,701,14783,490,334,335,267,471,350,489,347,534,375,528,372,532,369,539,364
3306,719,15091,498,312,304,241,453,295,495,310,544,342,528,339,535,340,543,340
3307,691,14825,475,317,304,243,443,314,477,322,518,346,503,340,509,336,524,337
3308,708,14899,502,320,322,255,452,304,504,328,535,350,526,353,541,350,545,340
3309,642,14761,430,288,298,247,417,301,433,295,490,338,469,317,491,326,496,323
3310,643,14674,449,290,287,229,414,287,431,279,480,316,487,327,483,310,494,325
3311,677,15025,484,310,328,274,448,322,463,313,519,332,513,324,509,332,525,333
3312,755,14649,527,337,339,272,490,337,523,345,564,385,541,364,572,377,575,385
3313,628,14764,452,294,312,251,411,287,431,281,459,307,460,303,466,305,463,306
3314,677,14904,473,294,305,260,414,294,470,308,504,326,493,321,498,320,506,307
3315,689,14832,475,317,306,256,455,323,462,310,518,359,501,338,515,347,515,334
3316,653,14931,455,302,314,255,438,322,439,301,479,333,474,323,477,323,488,322
3317,661,14741,465,293,318,257,416,294,446,308,498,337,474,333,483,312,501,327
3318,672,14814,466,299,283,227,414,283,453,304,497,335,488,335,490,322,502,335
3319,682,14644,454,317,306,251,427,319,448,306,492,352,482,329,497,355,503,348
3320,677,14711,475,313,316,263,450,308,478,309,515,334,505,338,520,336,524,332
3321,652,15091,441,311,309,256,407,295,443,323,486,342,468,336,489,332,492,331
3322,596,14738,398,264,292,235,369,280,399,281,422,295,429,293,432,295,434,291
3323,675,14744,475,306,321,258,455,313,456,301,516,324,505,330,510,327,518,318
3324,721,14929,506,336,304,250,466,322,488,325,540,368,526,354,546,360,548,366
3325,596,14727,418,277,280,242,391,282,416,285,450,313,429,302,440,304,452,307
3326,684,15118,459,309,288,233,452,329,475,318,507,351,513,349,503,337,517,347
3327,647,14830,419,278,289,235,373,262,412,288,465,301,459,315,460,308,463,291
3328,665,14938,408,272,280,232,393,283,410,281,463,313,439,315,463,304,464,308
3329,670,14669,460,314,298,239,421,300,452,310,503,332,475,317,498,326,505,325
3330,695,15092,452,311,307,251,429,305,459,316,515,350,481,319,512,359,515,346
3331,673,14984,446,297,302,236,409,290,461,314,486,344,493,334,479,321,501,328
3332,665,14758,457,299,283,234,402,298,441,295,480,324,475,323,476,321,483,319
3333,623,14981,430,287,284,224,402,278,418,271,459,303,457,299,461,300,470,307
3334,639,14776,419,275,296,242,396,282,410,287,477,312,464,305,470,299,480,312
3335,626,14869,445,288,308,248,400,297,427,297,474,330,467,334,469,317,478,321
3336,675,14938,450,288,306,249,417,306,451,296,490,322,478,307,489,310,497,321
3337,679,15029,478,320,315,255,441,313,457,316,507,334,490,329,499,325,506,335
3338,631,14880,444,287,288,232,405,284,430,284,476,332,472,320,469,319,483,323
3339,639,14975,449,312,308,255,397,297,432,307,487,337,466,324,494,329,488,339
3340,684,14845,449,286,310,243,457,304,465,311,502,329,491,322,503,321,502,317
3341,663,15116,445,295,305,245,411,281,455,299,488,331,481,340,496,325,493,324
3342,676,14818,450,296,277,217,424,294,434,281,473,312,468,315,481,314,495,322
3343,626,14893,431,289,306,252,399,285,428,290,468,324,459,319,460,315,471,317
3344,656,14916,471,309,296,247,435,305,459,304,505,333,487,318,514,349,510,328
3345,671,14801,468,312,326,271,425,310,462,325,496,339,487,333,502,329,506,332
3346,624,14777,427,274,299,249,391,280,419,271,456,293,448,289,452,300,462,286
3347,633,14588,460,295,290,226,424,302,456,302,500,332,472,316,485,313,500,325
3348,642,15005,431,287,305,261,404,295,432,295,475,323,459,328,476,321,480,309
3349,718,15057,499,308,314,256,462,315,505,311,549,347,537,341,547,336,550,337
3350,666,14838,442,296,285,234,416,283,431,275,489,327,480,330,488,322,488,319
3351,587,15081,391,251,259,214,367,265,403,279,424,285,423,295,428,288,426,280
3352,649,14903,453,306,314,270,428,311,455,320,489,352,477,352,487,348,490,347
3353,658,15009,459,305,322,255,426,311,452,314,499,337,496,336,504,330,512,324
3354,617,14965,434,305,313,256,415,309,438,321,464,306,461,309,471,320,472,307
3355,603,14761,433,302,284,230,387,269,425,292,467,322,453,317,470,316,467,322
3356,642,15078,407,278,281,235,366,266,412,274,452,306,444,293,449,292,451,302
3357,639,14919,426,282,292,227,398,298,411,286,449,315,441,320,445,305,447,315
3358,616,14856,425,290,290,239,400,290,419,291,467,325,454,309,468,319,474,323
3359,748,14912,529,359,342,272,494,335,516,343,570,390,547,375,557,376,569,379
3360,702,14958,493,311,328,272,455,316,489,319,516,341,505,335,516,336,519,327
3361,666,14919,461,293,324,268,419,299,443,313,490,337,482,328,484,332,498,328
3362,761,14728,513,337,323,255,478,327,516,336,572,373,549,362,560,362,574,370
3363,699,15041,507,352,360,291,464,349,500,362,515,354,512,363,521,353,519,348
3364,669,14785,433,305,292,237,419,304,430,292,508,358,489,345,509,349,511,354
3365,624,14896,457,316,321,261,419,334,443,311,471,330,458,324,474,327,481,319
3366,673,14947,473,321,331,270,431,313,483,328,518,353,513,346,521,348,518,351
3367,656,15179,441,304,300,247,404,297,429,292,497,335,483,327,491,342,502,340
3368,700,14791,483,306,277,220,447,307,470,309,521,339,497,323,523,333,527,335
3369,662,14850,464,319,291,245,431,293,456,320,504,347,496,353,497,336,500,338
3370,744,14725,499,326,335,278,469,336,488,333,550,354,540,368,543,366,558,355
3371,675,14902,497,338,309,257,441,323,475,349,514,360,507,365,512,362,521,366
3372,690,14816,474,316,318,261,460,328,474,321,506,347,494,339,510,338,510,340
3373,666,14872,449,285,313,244,429,303,449,301,488,323,479,325,487,301,494,308
3374,648,14994,467,311,293,244,435,322,450,305,510,347,500,340,510,333,518,337
3375,695,14814,486,333,306,251,434,306,485,335,516,351,505,342,508,356,517,349
3376,614,14775,410,268,291,240,399,298,421,300,468,326,449,313,470,328,476,324
3377,635,14918,442,314,284,235,382,280,423,278,469,315,451,307,463,297,470,307
3378,609,14842,437,292,298,245,395,277,422,301,456,305,468,341,463,304,454,305
3379,644,14953,444,301,296,240,424,300,437,299,481,327,476,337,469,323,479,317
3380,671,14904,452,297,288,237,401,280,440,291,483,303,490,327,480,300,488,295
3381,639,14922,440,286,288,236,394,266,440,296,473,319,474,322,470,305,480,310
3382,716,14799,502,318,305,239,467,315,499,321,521,329,514,342,525,343,526,328
3383,706,14932,506,340,348,274,467,327,490,337,527,346,515,354,527,351,534,337
3384,682,14819,490,310,337,277,448,315,478,326,496,327,487,332,496,316,504,315
3385,682,14861,460,327,284,237,424,312,450,301,504,342,486,331,511,344,511,336
3386,698,14617,493,308,319,242,454,308,486,323,522,351,519,349,526,332,523,349
3387,696,15031,486,322,326,264,459,327,480,349,507,354,491,349,509,347,510,358
3388,744,14676,512,326,317,248,483,330,512,336,550,357,540,352,559,347,553,352
3389,748,14951,530,347,340,282,478,356,526,352,577,378,553,370,565,365,577,378
3390,613,14985,455,313,308,258,421,306,446,302,477,337,473,341,485,337,479,337
3391,686,15021,472,331,323,271,426,323,470,307,513,348,503,337,520,333,516,342
3392,624,15168,446,307,315,258,392,296,436,301,481,333,466,323,466,315,481,323
3393,683,14770,455,305,311,254,426,295,454,314,497,320,496,315,501,316,503,316
3394,743,14978,526,343,334,254,479,345,500,330,556,372,553,371,555,371,567,376
3395,677,14894,460,309,304,257,423,298,445,296,488,330,468,317,493,332,495,324
3396,686,14855,489,316,311,258,434,310,463,313,508,341,500,340,499,329,514,333
3397,645,14819,460,311,307,247,433,312,445,317,493,342,471,326,483,328,495,325
3398,675,15059,466,301,299,232,421,280,449,293,503,330,490,330,497,329,507,323
3399,674,14918,478,317,337,282,452,318,482,331,521,366,506,358,518,345,518,353
3400,695,14803,501,330,329,273,451,317,489,334,517,346,506,347,516,344,518,342
3401,672,14827,464,301,306,230,438,294,449,307,494,319,481,313,498,326,503,319
3402,746,14905,536,340,362,295,502,355,518,354,567,383,556,372,564,370,584,374
3403,692,14930,480,292,292,232,423,290,479,312,520,344,512,354,514,346,522,337
3404,657,15051,462,309,290,237,423,308,463,322,484,341,479,327,478,334,493,339
3405,667,14928,474,301,322,260,447,315,463,315,514,341,493,327,512,344,515,335
3406,630,14986,445,289,276,236,399,290,433,296,470,330,464,324,465,324,477,325
3407,696,14709,491,312,313,249,466,307,481,305,542,357,541,344,541,351,549,340
3408,633,14931,426,286,301,247,399,297,425,294,478,331,462,313,473,316,478,313
3409,672,14932,469,307,304,255,417,292,439,296,480,319,476,312,484,313,487,315
3410,673,15013,472,334,345,281,448,347,454,337,499,363,493,359,501,365,504,367
3411,615,15028,447,303,304,246,399,293,427,301,459,305,443,302,452,312,460,301
3412,637,14712,431,269,277,224,419,291,441,287,478,320,466,329,472,308,472,306
3413,641,14917,435,290,295,252,417,311,433,313,473,334,464,332,474,324,478,321
3414,640,14851,435,298,309,250,417,316,451,332,488,357,486,355,495,358,493,345
3415,696,14820,467,327,299,238,436,318,463,331,512,355,499,357,523,355,530,359
3416,696,14771,494,323,316,257,459,319,503,330,525,350,514,343,521,335,521,338
3417,698,14867,505,324,342,278,489,332,496,337,535,373,532,375,540,358,544,362
3418,657,14787,468,289,296,237,437,290,454,305,504,336,493,336,490,318,503,315
3419,637,15072,443,290,280,224,390,277,422,308,474,325,460,308,472,319,473,320
3420,596,14805,432,276,261,210,394,275,415,280,460,324,448,306,466,317,470,321
3421,649,15066,468,321,326,264,433,322,461,325,492,335,490,335,497,335,494,327
3422,684,14957,448,305,287,229,383,264,446,303,475,319,481,326,473,315,484,322
3423,696,14828,490,322,277,213,451,306,476,306,515,335,501,332,520,334,520,323
3424,657,14922,447,299,301,234,410,287,458,303,476,338,467,306,478,321,481,330
3425,675,14685,440,283,306,239,428,305,450,298,500,325,487,328,502,327,503,321
3426,638,15181,447,293,301,245,407,282,445,301,472,315,474,310,469,318,470,316
3427,624,14989,432,273,285,223,390,275,415,278,454,296,447,285,464,300,463,290
3428,682,14831,442,288,281,224,414,279,448,291,502,321,485,318,509,318,514,324
3429,666,14689,447,305,303,255,414,296,442,303,481,314,471,310,470,305,480,313
3430,692,14703,466,305,312,254,450,319,461,305,495,333,468,310,499,334,505,340
3431,654,15034,434,294,301,245,423,316,430,285,478,329,457,313,486,335,483,331
3432,641,14838,442,295,308,233,439,304,446,302,495,329,465,308,490,317,496,326
3433,688,14987,465,332,293,239,419,288,463,321,497,348,487,336,500,347,503,344
3434,633,15083,470,299,332,266,426,295,465,317,498,344,485,338,495,327,494,321
3435,637,14764,460,297,318,264,431,291,447,289,477,312,473,316,482,305,488,308
3436,627,14905,434,290,302,244,396,289,424,278,476,328,475,321,470,319,478,320
3437,642,14784,421,293,294,241,394,280,423,287,456,302,429,291,447,295,454,303
3438,629,14979,448,292,287,227,391,276,436,308,477,331,458,307,478,327,476,325
3439,726,14989,490,323,294,246,465,323,476,320,535,357,532,358,541,356,555,362
3440,640,14627,426,289,297,248,382,277,417,291,454,319,436,298,453,312,456,315
3441,681,14792,455,296,307,253,447,301,459,308,503,323,482,327,500,317,504,320
3442,585,15067,388,254,263,216,363,250,392,268,423,281,419,283,431,281,424,272
3443,647,14917,447,292,298,234,423,302,446,297,479,331,487,332,491,331,490,324
3444,638,14596,464,302,301,251,411,304,448,313,474,343,467,325,476,338,482,338
3445,710,14943,485,303,329,272,443,330,486,351,523,357,525,360,517,345,528,347
3446,616,14863,437,293,314,260,405,305,435,307,461,300,445,300,457,298,466,302
3447,727,14908,480,285,314,245,443,296,487,304,531,344,510,331,534,336,531,338
3448,704,14962,485,308,300,247,437,312,470,321,517,340,510,341,509,334,522,339
3449,690,14895,450,293,271,226,420,290,449,296,485,312,476,305,490,310,492,313
3450,658,14837,444,292,322,253,420,304,440,307,471,311,474,315,476,318,479,312
3451,676,15130,455,303,318,256,432,307,449,309,505,340,490,337,506,337,513,330
3452,623,14886,440,286,291,242,403,294,423,281,461,311,454,294,459,316,463,300
3453,659,14829,442,310,291,233,426,313,440,305,481,336,478,341,480,343,484,339
3454,642,14897,441,300,285,235,408,291,443,305,487,340,472,320,493,338,491,332
3455,712,15423,470,323,330,256,446,322,461,319,521,349,507,347,525,362,523,347
3456,627,14886,461,327,333,283,420,315,448,324,487,350,476,356,482,347,494,356
3457,713,15009,502,320,324,263,453,327,481,322,526,348,524,354,519,337,525,337
3458,705,14979,503,341,354,295,462,339,506,347,545,381,526,374,537,355,550,372
3459,720,15160,489,329,330,264,456,320,481,332,530,354,510,338,521,340,535,346
3460,605,15158,414,290,297,240,377,279,390,284,433,297,432,310,440,289,427,288
3461,645,15212,456,333,314,263,406,315,446,328,474,333,471,338,479,335,476,334
3462,671,14976,456,290,312,240,417,297,452,283,473,311,475,304,481,316,487,303
3463,789,14971,551,370,382,298,514,360,549,357,584,368,557,367,592,380,595,372
3464,666,14755,441,289,314,254,433,318,461,299,492,317,478,308,493,321,498,317
3465,595,14862,409,294,281,235,389,293,417,291,456,322,464,328,461,311,467,320
3466,707,14843,476,332,318,252,452,318,475,314,510,349,510,340,508,348,520,351
3467,684,15012,464,304,304,248,437,315,455,297,489,329,492,342,505,328,504,329
3468,662,14920,490,310,309,253,444,325,456,302,510,345,494,342,500,323,510,334
3469,778,14881,541,345,337,275,501,344,553,358,599,379,573,374,591,376,606,387
3470,682,15014,497,328,314,254,457,337,486,315,511,349,497,330,513,339,526,352
3471,657,14922,458,309,314,250,421,315,444,313,486,333,474,314,483,321,492,329
3472,622,14757,428,289,309,259,411,292,445,308,481,332,461,329,476,318,478,317
3473,657,15109,447,294,301,252,415,289,442,297,480,317,469,328,483,314,484,315
3474,683,15043,472,320,310,241,431,305,472,334,512,356,495,321,513,344,517,342
3475,646,14786,428,281,270,218,378,271,398,277,453,295,454,292,460,298,462,295
3476,710,15178,445,275,295,230,421,291,432,275,509,325,491,313,509,312,523,321
3477,632,14802,420,275,299,242,381,273,430,285,464,324,443,305,473,316,470,326
3478,750,14912,512,329,326,262,471,318,519,340,553,365,543,364,549,356,561,361
3479,755,14871,532,353,355,275,514,370,545,360,593,387,564,365,594,387,604,384
3480,633,14807,447,294,307,256,403,292,425,297,457,316,464,310,460,312,468,317
3481,646,15002,455,299,289,232,434,295,456,306,489,331,475,318,487,326,500,325
3482,586,14934,417,288,269,228,368,272,392,284,431,311,428,306,437,299,431,303
3483,744,14905,507,357,346,276,479,354,493,339,552,380,543,372,554,371,553,372
3484,647,15032,437,309,300,254,410,304,430,308,472,338,460,330,471,323,472,323
3485,650,15020,455,304,291,246,399,273,439,303,479,333,473,334,472,322,483,329
3486,663,14910,484,312,303,226,428,295,467,311,508,331,487,311,499,321,510,321
3487,699,14732,496,323,287,226,459,306,483,308,532,362,506,337,526,352,535,346
3488,696,14953,473,295,306,246,421,286,450,304,491,334,499,333,492,323,503,324
3489,638,14894,436,291,318,256,407,305,446,303,472,326,465,315,464,313,478,323
3490,672,14783,477,302,322,255,448,318,467,312,518,330,500,329,514,332,518,321
3491,685,14601,440,298,287,240,428,312,451,310,491,344,479,335,485,326,497,334
3492,645,14857,428,265,279,225,385,255,431,284,479,303,473,314,470,295,473,295
3493,636,14996,456,292,281,226,414,279,437,295,488,333,472,323,483,326,490,324
3494,679,14869,476,319,321,257,436,316,454,319,509,349,494,346,504,332,518,344
3495,661,15079,469,306,310,242,426,276,465,292,499,329,499,336,501,324,509,328
3496,640,14868,427,278,285,240,405,275,430,291,463,295,453,301,461,300,466,294
3497,669,14934,473,319,317,259,428,315,450,302,495,324,481,328,496,324,499,332
3498,612,14793,416,270,277,225,370,250,408,285,445,302,432,298,443,312,453,299
3499,599,14721,438,285,285,237,406,287,417,282,467,318,448,307,468,317,467,312
3500,664,14862,471,318,294,226,425,304,446,307,504,343,495,336,493,347,509,346
3501,701,14879,485,318,306,252,441,329,491,309,524,349,507,328,536,345,528,342
3502,626,14832,434,272,287,227,412,282,426,275,471,311,467,316,477,297,486,306
3503,658,14737,446,293,286,234,420,289,448,295,465,303,465,311,460,305,473,296
3504,613,14950,410,261,280,210,371,256,412,270,442,282,435,287,439,274,444,277
3505,694,14826,483,305,320,261,439,298,475,312,515,331,504,328,515,330,524,334
3506,659,15031,466,316,306,253,409,307,462,316,483,339,470,333,479,324,481,323
3507,645,14767,475,306,312,247,432,322,453,317,490,323,480,319,501,307,503,321
3508,635,14908,442,289,309,254,408,288,453,307,486,328,485,326,485,326,487,325
3509,649,14928,451,309,323,267,418,315,444,329,486,338,478,348,481,340,487,332
3510,661,15102,466,320,311,258,448,316,458,310,521,354,513,338,526,353,522,345
3511,712,14739,484,305,310,238,457,312,495,321,530,345,506,321,525,318,526,343
3512,726,14820,500,328,335,258,470,322,479,310,539,342,520,329,532,334,540,339
3513,627,15022,429,291,279,221,387,274,419,295,480,336,456,321,471,329,479,326
3514,685,14647,467,318,304,252,428,303,471,322,504,344,497,341,510,337,510,331
3515,675,15101,462,309,310,250,437,321,438,299,500,340,478,326,498,333,496,320
3516,671,14702,463,319,321,278,431,323,463,319,486,349,483,333,488,330,495,336
3517,661,14838,477,324,287,242,424,311,459,314,488,331,506,349,507,330,498,331
3518,629,14891,413,277,282,223,391,289,420,273,451,302,443,301,450,295,459,300
3519,600,14978,434,289,292,234,385,278,439,303,454,313,452,313,462,304,459,306
3520,574,14821,392,245,271,223,337,250,385,256,424,269,415,273,413,262,423,264
3521,678,14721,472,313,306,253,455,319,467,309,525,363,517,348,513,358,523,354
3522,665,14994,470,337,316,266,444,331,459,333,512,354,485,335,505,365,519,355
3523,665,14749,454,304,325,266,427,302,446,315,491,339,489,349,489,318,503,333
3524,645,14654,445,282,280,223,397,268,438,283,467,307,473,318,470,298,477,309
3525,650,14943,449,287,297,242,425,288,439,283,495,314,482,319,495,305,503,314
3526,691,14969,471,290,320,253,434,303,459,284,509,312,500,322,518,311,512,312
3527,708,14923,500,307,314,254,455,296,470,292,512,317,505,323,505,308,530,314
3528,647,15068,428,304,306,252,416,314,438,317,483,338,463,332,483,339,491,335
3529,648,15038,446,297,297,237,420,300,449,310,483,324,474,314,481,320,485,320
3530,629,14956,452,306,277,227,404,291,429,292,471,316,466,321,474,300,475,305
3531,725,14792,462,308,304,237,443,325,442,297,519,350,501,358,517,342,522,344
3532,645,14896,445,296,280,230,408,313,424,294,475,332,463,321,470,320,475,316
3533,685,14781,478,325,308,256,450,330,479,327,513,357,506,347,521,356,518,362
3534,618,14710,447,289,276,227,403,283,427,275,458,307,447,300,456,306,462,313
3535,687,14833,474,324,301,248,434,299,455,315,525,356,517,349,527,337,534,354
3536,636,14777,423,280,277,229,388,283,420,291,470,324,456,324,468,315,479,320
3537,610,15093,452,287,299,239,409,295,438,298,467,329,466,325,468,309,471,316
3538,694,14937,488,319,311,246,443,304,470,305,522,347,514,338,516,335,532,343
3539,723,15079,541,350,341,287,488,342,512,344,564,376,557,386,575,373,568,372
3540,675,15216,466,314,317,255,425,298,466,319,508,348,501,345,508,338,509,340
3541,674,14843,462,308,308,242,434,307,455,300,516,340,498,340,509,329,527,343
3542,667,14804,455,299,335,267,442,315,460,315,505,344,495,329,509,340,508,335
3543,702,14853,484,323,308,243,455,319,487,319,519,358,501,337,517,350,530,357
3544,717,14938,474,324,319,265,448,328,476,310,504,351,505,339,514,337,517,347
3545,672,14682,459,295,295,246,428,302,458,304,500,339,492,326,501,330,497,321
3546,751,14860,517,323,317,271,492,340,531,342,558,366,553,371,569,366,564,356
3547,707,14854,485,303,335,268,468,320,484,330,532,344,508,337,532,351,537,343
3548,605,14987,428,279,261,210,391,273,416,269,467,312,448,311,462,308,470,296
3549,726,14857,485,310,334,267,455,315,483,324,537,345,532,344,535,346,544,333
3550,695,15018,488,340,321,252,446,320,490,336,534,368,520,359,528,350,539,357
3551,653,14682,470,319,296,236,425,307,446,295,496,351,481,322,497,341,505,345
3552,720,14982,496,336,312,247,470,334,489,322,555,360,544,352,550,346,562,360
3553,713,14931,487,311,309,254,451,324,494,333,529,356,513,349,532,348,539,350
3554,628,14986,424,281,295,238,396,293,407,292,464,320,448,310,458,309,463,307
3555,694,15139,482,319,290,243,441,310,473,313,524,343,519,347,525,325,522,328
3556,717,14714,511,350,322,262,449,307,491,333,538,372,539,367,526,361,539,372
3557,655,15093,458,330,330,269,435,326,445,323,485,347,481,332,486,335,493,348
3558,688,14962,464,310,331,259,447,317,474,325,509,349,500,352,509,349,512,346
3559,623,15015,440,283,299,257,401,297,433,298,464,311,459,312,457,316,467,299
3560,670,14878,467,282,287,226,425,285,460,289,495,328,495,325,505,317,504,319
3561,740,14807,510,354,326,261,478,330,508,344,554,367,547,372,560,369,554,360
3562,629,14770,450,290,274,221,407,283,440,298,481,325,461,304,476,313,492,324
3563,673,15030,455,300,320,256,448,319,457,312,484,338,475,335,482,337,486,333
3564,659,15106,446,296,299,233,426,299,436,301,496,329,487,326,491,316,496,323
3565,647,14971,451,300,329,257,416,310,449,305,470,315,468,322,476,316,477,308
3566,681,14893,489,327,304,256,444,305,486,331,518,360,510,356,518,340,532,358
3567,649,14816,450,283,313,248,426,289,462,301,490,324,477,328,491,332,494,320
3568,684,14876,449,272,317,245,436,299,443,295,491,324,492,328,488,318,501,311
3569,659,14720,446,305,291,235,411,291,440,310,485,332,483,350,480,335,485,322
3570,683,15023,477,320,313,248,445,307,468,319,503,345,496,325,513,336,513,337
3571,644,15055,441,286,285,235,393,273,445,276,481,299,461,306,472,299,477,295
3572,611,14788,443,304,281,240,404,292,413,286,471,336,459,311,464,330,476,333
3573,645,14757,437,279,310,248,419,299,437,285,482,315,478,307,475,312,485,314
3574,696,15150,487,286,297,238,415,287,458,285,526,314,513,306,522,319,533,308
3575,645,14809,452,280,315,251,417,286,442,285,490,326,479,317,489,308,498,329
3576,679,15098,467,305,330,264,429,306,466,325,506,346,491,350,503,342,513,348
3577,668,14927,448,290,303,253,419,311,438,289,493,332,485,333,486,333,495,329
3578,678,14963,466,294,293,222,455,310,483,302,526,336,513,341,522,339,534,323
3579,644,15188,433,296,295,251,402,302,421,306,482,323,464,327,473,315,481,315
3580,664,14983,470,311,320,265,434,321,438,304,494,351,492,343,498,346,497,338
3581,699,14756,473,306,314,259,441,299,480,321,508,343,502,331,510,332,513,333
3582,667,15149,468,305,271,230,417,294,442,298,491,332,480,332,500,344,490,321
3583,642,14992,466,312,321,263,424,307,434,295,466,316,468,324,468,300,470,305
3584,625,14964,422,278,281,226,389,277,408,276,466,316,459,329,468,315,470,311
3585,656,14774,452,303,309,249,414,298,445,296,493,320,473,317,482,305,497,328
3586,658,14876,462,321,302,251,446,326,463,322,495,356,472,341,491,347,495,346
3587,689,14829,483,321,307,251,441,311,472,319,512,347,514,352,515,336,516,337
3588,676,14884,478,320,296,239,439,319,483,334,508,345,489,330,514,352,521,349
3589,648,14886,462,313,303,251,418,306,455,305,490,343,478,332,493,342,500,338
3590,618,15073,438,300,319,260,411,297,445,311,466,322,467,331,469,321,477,323
3591,641,14779,427,278,274,220,390,281,421,288,443,311,449,305,451,299,449,304
3592,666,14740,482,315,333,274,452,311,486,323,517,351,504,347,518,336,526,343
3593,628,14982,437,288,270,221,387,276,414,295,470,336,447,319,465,323,473,317
3594,659,14849,461,291,322,237,423,288,456,298,503,310,492,315,485,302,503,304
3595,673,14942,458,291,309,252,409,287,446,313,502,341,495,343,488,330,510,336
3596,706,15028,461,327,307,248,429,304,452,303,490,346,483,335,489,336,492,345
3597,619,15033,425,278,280,219,391,269,414,274,446,296,439,295,445,296,451,291
3598,665,14850,482,317,305,242,446,319,472,319,498,342,495,334,500,331,507,339
3599,741,14864,492,329,347,273,470,330,499,337,551,366,538,376,547,371,555,363
3600,621,14665,414,285,285,237,388,282,419,285,451,312,440,309,448,298,458,299
3601,658,14684,461,315,293,240,426,309,455,328,503,343,492,360,501,336,512,333
3602,665,14837,467,315,324,259,437,322,467,308,509,347,497,325,518,322,511,335
3603,654,14864,456,308,334,254,415,291,432,294,489,317,469,309,481,310,490,309
3604,622,14876,447,282,319,264,407,294,443,307,467,325,474,330,474,323,474,320
3605,642,14905,449,302,298,241,414,291,430,304,470,316,464,318,488,330,474,312
3606,743,14898,511,330,336,266,461,325,502,342,532,365,532,368,539,349,542,356
3607,706,15123,498,316,322,261,463,323,491,316,541,356,531,353,539,338,541,346
3608,592,15139,404,281,294,242,391,294,408,277,437,319,433,315,440,307,438,311
3609,667,14546,453,312,302,261,435,314,445,322,493,358,500,348,499,343,499,346
3610,698,14948,471,304,305,236,432,305,475,330,540,364,515,338,532,352,543,357
3611,616,14901,438,287,278,240,394,291,432,313,481,328,461,324,475,334,485,334
3612,674,14818,487,320,335,286,448,342,481,338,527,379,522,377,528,359,530,368
3613,695,15064,486,345,333,252,455,330,476,334,525,370,501,344,527,364,530,367
3614,625,14809,449,308,301,232,407,300,433,302,467,320,464,318,471,315,476,319
3615,661,14868,453,301,313,255,433,321,443,303,484,339,476,327,488,334,494,339
3616,705,14871,493,322,306,252,459,310,487,325,527,352,516,338,528,349,539,349
3617,689,14934,483,306,299,243,458,317,493,330,510,346,505,353,524,346,518,340
3618,711,14897,505,359,338,287,485,343,503,351,561,390,529,367,546,389,569,381
3619,617,14963,431,277,291,238,398,278,428,285,458,306,451,309,449,288,462,299
3620,670,14861,465,306,333,282,428,318,461,317,492,335,477,325,491,331,500,340
3621,622,14916,438,297,291,235,399,287,423,284,468,305,452,306,472,312,470,303
3622,705,14939,486,337,338,275,466,330,488,336,527,363,518,356,523,353,527,348
3623,668,14780,485,304,304,237,445,303,456,301,510,334,498,335,509,327,509,325
3624,690,14877,451,291,305,247,447,299,483,315,518,327,504,338,521,328,524,327
3625,703,15181,492,312,335,272,447,336,480,327,515,345,514,352,507,344,524,338
3626,682,14930,462,314,289,238,412,298,453,314,503,344,478,342,502,346,504,336
3627,673,14982,433,307,298,249,415,304,424,293,481,350,472,326,484,336,486,348
3628,694,15042,481,319,311,253,446,323,473,334,535,372,511,347,533,356,538,359
3629,668,14768,478,316,320,268,427,318,453,314,489,331,479,334,485,325,489,323
3630,624,14649,442,302,304,243,400,289,437,279,455,304,447,303,465,300,470,312
3631,642,14865,430,282,276,218,402,287,436,280,458,306,462,296,464,286,474,305
3632,627,15008,430,282,303,241,401,290,433,296,450,313,452,320,457,305,463,318
3633,684,15047,448,307,293,243,430,317,448,306,495,337,496,340,499,345,500,331
3634,614,14839,432,278,276,218,396,271,426,280,458,310,452,304,457,303,468,314
3635,690,15011,492,317,319,271,455,320,480,304,505,321,498,331,522,324,518,315
3636,626,15161,428,298,304,252,401,305,425,294,456,325,445,319,453,314,451,312
3637,684,14707,494,318,336,272,443,314,478,322,522,348,504,328,508,337,529,335
3638,673,14681,478,318,298,242,417,312,449,307,492,339,480,326,485,330,499,334
3639,657,14979,471,311,309,257,428,316,456,312,496,339,477,333,496,335,497,333
3640,681,14901,485,318,302,244,437,320,482,324,514,361,499,346,517,353,522,355
3641,599,15031,405,272,272,222,368,279,385,269,434,296,417,279,432,296,437,294
3642,641,14915,462,311,300,245,408,306,443,313,498,337,492,348,492,337,501,334
3643,630,14787,451,319,284,236,410,298,436,296,504,354,492,342,492,353,499,349
3644,687,14735,483,328,306,255,446,324,458,317,511,351,492,351,514,345,516,344
3645,630,14960,428,292,300,238,407,295,426,310,461,335,461,326,461,315,467,328
3646,674,14898,464,317,320,255,437,304,474,315,501,349,493,348,507,347,505,344
3647,666,15024,443,292,299,253,412,303,440,294,499,336,492,327,491,330,500,331
3648,696,14916,468,314,326,253,455,324,478,320,518,348,509,350,512,338,514,329
3649,656,14998,462,303,275,233,420,286,457,307,494,334,479,331,500,336,495,327
3650,700,14821,482,301,325,252,460,316,497,331,525,356,507,356,521,355,529,357
3651,615,14865,437,290,282,240,392,278,427,286,469,331,459,316,468,314,469,319
3652,662,14826,445,300,282,221,394,277,430,295,459,299,465,315,464,301,475,309
3653,635,14907,435,276,302,250,407,296,415,281,476,322,476,318,467,306,474,314
3654,657,14868,454,284,285,231,397,276,433,293,491,317,473,310,480,321,486,309
3655,716,14819,460,315,310,254,432,304,475,337,513,358,499,357,520,356,518,363
3656,690,14680,507,329,337,273,459,327,506,330,524,349,524,351,519,338,532,346
3657,725,14721,487,318,363,289,453,326,504,349,540,356,522,350,528,339,552,355
3658,690,14956,477,317,314,262,433,313,474,327,511,349,509,366,512,340,511,347
3659,666,14981,453,307,303,241,424,292,464,311,492,332,490,324,494,331,496,324
3660,743,14785,505,331,334,273,473,331,498,340,529,359,525,359,535,359,541,359
3661,681,14943,500,339,332,273,454,311,478,326,510,358,510,355,509,350,517,357
3662,689,14953,479,321,299,236,430,302,471,313,511,349,502,343,504,346,515,343
3663,614,14894,415,293,290,243,387,285,420,287,463,314,453,297,453,314,463,315
3664,650,14957,452,299,314,253,404,303,430,300,470,323,460,314,475,317,479,316
3665,661,15006,470,323,296,247,433,306,446,302,509,345,499,332,510,340,519,332
3666,729,14968,506,331,316,250,488,341,505,334,554,366,542,349,552,364,557,353
3667,651,14933,458,300,308,251,433,298,452,301,505,337,488,336,498,335,502,332
3668,672,15115,476,321,297,249,439,324,452,322,502,351,507,353,505,339,518,346
3669,672,14982,467,312,329,270,434,314,451,311,493,326,479,316,494,321,495,321
3670,679,14876,462,298,279,230,426,291,458,310,503,331,508,342,505,331,498,325
3671,667,14714,464,293,294,240,409,282,445,293,501,317,482,321,498,318,507,305
3672,671,14699,467,309,285,227,430,306,456,306,509,341,495,331,506,343,512,337
3673,720,14831,499,324,334,261,461,315,500,352,538,345,529,357,540,343,540,345
3674,651,14604,446,293,299,237,408,285,444,290,479,329,477,324,480,311,490,319
3675,638,15038,452,303,323,270,419,299,444,310,482,330,486,330,481,325,487,326
3676,683,14939,469,292,304,261,430,314,460,300,496,320,475,321,492,314,504,322
3677,697,14941,496,325,320,261,470,317,499,331,531,353,521,350,526,343,536,353
3678,624,14962,435,296,304,244,407,299,440,313,460,314,451,302,458,306,466,316
3679,625,15076,437,297,318,271,413,303,439,312,462,329,467,338,460,330,461,320
3680,710,14807,459,333,323,264,424,328,453,327,496,347,486,341,499,336,496,342
3681,659,14885,464,304,307,246,426,307,445,307,505,325,498,326,499,318,509,325
3682,620,14703,415,282,280,233,381,268,413,282,455,298,453,293,455,289,473,297
3683,659,14818,495,323,350,280,453,330,482,330,513,360,504,344,515,338,512,346
3684,690,14890,500,342,334,279,447,315,480,336,532,365,515,345,528,361,539,368
3685,693,14995,465,324,314,262,436,311,468,311,516,342,507,333,506,332,512,326
3686,718,14676,502,327,317,237,481,336,502,333,543,356,529,347,543,365,547,354
3687,621,14808,409,278,269,220,382,278,397,261,449,293,428,285,444,293,446,287
3688,668,15052,468,300,333,272,431,313,460,321,500,332,490,326,494,330,503,325
3689,632,14901,454,319,321,267,424,312,443,313,491,345,477,341,484,335,491,342
3690,631,14891,445,305,306,256,430,313,427,311,486,323,481,323,480,329,489,321
3691,671,14896,456,318,305,249,420,291,464,314,478,341,487,345,481,328,484,332
3692,624,14853,437,296,302,247,402,290,436,307,457,320,459,329,467,309,464,310
3693,663,14588,443,266,300,225,423,284,442,280,488,312,483,312,492,309,495,312
3694,681,14877,472,315,308,259,434,300,467,323,503,340,500,343,494,330,511,327
3695,671,14949,477,306,284,231,424,300,467,299,523,347,508,332,523,341,531,342
3696,610,15033,424,270,282,223,376,269,418,274,464,313,452,307,468,312,465,306
3697,694,14767,478,283,338,271,461,322,480,298,520,333,512,330,512,328,521,331
3698,714,14904,496,311,335,248,454,318,476,319,523,350,515,363,517,337,529,348
3699,664,14798,472,321,314,258,433,303,462,328,497,350,482,331,499,341,494,344
3700,628,14966,440,298,312,257,406,277,439,295,460,327,462,333,469,320,459,315
3701,662,14926,454,273,292,231,421,298,452,299,515,333,491,327,510,327,514,328
3702,601,14500,416,261,275,215,376,246,401,254,450,286,439,285,446,278,450,282
3703,670,15025,475,318,294,244,433,301,470,305,503,346,489,346,508,342,511,335
3704,729,14885,522,334,330,264,504,331,518,333,561,349,549,362,562,348,573,353
3705,694,15055,489,342,328,260,468,333,463,321,527,366,513,352,529,357,544,369
3706,651,14798,460,301,303,260,420,310,445,294,481,338,480,332,485,332,496,333
3707,672,14824,477,293,306,251,438,301,459,319,507,341,502,337,496,329,509,337
3708,699,14841,486,316,295,242,451,317,469,319,519,353,517,361,515,336,519,354
3709,650,14877,467,318,322,260,423,295,461,320,491,347,486,343,491,337,489,333
3710,622,14891,438,272,279,229,391,270,424,279,468,308,469,316,465,300,466,293
3711,704,15078,494,344,315,250,439,315,485,333,530,357,518,359,523,349,536,362
3712,668,14746,466,314,307,249,426,310,447,307,489,340,484,327,500,331,505,338
3713,670,14878,474,321,327,257,468,340,475,335,520,340,520,347,513,326,520,337
3714,629,14866,435,285,292,241,396,281,450,312,466,328,470,338,469,324,470,328
3715,601,14833,416,279,288,233,386,279,410,273,449,292,436,295,444,286,449,284
3716,648,15129,445,291,300,238,398,281,436,290,467,302,453,289,475,307,478,300
3717,694,14753,484,325,335,266,463,328,461,316,519,355,511,363,523,349,534,355
3718,664,14830,455,289,298,247,414,278,430,295,478,322,469,305,475,318,499,316
3719,632,14902,450,297,287,237,405,279,422,282,474,314,456,296,464,310,480,310
3720,654,14899,462,305,283,230,430,305,472,316,496,331,480,330,498,316,507,330
3721,675,14859,481,319,319,268,445,321,471,330,507,355,493,355,503,351,504,346
3722,690,15281,473,316,318,258,425,308,466,308,519,374,502,351,522,366,527,370
3723,628,14740,468,304,316,248,435,297,453,292,488,326,485,340,495,316,493,325
3724,605,14790,424,295,307,257,390,289,412,298,447,311,441,307,447,307,451,308
3725,693,15090,475,302,305,253,439,302,465,314,515,336,514,337,518,334,514,336
3726,652,14903,478,325,321,262,440,312,473,314,495,344,478,338,503,338,501,336
3727,664,14987,432,278,283,243,386,281,426,293,465,314,462,301,470,312,471,310
3728,663,14957,427,271,289,225,386,256,426,266,467,285,462,284,473,287,470,273
3729,651,14834,442,291,297,231,410,298,446,297,482,336,466,321,483,328,490,317
3730,673,15131,455,320,318,253,423,307,445,313,483,343,472,323,496,340,500,341
3731,687,14772,502,337,355,284,463,345,495,338,520,354,515,350,531,360,527,356
3732,585,15260,411,271,268,218,366,278,394,276,438,307,430,289,428,301,443,299
3733,709,14667,510,339,350,287,454,326,481,320,529,358,521,363,529,355,537,354
3734,629,14912,414,283,278,239,376,272,416,282,459,308,445,316,450,304,462,300
3735,662,14837,466,310,287,232,419,299,460,329,500,356,489,348,495,334,502,348
3736,677,14968,486,324,329,267,441,332,471,329,521,359,495,338,518,336,522,352
3737,721,14845,489,343,325,262,460,331,496,338,549,369,526,372,544,366,551,366
3738,675,14891,446,271,302,232,440,307,466,293,498,320,484,315,506,327,506,319
3739,651,14950,455,318,315,265,416,312,449,315,496,354,490,343,492,350,488,350
3740,678,14810,464,294,301,242,443,296,468,301,496,328,486,320,497,316,497,322
3741,638,14846,469,311,303,250,420,309,456,319,501,347,495,336,491,331,502,337
3742,633,14733,423,287,280,234,408,295,429,285,464,322,452,315,471,315,469,312
3743,658,14915,454,289,267,210,397,271,431,284,481,327,478,332,491,319,493,321
3744,698,14992,486,311,315,257,450,307,483,313,520,346,504,345,520,331,519,339
3745,603,14899,434,290,296,243,395,290,422,285,454,309,451,329,458,303,458,306
3746,666,15069,456,292,297,240,401,281,442,289,491,318,474,326,487,309,492,309
3747,722,14714,487,313,282,227,448,302,483,317,562,359,537,347,553,355,549,347
3748,736,14888,518,349,331,273,460,316,493,345,535,352,542,359,537,347,545,352
3749,652,14842,447,274,290,230,414,304,428,289,473,321,465,311,466,313,474,317
3750,615,14869,450,288,293,237,392,288,438,297,484,333,477,336,479,314,482,324
3751,650,15082,446,300,300,251,427,304,455,310,493,339,480,336,495,329,499,325
3752,659,14910,453,308,316,265,413,312,462,326,485,351,480,342,487,347,495,339
3753,638,15101,434,284,290,233,402,296,420,287,467,326,456,315,462,315,467,318
3754,705,14986,481,320,316,255,448,319,478,321,522,362,512,353,535,356,530,361
3755,623,14995,428,290,274,222,401,290,423,290,472,319,464,325,452,304,472,310
3756,699,14999,483,321,343,266,449,321,479,315,526,351,528,354,528,339,525,340
3757,627,14745,445,311,284,244,421,306,439,304,474,333,475,340,471,332,482,333
3758,680,14965,468,310,310,241,435,306,471,308,514,337,494,328,512,325,515,325
3759,732,14801,495,317,300,230,463,310,493,325,530,337,520,342,539,340,543,337
3760,733,15002,521,328,320,253,469,311,510,337,554,375,541,366,552,347,555,362
3761,714,14894,494,326,332,274,472,337,503,334,543,358,526,338,541,354,550,361
3762,651,14965,452,311,285,244,420,299,441,315,490,336,475,341,491,320,488,329
3763,646,14925,457,301,323,264,420,306,443,292,474,319,470,315,490,323,488,320
3764,642,14805,429,297,297,237,402,292,434,290,476,319,466,311,475,311,482,309
3765,693,14932,490,315,311,244,440,316,475,312,530,362,512,336,533,345,528,353
3766,664,14719,465,303,314,246,442,308,454,308,503,343,495,347,500,332,501,329
3767,672,14795,452,307,307,248,417,309,459,311,494,342,495,345,491,346,501,342
3768,632,14870,469,303,307,258,431,313,453,319,477,331,473,324,484,317,485,308
3769,624,15012,425,290,287,243,385,285,427,305,455,320,454,307,455,320,457,310
3770,634,14779,397,251,281,226,381,252,401,261,456,283,435,276,446,276,457,271
3771,635,14923,442,282,280,225,413,301,423,296,480,322,476,318,479,315,482,320
3772,620,14876,420,289,280,227,379,270,413,278,453,310,443,308,451,312,457,313
3773,700,14944,460,319,312,247,426,309,472,330,490,332,476,329,482,325,499,333
3774,701,14779,470,298,293,228,434,291,472,299,526,342,507,317,519,326,527,327
3775,636,14843,456,304,299,248,409,299,437,308,478,338,469,331,473,330,478,330
3776,697,14835,498,314,340,288,474,333,493,324,522,352,528,355,523,342,527,341
3777,628,15118,463,307,310,254,417,290,438,311,499,335,487,332,496,321,497,323
3778,635,14900,436,290,275,228,407,298,432,285,491,336,475,344,480,322,486,326
3779,642,14720,460,303,301,241,416,299,448,302,494,329,481,321,493,331,504,337
3780,706,15019,492,329,314,260,460,339,470,327,517,356,503,358,523,353,521,353
3781,552,14925,393,262,270,232,361,261,377,270,421,297,411,287,422,295,423,292
3782,665,14898,449,292,293,232,416,281,444,302,494,317,482,304,483,308,498,314
3783,698,15121,479,313,316,258,434,305,468,319,514,324,487,328,507,319,522,323
3784,692,14768,476,315,294,233,438,317,470,319,524,338,518,335,527,349,529,343
3785,704,14832,464,289,289,230,431,290,475,305,527,336,504,336,516,322,528,326
3786,621,14896,443,278,307,242,390,278,415,288,470,316,468,318,469,299,470,306
3787,651,15059,481,319,299,240,440,313,465,321,515,344,497,354,514,338,519,332
3788,661,15191,479,315,333,271,444,310,455,322,508,349,506,347,507,347,513,331
3789,649,14735,452,301,312,249,409,300,443,304,494,342,489,340,497,336,500,332
3790,645,14909,415,267,286,233,416,297,432,286,476,312,461,318,470,306,470,304
3791,680,14803,446,263,309,237,428,287,442,286,483,314,472,325,479,299,473,295
3792,673,14883,479,327,339,274,443,318,467,320,505,343,510,333,509,342,526,349
3793,706,14903,505,347,312,256,460,328,488,341,549,395,520,374,545,371,546,377
3794,692,14744,469,301,331,263,457,324,460,318,512,341,496,328,507,330,519,336
3795,665,14912,476,319,316,257,432,301,466,321,496,338,484,340,497,338,500,334
3796,660,14838,463,320,305,246,428,317,462,318,514,361,498,339,508,349,512,349
3797,622,14814,429,294,302,245,389,294,416,296,454,322,448,322,458,314,457,316
3798,661,14908,444,296,297,247,425,303,441,311,508,346,483,337,494,330,504,337
3799,601,15022,426,277,279,219,390,273,432,284,448,318,440,307,451,310,459,318
3800,653,14759,434,280,277,218,395,261,435,288,469,302,458,309,470,305,469,303
3801,647,14758,432,300,317,269,393,271,423,304,468,303,458,300,462,305,471,302
3802,618,14922,418,292,301,251,390,284,412,294,454,309,447,312,450,300,455,307
3803,684,14825,463,291,297,247,434,292,471,304,504,334,493,334,506,333,507,334
3804,613,14926,427,289,299,248,383,281,407,299,448,320,436,310,451,314,452,314
3805,605,14854,431,285,284,238,401,298,419,293,457,316,449,306,458,312,460,314
3806,695,14836,496,333,331,265,456,310,506,352,521,355,514,362,520,337,519,351
3807,661,15054,456,311,313,240,427,298,452,299,506,328,483,329,492,325,515,325
3808,690,15101,452,297,306,255,424,296,454,307,488,334,493,339,490,329,484,325
3809,667,14859,473,332,319,260,417,300,463,323,500,342,488,349,504,326,509,336
3810,669,14809,446,287,274,224,419,289,446,293,503,330,483,336,499,308,502,312
3811,623,14885,416,272,287,230,370,263,409,289,450,306,450,318,445,295,456,306
3812,661,14942,441,301,290,235,405,292,423,283,482,318,459,313,479,309,479,310
3813,635,15007,420,265,285,233,380,269,425,269,457,298,449,283,457,283,462,291
3814,658,14977,476,315,304,251,419,311,460,314,491,345,479,336,491,334,499,331
3815,635,14892,449,307,305,241,411,294,429,291,487,320,487,319,484,310,489,313
3816,733,14790,502,317,309,244,452,308,497,314,554,361,534,355,552,345,563,356
3817,692,15178,452,322,320,243,421,295,448,307,503,347,495,328,499,348,505,336
3818,672,14934,464,315,286,233,443,320,457,306,513,347,503,327,509,333,520,339
3819,630,14753,435,298,290,243,412,294,431,307,463,320,460,318,464,313,476,319
3820,615,14870,419,270,287,227,393,277,424,304,452,305,452,320,456,313,459,309
3821,678,14918,490,308,309,248,456,308,479,316,539,354,522,350,535,354,543,353
3822,643,15040,446,278,296,230,408,282,430,277,475,305,462,299,479,309,477,301
3823,575,14809,407,269,283,239,370,265,406,268,436,300,415,281,444,296,448,299
3824,629,14940,453,298,312,249,420,313,455,314,483,326,476,318,485,322,491,322
3825,699,14943,492,334,326,259,467,330,489,333,532,361,524,353,532,349,544,363
3826,657,14879,453,296,325,258,442,319,461,317,488,344,472,343,489,343,482,336
3827,619,14671,386,236,264,201,371,255,384,251,435,280,425,279,441,277,444,277
3828,629,14806,436,297,307,256,398,308,423,305,455,325,451,334,461,325,459,321
3829,654,14736,456,293,309,248,414,282,448,298,503,330,477,306,493,332,507,326
3830,627,14917,443,285,282,237,403,285,438,276,472,308,470,313,476,300,481,306
3831,715,14816,501,321,340,275,461,322,487,329,538,350,518,360,529,333,541,351
3832,668,14949,481,303,303,231,450,312,453,294,513,325,497,333,513,332,513,324
3833,735,14897,522,330,321,253,472,335,487,334,545,368,536,361,561,373,553,361
3834,537,15154,385,252,266,223,351,256,390,264,415,286,409,282,415,274,418,278
3835,661,14931,456,303,319,263,415,300,459,315,493,340,475,339,494,332,489,332
3836,670,14889,450,295,310,256,430,311,449,296,500,335,497,336,493,322,502,324
3837,652,15051,441,264,288,228,412,273,442,285,484,303,475,306,473,295,484,291
3838,644,14865,437,293,304,234,394,278,447,301,467,313,460,319,468,311,472,310
3839,716,14815,502,322,350,276,462,325,494,334,540,359,528,369,528,348,548,362
3840,626,15058,437,296,307,248,402,301,417,285,461,308,456,303,463,298,460,304
3841,625,14773,423,283,296,240,386,274,409,282,435,298,423,288,437,284,434,282
3842,723,14923,472,314,321,249,433,311,467,298,522,335,512,331,522,338,522,340
3843,660,14884,458,295,312,258,431,323,443,307,484,322,484,340,491,316,494,316
3844,713,15087,509,316,326,262,476,337,502,341,545,364,532,353,540,348,557,360
3845,711,14926,501,308,302,241,457,311,499,323,532,350,520,355,534,343,535,344
3846,644,15017,455,290,293,237,397,273,419,292,479,323,468,326,475,305,484,315
3847,673,14780,449,292,295,237,418,287,448,291,487,302,491,303,483,311,490,308
3848,633,14806,429,293,298,255,416,313,435,291,462,320,447,316,462,309,465,308
3849,648,15097,444,283,308,243,422,299,460,297,475,312,476,321,474,317,483,304
3850,744,14895,527,333,355,282,492,350,525,347,558,370,550,367,564,376,566,365
3851,676,14913,447,299,299,236,430,315,450,296,496,328,476,330,496,330,506,326
3852,663,14904,454,302,305,244,404,290,444,296,486,308,482,312,481,298,492,308
3853,686,14824,486,335,326,264,468,339,489,336,518,346,508,337,517,345,526,341
3854,667,14860,470,303,316,253,427,308,462,311,484,322,474,338,486,317,489,316
3855,739,14894,509,331,339,275,493,339,510,336,557,363,547,359,564,351,565,362
3856,647,14884,436,289,311,247,409,290,430,294,471,318,470,316,474,325,478,322
3857,676,15022,468,312,306,239,434,293,467,317,498,331,493,337,501,333,504,334
3858,619,14914,437,276,290,226,411,274,444,286,462,292,469,310,469,278,467,286
3859,738,14938,488,287,314,247,479,310,500,304,540,321,521,308,534,321,548,311
3860,673,14839,455,301,290,233,424,304,440,295,497,327,481,316,499,318,502,325
3861,699,14849,480,344,304,256,435,329,466,329,518,357,500,348,521,364,531,360
3862,664,14811,470,312,324,267,425,304,455,315,491,349,489,346,496,330,494,337
3863,690,14888,458,283,305,255,425,309,454,302,497,331,485,330,495,329,491,324
3864,628,14657,427,281,299,240,388,281,422,281,455,311,445,300,454,300,464,304
3865,679,15134,497,323,320,255,470,326,494,346,531,366,529,362,536,361,532,359
3866,642,14915,435,288,310,246,418,317,433,308,459,322,461,330,465,310,467,319
3867,717,14856,496,326,295,243,454,305,475,325,539,356,529,363,539,362,539,352
3868,615,15194,412,295,284,243,395,300,420,294,453,322,445,320,467,319,459,323
3869,661,14742,469,316,305,254,436,313,467,319,511,342,500,331,509,333,514,337
3870,620,14713,399,275,304,241,387,283,400,282,445,298,436,306,436,293,446,294
3871,647,14969,466,312,322,262,432,320,451,327,485,339,486,348,488,326,493,347
3872,704,14783,478,300,318,256,448,321,471,313,520,340,505,348,526,338,527,336
3873,666,15075,451,305,316,251,434,310,454,309,495,335,479,321,497,324,505,329
3874,715,15014,474,298,305,225,442,314,472,298,511,331,500,330,512,334,517,328
3875,683,14846,446,298,303,248,417,301,454,318,479,334,475,327,468,321,483,323
3876,671,14686,475,309,295,233,428,299,461,304,514,345,502,336,506,346,520,343
3877,660,14769,464,297,289,225,426,294,459,308,501,336,501,326,507,329,510,327
3878,678,14850,475,292,255,200,433,289,463,296,513,332,507,327,525,334,515,316
3879,624,14956,461,290,285,226,393,281,432,289,470,322,457,325,475,314,468,311
3880,645,14698,460,321,316,251,423,304,460,324,499,350,495,362,493,337,501,344
3881,654,14854,456,282,309,249,413,294,444,288,486,312,481,321,482,305,487,308
3882,698,14951,487,325,304,259,427,312,477,327,509,346,505,338,507,347,516,337
3883,650,15013,446,291,267,219,399,264,441,293,486,332,471,334,486,318,490,328
3884,707,14834,464,322,289,233,403,292,449,310,492,327,481,324,493,331,502,330
3885,685,14822,475,301,310,238,445,282,469,298,513,329,496,323,512,314,512,323
3886,665,14774,457,294,294,249,426,307,445,300,491,334,488,341,491,329,491,327
3887,668,15079,481,305,331,260,446,320,471,323,503,351,501,355,505,346,518,355
3888,632,14911,436,279,297,237,396,272,438,290,468,314,452,307,462,300,476,306
3889,616,14944,426,280,285,231,389,275,405,277,462,324,444,304,456,312,467,315
3890,673,14974,447,294,304,243,434,310,455,303,501,344,486,337,494,319,502,326
3891,587,14801,401,265,272,232,379,265,388,286,446,296,436,307,438,294,449,289
3892,646,14952,432,283,277,226,421,293,435,285,483,321,467,315,479,313,487,313
3893,721,14929,493,321,296,241,454,298,489,311,530,347,513,336,527,330,533,343
3894,667,14967,451,305,299,243,415,302,450,304,489,341,476,324,496,335,491,328
3895,660,14966,451,304,297,233,422,298,440,290,476,312,471,307,467,290,487,315
3896,633,14842,418,277,273,228,393,294,432,305,462,330,453,323,476,335,472,323
3897,682,14858,452,302,283,236,448,303,443,284,514,353,500,338,498,335,517,343
3898,594,14832,427,280,284,227,392,283,407,283,451,286,462,294,447,297,457,281
3899,725,15000,479,312,314,264,456,336,484,323,528,352,510,349,519,341,528,350
3900,672,14921,466,317,322,255,437,318,458,322,495,341,491,336,496,337,491,334
3901,605,14780,417,266,286,231,393,281,409,271,442,292,445,300,428,269,435,284
3902,630,14878,436,305,307,255,404,288,428,302,479,329,468,326,486,332,477,327
3903,649,14902,459,266,291,231,417,274,468,286,498,323,489,332,493,302,497,307
3904,737,14976,496,340,332,269,455,317,492,335,523,372,511,353,518,354,527,359
3905,670,15032,467,329,319,258,435,328,485,339,517,377,507,368,509,370,514,365
3906,695,14746,472,309,287,237,426,296,459,314,532,355,509,333,516,345,535,341
3907,665,14905,452,302,304,251,429,307,472,337,492,344,494,351,488,331,502,335
3908,637,15130,439,287,279,221,409,268,426,277,464,307,445,297,458,296,467,299
3909,591,14819,407,273,281,236,373,274,412,290,428,311,412,296,426,316,429,303
3910,692,14956,488,341,334,278,445,325,480,340,514,348,508,352,509,347,518,340
3911,681,14995,465,291,295,243,432,312,468,311,496,315,494,321,504,320,505,319
3912,671,15087,450,295,306,248,422,300,443,306,500,328,481,326,493,337,499,328
3913,705,14845,503,330,342,269,456,316,494,331,546,366,522,347,534,346,547,357
3914,639,14902,437,301,282,227,426,308,448,304,488,335,479,323,490,335,500,334
3915,640,14986,458,313,305,256,401,286,432,295,475,328,465,329,474,332,477,316
3916,739,14934,503,329,313,248,461,326,484,321,545,368,531,362,542,352,548,364
3917,652,14820,447,314,300,242,417,298,440,302,484,324,464,305,478,315,489,317
3918,640,14728,425,284,301,251,398,296,423,298,464,327,456,316,456,323,469,323
3919,663,14906,469,308,297,242,406,285,441,316,491,327,482,331,485,327,495,322
3920,635,15020,439,291,323,273,403,299,429,294,469,321,461,314,463,309,472,309
3921,676,14944,423,285,282,224,392,292,430,301,474,324,463,313,476,311,484,320
3922,688,14911,463,316,296,256,411,310,453,319,494,359,481,342,487,333,513,340
3923,684,14908,457,292,287,238,428,296,442,287,506,341,488,319,505,326,522,339
3924,638,14995,466,325,323,261,430,316,448,313,491,345,478,335,485,338,493,342
3925,673,14821,490,319,312,238,466,337,470,309,521,353,512,358,514,348,528,346
3926,645,14998,448,285,291,251,393,274,427,299,471,321,462,318,472,316,470,311
3927,711,14801,452,278,303,249,423,291,451,286,494,320,477,304,496,308,498,309
3928,634,14870,425,276,292,245,388,275,422,278,453,299,444,290,451,296,459,299
3929,720,14904,468,301,330,268,453,325,471,298,523,354,507,329,519,350,535,351
3930,623,15049,415,293,281,233,377,265,414,295,467,320,455,294,466,317,464,310
3931,655,15084,449,308,327,270,428,315,443,302,495,352,479,335,483,333,502,347
3932,638,14870,463,322,308,251,404,301,439,303,473,332,456,322,474,328,486,338
3933,659,14970,473,301,293,233,414,284,462,302,504,323,493,320,494,305,503,310
3934,618,14944,415,261,272,212,391,259,407,262,449,297,445,301,455,292,446,297
3935,670,14676,471,305,276,226,422,287,452,298,510,326,487,319,505,313,510,321
3936,677,14830,486,322,325,278,443,320,464,323,528,372,513,363,530,372,532,368
3937,700,14990,437,285,312,263,418,305,464,307,503,333,483,335,491,321,505,327
3938,666,15096,455,289,306,247,411,293,440,297,477,310,462,301,472,309,484,311
3939,641,14950,432,281,269,219,397,284,414,273,476,323,459,308,476,309,481,324
3940,703,14945,478,309,320,258,441,314,468,316,513,350,510,337,500,331,517,335
3941,669,14594,472,329,311,251,427,325,466,319,497,345,477,329,499,345,503,344
3942,679,14804,467,305,299,264,441,327,455,319,507,350,488,335,504,335,505,347
3943,638,14739,459,324,298,244,420,309,442,305,501,346,475,341,497,338,500,344
3944,719,15005,494,315,306,248,442,308,477,326,516,347,513,356,522,346,530,341
3945,644,14770,427,273,297,239,400,273,427,282,455,292,464,300,457,283,468,283
3946,687,14806,478,309,321,261,452,312,473,305,514,342,507,340,515,338,518,333
3947,660,15038,464,299,306,243,434,313,463,295,498,334,494,325,500,331,505,326
3948,617,14756,423,278,276,223,388,270,401,263,453,306,443,317,443,306,454,297
3949,628,14816,442,308,300,246,402,289,414,282,462,304,459,311,458,302,466,299
3950,701,14840,482,295,335,243,445,297,485,317,531,336,509,349,531,328,542,338
3951,634,14898,443,300,313,261,413,298,430,296,473,331,471,327,472,333,472,319
3952,643,14812,460,304,298,255,442,323,465,321,517,345,498,349,506,336,522,342
3953,645,14723,433,286,291,238,405,291,421,281,462,316,456,316,471,310,473,313
3954,707,15042,504,304,323,250,461,289,497,306,515,336,516,344,520,341,528,329
3955,685,14914,479,322,330,258,445,308,460,316,504,340,505,329,503,330,512,347
3956,702,15018,511,339,319,268,464,337,482,324,537,369,509,345,535,352,538,357
3957,728,14976,517,339,355,292,488,351,504,339,560,377,542,368,559,367,568,377
3958,664,14864,471,314,296,240,427,288,459,303,502,346,485,333,510,338,499,334
3959,637,14817,454,291,295,227,415,301,452,308,476,319,468,326,468,312,482,309
3960,652,14847,473,300,292,234,431,287,467,318,497,321,495,329,501,322,500,313
3961,672,15114,464,311,311,262,448,328,469,320,502,338,504,354,501,337,502,334
3962,681,15055,471,300,336,270,453,313,467,304,505,322,490,331,510,313,514,325
3963,718,14816,504,341,331,263,447,306,494,323,541,366,527,358,539,348,552,359
3964,677,14825,470,286,306,241,425,288,471,298,507,319,498,325,508,331,517,324
3965,660,14694,457,318,307,253,417,306,451,315,484,334,494,343,485,326,487,325
3966,682,14927,469,303,322,246,433,296,470,307,533,353,515,353,522,345,533,339
3967,606,14626,439,289,281,234,390,279,420,291,474,318,456,312,474,307,477,305
3968,723,14988,504,335,344,267,488,338,495,338,548,368,534,366,544,360,554,368
3969,655,14918,433,303,285,237,401,291,429,287,477,337,463,315,474,335,478,332
3970,721,14964,466,303,337,277,449,326,480,322,517,336,517,341,511,340,524,330
3971,623,14930,406,287,303,244,395,296,407,284,443,316,440,321,440,311,439,300
3972,633,14622,459,319,315,246,425,312,459,322,490,336,472,323,487,340,494,335
3973,669,14958,476,315,317,255,438,329,471,327,517,349,501,350,516,343,524,342
3974,683,14892,461,307,287,230,410,290,467,299,508,352,504,341,514,343,515,349
3975,657,14741,447,297,294,226,413,290,442,299,500,335,477,318,497,334,502,325
3976,687,14700,490,332,333,278,473,337,480,320,526,361,515,358,526,359,529,358
3977,650,14832,469,307,312,255,415,289,462,297,513,331,504,335,518,342,520,326
3978,624,14767,442,304,274,227,411,295,418,277,456,324,441,319,461,328,469,326
3979,664,14924,476,311,305,247,441,308,455,315,498,348,483,327,507,348,505,345
3980,643,14733,426,283,301,237,398,285,420,287,462,309,439,310,461,307,466,304
3981,596,14876,434,289,295,232,408,282,430,288,461,324,456,324,471,307,463,311
3982,647,14939,459,300,322,267,442,323,454,315,483,328,478,328,482,323,487,321
3983,653,15037,440,269,289,231,418,283,421,265,485,311,467,297,476,288,491,300
3984,655,14957,435,296,310,247,431,320,441,303,496,342,485,331,485,331,496,336
3985,689,14833,476,318,325,263,466,334,482,333,522,362,515,353,511,351,529,354
3986,598,14959,425,285,299,242,401,295,415,285,455,310,452,310,456,308,459,308
3987,611,14897,423,275,297,235,383,273,398,271,437,282,422,273,438,288,442,273
3988,651,15049,441,278,292,232,409,269,454,290,482,310,470,300,494,317,487,308
3989,658,14896,479,316,317,260,439,321,462,300,507,347,498,346,506,331,516,346
3990,653,14951,455,306,312,261,415,303,452,312,486,334,480,328,470,324,491,326
3991,683,14997,471,311,299,240,442,314,434,289,503,344,487,334,495,319,504,335
3992,658,14815,454,289,303,238,411,287,455,298,483,314,476,314,479,300,491,313
3993,564,14849,422,277,284,246,375,291,405,294,431,300,427,302,443,306,443,302
3994,702,14948,471,313,317,267,448,333,470,315,517,355,515,351,519,348,520,343
3995,640,14839,431,280,289,235,400,285,435,294,472,307,472,317,463,303,470,305
3996,633,14902,430,281,296,236,394,297,422,291,467,304,464,302,463,302,474,306
3997,660,14922,486,334,314,259,418,291,468,317,505,347,487,341,500,335,513,338
3998,633,14849,444,302,302,241,420,312,439,320,475,344,473,347,473,331,473,333
3999,637,14774,438,308,289,247,402,291,442,314,474,331,475,344,478,329,474,320
4000,747,15083,543,366,353,289,510,376,527,369,571,394,551,382,565,383,577,399
4001,642,14722,426,265,259,200,392,242,422,287,471,309,471,330,466,303,471,296
4002,700,14806,493,328,336,271,470,344,490,322,515,357,505,345,520,348,526,347
4003,676,14869,493,323,300,247,443,313,481,321,518,354,496,343,511,347,521,350
4004,677,14669,453,293,290,239,416,295,450,305,491,328,488,331,496,325,497,325
4005,664,14733,470,315,281,233,404,284,441,295,487,328,464,317,494,331,499,330
4006,662,14780,460,296,319,255,415,307,439,298,486,334,487,322,493,336,493,327
4007,692,14920,481,318,296,238,437,303,471,296,516,342,504,339,517,327,530,343
4008,682,14860,464,321,307,260,427,310,462,318,512,347,502,347,511,356,519,349
4009,619,14806,441,284,293,250,413,312,436,304,461,320,454,321,464,319,466,311
4010,691,14889,447,281,309,234,413,279,443,289,495,312,480,308,497,297,501,311
4011,694,14897,494,338,302,250,433,307,475,334,515,361,502,345,518,343,526,356
4012,636,14932,426,304,291,244,403,300,436,305,470,328,456,323,475,321,470,318
4013,633,15071,442,305,311,248,403,289,426,286,477,317,456,300,470,296,489,311
4014,701,14729,480,320,312,250,432,309,461,311,530,345,511,340,516,326,532,332
4015,659,15160,475,335,303,254,430,310,456,335,499,359,494,365,495,344,499,348
4016,664,14930,457,304,280,240,416,293,450,306,486,328,491,340,482,323,494,330
4017,645,14778,438,290,309,253,397,289,434,306,483,326,469,321,476,325,479,315
4018,655,15034,461,301,321,261,426,309,455,315,492,353,488,341,495,333,500,344
4019,669,14921,451,308,286,236,417,299,458,301,482,333,476,334,484,317,499,329
4020,665,14860,471,300,313,266,436,319,451,300,505,331,492,339,504,315,509,319
4021,678,14864,462,309,306,251,423,305,447,301,505,326,497,318,499,312,500,320
4022,606,14899,418,276,293,237,404,287,415,283,453,298,437,296,446,290,461,298
4023,651,14643,436,309,292,229,404,291,438,305,473,338,467,319,475,330,480,324
4024,703,15176,496,328,347,273,465,336,483,322,526,347,510,342,521,345,542,347
4025,617,14814,420,297,283,236,389,292,402,291,458,332,447,312,459,325,463,325
4026,658,14777,435,283,305,241,417,300,438,296,490,310,476,305,492,318,496,305
4027,665,14631,425,273,305,254,401,293,419,275,482,313,468,307,483,295,483,297
4028,667,14953,453,299,278,225,417,287,443,291,497,328,478,314,495,319,501,322
4029,757,14916,514,312,351,266,466,301,512,330,539,345,530,348,550,342,549,343
4030,673,14916,460,313,338,270,433,327,462,328,511,359,502,353,518,349,520,361
4031,640,15108,453,304,295,230,407,294,448,300,489,327,470,322,486,324,490,322
4032,699,14949,474,312,307,242,437,313,466,330,520,360,519,368,512,351,518,343
4033,682,14904,472,312,317,255,422,312,460,309,496,352,488,334,501,342,507,356
4034,709,14898,505,314,320,255,475,319,517,330,541,352,530,360,549,335,545,346
4035,679,15007,479,341,335,271,445,313,469,334,505,364,501,347,495,352,511,366
4036,694,15005,491,329,303,240,457,311,477,321,512,340,520,349,501,338,518,340
4037,707,14943,490,308,323,271,462,339,493,315,536,358,517,355,532,342,537,351
4038,649,14947,443,307,312,252,405,286,458,310,487,331,477,332,496,335,495,321
4039,705,15087,482,314,300,248,438,317,468,302,519,344,515,331,518,338,528,347
4040,588,14802,404,272,273,224,375,267,402,268,433,307,442,303,437,299,436,297
4041,635,14724,434,275,314,242,416,296,432,293,472,314,478,314,477,303,482,310
4042,656,14768,445,292,271,221,393,274,423,274,470,306,462,297,474,299,477,305
4043,641,14950,420,281,290,238,391,301,408,296,458,326,438,321,454,321,459,314
4044,625,15043,427,279,305,247,382,283,421,291,472,322,456,319,471,312,477,315
4045,656,14939,457,292,297,226,432,297,450,291,493,333,481,339,509,331,510,331
4046,653,15054,461,313,297,253,414,306,446,313,498,335,491,345,502,332,505,332
4047,748,14751,546,339,344,285,496,332,527,333,584,366,564,366,583,350,587,357
4048,684,15014,454,315,322,267,420,321,450,315,499,336,493,324,499,327,501,322
4049,699,14773,446,293,285,222,409,281,442,286,468,305,475,314,485,305,479,300
4050,660,14986,455,290,299,231,434,301,452,288,497,325,486,333,496,322,505,325
4051,630,14831,443,299,289,246,403,287,431,293,459,325,455,309,465,317,463,324
4052,662,14965,449,317,301,245,405,303,439,297,484,328,480,319,487,317,485,319
4053,670,14915,451,298,303,257,424,304,459,303,501,334,486,331,491,327,501,319
4054,662,14901,454,310,294,246,429,316,439,308,494,355,490,340,496,329,506,343
4055,654,14739,433,290,295,226,404,284,427,287,477,311,472,318,479,307,481,315
4056,663,14891,457,314,320,260,429,315,454,310,488,348,485,343,498,346,495,346
4057,587,15004,417,269,249,215,379,270,401,269,442,295,429,294,447,300,444,296
4058,631,14827,438,292,301,244,388,292,429,302,454,320,457,312,448,312,462,323
4059,681,14828,456,308,299,231,423,294,444,293,500,336,490,342,500,318,508,330
4060,625,14719,448,296,295,243,424,308,437,305,482,319,471,318,489,314,491,317
4061,632,14901,455,306,293,243,405,283,429,288,471,309,472,309,482,309,476,309
4062,706,15052,477,304,316,248,445,307,480,314,515,342,506,342,520,343,519,336
4063,628,15013,437,295,324,263,403,298,431,302,468,327,455,321,460,306,476,329
4064,626,15049,458,309,311,263,426,301,455,311,500,333,489,333,488,323,502,331
4065,636,15031,453,284,283,225,410,279,440,287,470,306,469,306,469,303,467,298
4066,640,14925,436,267,257,210,380,254,417,275,472,306,458,300,463,302,469,297
4067,646,14752,419,275,291,227,400,276,427,288,470,315,463,319,472,311,475,303
4068,636,14959,429,295,305,240,405,288,440,301,463,322,458,321,459,310,486,327
4069,715,14869,475,309,315,242,449,316,454,286,520,339,508,337,513,321,536,340
4070,679,14852,456,286,314,245,418,289,464,292,494,318,476,313,493,313,494,309
4071,654,14899,440,282,295,232,417,288,439,289,493,314,482,317,493,316,495,309
4072,645,14889,441,302,314,255,411,317,425,303,487,341,483,337,476,329,490,331
4073,684,14729,481,315,308,249,438,302,474,314,519,350,506,348,521,346,525,338
4074,685,14973,455,278,283,217,412,280,456,302,497,339,495,326,497,332,497,329
4075,682,14617,484,290,304,245,449,297,463,301,520,332,506,353,517,329,521,323
4076,673,14738,489,314,317,269,423,308,468,314,518,348,515,348,515,352,519,342
4077,643,14868,449,278,270,216,415,273,442,282,474,306,471,302,472,309,475,298
4078,686,14958,460,322,307,248,451,318,465,320,509,337,494,332,514,345,518,339
4079,608,14765,448,296,307,263,404,299,450,300,476,341,464,328,473,332,481,336
4080,636,15089,445,297,291,237,395,280,430,301,471,322,471,333,471,327,477,328
4081,629,14861,453,281,277,232,400,285,440,288,481,322,467,318,482,323,484,317
4082,726,14648,466,319,298,243,419,304,445,309,513,352,507,345,515,347,515,348
4083,733,14901,520,336,329,267,478,323,508,330,571,367,552,362,570,356,586,369
4084,693,14891,477,314,292,236,434,303,472,307,505,329,497,338,510,320,514,324
4085,685,14900,472,318,349,289,449,331,469,331,534,357,514,349,520,334,536,339
4086,701,14749,495,328,317,259,445,318,473,334,524,366,511,367,530,360,532,354
4087,638,15017,436,290,302,243,414,294,437,302,469,328,471,322,471,324,473,322
4088,686,14926,470,334,306,247,446,321,469,335,504,353,494,343,510,351,513,348
4089,689,14809,484,304,296,233,456,307,477,304,528,360,508,349,529,359,530,347
4090,707,14813,504,313,324,259,459,314,501,310,540,342,522,343,543,346,544,335
4091,664,14877,466,323,284,220,410,284,432,292,495,329,490,338,484,308,495,321
4092,665,14719,417,273,285,228,392,282,434,287,473,315,460,318,469,301,492,320
4093,702,14842,492,334,355,294,462,358,503,345,530,368,526,356,529,353,535,359
4094,618,15041,417,260,270,207,390,264,400,271,462,291,449,288,455,282,460,277
4095,695,14850,484,307,287,236,451,319,479,320,516,345,511,341,521,341,523,341
4096,664,14682,445,283,283,235,403,287,450,289,492,325,478,338,480,313,495,327
4097,707,15019,496,332,344,279,470,336,482,332,534,366,515,361,531,360,535,358
4098,638,14856,436,306,316,271,402,303,430,308,460,335,464,333,460,328,471,327
4099,614,14887,420,278,266,229,387,282,416,290,457,311,448,313,453,303,450,305
4100,611,14817,440,291,277,225,389,276,423,295,466,308,462,312,453,295,464,296
4101,638,14812,455,295,322,259,423,306,446,308,472,319,468,326,477,321,479,323
4102,691,14899,481,313,325,249,444,304,482,330,531,347,510,340,528,345,538,348
4103,686,15006,484,305,315,263,460,315,462,302,533,334,520,337,529,336,533,321
4104,655,14971,457,290,326,264,439,319,462,305,504,348,490,335,506,336,508,333
4105,601,14951,427,281,303,262,397,300,423,304,465,333,458,308,463,328,470,334
4106,583,14716,384,263,259,220,363,254,390,263,432,288,418,283,438,297,442,290
4107,652,15019,438,286,285,227,412,299,435,296,485,336,470,331,487,327,487,326
4108,693,14884,498,328,314,271,435,316,477,316,525,355,518,367,526,334,531,341
4109,654,14803,480,309,348,284,440,309,468,302,513,336,495,337,515,330,518,325
4110,679,14814,445,297,284,229,434,315,442,298,487,315,498,334,500,324,505,326
4111,700,14840,454,300,299,245,422,308,453,326,507,356,495,354,493,346,511,345
4112,685,14951,501,326,334,259,453,309,483,324,513,334,512,337,519,331,521,331
4113,680,14986,474,296,338,256,452,304,471,300,499,336,486,311,497,325,511,340
4114,666,14781,441,295,283,224,399,276,436,298,473,307,470,314,465,295,485,301
4115,696,14910,469,308,304,236,433,300,460,307,530,353,512,344,515,342,536,349
4116,694,15106,489,314,325,276,448,319,478,323,506,342,505,349,505,336,511,331
4117,639,14989,432,289,277,231,396,280,426,285,465,298,457,312,458,293,466,294
4118,695,14925,475,320,300,251,446,322,460,313,519,352,515,356,521,340,530,350
4119,637,14806,425,281,298,246,399,286,426,281,478,309,459,293,478,315,480,304
4120,659,14710,455,306,294,238,408,287,441,295,487,329,470,320,482,313,490,322
4121,645,14819,438,300,281,221,399,291,427,298,479,326,463,317,477,328,485,327
4122,698,15005,495,326,297,245,460,327,473,311,529,358,515,346,535,347,533,353
4123,680,14800,471,312,305,242,419,294,461,301,493,327,481,314,487,326,489,314
4124,655,14871,464,287,299,242,407,284,445,302,494,317,482,312,492,317,501,315
4125,652,15051,463,303,328,272,441,312,467,310,496,331,489,334,503,332,505,325
4126,662,14754,474,306,296,240,438,303,457,300,499,329,486,323,486,317,496,314
4127,659,14733,439,277,291,231,408,268,434,275,475,303,470,298,483,307,483,296
4128,714,14991,509,344,344,281,463,356,498,349,542,374,532,359,536,359,550,372
4129,608,15006,430,285,288,237,398,296,427,297,481,336,451,325,472,325,489,326
4130,675,14812,464,317,312,248,427,301,462,312,507,348,509,352,506,343,517,340
4131,690,14933,468,299,325,251,426,304,458,298,515,346,499,340,512,332,521,343
4132,643,14897,442,294,306,249,406,282,429,293,466,309,467,310,468,316,483,315
4133,752,14760,492,305,330,272,471,328,489,316,533,345,534,334,535,340,540,337
4134,700,14900,498,326,350,274,468,323,492,320,534,347,529,341,541,342,536,348
4135,654,15024,475,305,314,259,427,307,446,308,507,345,495,324,505,334,504,337
4136,584,14956,404,278,277,225,377,272,399,290,409,288,417,277,416,286,422,285
4137,666,14807,446,287,302,242,428,291,450,290,488,319,475,324,492,309,496,310
4138,665,14952,477,311,314,258,454,332,470,320,503,342,501,347,514,337,512,334
4139,660,14899,458,284,294,240,405,279,434,291,481,308,469,311,479,309,486,305
4140,621,15010,442,295,278,224,409,301,432,295,485,337,465,318,488,335,496,336
4141,723,14905,475,323,285,241,435,299,465,307,549,366,523,365,547,381,556,358
4142,639,15024,448,289,288,226,405,287,425,291,471,314,460,309,484,315,486,316
4143,670,14790,449,292,296,240,405,281,442,298,482,316,481,330,468,304,487,309
4144,719,14937,477,305,336,272,442,313,466,327,520,331,511,338,510,342,522,335
4145,649,14855,462,290,277,234,412,286,435,310,488,318,478,327,490,321,493,311
4146,630,14718,441,283,305,254,408,292,419,285,471,294,457,309,469,287,474,291
4147,654,14977,458,309,309,248,424,295,453,321,489,320,478,321,483,312,506,322
4148,593,14529,405,274,272,239,369,267,404,275,429,292,427,289,433,289,434,292
4149,687,14938,477,294,334,263,445,297,468,316,513,346,506,352,509,335,530,337
4150,638,14876,459,302,295,240,409,280,446,307,478,327,467,321,482,330,482,324
4151,677,14819,482,302,320,253,471,321,482,306,534,353,513,347,539,348,533,352
4152,653,14707,458,314,282,232,435,323,445,321,513,360,498,348,505,345,512,356
4153,633,14969,443,302,304,243,413,305,432,311,478,329,472,334,480,330,480,324
4154,665,15045,472,307,295,246,422,305,467,319,519,344,496,342,498,339,523,347
4155,658,15079,476,310,298,246,432,305,463,303,510,342,494,332,499,330,513,335
4156,638,14935,455,299,285,239,392,285,436,302,478,329,470,329,476,325,473,315
4157,670,14867,484,323,323,264,445,317,464,329,516,356,507,369,518,355,527,351
4158,632,14983,447,295,304,252,415,310,432,311,462,334,467,346,474,327,469,337
4159,725,14744,499,341,338,267,448,324,489,342,537,361,524,357,545,370,546,355
4160,658,14847,459,300,299,244,411,284,450,305,508,346,497,336,510,323,509,345
4161,640,14897,438,277,280,226,404,281,429,281,481,309,474,318,472,296,483,301
4162,683,14985,482,319,333,276,430,313,475,319,505,349,507,349,502,333,516,351
4163,625,14788,437,282,288,228,404,287,431,295,477,315,456,298,475,303,482,305
4164,708,14953,468,309,299,240,451,301,462,311,520,341,505,339,521,337,520,342
4165,642,14996,466,319,314,258,423,305,454,319,492,331,476,329,498,333,492,326
4166,619,14892,428,272,272,214,382,258,432,273,459,302,459,299,466,297,464,296
4167,685,14892,458,301,304,254,412,297,448,310,496,331,492,326,503,331,506,332
4168,632,14841,450,290,298,237,401,279,453,297,483,318,470,326,469,296,476,302
4169,676,14744,447,297,301,252,418,305,449,307,488,327,479,329,500,322,493,318
4170,713,14921,488,327,308,251,437,312,471,321,525,349,496,340,520,352,531,345
4171,688,15068,463,315,311,260,430,318,456,315,499,343,495,343,503,346,507,345
4172,746,14909,501,333,335,266,463,306,495,316,567,340,534,348,559,350,563,333
4173,601,14925,406,257,278,229,377,264,399,257,441,293,428,295,439,281,442,284
4174,623,14784,436,289,288,237,403,273,422,286,467,302,446,296,459,303,468,292
4175,656,14802,429,291,288,215,404,285,419,287,456,312,457,298,455,302,464,313
4176,655,15002,440,275,300,240,393,255,444,272,487,288,465,276,486,275,495,275
4177,673,14866,434,294,298,249,405,301,436,290,475,316,474,327,474,319,479,315
4178,658,14734,460,310,316,257,435,308,465,314,501,338,491,312,495,339,499,327
4179,587,14725,388,255,253,197,372,248,388,261,422,292,420,293,425,280,430,282
4180,584,14890,403,271,254,212,367,271,378,259,437,303,419,284,438,290,442,296
4181,737,14610,527,343,332,274,483,337,498,327,553,362,554,362,559,359,565,362
4182,656,14929,445,295,293,235,413,283,442,310,461,300,453,309,468,306,468,309
4183,659,14930,456,301,287,233,414,297,446,308,483,334,473,321,487,327,490,331
4184,658,14900,453,301,316,247,415,308,458,318,502,345,486,341,489,331,506,340
4185,649,14930,439,281,277,222,395,269,436,297,474,314,484,334,464,301,467,298
4186,603,14857,405,274,260,223,380,283,397,284,435,294,426,294,440,299,441,287
4187,698,14938,493,324,306,262,465,337,498,333,515,343,505,349,520,351,529,347
4188,659,14788,451,311,298,254,410,295,434,309,493,345,476,347,492,339,495,334
4189,633,14747,457,301,322,257,430,304,439,310,486,327,482,338,482,327,485,318
4190,744,14700,526,337,331,262,488,334,525,331,577,362,550,356,568,361,582,346
4191,663,14799,471,323,305,249,420,299,457,310,510,362,499,344,506,347,522,359
4192,603,15025,407,271,264,217,367,252,399,263,448,298,432,299,440,287,448,288
4193,595,14839,410,286,289,241,385,273,403,290,455,318,448,312,448,305,451,311
4194,628,14777,424,278,271,220,390,276,399,271,463,305,463,315,486,311,469,305
4195,643,14940,468,299,295,233,410,286,453,297,487,327,471,309,482,311,492,317
4196,705,15070,513,330,329,261,483,329,505,336,545,363,537,362,548,358,560,360
4197,601,15041,389,268,299,245,369,269,394,282,431,299,436,306,430,303,440,303
4198,715,14713,498,323,324,263,458,318,486,324,527,334,527,334,522,343,539,331
4199,685,15098,490,329,317,251,453,326,473,318,516,359,503,345,518,358,519,359
4200,748,14808,504,352,330,266,467,339,499,339,556,380,541,361,564,370,567,384
4201,663,15084,451,299,301,254,414,291,449,312,481,337,493,346,485,334,483,332
4202,684,14746,451,293,320,259,431,321,447,310,484,324,473,319,482,331,488,326
4203,661,15069,444,300,295,236,403,285,435,295,476,321,482,316,473,305,483,316
4204,662,14810,477,295,293,226,441,299,466,301,505,318,485,311,500,309,509,318
4205,659,14692,462,318,293,252,431,320,445,314,494,345,484,337,492,347,502,344
4206,666,15058,475,302,322,262,452,306,464,308,521,341,501,341,522,334,521,333
4207,658,15013,463,308,288,232,412,294,464,311,483,328,478,335,497,325,492,324
4208,615,14859,428,278,278,238,402,299,416,289,473,323,464,323,462,310,476,315
4209,700,14720,480,309,314,269,441,325,454,312,517,351,508,346,516,353,521,340
4210,697,14916,481,329,309,242,431,316,463,315,508,351,492,337,505,342,519,345
4211,670,14887,456,320,298,246,429,293,442,306,506,341,491,334,508,343,514,334
4212,689,14898,488,314,329,272,447,319,494,341,521,372,511,366,521,361,530,386
4213,607,14716,418,281,279,231,386,283,404,275,462,303,451,299,460,302,470,293
4214,663,14916,455,307,312,266,416,311,458,312,497,333,489,338,498,334,500,336
4215,640,14818,463,305,325,273,427,310,464,327,493,328,492,338,492,316,499,325
4216,675,15082,455,295,276,225,432,305,451,297,505,337,493,327,510,335,506,337
4217,652,14962,449,305,287,218,397,273,426,286,479,317,462,305,464,306,474,311
4218,672,14921,446,288,312,237,409,277,440,297,494,320,469,312,500,314,499,315
4219,707,14747,462,299,315,259,439,310,472,304,504,327,482,315,508,322,511,327
4220,657,15004,445,313,310,261,415,311,425,304,467,325,466,324,476,334,480,338
4221,657,14874,441,312,297,232,393,287,426,307,483,327,472,323,476,320,484,328
4222,691,14693,465,311,297,241,438,287,448,290,500,326,492,317,502,325,500,317
4223,680,14727,472,330,307,242,417,294,454,318,496,344,488,350,503,346,506,346
4224,650,15015,460,311,298,239,411,306,432,298,483,327,473,316,486,314,486,326
4225,632,14842,425,292,283,231,381,274,419,297,451,306,451,308,446,298,457,306
4226,714,15010,499,327,305,250,465,334,495,333,545,370,530,355,543,363,551,363
4227,676,14813,463,315,316,257,431,314,461,326,513,349,518,342,505,338,515,341
4228,722,14806,496,321,325,263,449,315,476,316,518,355,526,348,516,347,520,343
4229,689,14951,489,309,299,231,445,300,470,300,524,335,508,331,527,327,535,326
4230,623,14814,448,312,292,249,405,298,433,309,478,322,473,345,481,302,484,313
4231,600,15135,424,297,293,230,374,281,423,295,447,314,443,306,453,303,451,309
4232,641,14807,445,301,290,225,385,272,426,299,475,308,463,318,479,307,477,304
4233,666,14844,449,314,313,253,422,302,435,314,481,336,469,329,464,312,480,323
4234,590,14873,416,268,276,220,370,266,405,271,431,296,426,301,432,286,439,294
4235,609,14936,403,280,283,230,378,270,404,273,454,300,432,301,441,295,460,298
4236,656,14953,432,292,269,227,399,299,424,291,479,330,474,314,489,334,488,336
4237,659,14821,455,301,295,228,420,309,444,320,504,348,498,346,498,337,505,342
4238,662,14841,463,311,313,264,424,315,452,321,494,328,490,334,496,330,498,326
4239,685,15063,462,318,317,264,436,317,456,309,525,348,519,361,520,339,529,347
4240,713,15070,522,330,298,242,463,321,488,327,549,381,552,374,546,370,549,365
4241,675,14698,437,285,323,264,395,275,425,284,470,316,464,319,472,303,474,312
4242,693,14720,469,311,309,243,440,303,471,307,508,343,502,332,510,323,513,333
4243,673,14935,431,282,303,236,406,298,440,288,476,311,467,310,480,317,482,315
4244,650,14911,448,281,271,212,407,287,434,280,484,306,463,307,481,302,489,299
4245,636,15080,455,302,294,228,413,305,436,293,492,327,482,331,485,320,491,319
4246,684,15089,476,304,334,260,429,325,466,311,507,339,493,339,506,329,512,334
4247,632,14790,428,298,282,228,397,287,436,295,461,310,446,308,460,297,459,315
4248,662,14926,455,311,307,260,429,318,449,319,510,356,497,352,512,347,512,344
4249,599,14865,438,296,280,232,409,302,428,292,472,328,461,326,469,312,473,318
4250,690,14920,489,332,320,250,449,307,474,314,512,336,515,356,522,344,518,328
4251,705,14632,487,339,300,248,453,316,480,324,515,343,498,337,521,339,524,346
4252,677,14927,464,314,333,260,425,303,466,310,504,336,492,340,505,332,506,321
4253,632,15057,423,281,274,235,388,281,428,287,460,320,454,314,463,309,462,318
4254,658,14818,464,313,303,248,428,316,446,309,498,336,486,317,496,338,498,324
4255,703,14919,480,319,307,244,442,327,461,305,525,349,515,333,529,342,538,353
4256,641,14929,447,277,313,256,424,295,444,301,477,321,471,311,479,310,479,306
4257,726,14963,509,331,315,256,466,307,482,331,549,368,515,339,555,372,550,365
4258,627,14946,429,268,290,229,399,273,425,282,464,303,457,307,455,297,468,295
4259,666,14773,463,303,314,259,430,305,459,320,483,324,486,333,475,327,495,326
4260,599,14665,433,300,313,265,402,301,427,294,455,325,454,315,454,311,455,316
4261,681,14706,485,320,296,253,444,326,466,304,511,344,492,328,503,341,514,339
4262,628,14839,463,305,289,242,411,293,447,295,483,321,471,315,476,318,486,323
4263,675,14824,469,315,276,220,449,298,458,305,507,333,501,330,505,321,508,327
4264,652,14856,452,289,297,240,420,288,443,288,481,325,479,331,476,319,480,317
4265,681,14903,473,300,322,264,424,306,452,309,489,324,475,317,489,322,501,312
4266,685,15051,447,287,264,213,413,278,452,305,509,335,494,342,511,341,518,333
4267,689,14953,471,311,309,244,428,300,460,317,512,342,494,334,505,331,511,335
4268,657,14853,454,288,303,247,404,289,444,309,482,318,472,317,481,312,490,316
4269,704,14817,471,313,296,240,439,304,481,310,510,338,497,326,503,333,504,330
4270,619,15007,404,282,297,232,379,281,415,280,458,326,450,302,449,323,460,319
4271,717,14977,476,317,327,259,421,303,473,318,515,352,502,345,523,351,524,346
4272,677,14846,464,285,299,229,424,290,454,289,493,318,482,308,495,310,507,308
4273,622,15011,411,275,269,221,382,273,424,284,447,307,432,297,448,313,442,311
4274,633,14789,434,280,274,227,394,282,411,279,467,311,464,313,467,310,470,318
4275,716,14817,485,295,330,260,452,306,482,302,532,335,517,323,532,323,534,319
4276,679,14903,480,325,323,262,455,314,475,323,514,353,493,349,510,350,509,345
4277,637,15060,435,299,292,243,412,295,429,288,474,327,463,320,469,324,482,324
4278,665,14790,457,310,293,243,420,303,447,307,487,328,462,316,491,332,501,330
4279,589,14695,408,269,292,236,363,267,408,282,452,298,441,308,457,288,451,291
4280,661,14830,470,311,288,225,421,293,458,320,500,335,494,347,500,324,506,320
4281,682,14881,466,305,281,225,416,295,445,302,499,321,500,323,493,309,515,319
4282,668,14768,459,299,296,235,420,306,466,306,500,338,474,323,496,330,500,323
4283,599,14827,404,254,234,195,374,260,396,263,447,309,436,291,449,309,456,308
4284,667,14855,476,316,298,252,451,321,470,316,516,347,496,343,520,337,529,344
4285,698,14768,479,306,318,252,450,312,481,325,518,345,502,342,514,338,524,340
4286,704,14834,497,339,326,267,453,339,482,322,538,382,522,368,539,360,546,377
4287,705,14820,502,321,330,276,460,311,496,322,526,343,519,351,514,338,536,341
4288,664,15060,465,319,307,256,414,311,446,302,510,355,498,353,513,353,519,347
4289,665,14863,468,325,309,254,438,323,464,327,518,353,520,355,518,353,519,355
4290,640,14817,442,298,285,235,398,282,426,300,477,320,456,311,472,312,482,311
4291,625,15095,469,308,307,261,410,294,458,316,495,336,481,330,490,315,488,318
4292,726,14908,482,313,323,259,443,311,480,310,501,339,513,349,497,326,512,343
4293,665,14959,496,316,336,268,462,330,485,331,518,345,513,346,512,320,517,332
4294,648,14718,456,300,309,241,415,301,446,321,476,325,484,345,481,332,483,334
4295,602,14926,428,307,294,237,385,289,411,298,448,322,441,307,446,328,457,322
4296,640,14966,425,295,295,240,388,281,417,299,466,322,452,309,462,307,479,316
4297,687,14901,481,314,302,249,430,298,453,306,512,344,504,351,509,334,519,331
4298,648,14961,436,294,275,230,416,311,424,301,471,323,472,326,482,326,486,322
4299,712,14937,490,317,323,273,449,304,492,331,534,358,527,365,531,350,540,361
4300,677,14880,472,298,256,213,439,287,449,284,508,326,500,323,508,330,512,327
4301,621,15103,422,285,280,231,387,288,415,292,451,307,447,315,454,301,466,315
4302,668,14940,457,300,312,249,424,302,449,299,489,323,482,326,495,334,490,322
4303,640,14784,461,292,306,256,401,285,453,303,478,327,477,325,476,312,485,318
4304,658,14770,461,305,288,231,406,291,455,305,484,336,480,328,485,329,488,328
4305,642,15029,441,303,320,269,415,305,447,302,473,315,458,298,467,295,475,310
4306,627,14842,475,305,319,255,428,296,466,313,498,337,489,332,503,330,499,335
4307,607,14811,412,290,265,218,378,274,403,283,438,299,427,308,442,303,438,285
4308,745,14837,507,337,354,283,471,337,507,344,556,376,551,380,558,367,564,367
4309,699,14962,475,307,314,246,450,311,476,318,515,344,502,335,518,345,522,344
4310,626,14856,464,319,275,223,422,312,436,300,480,332,469,339,489,318,485,324
4311,726,14894,512,372,357,306,471,352,502,356,557,407,539,389,557,391,562,403
4312,681,14843,509,316,318,257,435,301,497,321,531,354,528,341,528,348,534,347
4313,738,14822,497,332,335,281,437,325,481,341,542,372,538,369,542,369,548,369
4314,650,14820,464,305,323,264,435,314,459,309,488,346,473,336,491,332,501,338
4315,641,14977,421,290,308,263,406,307,421,308,473,340,454,316,463,328,471,335
4316,622,14845,446,302,291,239,411,287,429,282,466,314,463,322,468,296,467,302
4317,733,14900,524,354,352,274,489,343,531,360,561,385,553,374,564,382,569,389
4318,644,15001,436,285,284,238,408,285,444,298,476,322,462,310,474,308,483,311
4319,690,14866,490,309,296,238,452,307,477,311,531,351,520,336,527,345,536,351
4320,668,14973,466,308,279,229,420,289,448,293,494,337,497,322,490,326,495,325
4321,657,15085,455,316,329,268,420,307,463,302,484,332,467,309,490,332,488,325
4322,624,14842,439,267,285,242,405,285,440,285,462,320,447,320,461,322,470,313
4323,700,14827,514,315,333,263,475,337,502,325,545,363,521,352,548,348,551,351
4324,662,15047,473,310,324,268,446,319,463,315,522,345,512,345,510,341,519,332
4325,668,14838,454,303,271,226,419,302,438,316,489,336,472,326,483,330,490,326
4326,659,14858,462,315,319,270,425,302,459,322,486,341,491,342,480,339,498,333
4327,659,14688,470,300,303,237,422,299,460,303,494,327,474,323,493,320,496,313
4328,701,14585,497,343,318,253,448,319,477,334,516,347,507,334,520,346,533,355
4329,690,14790,496,326,318,265,449,317,472,324,506,336,501,344,511,334,514,341
4330,655,14698,444,298,271,220,399,294,437,292,492,338,462,320,486,327,498,344
4331,648,15020,456,284,305,240,430,290,456,294,503,330,476,316,500,315,500,321
4332,683,15035,471,295,328,258,429,309,457,315,512,335,503,342,503,321,514,323
4333,587,14744,423,296,295,250,394,291,434,306,448,321,432,316,453,314,455,316
4334,736,14795,545,355,352,272,504,360,531,355,567,361,555,363,570,358,576,359
4335,687,14850,490,319,320,263,440,320,474,318,524,369,509,365,518,356,527,361
4336,662,14870,477,322,295,244,434,312,467,317,497,350,489,343,492,340,507,350
4337,725,14941,482,298,318,253,435,305,475,303,520,332,511,332,530,333,534,329
4338,675,14776,464,289,280,222,421,276,463,301,508,336,511,332,510,331,517,340
4339,659,15119,451,302,290,235,410,307,436,297,478,338,466,330,484,329,487,331
4340,629,14917,437,278,282,229,398,270,440,298,460,309,470,310,461,301,464,302
4341,711,14773,465,317,296,250,425,302,460,324,503,347,498,323,507,346,511,346
4342,685,14730,465,294,283,237,424,306,455,307,517,343,503,332,512,332,517,338
4343,719,14957,504,327,302,246,451,306,478,308,534,341,534,344,542,333,536,331
4344,634,14767,452,299,306,256,422,307,451,315,477,328,465,325,474,319,479,324
4345,671,14843,460,306,327,266,427,303,465,312,494,340,480,336,498,335,494,332
4346,681,15058,465,292,279,232,423,293,459,287,502,318,494,328,512,319,514,320
4347,636,14837,446,297,306,246,392,282,426,292,471,313,464,323,467,305,474,309
4348,651,14730,463,302,296,244,425,299,458,299,500,341,494,323,505,332,503,322
4349,642,14694,444,292,292,251,405,286,442,293,486,328,466,319,483,320,489,317
4350,642,14757,444,299,290,244,416,311,441,310,480,331,476,327,485,341,490,321
4351,674,14853,463,312,310,240,438,314,451,308,509,345,493,329,507,347,515,345
4352,651,14875,419,278,265,206,378,260,418,277,469,307,459,306,464,298,468,297
4353,666,14907,464,296,315,235,422,304,454,314,487,340,489,329,499,331,489,335
4354,584,14828,435,277,269,230,387,278,419,280,453,297,437,298,460,293,457,291
4355,605,14792,414,272,292,243,391,270,419,288,446,302,453,309,443,291,445,298
4356,635,14821,426,274,298,241,401,286,424,282,471,309,470,312,467,299,471,298
4357,712,15066,481,321,336,262,462,335,486,336,525,354,500,342,513,346,532,347
4358,659,14991,456,304,308,253,420,300,458,312,501,328,485,332,487,326,502,334
4359,667,14891,446,305,305,232,432,306,452,303,498,334,472,326,497,329,502,327
4360,706,14887,490,321,317,246,469,325,483,331,528,355,511,334,524,339,524,339
4361,650,14500,433,277,272,219,411,283,418,276,468,309,462,307,464,306,480,309
4362,671,14630,493,325,310,247,455,319,488,334,512,347,516,370,514,332,522,339
4363,619,14894,444,286,261,208,392,263,438,297,463,309,456,311,469,306,470,305
4364,640,14836,464,295,290,250,429,303,446,303,495,324,486,333,497,316,497,315
4365,720,14934,484,314,319,265,440,328,487,324,529,355,503,332,510,336,531,353
4366,635,14962,424,284,305,245,408,298,421,291,464,313,445,301,453,291,460,300
4367,655,14824,454,308,317,254,431,301,459,333,484,332,480,332,487,320,481,333
4368,635,14918,447,301,301,245,419,303,440,309,486,326,473,323,481,331,489,327
4369,648,14952,453,295,279,233,408,296,440,296,482,324,463,318,475,321,486,320
4370,716,14891,479,301,318,238,456,293,480,306,529,320,516,321,522,313,528,315
4371,673,14964,497,326,303,230,439,298,459,301,507,335,503,341,515,324,509,328
4372,675,14977,476,311,315,255,426,291,472,321,513,337,499,322,504,328,510,331
4373,749,15058,514,330,310,234,497,308,529,337,576,358,554,337,577,357,571,352
4374,644,14999,428,294,287,237,416,295,436,292,481,329,468,313,472,329,482,324
4375,640,14835,443,303,296,244,423,319,440,301,465,320,465,323,474,311,473,314
4376,686,15033,454,291,315,246,437,310,455,302,491,331,484,322,488,335,491,325
4377,691,14876,500,329,336,264,477,333,474,309,532,350,517,344,533,356,541,352
4378,646,14600,467,300,321,262,428,300,453,311,497,340,504,351,497,325,494,330
4379,771,15081,520,336,349,280,492,342,522,337,568,378,556,375,565,367,568,376
4380,655,14903,455,303,290,230,420,288,453,305,498,333,489,330,495,324,493,323
4381,668,14853,446,298,281,220,409,299,435,295,484,330,465,329,486,321,488,327
4382,727,15021,479,335,329,272,452,320,483,341,528,362,517,351,523,344,531,362
4383,607,14872,433,274,294,233,398,275,414,270,454,296,453,312,456,289,457,285
4384,695,14936,482,311,309,251,449,311,498,321,528,344,520,351,527,335,535,331
4385,607,15032,402,271,279,234,380,282,408,282,425,301,431,315,429,291,436,303
4386,741,14899,503,333,332,266,470,333,488,326,544,356,539,355,540,351,550,364
4387,610,14871,424,277,287,241,388,282,421,299,453,309,447,310,458,311,461,294
4388,663,14803,460,305,287,239,413,296,441,300,485,311,482,314,482,304,489,316
4389,646,14798,456,310,294,236,436,307,455,301,481,321,468,324,479,319,490,314
4390,643,14726,465,313,308,250,421,302,472,316,484,340,471,334,500,336,494,338
4391,614,14977,440,313,291,241,401,293,434,307,479,324,470,319,478,322,486,327
4392,738,15075,501,315,326,263,495,333,505,312,548,347,538,347,556,353,556,346
4393,709,14773,512,332,357,289,483,338,515,345,548,370,545,371,552,364,557,372
4394,638,15061,431,281,308,249,412,293,425,274,480,311,466,298,473,298,481,302
4395,592,14913,413,284,267,230,376,271,395,289,447,316,442,316,449,311,454,312
4396,571,14920,422,275,284,228,395,289,407,290,433,293,429,289,444,304,441,286
4397,631,14752,442,318,324,279,415,321,436,328,468,331,462,327,475,327,478,329
4398,634,14847,462,305,301,255,424,295,445,297,483,336,481,323,481,318,489,323
4399,680,14692,502,333,332,268,449,318,491,339,515,348,518,364,507,343,519,341
4400,722,14855,498,334,314,250,473,316,498,334,530,355,535,356,542,364,546,358
4401,661,14928,431,291,295,242,413,308,442,316,473,337,465,320,475,341,485,337
4402,683,14984,437,282,308,254,434,302,445,290,483,324,478,328,490,327,485,309
4403,701,14763,489,301,305,246,463,319,469,308,518,342,525,355,518,329,529,340
4404,703,14815,481,331,323,250,452,330,488,353,510,357,507,340,501,344,507,346
4405,789,14964,559,349,328,252,545,378,553,357,601,390,584,374,604,399,609,392
4406,682,14842,467,293,302,243,462,309,470,299,504,332,498,327,507,319,516,324
4407,695,14968,481,334,323,260,434,317,471,334,514,364,508,358,500,358,525,360
4408,702,15011,464,300,303,243,429,286,455,300,500,323,500,330,503,310,506,321
4409,676,14679,482,318,326,264,462,326,479,321,515,349,518,352,515,329,513,337
4410,664,14914,458,319,305,262,420,312,443,311,483,343,472,335,486,345,496,340
4411,692,14687,478,306,316,254,441,311,478,326,520,344,518,352,531,346,528,341
4412,619,14762,438,312,306,250,406,305,441,303,469,316,448,307,461,322,475,314
4413,642,14891,463,310,308,252,429,298,444,301,480,327,479,331,488,314,486,322
4414,674,14925,465,289,299,226,430,299,462,307,500,323,498,330,501,307,510,314
4415,627,14852,434,295,302,252,397,300,428,290,454,323,452,324,459,322,457,323
4416,723,14800,525,344,329,270,494,338,522,357,552,380,530,352,552,369,554,368
4417,680,15182,486,308,334,259,441,317,476,318,498,326,502,326,489,327,513,323
4418,577,14650,399,269,263,217,357,266,378,270,436,304,418,287,429,296,439,284
4419,643,14758,463,314,267,216,422,314,446,297,502,350,479,334,495,350,497,340
4420,686,14851,507,326,344,278,455,314,491,334,529,359,512,346,529,346,527,342
4421,671,14709,467,314,310,252,428,305,459,309,513,342,502,342,513,343,511,330
4422,651,14848,472,330,341,282,425,305,456,325,488,331,487,337,488,324,494,336
4423,692,15042,481,328,302,246,438,316,496,339,511,343,503,333,522,338,525,346
4424,708,14816,461,296,322,270,461,335,465,313,525,340,519,349,519,335,520,330
4425,690,14829,476,313,324,258,439,321,467,312,518,349,512,344,527,338,524,332
4426,718,14826,486,317,319,244,449,312,479,312,542,328,545,350,533,335,550,336
4427,684,15041,471,313,326,276,431,322,467,325,500,349,503,341,506,353,502,346
4428,640,15013,443,287,313,259,409,297,433,287,477,325,466,311,470,314,481,310
4429,658,14916,477,318,332,273,452,328,473,330,501,356,494,347,507,358,506,347
4430,700,14892,491,314,312,253,453,321,469,313,540,353,509,324,530,345,540,348
4431,720,14850,499,346,337,274,472,351,495,342,550,368,529,360,552,375,549,366
4432,642,14875,454,301,316,243,413,283,452,308,481,333,471,323,490,329,487,330
4433,637,14992,445,265,291,227,411,278,446,280,462,293,455,290,470,293,473,294
4434,708,14846,467,322,301,247,430,311,461,318,520,339,494,331,518,330,527,329
4435,684,15095,477,313,297,251,446,321,475,318,531,357,513,360,515,352,536,351
4436,623,14825,414,259,285,222,389,260,408,276,461,300,452,287,460,300,463,291
4437,648,14756,430,296,288,239,390,279,435,287,484,332,473,326,479,312,494,329
4438,680,14853,490,320,297,245,439,318,458,330,522,355,510,362,522,355,526,349
4439,664,14854,458,295,300,246,430,297,455,304,504,325,498,344,510,329,510,320
4440,671,14809,482,336,329,268,433,320,465,324,512,350,502,349,516,346,521,357
4441,693,14930,466,293,326,262,440,310,463,309,519,340,509,346,508,336,517,341
4442,659,15222,453,316,318,261,420,320,451,328,490,357,477,336,491,351,497,346
4443,619,14955,425,285,274,231,396,297,416,296,459,326,452,317,461,322,464,322
4444,666,14781,493,298,325,262,465,308,475,305,526,327,518,338,520,327,524,316
4445,692,14853,469,320,321,252,445,322,460,316,521,335,505,325,518,345,525,327
4446,662,14914,467,313,297,242,427,292,446,298,516,341,506,350,519,334,521,336
4447,684,14774,462,293,296,223,410,281,464,299,501,314,495,320,496,312,506,312
4448,674,14970,454,307,296,254,409,308,446,315,493,342,477,331,486,343,498,337
4449,665,14771,440,299,305,242,410,293,435,304,488,346,479,348,482,339,491,342
4450,646,14911,460,309,300,245,429,289,448,311,487,341,486,337,491,337,485,334
4451,681,14976,426,274,280,217,407,289,435,288,490,322,484,325,490,316,496,309
4452,698,14844,515,343,330,270,476,346,499,334,554,365,537,372,544,352,560,358
4453,664,14891,452,298,310,248,426,301,464,322,495,320,482,317,497,327,496,318
4454,649,14834,450,285,284,226,406,303,445,298,486,337,474,323,495,332,497,336
4455,664,14686,475,327,342,269,422,300,461,321,493,350,489,336,492,341,496,347
4456,669,14795,439,287,302,248,415,302,461,317,492,331,487,342,489,327,495,336
4457,636,14971,468,309,308,250,444,325,459,310,496,350,482,343,484,342,501,342
4458,673,14938,468,302,300,252,424,301,458,310,495,346,491,351,503,342,494,338
4459,672,14824,454,298,292,245,416,299,454,304,499,336,489,336,496,334,505,333
4460,654,14934,448,312,286,227,411,292,441,306,458,324,454,311,469,323,464,321
4461,680,15042,476,307,290,249,440,307,478,320,503,332,489,331,503,337,503,329
4462,588,14985,416,250,272,216,374,254,408,257,454,291,438,282,440,274,453,283
4463,666,15057,462,303,317,255,426,301,456,314,499,342,487,341,496,328,509,331
4464,673,14923,470,336,313,268,427,320,464,324,503,361,484,351,505,349,507,348
4465,672,14944,468,304,312,245,422,294,458,304,496,322,494,321,498,315,500,316
4466,610,14779,423,289,289,227,388,270,415,288,457,299,454,314,450,291,460,284
4467,623,14968,411,276,271,228,404,288,415,279,459,325,454,326,455,320,458,314
4468,694,14790,472,298,307,239,431,308,459,307,510,337,508,348,511,323,522,324
4469,674,14639,465,311,283,234,436,298,455,295,501,327,482,314,498,322,513,332
4470,647,15004,448,283,299,244,414,293,447,293,483,324,467,317,480,311,478,312
4471,674,14672,468,330,316,260,453,321,466,308,514,359,491,320,511,339,520,341
4472,674,14907,439,313,288,243,424,303,440,306,487,338,483,325,485,331,491,334
4473,591,14645,424,275,283,234,391,285,413,280,439,305,438,306,444,301,447,298
4474,661,14992,469,300,287,242,416,282,435,301,494,321,481,335,487,313,493,317
4475,655,14783,475,318,307,259,428,296,464,320,499,335,483,330,500,336,500,334
4476,592,14873,410,280,254,218,385,271,384,262,439,298,430,288,441,295,452,300
4477,618,14866,415,269,270,217,381,274,419,283,449,300,429,283,448,281,452,285
4478,605,15125,439,296,268,234,395,290,430,303,454,321,444,323,459,326,455,312
4479,666,15085,450,281,311,245,406,286,449,294,476,313,470,313,484,318,480,309
4480,687,14937,480,315,330,268,462,313,470,305,529,363,522,351,525,348,533,357
4481,654,15194,475,324,328,250,456,312,486,326,519,362,503,346,518,342,516,350
4482,708,15040,478,325,284,228,426,305,452,322,526,362,503,339,517,343,527,347
4483,669,14865,459,300,310,245,420,320,457,310,507,341,501,332,510,328,512,329
4484,628,14908,440,295,279,225,391,280,431,297,474,334,466,322,477,314,480,332
4485,638,14938,421,280,265,220,405,283,415,287,467,314,456,311,464,313,468,310
4486,618,15031,412,284,268,223,376,278,416,284,448,320,447,307,459,330,454,318
4487,642,14704,455,299,289,248,380,275,438,300,486,320,475,322,491,316,493,318
4488,644,14968,461,300,282,231,419,298,432,299,485,333,484,337,479,317,492,326
4489,630,15077,451,307,316,256,408,295,448,316,467,332,471,345,476,336,477,329
4490,637,14931,438,276,273,217,393,266,426,274,468,315,459,307,470,306,474,312
4491,624,14875,441,280,291,249,388,280,424,278,476,304,459,312,477,292,480,303
4492,665,14904,456,293,296,234,424,292,445,303,494,329,490,327,494,325,496,317
4493,735,14714,508,324,337,262,463,323,499,329,547,355,539,371,536,345,552,348
4494,716,14865,481,311,304,244,452,309,472,301,536,360,526,345,530,349,540,347
4495,645,14749,452,303,285,229,403,280,439,292,491,315,482,329,483,304,492,313
4496,693,14874,484,332,341,278,442,330,465,320,511,361,502,346,511,345,509,357
4497,623,14824,428,289,295,240,400,288,440,284,458,306,465,299,459,302,469,304
4498,636,15226,436,285,267,219,409,295,421,283,482,333,475,327,476,324,481,320
4499,666,14736,434,303,296,242,420,289,446,290,487,330,486,327,494,324,497,328
4500,685,14992,471,313,294,254,427,304,477,326,511,366,506,347,516,361,516,369
4501,615,14948,407,269,282,224,381,273,415,276,453,306,443,298,449,298,457,304
4502,749,15032,508,341,322,267,467,328,500,332,565,367,556,365,559,369,567,363
4503,642,14725,447,306,294,244,410,307,447,311,500,343,482,339,500,333,503,348
4504,673,14970,469,296,294,247,440,306,468,309,497,353,496,333,495,336,510,341
4505,667,15074,460,299,299,241,427,303,454,306,502,340,475,321,503,338,502,329
4506,602,14633,424,287,287,237,382,288,417,292,458,317,450,323,458,317,455,310
4507,639,14932,448,308,291,230,403,294,426,316,480,337,474,346,475,332,484,338
4508,682,14899,462,317,306,246,440,325,467,310,510,336,502,334,500,329,518,332
4509,611,14975,417,283,268,232,378,279,404,277,454,315,446,298,455,303,458,313
4510,605,15014,400,270,249,207,364,260,386,276,423,287,412,290,427,290,435,286
4511,699,14842,484,323,293,230,450,307,477,331,522,346,505,344,523,337,528,353
4512,603,14955,414,261,238,193,345,238,412,267,437,299,430,295,432,288,439,290
4513,625,14965,442,289,278,226,420,286,432,284,469,310,473,326,469,298,468,305
4514,713,14996,491,333,322,267,472,329,482,335,536,369,528,358,538,356,527,354
4515,624,14827,435,282,277,220,403,274,437,291,465,302,449,311,454,297,466,299
4516,655,14789,468,303,305,239,433,304,460,304,489,327,476,329,490,336,499,329
4517,628,15019,430,293,279,224,382,273,424,276,450,320,434,312,457,311,451,312
4518,681,14762,469,328,323,264,433,319,453,330,504,347,493,351,491,341,507,342
4519,672,14830,478,320,333,273,451,330,484,334,527,358,512,348,521,354,526,352
4520,739,14672,500,331,323,262,464,338,487,333,526,346,517,337,524,328,532,342
4521,654,14748,452,295,282,226,399,281,422,286,485,334,469,325,471,320,485,322
4522,634,14760,433,284,295,238,401,301,432,288,471,305,462,305,470,296,475,302
4523,697,14903,462,288,306,243,428,282,455,277,493,310,485,323,490,310,498,318
4524,702,14687,489,316,311,238,462,327,476,324,543,350,535,363,533,352,550,345
4525,624,14989,434,300,263,223,393,296,429,306,466,339,452,322,473,321,474,327
4526,675,14972,476,302,347,279,456,331,473,311,507,335,494,334,510,328,505,311
4527,722,14558,499,336,296,243,450,318,485,336,537,358,531,369,529,357,544,355
4528,651,14797,433,292,298,250,399,291,432,306,465,314,450,317,465,324,466,312
4529,680,14853,455,275,300,247,401,278,439,287,487,321,481,325,485,315,485,318
4530,723,14886,492,340,352,278,448,323,481,336,527,364,505,353,518,357,525,355
4531,724,14766,500,312,292,240,467,310,510,326,555,358,537,358,555,349,559,349
4532,689,14749,469,309,309,243,423,299,461,315,506,340,496,332,495,327,509,339
4533,646,14831,461,301,300,253,422,306,438,312,494,324,481,323,485,310,507,321
4534,676,14960,470,318,292,231,422,285,453,308,486,344,482,330,484,320,492,329
4535,654,14759,451,281,300,239,421,287,458,290,489,315,486,328,479,300,493,298
4536,614,15007,418,285,287,236,382,271,415,266,461,311,459,305,460,300,462,298
4537,646,15033,454,296,292,241,402,282,445,312,475,314,469,310,480,322,485,324
4538,659,14999,448,315,309,247,425,314,427,304,481,338,467,320,479,320,493,331
4539,639,15135,445,280,279,228,409,294,427,289,467,329,461,327,462,317,469,322
4540,646,14899,454,290,290,230,419,292,448,292,497,328,490,310,497,314,502,326
4541,671,15000,451,272,305,238,425,285,451,285,498,320,484,310,499,318,495,311
4542,654,14825,442,292,307,254,405,291,437,285,480,307,468,304,477,305,487,301
4543,632,14853,430,305,311,255,420,308,434,312,464,328,460,317,463,327,470,323
4544,618,14800,432,280,292,235,389,274,411,276,467,307,447,291,470,309,465,301
4545,626,14708,446,298,309,243,425,318,455,294,475,321,466,321,482,323,478,321
4546,697,14839,476,313,298,242,424,308,460,308,522,336,497,349,526,335,533,338
4547,649,14895,447,301,310,265,411,289,446,306,471,323,469,319,474,311,479,322
4548,618,14717,437,290,281,229,406,295,431,291,480,327,469,324,475,320,478,324
4549,684,14917,479,340,316,256,434,303,476,321,524,355,513,357,522,345,532,353
4550,613,14943,433,282,284,231,387,261,419,283,449,306,459,311,454,291,452,294
4551,665,14947,467,302,316,256,419,296,455,303,476,316,469,317,476,322,489,316
4552,625,14881,434,276,281,242,403,295,427,288,468,313,453,329,465,311,468,308
4553,635,14713,456,298,338,273,414,290,451,310,470,324,463,324,458,303,475,312
4554,636,14960,458,290,293,235,412,286,445,305,499,339,485,332,498,324,497,328
4555,649,15019,447,298,299,250,419,304,453,315,493,328,486,339,492,333,492,327
4556,646,15057,459,291,314,238,428,303,456,306,492,320,479,314,489,320,494,312
4557,736,14716,488,311,303,242,468,336,480,325,528,330,519,336,527,332,526,332
4558,722,14849,490,307,315,254,458,334,482,316,549,350,524,344,537,338,551,339
4559,694,14859,463,297,308,260,438,307,469,315,503,329,505,339,505,315,506,327
4560,648,14862,463,311,297,242,406,294,436,290,491,328,492,328,488,318,494,323
4561,656,14874,418,272,281,232,390,274,419,281,459,301,454,311,460,293,459,289
4562,737,14822,522,337,324,259,495,340,499,325,559,381,525,359,559,367,563,371
4563,694,14857,470,304,304,244,428,294,461,306,522,329,505,315,511,328,517,324
4564,701,14943,465,300,312,257,438,316,464,313,506,330,483,334,504,341,506,330
4565,647,14704,442,318,280,232,405,308,430,305,487,351,476,342,483,346,496,345
4566,673,14939,472,300,315,244,430,309,462,312,493,324,501,345,503,328,503,321
4567,758,14911,526,343,319,270,484,341,524,342,555,365,551,364,565,365,570,360
4568,640,14913,451,298,307,257,416,299,448,313,494,350,482,341,485,339,493,339
4569,631,14916,453,308,287,243,414,303,421,304,471,329,467,326,474,324,475,325
4570,675,15010,462,314,310,242,437,309,450,301,504,344,496,335,510,326,506,336
4571,697,14651,477,304,297,247,448,308,474,314,519,340,504,321,519,338,526,330
4572,665,14772,477,310,300,256,431,300,456,301,501,346,492,337,500,330,500,342
4573,698,14993,465,308,321,248,446,311,466,312,521,331,508,333,505,321,521,326
4574,691,14929,469,308,321,264,434,293,446,299,513,333,493,347,510,324,512,329
4575,647,14982,440,288,293,237,418,299,449,296,476,314,466,313,469,314,478,314
4576,695,14679,482,322,287,237,436,300,456,299,503,346,507,353,500,332,506,343
4577,662,15043,468,302,293,242,432,302,448,306,492,330,486,323,498,330,498,322
4578,676,15036,470,321,320,269,442,334,465,322,509,357,496,348,504,348,518,351
4579,722,15037,483,303,303,240,455,310,489,322,541,356,519,355,539,342,547,353
4580,590,15080,409,290,284,233,378,273,407,288,440,297,438,309,451,290,439,283
4581,672,14993,447,290,297,237,428,294,456,308,505,337,493,330,503,325,505,332
4582,652,14673,441,278,276,231,419,293,423,281,484,320,480,327,487,308,485,301
4583,664,14832,412,280,259,220,388,280,420,289,461,310,458,305,468,315,467,309
4584,678,14942,451,310,330,272,431,316,457,321,500,349,484,348,492,336,502,336
4585,667,14805,451,297,324,269,418,308,431,300,479,322,469,307,474,320,489,316
4586,667,14886,460,296,300,253,412,287,454,309,483,323,478,326,482,315,477,308
4587,661,14764,463,295,283,222,425,280,454,303,492,315,488,317,496,311,500,313
4588,689,14672,471,300,318,268,449,318,464,304,521,358,516,361,518,334,519,346
4589,632,14864,430,290,282,233,409,297,420,296,465,318,454,322,471,315,473,305
4590,704,14694,476,310,311,253,461,329,482,320,520,344,509,346,524,327,525,335
4591,724,14964,516,348,357,292,479,359,508,361,562,381,549,382,561,395,564,382
4592,667,14908,429,263,272,217,401,271,425,281,472,312,460,304,474,296,471,303
4593,727,14938,498,344,320,273,445,319,490,344,524,344,521,338,520,356,532,353
4594,624,14831,428,299,277,228,396,290,417,282,459,324,455,329,467,327,462,321
4595,603,14899,426,294,273,223,399,287,418,291,466,325,445,313,467,323,472,320
4596,705,14868,485,320,319,249,426,297,475,330,525,352,510,347,523,348,529,342
4597,678,14781,470,313,337,280,443,322,477,313,500,337,492,351,500,334,503,327
4598,674,14985,482,320,307,257,430,306,463,320,521,346,495,332,514,344,512,337
4599,658,14791,462,285,308,238,417,270,457,292,490,302,481,308,486,289,504,295
4600,678,14912,497,323,317,273,456,326,490,343,522,362,512,360,517,359,526,348
4601,601,15059,423,296,292,245,398,292,432,296,448,323,438,323,455,313,458,315
4602,677,14880,449,295,303,231,414,294,447,290,506,336,484,332,507,333,510,336
4603,616,14835,426,284,306,250,397,290,422,291,474,316,449,318,478,304,479,314
4604,717,14884,512,342,345,284,470,338,500,333,549,360,529,348,549,354,560,363
4605,726,14985,473,307,318,250,439,309,468,294,535,347,510,325,527,330,544,343
4606,627,14914,456,313,307,255,410,288,442,294,479,330,467,324,481,330,476,326
4607,692,14620,473,320,312,249,451,312,471,323,518,344,512,347,521,332,522,332
4608,653,14662,469,291,316,256,430,305,469,314,491,346,493,348,494,331,496,339
4609,688,14925,446,275,304,250,420,291,459,301,494,318,490,319,497,311,498,315
4610,733,15024,531,354,342,270,476,334,509,330,558,369,550,368,563,383,568,372
4611,696,14632,498,322,344,276,455,330,482,325,519,362,509,360,525,364,523,356
4612,659,14986,461,317,289,234,399,281,448,313,491,327,480,321,481,318,501,321
4613,634,14872,400,258,277,237,378,264,405,268,457,307,450,303,457,300,459,296
4614,650,14788,456,288,296,232,401,289,451,300,490,335,466,303,484,320,498,322
4615,651,15214,473,316,319,253,437,313,478,323,509,348,497,337,507,342,517,343
4616,667,15027,462,323,309,267,434,330,466,325,502,350,492,339,505,340,512,351
4617,646,14895,431,294,270,220,399,277,428,292,480,347,459,319,481,329,490,339
4618,602,14950,407,285,283,234,393,286,391,275,422,301,425,279,421,296,428,290
4619,680,14985,476,284,308,246,425,280,465,302,493,317,489,318,491,301,492,309
4620,716,14958,498,327,310,234,438,296,487,324,536,360,524,357,537,351,539,350
4621,721,14944,494,329,324,267,463,341,481,328,547,362,524,361,540,351,553,353
4622,672,14769,480,324,326,272,434,315,462,316,511,353,503,337,506,337,515,347
4623,634,14856,449,292,312,261,402,286,436,301,475,319,470,309,469,315,473,300
4624,621,15095,415,266,275,222,391,297,424,278,456,311,449,313,461,313,463,308
4625,618,15009,426,288,265,221,373,260,403,277,459,321,456,298,454,324,460,318
4626,635,15062,436,284,295,230,399,278,438,302,470,321,469,324,465,321,474,320
4627,692,15036,471,338,339,276,430,308,479,340,503,350,503,351,503,341,503,340
4628,651,15163,447,319,299,238,417,293,436,303,469,315,461,307,470,308,480,315
4629,645,14875,449,297,300,232,406,288,446,296,475,313,475,321,474,310,475,310
4630,653,14689,437,280,293,222,393,268,428,280,478,295,474,306,480,282,477,287
4631,665,14705,463,300,305,244,409,298,440,290,487,307,480,310,481,312,486,308
4632,613,14836,436,279,299,251,396,286,420,285,460,313,460,316,453,302,462,299
4633,631,14850,429,280,287,232,397,297,429,289,466,317,443,290,458,302,468,309
4634,579,14951,412,277,301,254,375,287,402,289,439,315,425,312,435,309,441,309
4635,626,15013,435,279,299,244,397,269,427,294,464,319,457,334,470,315,467,316
4636,619,14987,441,291,289,222,429,288,447,293,485,310,470,310,488,310,486,308
4637,681,15015,497,299,329,257,449,312,485,307,528,352,528,346,529,334,530,346
4638,724,14965,493,328,325,269,472,338,490,329,524,371,517,354,530,361,535,365
4639,664,14845,458,311,308,257,407,289,462,312,503,354,499,341,499,340,503,345
4640,640,14854,424,292,287,234,395,278,419,291,464,318,455,320,459,311,466,313
4641,631,15000,454,289,294,236,409,289,440,299,481,319,467,321,483,313,484,314
4642,644,14980,452,293,324,262,420,306,444,304,465,320,482,335,473,318,482,317
4643,659,14801,449,279,285,218,404,272,442,281,480,313,475,314,488,308,488,305
4644,601,14639,445,313,285,229,397,288,434,296,458,318,452,318,454,315,458,313
4645,693,15050,467,319,299,250,412,309,452,306,489,333,490,328,488,326,495,331
4646,685,14764,461,314,316,252,423,308,456,317,499,348,494,335,497,336,502,331
4647,705,15066,497,326,290,240,434,297,470,316,530,352,517,348,528,345,536,347
4648,629,15102,420,299,295,248,392,277,427,299,446,315,451,309,450,311,461,317
4649,703,14975,477,304,320,250,437,299,476,311,523,343,496,340,520,339,525,337
4650,629,14743,440,284,288,251,409,296,443,304,486,320,477,302,479,314,484,308
4651,643,14776,458,297,294,245,411,285,434,294,481,317,477,331,473,321,481,313
4652,666,14865,432,291,312,249,426,319,430,305,483,336,466,328,478,339,490,329
4653,680,14903,474,326,311,253,441,321,453,310,496,335,497,344,501,327,500,324
4654,725,14933,485,341,314,250,452,314,494,325,531,358,515,353,531,358,535,344
4655,658,14787,442,299,292,244,417,300,430,297,471,319,470,317,481,329,477,314
4656,703,14957,501,329,326,270,477,351,494,335,547,378,539,375,548,364,547,365
4657,690,15010,468,287,310,246,437,316,472,320,514,335,495,329,513,331,524,340
4658,663,15140,460,307,301,247,420,310,449,304,493,342,487,322,495,335,501,335
4659,640,14801,439,279,311,253,407,302,429,294,482,313,465,295,481,316,489,306
4660,715,14837,496,315,350,267,465,316,501,329,525,332,519,333,524,330,540,326
4661,654,14966,457,309,306,243,416,300,449,301,503,331,489,335,500,328,510,320
4662,683,14802,465,300,318,252,417,284,457,301,502,326,493,322,494,318,504,319
4663,675,14994,471,317,292,236,436,301,452,301,484,325,473,328,474,320,486,315
4664,631,15006,453,302,299,243,419,291,449,309,494,342,479,341,487,334,497,338
4665,593,15083,418,278,254,207,386,275,403,281,444,311,438,300,438,289,445,301
4666,660,14917,454,306,313,258,444,317,456,312,510,342,493,333,508,335,518,333
4667,636,14858,420,263,259,207,400,267,424,280,476,311,464,308,473,302,477,303
4668,638,14670,439,277,297,236,408,288,438,295,488,328,466,336,487,322,487,317
4669,681,14801,477,339,312,254,438,307,462,328,511,362,502,369,507,338,517,357
4670,662,14712,469,291,311,243,451,321,460,311,508,343,499,340,506,335,515,331
4671,674,14820,488,303,319,260,441,305,475,314,515,343,510,343,506,337,520,336
4672,700,14996,470,314,336,270,443,316,468,313,505,331,500,335,511,323,499,312
4673,640,14722,429,297,280,234,399,284,424,291,456,309,451,304,456,288,466,303
4674,689,14804,477,331,330,275,450,322,473,351,503,357,502,342,503,360,508,338
4675,745,14893,483,315,307,245,450,298,472,302,536,341,528,327,521,324,534,332
4676,663,14653,475,321,307,260,441,322,456,334,516,348,507,345,517,356,516,346
4677,676,14708,448,314,293,245,415,307,448,309,492,327,477,324,500,322,504,333
4678,661,15200,473,301,314,247,431,302,468,307,498,336,486,328,500,338,511,338
4679,650,14927,454,297,329,265,428,318,437,300,480,334,473,325,473,329,486,326
4680,692,14754,453,298,294,225,406,286,461,313,510,341,500,348,502,336,515,342
4681,656,14868,464,309,305,239,429,301,458,296,507,326,500,330,503,320,507,324
4682,726,14920,486,316,324,262,469,330,495,327,543,357,535,359,533,345,551,348
4683,681,14697,482,311,359,291,460,333,488,327,497,337,496,330,510,332,510,333
4684,677,14855,482,320,289,240,435,306,453,322,513,345,498,331,520,340,516,345
4685,699,14972,466,289,310,251,438,303,466,320,522,339,504,345,517,348,522,332
4686,733,14871,499,311,332,267,480,337,503,331,555,352,537,364,545,346,561,346
4687,642,15040,459,302,294,241,402,298,449,314,490,331,479,317,501,337,499,333
4688,657,14893,454,299,282,235,419,298,442,305,486,336,486,335,489,333,486,334
4689,634,14882,454,301,297,252,401,292,455,313,487,330,472,321,481,323,474,318
4690,656,15013,445,287,280,237,412,287,427,288,476,305,477,302,468,305,484,298
4691,679,14929,489,332,307,260,431,316,471,329,511,351,504,365,510,345,512,347
4692,672,14846,457,294,316,254,432,307,458,295,516,336,500,327,509,325,511,319
4693,728,14740,518,359,339,270,476,324,512,345,540,359,527,366,547,355,548,354
4694,707,14856,483,315,309,244,463,333,477,308,526,355,515,345,528,340,536,357
4695,647,14942,450,298,291,238,407,293,440,309,493,319,479,330,478,309,503,322
4696,687,14827,461,298,312,244,429,315,466,308,511,330,499,319,506,337,515,335
4697,682,14918,479,303,310,255,452,314,466,304,503,316,500,325,499,312,503,308
4698,679,14740,486,326,311,251,446,328,495,312,534,364,513,345,529,344,537,350
4699,655,15044,461,285,288,231,411,280,455,298,478,309,479,312,481,307,485,306
4700,637,14926,463,304,299,245,423,311,449,300,487,330,474,324,486,322,499,325
4701,627,14798,445,305,311,242,407,280,435,297,474,330,476,332,469,318,476,327
4702,683,14816,469,315,300,234,423,302,457,314,501,337,481,323,492,333,506,346
4703,700,14749,504,315,319,261,451,301,481,303,546,343,529,336,537,330,549,335
4704,688,15044,475,317,318,254,447,319,458,310,525,355,505,332,517,343,531,351
4705,722,14982,493,335,339,273,453,322,473,332,522,358,518,349,525,353,525,354
4706,586,14944,399,264,277,234,365,248,392,268,432,284,427,288,438,285,438,280
4707,650,14647,455,304,301,239,409,290,456,311,488,330,491,348,484,323,493,326
4708,622,14759,425,255,254,211,382,262,420,275,466,307,456,305,460,306,465,302
4709,647,14911,459,301,270,218,398,283,449,301,469,312,456,314,471,311,479,306
4710,616,14933,442,308,280,228,391,295,440,304,470,332,455,319,469,318,480,331
4711,687,14801,462,300,313,236,437,291,465,297,510,327,497,331,511,323,517,323
4712,637,14892,445,271,289,239,386,269,427,272,461,297,458,292,452,292,471,288
4713,651,14870,434,302,291,237,413,298,448,299,476,314,473,312,479,318,482,314
4714,630,14730,463,306,309,243,429,290,453,296,490,341,480,325,493,330,499,337
4715,615,14795,425,276,282,223,380,275,427,286,453,295,438,299,457,298,454,291
4716,634,14779,448,285,291,226,410,286,426,278,474,301,471,325,469,300,474,303
4717,687,14733,489,326,321,255,448,305,473,314,529,346,500,331,520,343,531,333
4718,703,14945,469,322,336,265,439,315,466,315,504,333,499,340,513,331,503,330
4719,757,14873,526,342,330,269,468,341,506,339,577,371,549,360,577,372,588,370
4720,606,14726,418,275,274,226,371,264,417,284,434,311,429,312,433,308,433,300
4721,624,14765,428,296,288,233,399,300,433,303,467,314,449,314,468,302,476,307
4722,631,14739,460,284,314,250,406,276,459,293,494,319,482,323,478,295,495,301
4723,650,14952,445,306,305,248,385,276,431,310,473,312,446,302,466,310,471,307
4724,652,14887,444,273,310,260,411,289,454,305,484,318,479,326,469,307,479,296
4725,693,15028,463,307,322,262,421,310,476,329,504,345,495,343,506,332,513,334
4726,606,14948,400,246,260,213,356,245,402,259,437,285,431,286,442,283,441,282
4727,658,14959,445,304,290,244,434,303,438,294,498,322,493,334,502,318,503,314
4728,657,14784,459,315,296,257,423,299,453,307,482,319,486,333,487,321,489,317
4729,616,15064,431,288,274,227,385,289,415,286,463,322,450,320,455,306,470,311
4730,620,14777,438,311,324,267,397,297,425,298,463,319,456,312,454,313,470,325
4731,651,14960,435,285,294,234,397,288,418,279,475,313,463,313,473,294,476,297
4732,587,15063,422,275,279,217,375,259,414,285,447,296,447,297,445,294,451,290
4733,628,14749,423,277,277,217,392,287,420,289,464,314,449,301,459,307,469,310
4734,666,14905,442,302,296,235,425,307,434,295,480,322,467,313,466,306,481,310
4735,613,15060,428,298,289,237,396,292,423,296,453,331,437,325,454,315,457,328
4736,665,14881,447,296,283,229,412,299,434,284,484,317,462,294,488,324,494,318
4737,737,14863,505,329,340,272,469,335,505,331,549,353,534,342,543,357,552,359
4738,686,14853,450,293,290,223,431,300,452,298,511,322,492,307,504,318,515,322
4739,635,14884,430,277,315,240,401,290,426,287,469,303,455,309,468,306,469,298
4740,636,15038,441,281,265,213,404,286,435,288,473,317,465,313,485,320,476,314
4741,716,14845,496,345,337,274,463,330,486,328,531,381,514,368,529,354,541,375
4742,569,14891,388,263,254,209,351,250,379,255,410,276,417,294,413,271,412,273
4743,707,14700,508,326,352,281,461,325,519,351,551,340,541,353,541,346,551,328
4744,701,14747,510,338,304,258,456,309,500,324,531,360,535,342,538,357,532,354
4745,654,14727,478,301,301,251,436,302,477,320,515,335,511,342,518,323,528,323
4746,637,14983,439,316,311,249,408,292,433,305,460,331,454,328,449,310,465,323
4747,710,14702,483,323,288,229,428,295,483,318,524,339,509,357,522,349,527,337
4748,686,14823,464,310,299,243,435,305,467,301,510,344,503,345,512,324,509,330
4749,697,14975,476,309,314,259,434,303,464,317,522,341,516,353,522,335,530,330
4750,656,15004,451,299,277,222,395,284,441,295,487,329,463,301,472,316,495,327
4751,625,14881,464,309,318,260,434,307,458,312,492,333,479,334,489,319,500,321
4752,660,14944,455,299,315,257,423,297,460,308,490,325,475,320,484,316,489,317
4753,643,14950,452,299,275,218,410,288,432,291,492,337,473,335,484,334,491,332
4754,621,14901,434,287,282,243,422,324,432,307,466,332,454,320,474,336,478,324
4755,643,14952,444,304,310,261,418,304,437,311,472,332,476,338,477,319,487,327
4756,633,14991,452,299,299,250,424,292,455,304,477,313,472,306,477,312,479,313
4757,664,14943,463,297,300,240,413,287,460,299,495,311,492,308,487,303,502,308
4758,697,14893,487,314,314,249,470,329,488,330,532,355,517,347,530,358,541,357
4759,681,14748,459,296,312,250,411,287,456,296,495,329,478,324,502,327,501,326
4760,675,14981,475,321,300,247,431,323,459,305,515,345,508,345,501,343,526,345
4761,673,14742,479,315,311,259,448,327,482,325,520,356,510,354,514,343,520,348
4762,686,14890,450,302,317,254,424,313,445,301,475,315,473,313,480,316,486,325
4763,674,15030,479,331,342,270,445,329,464,322,507,344,493,331,510,340,516,342
4764,685,15103,491,323,321,261,439,312,464,305,514,360,510,349,513,350,519,360
4765,648,14827,447,304,299,246,415,296,435,293,486,328,467,331,488,324,485,318
4766,612,14954,438,274,280,232,395,278,426,286,483,326,464,311,483,310,488,316
4767,635,14951,436,300,304,248,408,301,420,299,477,333,465,321,471,333,479,327
4768,559,14943,410,277,262,213,374,268,391,268,413,295,412,276,424,290,418,290
4769,662,14902,477,316,287,225,418,294,457,302,489,327,482,326,496,325,495,317
4770,632,14754,446,292,318,253,416,301,443,304,489,336,481,336,493,337,495,328
4771,688,15019,475,314,304,256,440,306,461,319,491,337,494,348,487,326,499,320
4772,668,14843,467,307,305,247,424,288,452,303,498,336,488,341,504,327,513,334
4773,728,14944,486,303,324,263,459,331,483,334,541,366,523,351,532,360,544,351
4774,626,14758,410,262,267,218,378,268,414,276,453,300,449,293,450,289,463,291
4775,651,14974,449,295,277,214,397,272,433,298,467,316,465,319,471,318,471,311
4776,704,14929,490,316,314,247,453,319,479,308,531,347,519,337,533,343,538,346
4777,625,14979,475,321,312,258,399,288,452,321,487,338,479,327,484,331,489,333
4778,618,14873,443,305,308,259,396,292,433,303,471,335,466,318,466,314,473,327
4779,654,14884,469,298,296,234,413,269,468,311,493,323,489,324,498,326,493,313
4780,704,15040,457,309,289,226,417,288,455,308,501,350,494,349,507,339,512,345
4781,669,14852,480,332,296,250,426,305,448,310,500,342,485,349,507,336,514,342
4782,694,15079,476,317,316,263,455,308,488,317,526,350,517,353,525,348,532,349
4783,672,15039,472,320,314,256,430,315,454,316,506,351,492,337,506,346,509,344
4784,751,14650,505,323,330,258,452,309,497,329,550,372,533,372,552,380,567,375
4785,745,14943,500,320,328,263,451,306,497,318,549,353,534,348,546,338,554,343
4786,673,14937,469,296,310,250,426,307,459,306,491,314,489,312,491,321,501,311
4787,621,15024,440,295,306,247,419,308,431,285,476,323,477,321,471,318,479,318
4788,647,14856,444,282,282,225,435,300,443,298,490,320,480,319,477,307,488,311
4789,725,14775,458,300,294,239,430,298,448,298,509,338,499,334,503,324,510,328
4790,684,14954,485,322,330,272,452,317,477,318,519,355,509,362,523,344,528,348
4791,655,14983,467,291,339,258,423,311,459,322,498,337,493,353,496,331,493,323
4792,607,14679,446,288,285,236,398,279,423,280,468,311,466,305,477,312,465,296
4793,590,14784,439,261,280,228,380,261,423,270,451,288,435,276,444,285,459,288
4794,652,15080,471,321,322,271,436,316,452,308,503,333,501,350,500,333,511,320
4795,623,14674,445,321,294,238,396,288,448,328,475,340,465,344,472,325,476,322
4796,602,15006,423,305,279,234,375,282,416,303,450,313,439,308,436,308,452,300
4797,680,15021,475,313,303,250,419,288,466,321,491,325,487,351,489,324,493,320
4798,726,14754,501,332,311,248,458,328,484,309,545,361,530,356,540,357,547,351
4799,688,14874,476,286,310,250,465,302,472,302,504,330,504,325,507,324,508,318
4800,696,14757,469,310,304,238,450,305,468,309,518,345,518,341,517,339,519,338
4801,593,14942,393,261,294,241,382,289,395,279,448,303,434,302,432,282,451,289
4802,722,14773,479,308,275,230,436,299,466,296,522,348,510,340,516,340,528,345
4803,618,14921,424,261,286,231,386,270,424,269,453,301,435,289,453,292,450,290
4804,663,14959,473,334,313,272,423,310,457,322,501,356,501,358,501,358,506,351
4805,716,14749,496,329,323,259,458,328,496,334,548,372,538,370,554,376,552,366
4806,652,15070,454,297,316,251,432,315,441,306,481,321,469,323,483,318,491,321
4807,657,14908,449,295,295,246,415,304,449,317,500,340,483,325,488,321,504,334
4808,636,14945,444,307,302,250,417,303,439,315,481,332,469,335,480,325,490,327
4809,715,15177,478,325,339,281,451,333,489,340,522,381,519,365,520,350,525,363
4810,617,14904,423,275,290,243,397,286,411,275,435,290,439,289,436,283,440,289
4811,663,14953,463,287,313,246,413,290,460,302,509,333,500,336,504,321,504,316
4812,626,14717,415,288,315,253,411,303,439,303,475,310,466,312,470,286,472,301
4813,701,14582,485,319,314,261,445,319,458,306,511,346,508,332,514,342,517,336
4814,650,15079,457,304,309,247,423,296,448,305,479,318,473,325,483,324,489,324
4815,652,14834,462,302,298,239,420,286,449,291,484,323,486,333,482,304,489,312
4816,674,14981,455,304,303,250,410,301,443,295,473,329,465,331,483,317,481,329
4817,671,14794,437,287,294,230,401,286,448,313,486,325,468,309,489,310,493,317
4818,606,14862,427,283,278,228,404,302,420,289,469,319,461,308,469,314,468,311
4819,667,14832,452,278,292,238,426,295,460,291,501,323,489,323,500,308,511,318
4820,666,14719,471,318,318,257,436,311,469,325,514,355,505,349,510,355,514,354
4821,712,14871,501,321,337,281,453,334,482,319,524,340,519,354,518,334,534,340
4822,642,15268,454,312,298,237,415,299,441,301,476,317,463,315,474,315,473,311
4823,685,15007,481,321,327,282,447,324,471,319,521,346,508,349,518,341,525,341
4824,729,14927,503,339,317,270,454,322,482,323,543,367,532,376,536,352,549,351
4825,699,15072,486,314,309,249,447,312,481,318,510,328,503,342,520,336,530,330
4826,644,14750,444,271,253,201,396,267,417,269,469,294,467,295,475,304,481,294
4827,638,14756,431,278,291,238,390,270,438,291,460,306,451,310,469,311,471,309
4828,712,14682,486,321,327,266,477,342,491,337,529,351,519,352,526,349,541,343
4829,670,14981,451,293,291,242,402,283,430,292,462,323,464,329,464,318,469,317
4830,663,14965,468,315,297,250,427,298,455,318,504,343,490,335,502,330,511,337
4831,639,14932,428,291,309,245,385,286,427,299,448,309,449,299,446,312,454,316
4832,617,14787,430,272,279,221,390,275,436,284,461,311,465,327,462,300,464,301
4833,655,14725,455,299,263,212,413,285,439,286,481,324,478,314,487,323,490,322
4834,629,14888,438,286,320,270,413,321,443,300,481,325,466,319,479,313,476,312
4835,738,14747,500,336,355,287,458,323,493,338,521,359,529,369,528,348,534,353
4836,645,15027,465,314,303,262,430,301,467,317,506,336,490,332,497,334,505,332
4837,691,14834,509,329,359,288,480,352,501,335,538,360,517,344,528,343,547,355
4838,627,14987,428,281,312,249,411,291,434,307,463,319,467,337,462,314,470,317
4839,682,14795,470,304,303,241,415,294,455,288,491,330,490,323,500,327,498,326
4840,708,14937,471,320,305,250,433,297,444,302,499,339,495,351,494,322,503,329
4841,606,14824,409,274,290,244,371,288,393,278,438,306,429,301,437,297,441,289
4842,675,14995,461,309,330,266,418,296,454,319,499,331,489,335,500,333,499,329
4843,635,14953,428,279,270,216,391,278,418,275,458,310,443,299,454,305,461,300
4844,676,15076,428,281,287,226,418,296,442,288,480,327,469,324,476,330,479,321
4845,671,14888,467,314,305,250,442,312,463,319,513,341,494,322,505,339,510,326
4846,645,15043,463,325,299,259,422,313,459,321,483,357,474,352,484,355,483,342
4847,669,14886,468,315,304,238,427,306,441,301,507,337,492,317,501,326,511,333
4848,712,14774,492,318,342,271,462,325,492,325,526,363,533,365,527,355,534,353
4849,630,14839,453,296,335,277,417,300,455,306,469,323,470,306,471,306,479,312
4850,658,14927,471,304,302,247,417,291,442,304,497,302,487,314,502,304,505,302
4851,681,15005,465,314,311,261,430,308,466,321,502,348,493,340,506,331,512,342
4852,694,14776,475,308,317,254,454,319,466,323,520,351,500,338,520,337,528,340
4853,677,14918,454,290,307,242,426,312,445,308,490,317,479,328,475,312,494,315
4854,689,14761,498,311,338,279,480,326,489,329,534,344,519,344,525,345,534,328
4855,675,14866,488,303,309,255,432,309,482,325,518,345,509,345,518,339,525,342
4856,726,14926,510,332,330,263,476,343,502,343,558,375,541,373,539,361,563,370
4857,668,14907,472,306,303,254,424,303,469,312,489,324,483,307,491,321,501,319
4858,655,14933,460,298,306,239,422,294,450,286,471,327,467,316,481,313,480,317
4859,688,14968,486,326,300,247,436,306,468,311,511,348,500,351,516,346,521,345
4860,671,14775,448,303,283,222,405,280,425,285,483,324,478,322,486,319,498,323
4861,701,14831,484,318,320,270,436,334,461,328,511,360,493,364,506,342,529,360
4862,629,14995,447,298,296,240,410,292,431,287,459,310,466,309,468,314,471,307
4863,669,14875,450,304,325,264,424,305,446,315,490,328,484,331,471,309,488,316
4864,634,14834,418,297,281,224,396,280,415,290,456,322,460,335,456,311,461,321
4865,687,14927,475,314,316,261,437,316,469,318,515,353,500,344,518,347,518,335
4866,661,14769,438,302,319,257,424,303,444,314,484,333,478,321,480,328,491,324
4867,673,14801,446,283,295,233,397,290,439,295,492,324,477,314,488,323,507,332
4868,695,14819,481,320,319,256,464,328,472,310,524,353,518,343,524,344,527,350
4869,715,15043,484,297,300,247,450,308,478,322,531,354,526,352,534,342,534,339
4870,588,14703,414,263,237,190,379,252,396,259,435,284,425,279,450,285,437,283
4871,660,14734,439,299,279,229,402,284,426,298,476,327,477,319,481,315,485,320
4872,676,14949,466,322,297,254,423,309,445,313,489,353,486,341,496,345,495,348
4873,708,14677,473,295,303,241,434,311,463,303,511,341,487,335,512,336,511,332
4874,625,14891,441,312,294,249,405,315,435,316,473,327,473,328,475,333,475,323
4875,695,14902,489,325,302,250,438,300,473,326,518,335,508,319,508,336,523,332
4876,727,14714,525,338,348,277,495,348,501,330,556,350,537,344,553,341,547,342
4877,675,14804,475,301,295,234,454,315,466,292,512,334,503,323,520,337,517,333
4878,627,15101,445,294,282,236,393,285,429,297,490,329,471,309,481,337,488,325
4879,597,14826,424,266,274,229,395,271,406,278,452,294,439,298,445,291,457,284
4880,676,14914,451,305,329,249,431,308,459,318,504,340,487,331,488,316,508,327
4881,686,14601,479,314,324,260,438,330,469,319,498,346,489,346,511,350,519,355
4882,720,15063,478,331,291,241,449,313,481,323,514,352,502,347,507,359,520,347
4883,689,14732,499,343,325,265,434,292,481,327,527,343,510,332,523,336,540,350
4884,733,14860,495,324,358,287,466,345,500,328,528,363,522,356,537,361,540,368
4885,705,14965,502,339,329,265,458,322,487,326,535,348,510,340,544,344,542,338
4886,658,14769,482,327,324,258,439,303,480,334,515,347,497,328,515,334,520,338
4887,668,14737,478,306,312,243,433,304,457,292,501,320,481,323,511,315,507,325
4888,646,14916,447,283,295,244,428,310,440,294,497,322,486,315,499,328,494,319
4889,621,14899,426,278,294,236,407,295,422,288,468,331,463,324,469,313,474,318
4890,579,14718,395,269,268,217,358,269,392,276,425,298,417,302,424,295,433,294
4891,694,15017,496,325,287,238,439,304,490,318,531,343,513,351,531,344,530,337
4892,676,14778,467,305,315,250,432,289,451,291,482,316,475,315,485,299,491,309
4893,667,14890,452,320,296,245,434,307,436,301,490,341,481,333,485,331,488,328
4894,681,15095,465,327,329,285,427,322,453,321,489,350,470,335,484,335,503,345
4895,682,14854,459,297,316,248,425,301,439,291,496,324,485,332,497,318,504,312
4896,674,14884,469,300,312,252,442,312,460,307,503,348,490,339,505,336,517,337
4897,642,15034,435,291,309,243,417,306,424,290,467,314,464,326,468,311,466,303
4898,641,15211,470,316,317,248,431,299,463,303,509,332,488,328,501,335,509,327
4899,659,14771,465,307,303,245,406,289,437,308,490,331,475,318,492,318,494,325
4900,584,14940,406,266,267,224,384,275,407,281,442,314,433,320,444,301,447,305
4901,720,14811,514,342,325,255,471,320,490,333,545,364,539,358,540,360,539,355
4902,625,14980,425,268,287,229,398,286,405,276,458,310,440,292,464,294,465,305
4903,667,14949,458,297,309,261,403,300,447,312,483,327,476,335,483,321,493,332
4904,704,14870,491,331,321,253,451,324,475,313,525,352,514,339,537,345,530,350
4905,623,14987,421,280,297,243,380,282,419,302,443,316,452,323,451,313,444,311
4906,618,14940,426,281,265,207,405,287,427,284,471,320,457,312,462,317,476,317
4907,672,14960,456,296,301,251,425,311,439,297,487,334,492,343,491,335,490,321
4908,733,14899,504,326,346,291,460,328,508,344,550,382,537,372,538,363,546,367
4909,663,15006,458,292,297,245,426,301,458,295,511,337,497,347,505,331,521,337
4910,631,14649,467,305,303,248,435,303,471,322,504,349,489,340,495,348,506,341
4911,698,14809,488,327,298,235,446,323,470,313,522,353,522,353,530,347,528,340
4912,599,14943,411,291,285,237,360,265,401,291,425,296,422,291,426,288,431,291
4913,719,14928,495,332,335,276,453,327,478,329,539,370,529,361,541,354,541,359
4914,698,14937,477,326,328,275,449,312,484,332,525,357,508,349,521,361,518,344
4915,652,15068,466,315,316,263,428,322,461,320,486,335,460,316,489,328,493,328
4916,607,14766,401,277,273,228,383,282,406,274,430,285,429,282,436,285,434,281
4917,616,14911,434,295,304,257,387,298,432,316,462,329,458,333,455,324,470,334
4918,649,14739,467,318,307,253,411,302,434,299,498,336,485,334,497,325,497,330
4919,607,14977,403,277,265,214,398,283,418,298,457,308,453,307,453,313,458,300
4920,657,14840,435,291,285,232,407,291,439,306,475,328,472,330,477,327,485,320
4921,651,14778,452,305,318,258,433,312,460,323,489,340,488,336,489,330,495,331
4922,657,14735,448,298,321,253,399,291,454,301,493,338,498,354,492,321,490,327
4923,675,14972,475,316,304,237,429,304,474,319,518,339,496,339,503,329,518,339
4924,676,14974,461,286,316,248,429,300,443,291,511,341,498,331,506,325,506,319
4925,703,15066,497,311,330,265,462,313,488,329,527,346,527,351,526,341,537,337
4926,613,14894,424,273,257,208,376,252,412,278,463,303,450,302,462,302,467,302
4927,650,14983,462,312,319,257,418,293,447,304,485,326,483,327,483,322,489,313
4928,731,14883,502,333,347,275,482,366,492,339,527,376,526,366,537,374,532,368
4929,679,14914,481,325,346,290,453,328,474,327,501,347,501,349,502,333,509,340
4930,623,14911,414,271,294,240,392,292,416,294,451,303,451,301,446,303,450,297
4931,746,14860,525,339,354,287,469,314,505,337,556,365,545,361,552,344,565,354
4932,673,14839,467,294,294,232,424,288,454,290,495,330,495,339,496,329,496,328
4933,684,14914,475,312,322,273,450,318,470,325,521,352,507,336,521,349,518,342
4934,604,15080,434,280,285,221,397,268,421,280,453,308,443,301,450,295,454,302
4935,676,14798,467,301,290,232,434,303,460,304,507,335,492,318,507,332,512,324
4936,706,14911,477,325,324,262,452,317,478,324,505,346,502,343,512,343,514,342
4937,672,14839,452,293,327,269,423,298,464,320,482,322,478,324,480,323,485,322
4938,686,15133,453,314,313,266,441,318,458,299,506,335,490,306,508,335,513,324
4939,654,14844,451,285,284,229,416,281,448,284,485,322,481,335,488,315,493,309
4940,620,14770,457,291,266,217,406,285,425,290,459,310,455,304,461,315,462,302
4941,705,14873,498,315,295,233,465,315,483,320,545,364,521,341,539,356,557,359
4942,632,15197,455,278,274,220,391,273,431,264,477,303,459,305,469,290,477,301
4943,709,14859,468,331,337,273,448,327,487,345,515,353,508,349,506,341,514,353
4944,726,14962,505,339,331,255,461,326,491,341,533,361,522,361,532,357,544,356
4945,653,14881,449,303,299,241,416,312,445,309,481,338,479,344,472,329,482,331
4946,605,14807,420,272,281,230,386,281,411,280,455,326,452,329,450,300,463,312
4947,657,14805,486,305,286,228,436,305,440,292,501,340,488,330,494,327,512,328
4948,673,14835,454,305,299,246,440,317,443,289,498,339,493,346,489,328,505,337
4949,712,14933,478,298,289,225,440,279,465,282,531,324,518,326,528,321,539,320
4950,694,14944,456,305,307,236,418,304,467,312,492,341,503,341,496,329,499,337
4951,683,14723,500,324,314,260,462,328,483,331,534,347,528,347,529,353,536,334
4952,627,14809,428,294,293,240,389,288,415,295,458,326,442,310,447,315,459,323
4953,680,14749,484,324,309,253,434,302,483,325,503,337,490,337,516,344,513,336
4954,642,14978,448,302,286,232,421,293,447,310,489,332,481,333,489,314,503,324
4955,767,14838,522,359,340,287,493,358,519,353,561,393,550,401,555,397,561,390
4956,709,14950,481,326,295,242,449,309,484,328,514,338,506,330,523,349,524,338
4957,663,15113,467,316,311,258,432,308,454,327,504,343,487,331,499,333,502,339
4958,647,15186,445,296,268,227,405,281,448,299,475,322,467,314,486,322,483,324
4959,668,14998,455,292,314,237,427,309,467,305,484,319,473,330,488,311,493,314
4960,668,14878,456,289,305,247,418,298,442,302,489,333,476,317,485,323,500,333
4961,740,14936,504,322,328,256,472,320,500,317,553,349,529,344,555,335,556,350
4962,632,14872,462,317,303,248,423,302,439,305,476,313,479,331,478,312,483,310
4963,597,14970,447,282,291,229,421,303,426,294,464,324,473,335,474,313,475,315
4964,744,14844,498,365,319,248,458,327,500,361,539,396,510,365,534,379,542,386
4965,647,14938,441,288,314,257,397,267,429,287,487,322,473,322,489,299,488,312
4966,724,14921,492,319,291,227,446,299,467,313,535,361,523,350,530,351,541,355
4967,758,15157,540,352,335,280,501,365,527,355,563,389,546,379,560,387,568,380
4968,667,14766,443,293,274,219,398,272,432,286,489,326,481,323,484,319,489,323
4969,694,14860,454,301,318,256,434,321,463,308,513,338,478,312,505,332,518,337
4970,673,14637,445,284,313,246,412,293,460,309,503,321,485,332,484,314,504,320
4971,704,14878,494,319,321,257,450,315,506,334,540,363,531,358,543,362,543,357
4972,652,14810,454,306,315,251,438,315,455,310,479,333,475,334,484,336,484,323
4973,692,14541,467,300,287,237,450,305,454,300,512,348,511,347,510,336,516,342
4974,700,14914,462,303,304,247,435,308,476,317,515,340,505,334,508,333,515,334
4975,621,14998,432,276,310,251,394,296,429,292,462,309,456,307,462,296,469,306
4976,680,14886,449,289,288,227,421,299,443,288,492,320,484,303,491,316,494,316
4977,671,14973,470,310,319,257,441,297,467,305,511,327,491,334,504,319,522,325
4978,702,14837,515,349,348,285,465,333,509,344,532,360,526,365,539,360,550,362
4979,654,14881,469,304,330,267,427,312,456,309,490,329,489,324,495,322,494,316
4980,680,14928,450,287,297,244,429,310,437,291,484,307,467,306,471,293,493,302
4981,691,14907,501,316,279,238,446,313,478,315,537,356,536,363,528,347,542,352
4982,675,15032,464,288,289,235,410,276,447,293,495,312,487,315,495,299,491,300
4983,707,14911,491,317,328,261,455,316,473,320,527,344,520,341,519,344,525,339
4984,590,15150,417,275,263,228,365,263,402,288,449,309,444,302,446,295,455,305
4985,650,14710,476,300,286,223,422,284,454,286,490,332,489,334,495,337,500,328
4986,649,15051,451,297,287,244,412,308,445,303,486,334,464,329,485,313,493,330
4987,607,15200,421,276,289,234,395,284,426,289,470,321,459,310,457,312,475,315
4988,672,14792,463,292,305,236,436,300,455,302,499,319,497,315,499,315,500,318
4989,628,15116,427,290,309,239,396,289,419,294,455,324,463,316,460,302,469,324
4990,644,14759,434,313,285,227,395,284,428,302,471,334,462,311,471,325,481,335
4991,611,14619,418,278,272,228,396,277,414,284,448,304,455,306,458,301,456,299
4992,634,15153,439,298,303,238,403,284,437,293,475,318,471,317,487,317,480,317
4993,616,14925,439,282,283,216,402,286,413,273,478,322,473,321,477,308,480,314
4994,627,14948,441,301,275,236,402,287,436,298,474,326,467,340,476,315,475,310
4995,704,14878,498,341,314,264,440,306,472,337,507,349,502,347,506,347,520,351
4996,653,14760,452,315,307,255,414,312,438,314,486,341,480,327,483,329,495,333
4997,665,14900,431,298,317,257,408,302,436,311,477,326,467,313,468,325,485,331
4998,673,14941,453,299,276,233,432,308,460,296,501,332,483,315,498,319,498,330
4999,710,14760,466,312,309,249,454,330,486,313,532,348,510,338,526,341,536,346
