bootstrap_draw,total_event_copies,multi_horizon_captured_events,matched_60_day_base_captured_events,event_coverage_difference
0,778,294,303,-0.0115681233933161
1,630,243,247,-0.0063492063492063
2,727,287,286,0.0013755158184319
3,655,256,262,-0.0091603053435114
4,805,287,307,-0.0248447204968944
5,646,260,265,-0.0077399380804953
6,662,250,254,-0.0060422960725075
7,739,274,281,-0.0094722598105548
8,750,301,304,-0.004
9,671,265,274,-0.0134128166915052
10,626,243,247,-0.0063897763578274
11,704,281,291,-0.0142045454545454
12,698,259,276,-0.0243553008595988
13,706,264,267,-0.0042492917847025
14,670,242,256,-0.0208955223880597
15,723,287,300,-0.0179806362378976
16,734,279,290,-0.0149863760217983
17,650,259,264,-0.0076923076923076
18,757,279,293,-0.0184940554821664
19,616,236,244,-0.0129870129870129
20,732,270,278,-0.0109289617486338
21,687,251,268,-0.024745269286754
22,667,263,272,-0.0134932533733133
23,697,265,273,-0.0114777618364418
24,646,264,272,-0.0123839009287925
25,711,280,291,-0.0154711673699015
26,702,268,279,-0.0156695156695156
27,658,244,263,-0.0288753799392097
28,671,250,262,-0.0178837555886736
29,685,235,252,-0.0248175182481751
30,698,261,271,-0.0143266475644699
31,796,298,313,-0.0188442211055276
32,646,265,271,-0.0092879256965944
33,754,290,302,-0.0159151193633952
34,748,284,289,-0.0066844919786096
35,629,230,240,-0.0158982511923688
36,767,276,288,-0.0156453715775749
37,705,282,295,-0.0184397163120567
38,719,282,293,-0.015299026425591
39,678,240,251,-0.0162241887905604
40,677,282,288,-0.0088626292466765
41,674,252,259,-0.0103857566765578
42,704,264,272,-0.0113636363636363
43,657,260,268,-0.0121765601217656
44,690,263,273,-0.0144927536231884
45,674,265,270,-0.0074183976261127
46,705,261,264,-0.0042553191489361
47,795,320,333,-0.0163522012578616
48,678,268,282,-0.0206489675516224
49,722,278,281,-0.0041551246537396
50,679,259,273,-0.0206185567010309
51,643,247,248,-0.0015552099533437
52,640,251,266,-0.0234375
53,739,277,291,-0.0189445196211096
54,736,280,294,-0.0190217391304347
55,739,273,283,-0.013531799729364
56,745,284,288,-0.0053691275167785
57,651,283,286,-0.0046082949308755
58,663,269,272,-0.004524886877828
59,700,266,275,-0.0128571428571428
60,750,267,270,-0.004
61,598,222,227,-0.0083612040133779
62,654,259,266,-0.010703363914373
63,684,251,259,-0.0116959064327485
64,649,256,255,0.0015408320493066
65,788,292,305,-0.016497461928934
66,711,263,275,-0.0168776371308016
67,790,305,310,-0.0063291139240506
68,725,275,280,-0.0068965517241379
69,604,232,250,-0.0298013245033112
70,691,263,273,-0.0144717800289435
71,712,281,286,-0.0070224719101123
72,674,261,268,-0.0103857566765578
73,597,236,239,-0.0050251256281407
74,746,252,269,-0.0227882037533512
75,677,233,238,-0.0073855243722304
76,692,282,290,-0.0115606936416184
77,732,292,310,-0.0245901639344262
78,710,275,287,-0.0169014084507042
79,669,270,278,-0.0119581464872944
80,650,261,271,-0.0153846153846153
81,691,267,283,-0.0231548480463096
82,721,277,283,-0.0083217753120665
83,697,273,279,-0.0086083213773314
84,682,286,288,-0.002932551319648
85,697,263,263,0.0
86,611,233,243,-0.0163666121112929
87,712,266,278,-0.0168539325842696
88,726,268,276,-0.0110192837465564
89,738,312,324,-0.016260162601626
90,726,280,289,-0.012396694214876
91,674,252,254,-0.0029673590504451
92,771,287,292,-0.0064850843060959
93,729,281,292,-0.0150891632373113
94,670,255,263,-0.0119402985074626
95,634,266,271,-0.0078864353312302
96,617,257,265,-0.012965964343598
97,703,268,276,-0.011379800853485
98,675,279,282,-0.0044444444444444
99,670,251,263,-0.017910447761194
100,775,294,304,-0.0129032258064516
101,686,258,265,-0.010204081632653
102,713,272,283,-0.0154277699859747
103,723,302,316,-0.0193637621023513
104,812,317,322,-0.0061576354679802
105,683,272,287,-0.0219619326500732
106,727,264,272,-0.0110041265474552
107,652,259,268,-0.013803680981595
108,708,255,268,-0.0183615819209039
109,733,271,288,-0.0231923601637107
110,731,295,305,-0.0136798905608755
111,693,267,269,-0.0028860028860028
112,697,258,262,-0.0057388809182209
113,764,306,308,-0.0026178010471204
114,735,294,311,-0.0231292517006802
115,667,256,268,-0.0179910044977511
116,722,261,272,-0.0152354570637119
117,678,267,280,-0.0191740412979351
118,657,256,257,-0.0015220700152207
119,707,282,285,-0.0042432814710042
120,642,253,262,-0.014018691588785
121,711,262,274,-0.0168776371308016
122,766,301,302,-0.0013054830287206
123,748,298,306,-0.0106951871657754
124,627,251,266,-0.0239234449760765
125,755,292,308,-0.0211920529801324
126,723,254,266,-0.0165975103734439
127,707,252,259,-0.0099009900990099
128,747,274,290,-0.0214190093708166
129,657,252,256,-0.0060882800608828
130,587,225,234,-0.0153321976149914
131,679,250,260,-0.0147275405007363
132,811,306,310,-0.0049321824907521
133,768,299,297,0.0026041666666666
134,602,238,242,-0.0066445182724252
135,602,223,234,-0.0182724252491694
136,707,278,284,-0.0084865629420084
137,738,282,292,-0.013550135501355
138,776,295,307,-0.0154639175257731
139,675,255,264,-0.0133333333333333
140,703,270,280,-0.0142247510668563
141,690,262,280,-0.0260869565217391
142,732,263,269,-0.0081967213114754
143,745,294,307,-0.0174496644295302
144,663,257,264,-0.0105580693815987
145,714,269,280,-0.0154061624649859
146,653,241,255,-0.0214395099540581
147,603,231,245,-0.0232172470978441
148,611,221,235,-0.0229132569558101
149,696,263,271,-0.0114942528735632
150,699,276,281,-0.0071530758226037
151,609,224,232,-0.0131362889983579
152,745,284,287,-0.0040268456375838
153,784,300,315,-0.0191326530612244
154,672,251,258,-0.0104166666666666
155,651,268,276,-0.0122887864823348
156,642,235,244,-0.014018691588785
157,711,282,287,-0.0070323488045007
158,676,267,263,0.0059171597633136
159,680,251,261,-0.0147058823529411
160,685,257,264,-0.0102189781021897
161,707,264,271,-0.0099009900990099
162,674,261,279,-0.0267062314540059
163,678,266,272,-0.0088495575221238
164,741,293,301,-0.0107962213225371
165,740,274,282,-0.0108108108108108
166,664,240,249,-0.0135542168674698
167,676,273,283,-0.014792899408284
168,708,265,280,-0.0211864406779661
169,796,295,302,-0.0087939698492462
170,729,269,275,-0.0082304526748971
171,720,290,301,-0.0152777777777777
172,698,266,277,-0.0157593123209169
173,638,265,279,-0.0219435736677116
174,728,295,307,-0.0164835164835164
175,681,272,281,-0.013215859030837
176,679,249,262,-0.0191458026509572
177,702,289,300,-0.0156695156695156
178,731,272,277,-0.0068399452804377
179,661,267,277,-0.0151285930408472
180,700,293,303,-0.0142857142857142
181,743,253,274,-0.0282637954239569
182,654,256,270,-0.0214067278287461
183,704,250,270,-0.0284090909090909
184,720,252,256,-0.0055555555555555
185,675,270,275,-0.0074074074074074
186,813,303,314,-0.013530135301353
187,694,265,267,-0.0028818443804034
188,693,256,270,-0.0202020202020202
189,750,267,276,-0.012
190,684,268,272,-0.0058479532163742
191,688,270,277,-0.0101744186046511
192,635,235,251,-0.0251968503937007
193,701,270,278,-0.0114122681883024
194,704,258,270,-0.0170454545454545
195,619,246,249,-0.0048465266558966
196,712,277,288,-0.0154494382022471
197,727,269,276,-0.0096286107290233
198,709,267,279,-0.0169252468265162
199,752,275,286,-0.014627659574468
200,724,271,274,-0.0041436464088397
201,774,287,292,-0.0064599483204134
202,699,251,253,-0.0028612303290414
203,790,287,298,-0.0139240506329113
204,673,246,258,-0.0178306092124814
205,689,270,273,-0.0043541364296081
206,673,243,254,-0.0163447251114413
207,720,273,281,-0.0111111111111111
208,692,258,272,-0.0202312138728323
209,659,274,283,-0.0136570561456752
210,688,263,272,-0.0130813953488372
211,686,269,270,-0.0014577259475218
212,700,282,294,-0.0171428571428571
213,751,305,311,-0.0079893475366178
214,718,251,263,-0.0167130919220055
215,734,294,306,-0.0163487738419618
216,728,289,300,-0.0151098901098901
217,627,242,250,-0.0127591706539074
218,720,258,261,-0.0041666666666666
219,656,227,241,-0.0213414634146341
220,754,284,290,-0.0079575596816976
221,749,264,268,-0.0053404539385847
222,694,271,280,-0.0129682997118155
223,767,291,292,-0.0013037809647979
224,718,287,290,-0.0041782729805013
225,677,253,258,-0.0073855243722304
226,690,273,284,-0.0159420289855072
227,685,260,275,-0.0218978102189781
228,680,244,252,-0.0117647058823529
229,685,254,270,-0.0233576642335766
230,728,274,275,-0.0013736263736263
231,726,252,257,-0.0068870523415977
232,666,243,252,-0.0135135135135135
233,773,295,302,-0.0090556274256144
234,676,240,252,-0.0177514792899408
235,721,268,280,-0.0166435506241331
236,790,276,285,-0.0113924050632911
237,701,270,286,-0.0228245363766048
238,736,271,280,-0.0122282608695652
239,628,239,248,-0.0143312101910828
240,663,267,266,0.0015082956259426
241,767,319,330,-0.014341590612777
242,679,251,260,-0.0132547864506627
243,613,239,248,-0.0146818923327895
244,690,259,259,0.0
245,870,311,324,-0.0149425287356321
246,694,268,283,-0.0216138328530259
247,625,233,237,-0.0064
248,774,302,316,-0.0180878552971576
249,720,285,296,-0.0152777777777777
250,739,263,275,-0.0162381596752368
251,773,282,301,-0.0245795601552393
252,747,269,280,-0.0147255689424364
253,702,290,294,-0.0056980056980056
254,648,223,228,-0.007716049382716
255,667,241,259,-0.0269865067466266
256,700,280,291,-0.0157142857142857
257,675,240,252,-0.0177777777777777
258,645,256,262,-0.0093023255813953
259,652,230,246,-0.0245398773006134
260,772,285,300,-0.0194300518134715
261,657,270,269,0.0015220700152207
262,662,251,258,-0.0105740181268882
263,702,263,265,-0.0028490028490028
264,675,236,253,-0.0251851851851851
265,702,256,271,-0.0213675213675213
266,623,255,266,-0.0176565008025682
267,711,260,276,-0.0225035161744022
268,618,235,241,-0.0097087378640776
269,741,273,285,-0.0161943319838056
270,644,238,250,-0.0186335403726708
271,634,253,260,-0.0110410094637223
272,647,236,242,-0.0092735703245749
273,701,286,289,-0.0042796005706134
274,705,298,305,-0.0099290780141843
275,709,263,279,-0.0225669957686882
276,664,253,267,-0.0210843373493975
277,638,246,251,-0.0078369905956112
278,710,284,294,-0.0140845070422535
279,691,267,283,-0.0231548480463096
280,660,287,292,-0.0075757575757575
281,805,294,300,-0.0074534161490683
282,780,290,300,-0.0128205128205128
283,691,261,270,-0.0130246020260492
284,786,296,307,-0.0139949109414758
285,681,262,264,-0.0029368575624082
286,685,285,298,-0.018978102189781
287,630,236,239,-0.0047619047619047
288,712,258,271,-0.0182584269662921
289,671,248,255,-0.0104321907600596
290,674,270,278,-0.0118694362017804
291,749,263,276,-0.0173564753004005
292,632,221,236,-0.0237341772151898
293,638,218,221,-0.0047021943573667
294,705,291,292,-0.001418439716312
295,732,282,293,-0.0150273224043715
296,719,259,266,-0.0097357440890125
297,608,235,244,-0.0148026315789473
298,615,233,238,-0.008130081300813
299,718,293,295,-0.0027855153203342
300,644,243,254,-0.0170807453416149
301,593,219,229,-0.0168634064080944
302,639,247,253,-0.0093896713615023
303,654,251,266,-0.0229357798165137
304,748,283,298,-0.0200534759358288
305,744,279,280,-0.0013440860215053
306,734,265,272,-0.0095367847411444
307,659,236,249,-0.0197268588770864
308,685,259,267,-0.0116788321167883
309,716,272,282,-0.0139664804469273
310,734,265,271,-0.0081743869209809
311,704,255,270,-0.0213068181818181
312,621,245,259,-0.0225442834138486
313,740,282,283,-0.0013513513513513
314,724,267,284,-0.0234806629834254
315,718,272,275,-0.0041782729805013
316,714,255,268,-0.0182072829131652
317,693,287,297,-0.0144300144300144
318,640,250,267,-0.0265625
319,607,243,248,-0.0082372322899505
320,670,286,293,-0.0104477611940298
321,665,295,299,-0.0060150375939849
322,706,266,277,-0.0155807365439093
323,671,243,259,-0.0238450074515648
324,642,248,246,0.0031152647975077
325,632,254,262,-0.0126582278481012
326,648,241,247,-0.0092592592592592
327,769,283,294,-0.0143042912873862
328,742,320,326,-0.0080862533692722
329,617,236,245,-0.0145867098865478
330,644,254,263,-0.0139751552795031
331,741,273,286,-0.0175438596491228
332,725,298,308,-0.0137931034482758
333,658,238,242,-0.0060790273556231
334,755,272,283,-0.014569536423841
335,638,249,259,-0.0156739811912225
336,808,309,327,-0.0222772277227722
337,848,313,316,-0.0035377358490566
338,711,269,277,-0.0112517580872011
339,658,248,254,-0.0091185410334346
340,712,261,271,-0.0140449438202247
341,891,327,342,-0.0168350168350168
342,752,295,307,-0.0159574468085106
343,672,242,247,-0.0074404761904761
344,687,269,274,-0.007278020378457
345,689,263,269,-0.0087082728592162
346,735,263,280,-0.0231292517006802
347,690,250,253,-0.0043478260869565
348,694,286,293,-0.0100864553314121
349,743,279,288,-0.0121130551816958
350,700,276,283,-0.01
351,731,278,293,-0.0205198358413132
352,642,224,231,-0.0109034267912772
353,717,294,303,-0.0125523012552301
354,650,243,251,-0.0123076923076923
355,626,249,255,-0.0095846645367412
356,728,274,284,-0.0137362637362637
357,646,262,275,-0.0201238390092879
358,689,264,275,-0.0159651669085631
359,721,292,303,-0.015256588072122
360,681,255,259,-0.0058737151248164
361,692,274,281,-0.0101156069364161
362,756,281,290,-0.0119047619047619
363,736,282,294,-0.0163043478260869
364,741,281,299,-0.0242914979757085
365,646,256,262,-0.0092879256965944
366,791,301,319,-0.02275600505689
367,684,269,271,-0.0029239766081871
368,691,248,262,-0.0202604920405209
369,815,286,300,-0.0171779141104294
370,739,267,281,-0.0189445196211096
371,668,272,282,-0.0149700598802395
372,633,218,228,-0.0157977883096366
373,732,274,275,-0.0013661202185792
374,796,286,297,-0.0138190954773869
375,717,279,295,-0.0223152022315202
376,717,255,272,-0.0237099023709902
377,685,262,266,-0.0058394160583941
378,739,282,292,-0.013531799729364
379,680,256,263,-0.0102941176470588
380,729,285,290,-0.0068587105624142
381,726,303,308,-0.0068870523415977
382,676,256,260,-0.0059171597633136
383,707,296,298,-0.0028288543140028
384,764,286,314,-0.0366492146596858
385,737,267,275,-0.010854816824966
386,728,265,276,-0.0151098901098901
387,746,270,276,-0.0080428954423592
388,717,271,278,-0.00976290097629
389,743,285,293,-0.0107671601615074
390,608,249,255,-0.0098684210526315
391,706,241,259,-0.0254957507082152
392,700,270,272,-0.0028571428571428
393,723,281,286,-0.0069156293222683
394,667,259,265,-0.0089955022488755
395,772,273,283,-0.0129533678756476
396,648,231,244,-0.0200617283950617
397,727,275,294,-0.0261348005502063
398,662,265,279,-0.0211480362537764
399,668,265,274,-0.0134730538922155
400,591,220,228,-0.0135363790186125
401,698,282,293,-0.0157593123209169
402,691,256,266,-0.0144717800289435
403,703,262,265,-0.0042674253200568
404,610,241,247,-0.0098360655737704
405,801,281,293,-0.0149812734082397
406,704,277,282,-0.0071022727272727
407,711,265,269,-0.0056258790436005
408,599,222,223,-0.001669449081803
409,723,257,267,-0.0138312586445366
410,685,240,253,-0.018978102189781
411,673,264,271,-0.0104011887072808
412,710,270,275,-0.0070422535211267
413,734,285,300,-0.0204359673024523
414,778,288,298,-0.0128534704370179
415,678,244,261,-0.0250737463126843
416,686,275,281,-0.0087463556851311
417,640,237,248,-0.0171875
418,777,287,296,-0.0115830115830115
419,720,260,274,-0.0194444444444444
420,664,273,274,-0.0015060240963855
421,764,283,297,-0.0183246073298429
422,681,247,255,-0.0117474302496328
423,709,281,289,-0.0112834978843441
424,693,294,301,-0.0101010101010101
425,735,268,281,-0.0176870748299319
426,714,254,258,-0.0056022408963585
427,772,273,276,-0.0038860103626943
428,725,299,304,-0.0068965517241379
429,649,255,267,-0.0184899845916795
430,719,264,278,-0.019471488178025
431,723,262,263,-0.0013831258644536
432,733,288,296,-0.0109140518417462
433,646,263,281,-0.0278637770897832
434,788,298,308,-0.0126903553299492
435,762,284,297,-0.0170603674540682
436,729,256,267,-0.0150891632373113
437,662,257,265,-0.0120845921450151
438,608,224,239,-0.0246710526315789
439,736,272,283,-0.014945652173913
440,698,283,284,-0.0014326647564469
441,661,260,265,-0.0075642965204236
442,766,284,293,-0.0117493472584856
443,588,231,231,0.0
444,664,254,255,-0.0015060240963855
445,770,274,288,-0.0181818181818181
446,661,249,261,-0.0181543116490166
447,647,241,248,-0.0108191653786707
448,725,265,271,-0.0082758620689655
449,683,265,275,-0.0146412884333821
450,741,270,288,-0.0242914979757085
451,691,262,277,-0.0217076700434153
452,800,285,299,-0.0175
453,679,261,268,-0.0103092783505154
454,723,270,274,-0.0055325034578146
455,710,271,276,-0.0070422535211267
456,637,245,249,-0.0062794348508634
457,778,289,301,-0.0154241645244215
458,714,266,280,-0.0196078431372549
459,696,280,282,-0.0028735632183908
460,749,297,314,-0.0226969292389853
461,671,261,270,-0.0134128166915052
462,646,240,250,-0.0154798761609907
463,699,253,261,-0.0114449213161659
464,741,279,284,-0.0067476383265856
465,778,296,300,-0.0051413881748071
466,714,268,274,-0.0084033613445378
467,740,286,295,-0.0121621621621621
468,714,288,301,-0.0182072829131652
469,711,262,272,-0.0140646976090014
470,619,251,257,-0.0096930533117932
471,644,245,260,-0.0232919254658385
472,687,255,262,-0.0101892285298398
473,748,294,303,-0.0120320855614973
474,719,272,277,-0.0069541029207232
475,601,242,247,-0.0083194675540765
476,708,268,277,-0.0127118644067796
477,734,269,286,-0.0231607629427792
478,749,288,302,-0.0186915887850467
479,653,248,260,-0.0183767228177641
480,634,243,245,-0.0031545741324921
481,644,237,240,-0.0046583850931677
482,708,256,269,-0.0183615819209039
483,767,285,290,-0.0065189048239895
484,701,281,292,-0.0156918687589158
485,767,283,290,-0.0091264667535853
486,637,246,257,-0.0172684458398744
487,682,247,259,-0.0175953079178885
488,691,260,278,-0.0260492040520984
489,774,289,306,-0.0219638242894056
490,768,285,297,-0.015625
491,767,261,272,-0.014341590612777
492,588,222,233,-0.0187074829931972
493,719,277,278,-0.0013908205841446
494,755,280,292,-0.0158940397350993
495,674,248,257,-0.0133531157270029
496,725,304,306,-0.0027586206896551
497,595,226,228,-0.0033613445378151
498,715,254,258,-0.0055944055944055
499,643,236,246,-0.015552099533437
500,683,253,261,-0.0117130307467057
501,739,262,274,-0.0162381596752368
502,703,255,276,-0.0298719772403982
503,722,264,276,-0.0166204986149584
504,701,265,278,-0.0185449358059914
505,784,287,296,-0.0114795918367346
506,639,243,248,-0.0078247261345852
507,635,260,268,-0.0125984251968503
508,760,288,297,-0.0118421052631578
509,708,254,259,-0.0070621468926553
510,777,280,299,-0.0244530244530244
511,695,282,299,-0.0244604316546762
512,722,258,257,0.0013850415512465
513,728,289,290,-0.0013736263736263
514,825,301,319,-0.0218181818181818
515,711,255,264,-0.0126582278481012
516,682,254,269,-0.0219941348973607
517,709,285,292,-0.0098730606488011
518,738,281,288,-0.0094850948509485
519,731,233,241,-0.0109439124487004
520,639,275,287,-0.0187793427230046
521,617,234,244,-0.0162074554294975
522,678,250,252,-0.0029498525073746
523,712,256,268,-0.0168539325842696
524,658,250,255,-0.0075987841945288
525,713,264,269,-0.0070126227208976
526,721,278,283,-0.0069348127600554
527,689,262,273,-0.0159651669085631
528,647,250,265,-0.0231839258114374
529,679,261,271,-0.0147275405007363
530,638,252,259,-0.0109717868338558
531,688,276,284,-0.0116279069767441
532,716,258,267,-0.0125698324022346
533,664,262,273,-0.0165662650602409
534,712,253,256,-0.0042134831460674
535,740,267,277,-0.0135135135135135
536,702,264,278,-0.0199430199430199
537,766,287,301,-0.0182767624020887
538,750,277,286,-0.012
539,654,249,259,-0.0152905198776758
540,656,246,259,-0.0198170731707317
541,699,266,273,-0.0100143061516452
542,763,262,277,-0.019659239842726
543,679,271,276,-0.0073637702503681
544,710,278,289,-0.0154929577464788
545,713,267,283,-0.0224403927068723
546,734,280,286,-0.0081743869209809
547,667,261,274,-0.0194902548725637
548,662,250,263,-0.0196374622356495
549,707,267,270,-0.0042432814710042
550,657,252,252,0.0
551,653,251,257,-0.009188361408882
552,662,232,242,-0.0151057401812688
553,769,306,310,-0.0052015604681404
554,758,290,300,-0.0131926121372031
555,739,286,294,-0.0108254397834912
556,581,234,254,-0.0344234079173838
557,816,288,292,-0.0049019607843137
558,620,231,243,-0.0193548387096774
559,678,277,283,-0.0088495575221238
560,658,236,244,-0.0121580547112462
561,689,270,275,-0.0072568940493468
562,680,262,275,-0.0191176470588235
563,667,238,244,-0.0089955022488755
564,767,272,283,-0.014341590612777
565,727,305,307,-0.0027510316368638
566,670,248,257,-0.0134328358208955
567,707,272,285,-0.0183875530410183
568,647,262,265,-0.0046367851622874
569,705,258,273,-0.0212765957446808
570,817,303,321,-0.02203182374541
571,723,277,292,-0.0207468879668049
572,707,264,275,-0.0155586987270155
573,758,284,293,-0.0118733509234828
574,720,271,283,-0.0166666666666666
575,732,279,293,-0.0191256830601092
576,682,273,281,-0.0117302052785923
577,706,266,276,-0.0141643059490084
578,689,276,290,-0.0203193033381712
579,731,274,289,-0.0205198358413132
580,597,203,210,-0.0117252931323283
581,658,240,244,-0.0060790273556231
582,683,283,290,-0.0102489019033674
583,710,263,270,-0.0098591549295774
584,758,283,295,-0.0158311345646438
585,679,272,276,-0.0058910162002945
586,714,264,267,-0.0042016806722689
587,726,262,274,-0.0165289256198347
588,731,271,280,-0.0123119015047879
589,712,271,281,-0.0140449438202247
590,668,251,267,-0.0239520958083832
591,703,258,271,-0.0184921763869132
592,659,264,272,-0.0121396054628224
593,679,248,247,0.0014727540500736
594,698,296,299,-0.0042979942693409
595,733,258,265,-0.0095497953615279
596,668,252,249,0.0044910179640718
597,711,289,302,-0.0182841068917018
598,750,286,298,-0.016
599,662,257,268,-0.0166163141993957
600,756,278,287,-0.0119047619047619
601,694,255,266,-0.015850144092219
602,616,225,233,-0.0129870129870129
603,733,293,300,-0.0095497953615279
604,671,259,273,-0.0208643815201192
605,628,232,230,0.0031847133757961
606,738,303,314,-0.0149051490514905
607,731,270,284,-0.0191518467852257
608,723,268,287,-0.0262793914246196
609,684,271,278,-0.0102339181286549
610,616,215,216,-0.0016233766233766
611,760,289,289,0.0
612,650,248,257,-0.0138461538461538
613,816,309,309,0.0
614,637,237,243,-0.0094191522762951
615,636,249,254,-0.0078616352201257
616,797,289,294,-0.0062735257214554
617,675,267,277,-0.0148148148148148
618,775,290,300,-0.0129032258064516
619,688,249,268,-0.0276162790697674
620,763,279,288,-0.0117955439056356
621,760,269,283,-0.0184210526315789
622,734,277,290,-0.0177111716621253
623,820,296,306,-0.0121951219512195
624,629,250,250,0.0
625,672,253,264,-0.0163690476190476
626,641,253,255,-0.0031201248049922
627,666,259,270,-0.0165165165165165
628,786,280,301,-0.0267175572519083
629,712,284,302,-0.0252808988764044
630,730,282,295,-0.0178082191780821
631,718,260,270,-0.0139275766016713
632,768,315,328,-0.0169270833333333
633,699,253,260,-0.0100143061516452
634,717,267,278,-0.0153417015341701
635,659,258,262,-0.0060698027314112
636,648,251,255,-0.0061728395061728
637,721,266,266,0.0
638,706,258,264,-0.0084985835694051
639,721,273,283,-0.0138696255201109
640,763,277,284,-0.0091743119266055
641,711,272,277,-0.0070323488045007
642,716,253,268,-0.020949720670391
643,666,264,283,-0.0285285285285285
644,686,238,256,-0.0262390670553935
645,709,259,269,-0.0141043723554301
646,752,283,291,-0.0106382978723404
647,648,259,259,0.0
648,701,250,261,-0.0156918687589158
649,692,254,261,-0.0101156069364161
650,714,289,302,-0.0182072829131652
651,689,240,254,-0.0203193033381712
652,610,242,249,-0.0114754098360655
653,735,288,297,-0.0122448979591836
654,650,255,259,-0.0061538461538461
655,638,278,284,-0.0094043887147335
656,766,294,305,-0.0143603133159268
657,658,243,252,-0.0136778115501519
658,751,272,284,-0.0159786950732356
659,636,246,252,-0.0094339622641509
660,668,243,256,-0.0194610778443113
661,741,282,298,-0.0215924426450742
662,668,260,261,-0.0014970059880239
663,655,234,242,-0.0122137404580152
664,690,283,275,0.0115942028985507
665,772,286,300,-0.0181347150259067
666,698,271,278,-0.0100286532951289
667,721,276,286,-0.0138696255201109
668,617,208,210,-0.0032414910858995
669,739,271,286,-0.020297699594046
670,655,255,255,0.0
671,752,248,255,-0.0093085106382978
672,734,266,289,-0.0313351498637602
673,674,243,245,-0.0029673590504451
674,690,248,265,-0.0246376811594202
675,694,231,247,-0.0230547550432276
676,649,271,280,-0.0138674884437596
677,721,254,264,-0.0138696255201109
678,681,267,277,-0.0146842878120411
679,732,270,271,-0.0013661202185792
680,684,234,251,-0.0248538011695906
681,621,242,250,-0.0128824476650563
682,657,261,270,-0.0136986301369863
683,666,248,248,0.0
684,624,256,261,-0.0080128205128205
685,635,229,236,-0.011023622047244
686,663,242,250,-0.0120663650075414
687,558,211,215,-0.007168458781362
688,681,256,271,-0.0220264317180616
689,608,240,247,-0.0115131578947368
690,694,261,263,-0.0028818443804034
691,622,255,262,-0.0112540192926045
692,741,289,290,-0.0013495276653171
693,718,272,279,-0.0097493036211699
694,689,238,253,-0.0217706821480406
695,700,268,276,-0.0114285714285714
696,731,286,302,-0.0218878248974008
697,703,259,267,-0.011379800853485
698,803,288,296,-0.0099626400996264
699,809,300,314,-0.0173053152039555
700,692,285,289,-0.0057803468208092
701,693,273,281,-0.0115440115440115
702,622,225,239,-0.022508038585209
703,705,266,275,-0.0127659574468085
704,649,246,251,-0.0077041602465331
705,703,268,274,-0.0085348506401137
706,748,299,301,-0.0026737967914438
707,655,251,258,-0.0106870229007633
708,764,279,284,-0.006544502617801
709,662,264,275,-0.0166163141993957
710,666,242,249,-0.0105105105105105
711,761,296,304,-0.0105124835742444
712,670,249,265,-0.0238805970149253
713,742,263,273,-0.013477088948787
714,625,240,247,-0.0112
715,732,258,266,-0.0109289617486338
716,648,240,241,-0.0015432098765432
717,743,271,283,-0.0161507402422611
718,683,265,275,-0.0146412884333821
719,697,269,290,-0.0301291248206599
720,707,283,290,-0.0099009900990099
721,703,276,281,-0.0071123755334281
722,674,277,278,-0.0014836795252225
723,774,318,322,-0.0051679586563307
724,661,266,267,-0.0015128593040847
725,737,253,254,-0.0013568521031207
726,704,236,244,-0.0113636363636363
727,645,242,250,-0.0124031007751937
728,727,285,286,-0.0013755158184319
729,709,243,249,-0.0084626234132581
730,711,255,265,-0.0140646976090014
731,644,247,257,-0.015527950310559
732,706,254,264,-0.0141643059490084
733,717,285,290,-0.00697350069735
734,720,273,278,-0.0069444444444444
735,672,251,271,-0.0297619047619047
736,730,295,306,-0.0150684931506849
737,722,255,269,-0.0193905817174515
738,667,268,281,-0.0194902548725637
739,714,263,283,-0.0280112044817927
740,694,272,281,-0.0129682997118155
741,682,258,264,-0.0087976539589442
742,704,269,280,-0.015625
743,715,266,278,-0.0167832167832167
744,763,297,301,-0.0052424639580602
745,687,279,281,-0.0029112081513828
746,668,249,256,-0.0104790419161676
747,680,240,248,-0.0117647058823529
748,670,252,265,-0.0194029850746268
749,706,283,295,-0.0169971671388102
750,628,273,274,-0.001592356687898
751,798,308,320,-0.0150375939849624
752,730,277,290,-0.0178082191780821
753,703,254,257,-0.0042674253200568
754,713,263,273,-0.0140252454417952
755,730,266,279,-0.0178082191780821
756,822,322,339,-0.0206812652068126
757,775,296,307,-0.0141935483870967
758,704,269,283,-0.0198863636363636
759,659,245,259,-0.0212443095599393
760,672,231,244,-0.019345238095238
761,636,251,260,-0.0141509433962264
762,711,266,273,-0.0098452883263009
763,747,276,284,-0.0107095046854083
764,659,249,260,-0.0166919575113808
765,712,251,258,-0.0098314606741573
766,610,235,236,-0.001639344262295
767,677,271,276,-0.0073855243722304
768,711,254,259,-0.0070323488045007
769,733,258,275,-0.0231923601637107
770,735,265,277,-0.0163265306122449
771,692,273,280,-0.0101156069364161
772,661,265,270,-0.0075642965204236
773,678,248,258,-0.0147492625368731
774,736,277,285,-0.0108695652173913
775,753,294,302,-0.0106241699867197
776,737,280,290,-0.0135685210312075
777,688,292,303,-0.0159883720930232
778,708,287,292,-0.0070621468926553
779,645,250,254,-0.0062015503875968
780,688,274,278,-0.005813953488372
781,708,269,272,-0.0042372881355932
782,714,231,236,-0.0070028011204481
783,735,283,288,-0.0068027210884353
784,705,264,273,-0.0127659574468085
785,694,266,277,-0.015850144092219
786,743,263,273,-0.0134589502018842
787,644,244,260,-0.0248447204968944
788,705,251,257,-0.0085106382978723
789,675,264,268,-0.0059259259259259
790,650,238,246,-0.0123076923076923
791,709,254,265,-0.0155148095909732
792,686,278,284,-0.0087463556851311
793,684,266,273,-0.0102339181286549
794,683,266,285,-0.027818448023426
795,672,255,268,-0.019345238095238
796,645,260,264,-0.0062015503875968
797,743,280,287,-0.0094212651413189
798,752,284,298,-0.0186170212765957
799,663,266,273,-0.0105580693815987
800,693,252,265,-0.0187590187590187
801,770,252,261,-0.0116883116883116
802,750,306,311,-0.0066666666666666
803,630,259,259,0.0
804,824,302,311,-0.0109223300970873
805,668,251,254,-0.0044910179640718
806,712,277,284,-0.0098314606741573
807,677,261,269,-0.0118168389955686
808,613,237,242,-0.0081566068515497
809,666,258,268,-0.015015015015015
810,666,241,245,-0.006006006006006
811,717,293,304,-0.0153417015341701
812,757,275,290,-0.0198150594451783
813,746,281,291,-0.0134048257372654
814,625,256,263,-0.0112
815,618,245,253,-0.0129449838187702
816,680,242,254,-0.0176470588235294
817,628,249,258,-0.0143312101910828
818,670,240,252,-0.017910447761194
819,650,262,264,-0.003076923076923
820,726,248,258,-0.0137741046831955
821,682,283,290,-0.0102639296187683
822,693,272,280,-0.0115440115440115
823,665,267,277,-0.0150375939849624
824,698,259,277,-0.0257879656160458
825,712,263,275,-0.0168539325842696
826,676,237,245,-0.0118343195266272
827,714,298,309,-0.0154061624649859
828,764,309,317,-0.0104712041884816
829,663,258,269,-0.0165912518853695
830,724,255,265,-0.0138121546961325
831,763,291,296,-0.0065530799475753
832,715,283,292,-0.0125874125874125
833,675,269,275,-0.0088888888888888
834,613,244,256,-0.0195758564437194
835,746,279,282,-0.0040214477211796
836,649,257,268,-0.0169491525423728
837,624,251,257,-0.0096153846153846
838,660,262,268,-0.009090909090909
839,693,269,278,-0.0129870129870129
840,754,272,280,-0.0106100795755968
841,757,307,321,-0.0184940554821664
842,727,261,279,-0.0247592847317744
843,694,275,281,-0.0086455331412103
844,691,275,289,-0.0202604920405209
845,747,284,293,-0.0120481927710843
846,714,289,302,-0.0182072829131652
847,593,228,227,0.0016863406408094
848,811,303,307,-0.0049321824907521
849,720,265,269,-0.0055555555555555
850,783,301,303,-0.0025542784163473
851,761,275,285,-0.0131406044678055
852,643,239,256,-0.0264385692068429
853,744,284,287,-0.0040322580645161
854,606,246,257,-0.0181518151815181
855,589,251,257,-0.0101867572156196
856,732,263,276,-0.01775956284153
857,700,272,270,0.0028571428571428
858,666,256,254,0.003003003003003
859,767,283,296,-0.0169491525423728
860,667,251,263,-0.0179910044977511
861,677,266,276,-0.0147710487444608
862,689,254,258,-0.0058055152394775
863,703,281,283,-0.0028449502133712
864,651,258,262,-0.0061443932411674
865,687,247,259,-0.0174672489082969
866,657,240,249,-0.0136986301369863
867,725,246,253,-0.0096551724137931
868,770,287,288,-0.0012987012987012
869,689,269,280,-0.0159651669085631
870,662,241,244,-0.0045317220543806
871,676,241,254,-0.0192307692307692
872,651,242,251,-0.0138248847926267
873,687,263,282,-0.0276564774381368
874,612,240,246,-0.0098039215686274
875,711,255,269,-0.0196905766526019
876,620,244,249,-0.0080645161290322
877,649,230,250,-0.0308166409861325
878,787,296,306,-0.0127064803049555
879,745,273,285,-0.0161073825503355
880,693,262,272,-0.0144300144300144
881,725,262,275,-0.0179310344827586
882,776,317,321,-0.0051546391752577
883,677,254,270,-0.0236336779911373
884,688,250,253,-0.004360465116279
885,651,242,256,-0.021505376344086
886,610,242,255,-0.021311475409836
887,711,284,298,-0.0196905766526019
888,622,256,262,-0.0096463022508038
889,630,238,246,-0.0126984126984126
890,742,290,305,-0.0202156334231805
891,644,252,260,-0.0124223602484472
892,728,274,285,-0.0151098901098901
893,704,286,299,-0.018465909090909
894,651,226,238,-0.0184331797235023
895,694,265,275,-0.0144092219020172
896,625,224,232,-0.0128
897,764,270,281,-0.0143979057591623
898,663,253,266,-0.0196078431372549
899,668,244,262,-0.0269461077844311
900,671,247,267,-0.029806259314456
901,727,286,297,-0.015130674002751
902,744,275,279,-0.0053763440860215
903,683,272,280,-0.0117130307467057
904,628,243,252,-0.0143312101910828
905,716,279,282,-0.0041899441340782
906,688,269,277,-0.0116279069767441
907,687,280,281,-0.0014556040756914
908,669,244,247,-0.0044843049327354
909,703,266,274,-0.011379800853485
910,767,288,294,-0.0078226857887874
911,738,269,277,-0.010840108401084
912,750,279,286,-0.0093333333333333
913,677,264,269,-0.0073855243722304
914,731,280,282,-0.0027359781121751
915,862,317,321,-0.0046403712296983
916,677,262,269,-0.0103397341211226
917,687,247,251,-0.0058224163027656
918,699,257,270,-0.0185979971387696
919,697,269,276,-0.0100430416068866
920,647,258,265,-0.0108191653786707
921,767,273,282,-0.0117340286831812
922,672,284,289,-0.0074404761904761
923,735,271,274,-0.0040816326530612
924,730,286,292,-0.0082191780821917
925,663,261,269,-0.0120663650075414
926,706,289,289,0.0
927,720,259,265,-0.0083333333333333
928,661,254,263,-0.0136157337367624
929,665,253,253,0.0
930,701,256,265,-0.0128388017118402
931,657,265,276,-0.0167427701674277
932,724,270,280,-0.0138121546961325
933,642,248,265,-0.0264797507788162
934,724,266,287,-0.0290055248618784
935,654,252,262,-0.0152905198776758
936,760,283,285,-0.0026315789473684
937,658,249,251,-0.0030395136778115
938,724,287,299,-0.0165745856353591
939,744,273,286,-0.0174731182795698
940,698,262,271,-0.0128939828080229
941,680,250,258,-0.0117647058823529
942,704,276,287,-0.015625
943,683,254,264,-0.0146412884333821
944,784,294,301,-0.0089285714285714
945,732,280,294,-0.0191256830601092
946,663,221,237,-0.0241327300150829
947,727,293,295,-0.0027510316368638
948,704,265,274,-0.0127840909090909
949,678,270,283,-0.0191740412979351
950,731,281,285,-0.0054719562243502
951,636,238,240,-0.0031446540880503
952,731,275,276,-0.0013679890560875
953,713,252,251,0.0014025245441795
954,625,246,254,-0.0128
955,734,282,287,-0.0068119891008174
956,672,248,253,-0.0074404761904761
957,728,285,294,-0.0123626373626373
958,727,265,270,-0.0068775790921595
959,728,258,260,-0.0027472527472527
960,742,277,285,-0.0107816711590296
961,767,301,309,-0.0104302477183833
962,656,284,285,-0.0015243902439024
963,725,279,287,-0.0110344827586206
964,676,270,285,-0.022189349112426
965,704,275,283,-0.0113636363636363
966,697,287,292,-0.0071736011477761
967,771,267,281,-0.0181582360570687
968,663,253,257,-0.0060331825037707
969,687,251,261,-0.0145560407569141
970,612,251,252,-0.0016339869281045
971,715,266,281,-0.0209790209790209
972,600,228,234,-0.01
973,689,243,256,-0.0188679245283018
974,721,289,287,0.0027739251040221
975,678,287,289,-0.0029498525073746
976,769,283,293,-0.0130039011703511
977,737,254,257,-0.0040705563093622
978,687,250,259,-0.0131004366812227
979,712,275,282,-0.0098314606741573
980,665,263,268,-0.0075187969924812
981,739,262,272,-0.013531799729364
982,688,275,289,-0.0203488372093023
983,737,265,280,-0.0203527815468114
984,636,253,252,0.0015723270440251
985,631,253,264,-0.0174326465927099
986,773,294,310,-0.0206985769728331
987,717,273,288,-0.0209205020920502
988,612,237,243,-0.0098039215686274
989,655,249,253,-0.0061068702290076
990,766,286,297,-0.0143603133159268
991,674,287,292,-0.0074183976261127
992,658,253,259,-0.0091185410334346
993,768,290,295,-0.0065104166666666
994,775,290,297,-0.0090322580645161
995,738,284,296,-0.016260162601626
996,667,270,276,-0.0089955022488755
997,626,235,243,-0.0127795527156549
998,622,250,259,-0.0144694533762057
999,775,309,312,-0.0038709677419354
1000,712,249,262,-0.0182584269662921
1001,702,237,249,-0.017094017094017
1002,704,243,257,-0.0198863636363636
1003,728,258,271,-0.0178571428571428
1004,663,252,266,-0.0211161387631975
1005,698,285,290,-0.0071633237822349
1006,699,279,288,-0.0128755364806866
1007,706,283,298,-0.0212464589235127
1008,687,249,254,-0.007278020378457
1009,674,245,252,-0.0103857566765578
1010,650,235,241,-0.0092307692307692
1011,788,311,324,-0.016497461928934
1012,767,305,316,-0.014341590612777
1013,657,262,267,-0.0076103500761035
1014,645,237,243,-0.0093023255813953
1015,709,292,300,-0.0112834978843441
1016,703,266,269,-0.0042674253200568
1017,700,239,241,-0.0028571428571428
1018,708,244,252,-0.0112994350282485
1019,661,235,240,-0.0075642965204236
1020,640,246,247,-0.0015625
1021,712,258,268,-0.0140449438202247
1022,708,279,287,-0.0112994350282485
1023,645,237,245,-0.0124031007751937
1024,736,263,272,-0.0122282608695652
1025,714,257,264,-0.0098039215686274
1026,653,279,284,-0.007656967840735
1027,748,291,307,-0.0213903743315508
1028,745,272,285,-0.0174496644295302
1029,770,291,296,-0.0064935064935064
1030,729,259,266,-0.0096021947873799
1031,660,247,261,-0.0212121212121212
1032,649,239,252,-0.0200308166409861
1033,705,257,271,-0.0198581560283687
1034,734,256,270,-0.0190735694822888
1035,690,251,264,-0.0188405797101449
1036,702,279,298,-0.027065527065527
1037,732,268,282,-0.0191256830601092
1038,717,262,280,-0.0251046025104602
1039,659,253,263,-0.015174506828528
1040,728,262,278,-0.0219780219780219
1041,708,252,261,-0.0127118644067796
1042,618,232,240,-0.0129449838187702
1043,665,245,253,-0.0120300751879699
1044,650,261,266,-0.0076923076923076
1045,650,235,244,-0.0138461538461538
1046,808,320,331,-0.0136138613861386
1047,658,276,278,-0.0030395136778115
1048,656,237,246,-0.0137195121951219
1049,689,266,274,-0.011611030478955
1050,719,290,296,-0.0083449235048678
1051,688,259,274,-0.0218023255813953
1052,649,247,255,-0.012326656394453
1053,643,245,249,-0.0062208398133748
1054,775,275,295,-0.0258064516129032
1055,691,280,284,-0.0057887120115774
1056,680,265,263,0.0029411764705882
1057,655,254,269,-0.0229007633587786
1058,649,255,257,-0.0030816640986132
1059,576,247,253,-0.0104166666666666
1060,709,270,273,-0.004231311706629
1061,648,261,271,-0.015432098765432
1062,670,266,279,-0.0194029850746268
1063,739,298,307,-0.0121786197564276
1064,701,295,299,-0.0057061340941512
1065,694,279,287,-0.0115273775216138
1066,796,298,305,-0.0087939698492462
1067,705,245,262,-0.0241134751773049
1068,740,270,280,-0.0135135135135135
1069,640,259,263,-0.00625
1070,747,279,299,-0.0267737617135207
1071,721,273,282,-0.0124826629680998
1072,663,231,240,-0.0135746606334841
1073,676,250,258,-0.0118343195266272
1074,760,289,299,-0.0131578947368421
1075,704,280,282,-0.002840909090909
1076,662,258,263,-0.0075528700906344
1077,606,223,231,-0.0132013201320132
1078,735,283,300,-0.0231292517006802
1079,695,249,257,-0.0115107913669064
1080,635,238,252,-0.0220472440944881
1081,743,292,307,-0.0201884253028263
1082,773,312,328,-0.0206985769728331
1083,667,252,262,-0.0149925037481259
1084,697,273,279,-0.0086083213773314
1085,699,283,290,-0.0100143061516452
1086,690,235,241,-0.008695652173913
1087,822,293,302,-0.010948905109489
1088,718,263,268,-0.0069637883008356
1089,679,244,256,-0.0176730486008836
1090,632,242,250,-0.0126582278481012
1091,762,281,296,-0.0196850393700787
1092,668,258,278,-0.029940119760479
1093,723,251,252,-0.0013831258644536
1094,670,246,253,-0.0104477611940298
1095,710,270,283,-0.0183098591549295
1096,636,266,286,-0.0314465408805031
1097,701,250,263,-0.0185449358059914
1098,644,254,263,-0.0139751552795031
1099,697,271,287,-0.0229555236728837
1100,684,263,275,-0.0175438596491228
1101,741,294,307,-0.0175438596491228
1102,631,252,256,-0.0063391442155309
1103,688,270,271,-0.001453488372093
1104,734,271,279,-0.0108991825613079
1105,650,239,248,-0.0138461538461538
1106,729,289,301,-0.0164609053497942
1107,703,274,280,-0.0085348506401137
1108,674,276,278,-0.0029673590504451
1109,729,266,275,-0.0123456790123456
1110,667,284,285,-0.0014992503748125
1111,649,241,251,-0.0154083204930662
1112,706,251,265,-0.0198300283286118
1113,683,270,278,-0.0117130307467057
1114,698,299,307,-0.0114613180515759
1115,705,245,258,-0.0184397163120567
1116,689,264,264,0.0
1117,739,290,305,-0.020297699594046
1118,715,260,267,-0.0097902097902097
1119,686,276,281,-0.0072886297376093
1120,654,270,279,-0.0137614678899082
1121,686,271,279,-0.0116618075801749
1122,655,276,281,-0.0076335877862595
1123,681,255,259,-0.0058737151248164
1124,650,253,264,-0.0169230769230769
1125,706,287,290,-0.0042492917847025
1126,754,274,284,-0.013262599469496
1127,709,265,273,-0.0112834978843441
1128,679,260,263,-0.0044182621502209
1129,746,283,293,-0.0134048257372654
1130,699,251,254,-0.0042918454935622
1131,658,259,270,-0.0167173252279635
1132,768,288,307,-0.0247395833333333
1133,694,275,276,-0.0014409221902017
1134,735,280,290,-0.0136054421768707
1135,700,254,268,-0.02
1136,616,243,250,-0.0113636363636363
1137,721,278,283,-0.0069348127600554
1138,707,266,274,-0.0113154172560113
1139,691,286,293,-0.0101302460202604
1140,651,235,246,-0.0168970814132104
1141,679,252,258,-0.0088365243004418
1142,758,280,288,-0.0105540897097625
1143,766,288,302,-0.0182767624020887
1144,600,243,256,-0.0216666666666666
1145,680,251,258,-0.0102941176470588
1146,661,233,247,-0.021180030257186
1147,724,274,279,-0.0069060773480662
1148,606,231,238,-0.0115511551155115
1149,715,284,291,-0.0097902097902097
1150,740,274,288,-0.0189189189189189
1151,650,234,246,-0.0184615384615384
1152,668,266,275,-0.0134730538922155
1153,737,285,304,-0.0257801899592944
1154,695,273,286,-0.018705035971223
1155,708,267,274,-0.0098870056497175
1156,651,260,265,-0.0076804915514592
1157,678,269,272,-0.0044247787610619
1158,722,271,284,-0.0180055401662049
1159,733,277,283,-0.0081855388813096
1160,674,267,277,-0.0148367952522255
1161,683,269,277,-0.0117130307467057
1162,749,296,305,-0.0120160213618157
1163,640,244,247,-0.0046875
1164,681,265,272,-0.0102790014684287
1165,649,258,262,-0.0061633281972265
1166,698,269,282,-0.0186246418338108
1167,633,244,249,-0.0078988941548183
1168,658,246,258,-0.0182370820668693
1169,727,281,291,-0.0137551581843191
1170,750,302,311,-0.012
1171,740,299,299,0.0
1172,750,276,288,-0.016
1173,716,266,274,-0.0111731843575419
1174,772,303,310,-0.0090673575129533
1175,653,225,236,-0.0168453292496171
1176,675,283,281,0.0029629629629629
1177,698,253,263,-0.0143266475644699
1178,669,245,249,-0.0059790732436472
1179,576,232,238,-0.0104166666666666
1180,651,229,235,-0.0092165898617511
1181,747,293,296,-0.0040160642570281
1182,651,249,254,-0.0076804915514592
1183,673,282,279,0.0044576523031203
1184,769,290,290,0.0
1185,656,236,247,-0.0167682926829268
1186,705,271,283,-0.0170212765957446
1187,668,251,260,-0.0134730538922155
1188,683,252,271,-0.027818448023426
1189,750,302,308,-0.008
1190,719,277,288,-0.015299026425591
1191,671,271,282,-0.0163934426229508
1192,789,280,294,-0.017743979721166
1193,628,261,265,-0.0063694267515923
1194,663,255,266,-0.0165912518853695
1195,716,258,262,-0.0055865921787709
1196,732,273,284,-0.0150273224043715
1197,656,253,260,-0.010670731707317
1198,678,273,287,-0.0206489675516224
1199,706,241,256,-0.0212464589235127
1200,641,251,263,-0.0187207488299532
1201,689,244,246,-0.0029027576197387
1202,631,243,252,-0.0142630744849445
1203,727,272,281,-0.0123796423658872
1204,666,251,263,-0.018018018018018
1205,714,267,276,-0.0126050420168067
1206,745,275,286,-0.0147651006711409
1207,587,222,235,-0.0221465076660988
1208,666,252,251,0.0015015015015015
1209,672,272,285,-0.019345238095238
1210,745,281,289,-0.010738255033557
1211,631,261,271,-0.0158478605388272
1212,659,280,287,-0.0106221547799696
1213,753,308,322,-0.0185922974767596
1214,639,246,256,-0.0156494522691705
1215,676,275,278,-0.0044378698224852
1216,695,252,259,-0.0100719424460431
1217,757,293,301,-0.0105680317040951
1218,667,274,276,-0.0029985007496251
1219,702,270,281,-0.0156695156695156
1220,638,235,242,-0.0109717868338558
1221,810,310,314,-0.0049382716049382
1222,644,240,253,-0.0201863354037267
1223,672,283,281,0.0029761904761904
1224,637,223,235,-0.0188383045525902
1225,655,253,270,-0.0259541984732824
1226,728,299,311,-0.0164835164835164
1227,726,255,272,-0.0234159779614325
1228,746,288,298,-0.0134048257372654
1229,710,280,277,0.004225352112676
1230,699,276,277,-0.0014306151645207
1231,718,263,269,-0.0083565459610027
1232,771,252,270,-0.0233463035019455
1233,665,258,273,-0.0225563909774436
1234,766,275,285,-0.0130548302872062
1235,694,261,267,-0.0086455331412103
1236,707,276,280,-0.0056577086280056
1237,742,268,285,-0.022911051212938
1238,770,299,311,-0.0155844155844155
1239,687,253,266,-0.0189228529839883
1240,658,257,270,-0.019756838905775
1241,645,244,255,-0.0170542635658914
1242,651,242,249,-0.010752688172043
1243,729,266,290,-0.0329218106995884
1244,627,229,234,-0.0079744816586921
1245,582,208,218,-0.0171821305841924
1246,735,256,265,-0.0122448979591836
1247,655,262,271,-0.0137404580152671
1248,644,250,255,-0.0077639751552795
1249,692,252,261,-0.0130057803468208
1250,687,273,277,-0.0058224163027656
1251,736,302,304,-0.0027173913043478
1252,726,267,275,-0.0110192837465564
1253,718,278,279,-0.0013927576601671
1254,749,294,305,-0.0146862483311081
1255,640,261,266,-0.0078125
1256,754,289,298,-0.0119363395225464
1257,689,277,283,-0.0087082728592162
1258,697,279,285,-0.0086083213773314
1259,675,277,281,-0.0059259259259259
1260,674,268,280,-0.0178041543026706
1261,628,249,259,-0.0159235668789808
1262,721,275,283,-0.0110957004160887
1263,678,258,267,-0.0132743362831858
1264,650,246,251,-0.0076923076923076
1265,685,247,259,-0.0175182481751824
1266,765,271,293,-0.0287581699346405
1267,587,238,241,-0.0051107325383304
1268,731,267,268,-0.0013679890560875
1269,634,236,246,-0.0157728706624605
1270,820,292,303,-0.0134146341463414
1271,662,224,231,-0.0105740181268882
1272,761,292,297,-0.0065703022339027
1273,703,272,279,-0.0099573257467994
1274,658,238,251,-0.019756838905775
1275,732,271,286,-0.0204918032786885
1276,646,245,262,-0.0263157894736842
1277,828,279,296,-0.0205314009661835
1278,600,237,246,-0.015
1279,682,281,289,-0.0117302052785923
1280,737,275,287,-0.0162822252374491
1281,670,232,243,-0.0164179104477611
1282,601,232,239,-0.0116472545757071
1283,703,282,296,-0.0199146514935988
1284,641,241,251,-0.0156006240249609
1285,722,253,271,-0.0249307479224376
1286,606,240,246,-0.0099009900990099
1287,808,300,307,-0.0086633663366336
1288,710,241,246,-0.0070422535211267
1289,752,294,299,-0.0066489361702127
1290,812,295,295,0.0
1291,711,280,287,-0.0098452883263009
1292,643,224,229,-0.0077760497667185
1293,757,261,274,-0.0171730515191545
1294,672,246,251,-0.0074404761904761
1295,729,277,283,-0.0082304526748971
1296,685,249,260,-0.0160583941605839
1297,652,248,258,-0.0153374233128834
1298,673,240,253,-0.0193164933135215
1299,784,272,293,-0.0267857142857142
1300,768,257,263,-0.0078125
1301,669,278,281,-0.0044843049327354
1302,733,293,303,-0.0136425648021828
1303,673,278,285,-0.0104011887072808
1304,681,244,247,-0.0044052863436123
1305,650,247,246,0.0015384615384615
1306,777,301,310,-0.0115830115830115
1307,883,305,319,-0.015855039637599
1308,690,248,255,-0.0101449275362318
1309,682,270,277,-0.0102639296187683
1310,695,261,274,-0.018705035971223
1311,642,239,254,-0.0233644859813084
1312,793,288,304,-0.0201765447667087
1313,607,228,238,-0.0164744645799011
1314,726,299,303,-0.0055096418732782
1315,627,235,254,-0.0303030303030303
1316,713,251,253,-0.002805049088359
1317,606,252,253,-0.0016501650165016
1318,741,269,280,-0.0148448043184885
1319,730,272,273,-0.0013698630136986
1320,672,249,264,-0.0223214285714285
1321,729,256,267,-0.0150891632373113
1322,677,244,257,-0.0192023633677991
1323,839,295,295,0.0
1324,650,253,259,-0.0092307692307692
1325,674,260,265,-0.0074183976261127
1326,621,231,241,-0.0161030595813204
1327,677,270,278,-0.0118168389955686
1328,736,284,287,-0.0040760869565217
1329,678,265,276,-0.0162241887905604
1330,733,290,302,-0.0163710777626193
1331,681,254,263,-0.013215859030837
1332,700,285,287,-0.0028571428571428
1333,703,261,268,-0.0099573257467994
1334,694,262,264,-0.0028818443804034
1335,717,260,268,-0.0111576011157601
1336,750,270,274,-0.0053333333333333
1337,649,247,263,-0.024653312788906
1338,791,304,315,-0.0139064475347661
1339,595,229,230,-0.0016806722689075
1340,644,238,254,-0.0248447204968944
1341,611,229,236,-0.011456628477905
1342,726,242,257,-0.0206611570247933
1343,769,270,277,-0.0091027308192457
1344,765,290,299,-0.0117647058823529
1345,736,294,304,-0.0135869565217391
1346,728,271,281,-0.0137362637362637
1347,743,280,286,-0.0080753701211305
1348,674,269,278,-0.0133531157270029
1349,697,261,276,-0.0215208034433285
1350,771,291,300,-0.0116731517509727
1351,666,243,252,-0.0135135135135135
1352,728,269,278,-0.0123626373626373
1353,651,264,277,-0.0199692780337941
1354,666,252,255,-0.0045045045045045
1355,605,235,242,-0.0115702479338842
1356,677,268,275,-0.0103397341211226
1357,705,261,270,-0.0127659574468085
1358,652,244,254,-0.0153374233128834
1359,662,249,264,-0.0226586102719033
1360,615,241,254,-0.0211382113821138
1361,679,256,254,0.0029455081001472
1362,683,263,274,-0.0161054172767203
1363,714,249,260,-0.0154061624649859
1364,673,256,273,-0.025260029717682
1365,692,226,234,-0.0115606936416184
1366,578,230,242,-0.0207612456747404
1367,647,259,269,-0.0154559505409582
1368,650,242,254,-0.0184615384615384
1369,626,248,250,-0.0031948881789137
1370,723,272,281,-0.0124481327800829
1371,691,258,262,-0.0057887120115774
1372,654,247,254,-0.010703363914373
1373,687,269,272,-0.0043668122270742
1374,715,262,276,-0.0195804195804195
1375,692,241,254,-0.01878612716763
1376,657,243,252,-0.0136986301369863
1377,603,224,234,-0.0165837479270315
1378,800,307,312,-0.00625
1379,788,269,271,-0.0025380710659898
1380,788,303,310,-0.0088832487309644
1381,678,254,257,-0.0044247787610619
1382,726,265,278,-0.0179063360881542
1383,711,286,292,-0.0084388185654008
1384,659,233,240,-0.0106221547799696
1385,714,300,307,-0.0098039215686274
1386,663,255,270,-0.0226244343891402
1387,760,276,291,-0.0197368421052631
1388,700,242,246,-0.0057142857142857
1389,764,279,297,-0.0235602094240837
1390,635,241,254,-0.0204724409448818
1391,671,236,248,-0.0178837555886736
1392,726,322,329,-0.0096418732782369
1393,775,300,306,-0.0077419354838709
1394,688,288,292,-0.005813953488372
1395,765,278,283,-0.0065359477124183
1396,605,246,251,-0.0082644628099173
1397,718,287,299,-0.0167130919220055
1398,651,254,272,-0.0276497695852534
1399,657,261,263,-0.0030441400304414
1400,692,273,278,-0.0072254335260115
1401,706,250,262,-0.0169971671388102
1402,701,278,280,-0.0028530670470756
1403,644,254,259,-0.0077639751552795
1404,674,230,240,-0.0148367952522255
1405,776,277,294,-0.0219072164948453
1406,711,257,268,-0.0154711673699015
1407,592,233,238,-0.0084459459459459
1408,720,290,299,-0.0125
1409,645,259,266,-0.0108527131782945
1410,715,264,282,-0.0251748251748251
1411,672,275,280,-0.0074404761904761
1412,660,275,289,-0.0212121212121212
1413,705,282,292,-0.0141843971631205
1414,664,256,266,-0.0150602409638554
1415,679,281,285,-0.0058910162002945
1416,745,262,274,-0.0161073825503355
1417,720,287,296,-0.0125
1418,737,272,274,-0.0027137042062415
1419,649,259,259,0.0
1420,691,265,265,0.0
1421,691,256,266,-0.0144717800289435
1422,626,249,252,-0.0047923322683706
1423,700,271,284,-0.0185714285714285
1424,773,265,287,-0.0284605433376455
1425,658,246,252,-0.0091185410334346
1426,722,271,282,-0.0152354570637119
1427,783,295,304,-0.0114942528735632
1428,665,243,249,-0.0090225563909774
1429,750,289,296,-0.0093333333333333
1430,625,234,246,-0.0192
1431,742,286,297,-0.0148247978436657
1432,734,263,281,-0.0245231607629427
1433,633,236,246,-0.0157977883096366
1434,675,265,271,-0.0088888888888888
1435,695,259,258,0.0014388489208633
1436,656,249,264,-0.0228658536585365
1437,606,236,240,-0.0066006600660066
1438,718,279,292,-0.0181058495821727
1439,680,257,267,-0.0147058823529411
1440,740,292,296,-0.0054054054054054
1441,649,234,250,-0.024653312788906
1442,684,284,299,-0.0219298245614035
1443,632,235,244,-0.0142405063291139
1444,738,284,289,-0.0067750677506775
1445,776,302,316,-0.018041237113402
1446,759,268,288,-0.0263504611330698
1447,700,257,266,-0.0128571428571428
1448,674,242,250,-0.0118694362017804
1449,724,281,288,-0.0096685082872928
1450,664,251,259,-0.0120481927710843
1451,660,254,259,-0.0075757575757575
1452,837,300,310,-0.01194743130227
1453,619,260,265,-0.0080775444264943
1454,757,293,306,-0.0171730515191545
1455,728,300,310,-0.0137362637362637
1456,638,253,256,-0.0047021943573667
1457,676,247,254,-0.0103550295857988
1458,707,300,302,-0.0028288543140028
1459,673,259,258,0.0014858841010401
1460,775,310,317,-0.0090322580645161
1461,662,249,255,-0.0090634441087613
1462,709,267,279,-0.0169252468265162
1463,705,286,301,-0.0212765957446808
1464,652,247,256,-0.013803680981595
1465,611,228,248,-0.0327332242225859
1466,678,249,271,-0.0324483775811209
1467,628,220,228,-0.0127388535031847
1468,715,258,265,-0.0097902097902097
1469,670,262,275,-0.0194029850746268
1470,815,292,298,-0.007361963190184
1471,669,237,242,-0.007473841554559
1472,622,232,242,-0.0160771704180064
1473,694,263,275,-0.0172910662824207
1474,671,262,264,-0.0029806259314456
1475,729,270,269,0.0013717421124828
1476,714,272,276,-0.0056022408963585
1477,767,261,263,-0.0026075619295958
1478,774,288,293,-0.0064599483204134
1479,589,247,258,-0.0186757215619694
1480,647,243,246,-0.0046367851622874
1481,741,280,286,-0.0080971659919028
1482,742,286,296,-0.013477088948787
1483,680,235,239,-0.0058823529411764
1484,685,272,288,-0.0233576642335766
1485,651,251,257,-0.0092165898617511
1486,798,275,289,-0.0175438596491228
1487,682,277,294,-0.0249266862170087
1488,669,245,253,-0.0119581464872944
1489,675,264,268,-0.0059259259259259
1490,741,277,286,-0.0121457489878542
1491,639,260,273,-0.0203442879499217
1492,650,235,250,-0.023076923076923
1493,694,262,273,-0.015850144092219
1494,736,283,290,-0.0095108695652173
1495,784,303,311,-0.010204081632653
1496,682,272,283,-0.0161290322580645
1497,683,282,290,-0.0117130307467057
1498,721,295,301,-0.0083217753120665
1499,605,218,230,-0.0198347107438016
1500,621,254,253,0.001610305958132
1501,672,276,286,-0.0148809523809523
1502,678,272,283,-0.0162241887905604
1503,654,256,266,-0.0152905198776758
1504,755,246,258,-0.0158940397350993
1505,696,264,267,-0.0043103448275862
1506,707,281,293,-0.0169731258840169
1507,725,288,297,-0.0124137931034482
1508,714,264,280,-0.0224089635854341
1509,780,275,290,-0.0192307692307692
1510,796,293,300,-0.0087939698492462
1511,595,216,222,-0.0100840336134453
1512,736,279,284,-0.0067934782608695
1513,684,293,301,-0.0116959064327485
1514,683,252,256,-0.0058565153733528
1515,755,271,283,-0.0158940397350993
1516,663,257,257,0.0
1517,598,228,237,-0.0150501672240802
1518,647,257,262,-0.0077279752704791
1519,700,262,274,-0.0171428571428571
1520,636,249,262,-0.020440251572327
1521,681,284,293,-0.013215859030837
1522,698,270,282,-0.0171919770773638
1523,733,253,259,-0.0081855388813096
1524,673,256,273,-0.025260029717682
1525,682,278,285,-0.0102639296187683
1526,645,239,247,-0.0124031007751937
1527,718,280,287,-0.0097493036211699
1528,758,294,294,0.0
1529,721,272,278,-0.0083217753120665
1530,659,266,282,-0.0242792109256449
1531,696,254,267,-0.0186781609195402
1532,757,311,324,-0.0171730515191545
1533,680,269,285,-0.0235294117647058
1534,673,252,261,-0.013372956909361
1535,683,245,255,-0.0146412884333821
1536,799,292,306,-0.0175219023779724
1537,691,276,285,-0.0130246020260492
1538,685,240,256,-0.0233576642335766
1539,727,268,282,-0.0192572214580467
1540,659,255,259,-0.0060698027314112
1541,773,263,284,-0.0271668822768434
1542,727,294,300,-0.0082530949105914
1543,663,274,280,-0.0090497737556561
1544,702,255,261,-0.0085470085470085
1545,720,250,264,-0.0194444444444444
1546,770,284,288,-0.0051948051948051
1547,673,264,275,-0.0163447251114413
1548,733,285,303,-0.024556616643929
1549,591,243,252,-0.015228426395939
1550,673,262,273,-0.0163447251114413
1551,711,256,265,-0.0126582278481012
1552,793,296,305,-0.0113493064312736
1553,660,254,262,-0.0121212121212121
1554,746,268,278,-0.0134048257372654
1555,634,240,250,-0.0157728706624605
1556,705,258,269,-0.0156028368794326
1557,669,248,257,-0.0134529147982062
1558,702,289,292,-0.0042735042735042
1559,685,263,271,-0.0116788321167883
1560,734,286,291,-0.0068119891008174
1561,748,295,305,-0.0133689839572192
1562,580,209,220,-0.0189655172413793
1563,617,238,249,-0.0178282009724473
1564,728,275,279,-0.0054945054945054
1565,681,270,279,-0.013215859030837
1566,714,259,264,-0.0070028011204481
1567,703,272,277,-0.0071123755334281
1568,827,294,302,-0.0096735187424425
1569,681,262,276,-0.0205580029368575
1570,669,260,264,-0.0059790732436472
1571,632,253,256,-0.0047468354430379
1572,723,268,273,-0.0069156293222683
1573,697,282,291,-0.0129124820659971
1574,752,269,276,-0.0093085106382978
1575,691,250,257,-0.0101302460202604
1576,617,233,241,-0.012965964343598
1577,693,270,282,-0.0173160173160173
1578,728,278,288,-0.0137362637362637
1579,662,262,266,-0.0060422960725075
1580,796,280,287,-0.0087939698492462
1581,715,259,263,-0.0055944055944055
1582,725,283,293,-0.0137931034482758
1583,739,290,305,-0.020297699594046
1584,736,280,288,-0.0108695652173913
1585,686,250,268,-0.0262390670553935
1586,822,330,341,-0.0133819951338199
1587,743,272,274,-0.0026917900403768
1588,653,252,258,-0.009188361408882
1589,654,244,248,-0.0061162079510703
1590,690,257,261,-0.0057971014492753
1591,619,252,259,-0.011308562197092
1592,631,223,233,-0.0158478605388272
1593,686,288,296,-0.0116618075801749
1594,680,248,259,-0.0161764705882352
1595,671,252,268,-0.0238450074515648
1596,650,258,266,-0.0123076923076923
1597,660,250,261,-0.0166666666666666
1598,753,292,295,-0.0039840637450199
1599,823,302,316,-0.017010935601458
1600,676,270,274,-0.0059171597633136
1601,676,273,277,-0.0059171597633136
1602,665,265,276,-0.0165413533834586
1603,663,248,261,-0.0196078431372549
1604,733,294,300,-0.0081855388813096
1605,692,276,287,-0.0158959537572254
1606,626,265,274,-0.0143769968051118
1607,624,255,259,-0.0064102564102564
1608,659,245,254,-0.0136570561456752
1609,707,270,283,-0.0183875530410183
1610,708,263,267,-0.0056497175141242
1611,709,289,296,-0.0098730606488011
1612,736,281,282,-0.0013586956521739
1613,627,242,256,-0.0223285486443381
1614,702,272,274,-0.0028490028490028
1615,663,253,258,-0.0075414781297134
1616,641,235,240,-0.0078003120124804
1617,673,246,250,-0.0059435364041604
1618,620,246,257,-0.0177419354838709
1619,782,297,312,-0.0191815856777493
1620,748,280,284,-0.0053475935828877
1621,567,214,221,-0.0123456790123456
1622,655,249,262,-0.0198473282442748
1623,743,271,287,-0.0215343203230148
1624,688,289,299,-0.0145348837209302
1625,696,252,265,-0.0186781609195402
1626,686,265,276,-0.0160349854227405
1627,698,271,271,0.0
1628,787,294,295,-0.0012706480304955
1629,735,278,283,-0.0068027210884353
1630,664,250,257,-0.0105421686746987
1631,698,272,286,-0.0200573065902578
1632,645,246,257,-0.0170542635658914
1633,712,277,285,-0.0112359550561797
1634,747,287,296,-0.0120481927710843
1635,732,287,301,-0.0191256830601092
1636,709,275,284,-0.0126939351198871
1637,691,267,281,-0.0202604920405209
1638,677,259,267,-0.0118168389955686
1639,765,274,282,-0.0104575163398692
1640,803,306,316,-0.012453300124533
1641,706,254,262,-0.0113314447592068
1642,726,296,304,-0.0110192837465564
1643,693,274,284,-0.0144300144300144
1644,641,286,298,-0.0187207488299532
1645,790,282,291,-0.0113924050632911
1646,662,238,258,-0.0302114803625377
1647,645,260,262,-0.0031007751937984
1648,644,246,251,-0.0077639751552795
1649,628,241,244,-0.0047770700636942
1650,729,273,290,-0.0233196159122085
1651,785,275,289,-0.0178343949044585
1652,691,271,281,-0.0144717800289435
1653,662,268,271,-0.0045317220543806
1654,653,253,258,-0.007656967840735
1655,735,288,293,-0.0068027210884353
1656,584,216,223,-0.011986301369863
1657,667,251,266,-0.0224887556221889
1658,766,300,299,0.0013054830287206
1659,760,288,294,-0.0078947368421052
1660,662,247,266,-0.0287009063444108
1661,697,270,278,-0.0114777618364418
1662,712,262,271,-0.0126404494382022
1663,753,290,291,-0.0013280212483399
1664,701,277,285,-0.0114122681883024
1665,710,282,287,-0.0070422535211267
1666,736,272,277,-0.0067934782608695
1667,750,268,274,-0.008
1668,658,244,256,-0.0182370820668693
1669,789,290,300,-0.0126742712294043
1670,689,246,253,-0.0101596516690856
1671,692,271,281,-0.0144508670520231
1672,666,260,260,0.0
1673,704,241,254,-0.018465909090909
1674,707,256,261,-0.007072135785007
1675,748,297,301,-0.0053475935828877
1676,645,240,244,-0.0062015503875968
1677,702,271,280,-0.0128205128205128
1678,723,274,292,-0.0248962655601659
1679,733,289,306,-0.0231923601637107
1680,762,255,266,-0.0144356955380577
1681,637,269,271,-0.0031397174254317
1682,734,278,298,-0.0272479564032697
1683,657,263,267,-0.0060882800608828
1684,698,252,268,-0.0229226361031518
1685,719,287,293,-0.0083449235048678
1686,705,278,286,-0.0113475177304964
1687,720,251,264,-0.0180555555555555
1688,674,275,287,-0.0178041543026706
1689,720,260,272,-0.0166666666666666
1690,693,281,285,-0.0057720057720057
1691,635,255,262,-0.011023622047244
1692,758,299,303,-0.0052770448548812
1693,747,274,288,-0.0187416331994645
1694,619,232,243,-0.0177705977382875
1695,652,263,272,-0.013803680981595
1696,678,256,270,-0.0206489675516224
1697,657,263,266,-0.0045662100456621
1698,821,307,316,-0.0109622411693057
1699,711,263,272,-0.0126582278481012
1700,715,291,302,-0.0153846153846153
1701,758,257,260,-0.0039577836411609
1702,654,261,265,-0.0061162079510703
1703,752,266,278,-0.0159574468085106
1704,678,255,268,-0.0191740412979351
1705,648,237,246,-0.0138888888888888
1706,693,249,255,-0.0086580086580086
1707,814,302,314,-0.0147420147420147
1708,620,243,247,-0.0064516129032258
1709,659,227,234,-0.0106221547799696
1710,678,242,256,-0.0206489675516224
1711,690,285,285,0.0
1712,712,283,285,-0.0028089887640449
1713,661,267,280,-0.0196671709531013
1714,659,254,266,-0.0182094081942336
1715,666,244,250,-0.009009009009009
1716,758,282,301,-0.025065963060686
1717,706,256,269,-0.018413597733711
1718,730,280,295,-0.0205479452054794
1719,710,271,285,-0.0197183098591549
1720,821,292,304,-0.0146163215590742
1721,760,284,294,-0.0131578947368421
1722,657,227,244,-0.0258751902587519
1723,615,235,239,-0.0065040650406504
1724,779,286,301,-0.0192554557124518
1725,639,238,241,-0.0046948356807511
1726,705,251,264,-0.0184397163120567
1727,682,245,242,0.0043988269794721
1728,690,262,268,-0.008695652173913
1729,701,267,278,-0.0156918687589158
1730,704,251,260,-0.0127840909090909
1731,636,264,273,-0.0141509433962264
1732,712,250,262,-0.0168539325842696
1733,695,266,276,-0.014388489208633
1734,679,241,248,-0.0103092783505154
1735,764,271,271,0.0
1736,707,269,284,-0.0212164073550212
1737,662,230,239,-0.0135951661631419
1738,657,233,236,-0.0045662100456621
1739,655,246,256,-0.015267175572519
1740,635,242,253,-0.0173228346456692
1741,725,263,279,-0.0220689655172413
1742,714,272,285,-0.0182072829131652
1743,654,238,249,-0.0168195718654434
1744,784,282,300,-0.0229591836734693
1745,711,274,283,-0.0126582278481012
1746,689,289,295,-0.0087082728592162
1747,694,260,266,-0.0086455331412103
1748,669,254,264,-0.014947683109118
1749,697,252,257,-0.0071736011477761
1750,648,220,234,-0.0216049382716049
1751,673,252,264,-0.0178306092124814
1752,786,304,303,0.0012722646310432
1753,656,263,269,-0.0091463414634146
1754,732,290,300,-0.0136612021857923
1755,772,297,307,-0.0129533678756476
1756,739,262,282,-0.027063599458728
1757,707,271,280,-0.0127298444130127
1758,686,266,272,-0.0087463556851311
1759,691,267,268,-0.0014471780028943
1760,687,276,281,-0.007278020378457
1761,670,242,253,-0.0164179104477611
1762,809,300,318,-0.0222496909765142
1763,793,302,302,0.0
1764,810,277,288,-0.0135802469135802
1765,716,276,284,-0.0111731843575419
1766,734,283,299,-0.0217983651226158
1767,625,209,214,-0.008
1768,677,247,255,-0.0118168389955686
1769,696,264,270,-0.0086206896551724
1770,694,273,271,0.0028818443804034
1771,705,262,264,-0.0028368794326241
1772,678,262,272,-0.0147492625368731
1773,669,273,283,-0.014947683109118
1774,686,257,265,-0.0116618075801749
1775,778,292,301,-0.0115681233933161
1776,743,274,283,-0.0121130551816958
1777,710,271,278,-0.0098591549295774
1778,780,285,295,-0.0128205128205128
1779,771,293,306,-0.0168612191958495
1780,674,237,251,-0.0207715133531157
1781,704,273,274,-0.0014204545454545
1782,756,271,283,-0.0158730158730158
1783,723,279,292,-0.0179806362378976
1784,697,275,282,-0.0100430416068866
1785,624,242,248,-0.0096153846153846
1786,759,298,305,-0.0092226613965744
1787,732,281,295,-0.0191256830601092
1788,697,260,259,0.0014347202295552
1789,728,286,299,-0.0178571428571428
1790,668,266,274,-0.0119760479041916
1791,668,269,281,-0.0179640718562874
1792,715,272,287,-0.0209790209790209
1793,747,288,296,-0.0107095046854083
1794,751,292,306,-0.0186418109187749
1795,673,252,249,0.0044576523031203
1796,592,211,222,-0.018581081081081
1797,774,269,279,-0.0129198966408268
1798,725,274,283,-0.0124137931034482
1799,683,258,266,-0.0117130307467057
1800,786,287,302,-0.0190839694656488
1801,732,263,277,-0.0191256830601092
1802,799,321,331,-0.0125156445556946
1803,715,270,277,-0.0097902097902097
1804,783,293,307,-0.0178799489144316
1805,643,224,234,-0.015552099533437
1806,634,244,252,-0.0126182965299684
1807,674,253,261,-0.0118694362017804
1808,849,331,336,-0.005889281507656
1809,687,248,253,-0.007278020378457
1810,722,261,275,-0.0193905817174515
1811,661,257,265,-0.0121028744326777
1812,706,271,283,-0.0169971671388102
1813,736,279,291,-0.0163043478260869
1814,688,258,265,-0.0101744186046511
1815,721,292,301,-0.0124826629680998
1816,703,274,274,0.0
1817,705,274,288,-0.0198581560283687
1818,693,269,271,-0.0028860028860028
1819,667,257,263,-0.0089955022488755
1820,742,257,267,-0.013477088948787
1821,690,265,273,-0.0115942028985507
1822,725,270,287,-0.0234482758620689
1823,717,265,268,-0.00418410041841
1824,724,299,308,-0.0124309392265193
1825,639,252,258,-0.0093896713615023
1826,734,279,285,-0.0081743869209809
1827,691,267,278,-0.0159189580318379
1828,739,294,298,-0.0054127198917456
1829,604,209,217,-0.0132450331125827
1830,623,227,239,-0.0192616372391653
1831,678,247,257,-0.0147492625368731
1832,666,277,282,-0.0075075075075075
1833,754,284,290,-0.0079575596816976
1834,705,270,288,-0.025531914893617
1835,778,290,289,0.0012853470437017
1836,749,292,307,-0.0200267022696929
1837,717,271,278,-0.00976290097629
1838,700,234,243,-0.0128571428571428
1839,628,253,271,-0.0286624203821656
1840,721,293,305,-0.0166435506241331
1841,659,222,232,-0.015174506828528
1842,678,266,276,-0.0147492625368731
1843,736,274,285,-0.014945652173913
1844,654,253,260,-0.010703363914373
1845,698,267,286,-0.0272206303724928
1846,758,269,278,-0.0118733509234828
1847,671,241,252,-0.0163934426229508
1848,781,274,284,-0.0128040973111395
1849,670,265,272,-0.0104477611940298
1850,707,265,273,-0.0113154172560113
1851,740,284,291,-0.0094594594594594
1852,693,264,276,-0.0173160173160173
1853,685,279,288,-0.0131386861313868
1854,701,284,281,0.0042796005706134
1855,739,279,289,-0.013531799729364
1856,720,264,276,-0.0166666666666666
1857,651,224,230,-0.0092165898617511
1858,691,259,276,-0.024602026049204
1859,677,261,269,-0.0118168389955686
1860,698,251,251,0.0
1861,710,266,277,-0.0154929577464788
1862,634,251,256,-0.0078864353312302
1863,854,331,341,-0.0117096018735363
1864,683,271,270,0.0014641288433382
1865,677,261,275,-0.0206794682422452
1866,719,264,272,-0.0111265646731571
1867,751,260,265,-0.0066577896138482
1868,674,270,281,-0.016320474777448
1869,722,264,269,-0.0069252077562326
1870,689,263,278,-0.0217706821480406
1871,727,268,273,-0.0068775790921595
1872,675,249,263,-0.0207407407407407
1873,660,236,248,-0.0181818181818181
1874,738,291,294,-0.0040650406504065
1875,635,251,254,-0.0047244094488188
1876,706,287,289,-0.0028328611898017
1877,707,280,291,-0.0155586987270155
1878,686,267,276,-0.0131195335276967
1879,637,246,259,-0.0204081632653061
1880,637,245,254,-0.0141287284144427
1881,662,280,287,-0.0105740181268882
1882,640,233,253,-0.03125
1883,710,274,286,-0.0169014084507042
1884,682,246,261,-0.0219941348973607
1885,702,267,265,0.0028490028490028
1886,741,273,287,-0.0188933873144399
1887,675,243,249,-0.0088888888888888
1888,763,303,313,-0.0131061598951507
1889,726,266,277,-0.0151515151515151
1890,746,245,254,-0.0120643431635388
1891,704,263,280,-0.0241477272727272
1892,661,266,273,-0.010590015128593
1893,679,244,252,-0.0117820324005891
1894,692,244,260,-0.0231213872832369
1895,774,292,307,-0.0193798449612403
1896,753,289,297,-0.0106241699867197
1897,699,269,278,-0.0128755364806866
1898,646,248,256,-0.0123839009287925
1899,647,235,243,-0.0123647604327666
1900,715,268,279,-0.0153846153846153
1901,685,247,245,0.002919708029197
1902,722,248,268,-0.0277008310249307
1903,735,283,298,-0.0204081632653061
1904,703,265,275,-0.0142247510668563
1905,698,259,269,-0.0143266475644699
1906,709,270,280,-0.0141043723554301
1907,720,252,263,-0.0152777777777777
1908,707,266,281,-0.0212164073550212
1909,688,238,244,-0.0087209302325581
1910,790,293,306,-0.0164556962025316
1911,618,242,252,-0.0161812297734627
1912,675,266,270,-0.0059259259259259
1913,648,247,257,-0.015432098765432
1914,736,279,282,-0.0040760869565217
1915,725,285,297,-0.016551724137931
1916,640,248,255,-0.0109375
1917,691,242,249,-0.0101302460202604
1918,715,261,281,-0.0279720279720279
1919,704,247,246,0.0014204545454545
1920,694,268,278,-0.0144092219020172
1921,681,262,272,-0.0146842878120411
1922,622,252,255,-0.0048231511254019
1923,707,290,295,-0.007072135785007
1924,715,250,249,0.0013986013986013
1925,681,278,289,-0.0161527165932452
1926,672,247,265,-0.0267857142857142
1927,710,274,283,-0.0126760563380281
1928,722,280,294,-0.0193905817174515
1929,658,259,269,-0.0151975683890577
1930,702,270,275,-0.0071225071225071
1931,691,241,245,-0.0057887120115774
1932,633,249,263,-0.0221169036334913
1933,568,236,239,-0.005281690140845
1934,734,285,290,-0.0068119891008174
1935,651,255,267,-0.0184331797235023
1936,685,255,270,-0.0218978102189781
1937,607,245,244,0.0016474464579901
1938,663,230,239,-0.0135746606334841
1939,605,238,245,-0.0115702479338842
1940,639,246,254,-0.0125195618153364
1941,715,270,286,-0.0223776223776223
1942,620,239,246,-0.0112903225806451
1943,678,255,268,-0.0191740412979351
1944,701,282,285,-0.0042796005706134
1945,741,284,291,-0.0094466936572199
1946,678,251,264,-0.0191740412979351
1947,801,322,330,-0.0099875156054931
1948,688,271,280,-0.0130813953488372
1949,603,235,240,-0.0082918739635157
1950,722,243,249,-0.0083102493074792
1951,639,249,259,-0.0156494522691705
1952,662,255,263,-0.0120845921450151
1953,809,299,311,-0.0148331273176761
1954,729,263,275,-0.0164609053497942
1955,704,266,282,-0.0227272727272727
1956,675,253,267,-0.0207407407407407
1957,648,251,255,-0.0061728395061728
1958,669,242,248,-0.0089686098654708
1959,644,230,237,-0.0108695652173913
1960,661,241,250,-0.0136157337367624
1961,631,227,243,-0.0253565768621236
1962,671,245,260,-0.022354694485842
1963,840,310,320,-0.0119047619047619
1964,729,273,276,-0.0041152263374485
1965,698,259,264,-0.0071633237822349
1966,719,266,277,-0.015299026425591
1967,627,244,259,-0.0239234449760765
1968,679,252,261,-0.0132547864506627
1969,742,265,273,-0.0107816711590296
1970,644,247,261,-0.0217391304347826
1971,670,264,279,-0.0223880597014925
1972,687,254,266,-0.0174672489082969
1973,699,266,275,-0.0128755364806866
1974,796,287,292,-0.0062814070351758
1975,789,306,313,-0.008871989860583
1976,700,250,256,-0.0085714285714285
1977,826,302,318,-0.0193704600484261
1978,754,285,300,-0.019893899204244
1979,725,270,276,-0.0082758620689655
1980,661,259,267,-0.0121028744326777
1981,666,256,264,-0.012012012012012
1982,667,236,245,-0.0134932533733133
1983,721,289,301,-0.0166435506241331
1984,644,240,248,-0.0124223602484472
1985,732,276,282,-0.0081967213114754
1986,673,269,281,-0.0178306092124814
1987,677,281,284,-0.0044313146233382
1988,704,243,259,-0.0227272727272727
1989,676,263,276,-0.0192307692307692
1990,657,265,268,-0.0045662100456621
1991,695,248,255,-0.0100719424460431
1992,695,247,254,-0.0100719424460431
1993,805,329,334,-0.0062111801242236
1994,692,273,288,-0.0216763005780346
1995,748,293,310,-0.0227272727272727
1996,762,275,278,-0.0039370078740157
1997,573,226,230,-0.0069808027923211
1998,652,256,254,0.0030674846625766
1999,786,270,284,-0.0178117048346055
2000,760,288,286,0.0026315789473684
2001,764,300,310,-0.013089005235602
2002,663,267,274,-0.0105580693815987
2003,710,243,248,-0.0070422535211267
2004,611,248,250,-0.0032733224222585
2005,724,289,309,-0.0276243093922651
2006,692,254,266,-0.0173410404624277
2007,668,258,261,-0.0044910179640718
2008,591,240,247,-0.0118443316412859
2009,784,297,319,-0.0280612244897959
2010,769,280,300,-0.0260078023407022
2011,695,273,279,-0.0086330935251798
2012,750,272,293,-0.028
2013,799,290,303,-0.016270337922403
2014,607,201,216,-0.0247116968698517
2015,690,272,290,-0.0260869565217391
2016,700,269,272,-0.0042857142857142
2017,714,246,254,-0.011204481792717
2018,710,283,292,-0.0126760563380281
2019,786,289,297,-0.010178117048346
2020,676,283,291,-0.0118343195266272
2021,672,232,248,-0.0238095238095238
2022,701,283,293,-0.014265335235378
2023,652,249,257,-0.0122699386503067
2024,686,264,282,-0.0262390670553935
2025,765,285,296,-0.0143790849673202
2026,677,250,257,-0.0103397341211226
2027,674,241,244,-0.0044510385756676
2028,760,316,330,-0.0184210526315789
2029,758,304,320,-0.021108179419525
2030,724,266,268,-0.0027624309392265
2031,648,261,271,-0.015432098765432
2032,735,257,270,-0.0176870748299319
2033,751,296,305,-0.0119840213049267
2034,724,300,302,-0.0027624309392265
2035,819,297,316,-0.0231990231990232
2036,753,273,288,-0.0199203187250996
2037,662,252,260,-0.0120845921450151
2038,709,251,266,-0.0211565585331452
2039,760,282,292,-0.0131578947368421
2040,699,277,288,-0.0157367668097281
2041,784,273,278,-0.0063775510204081
2042,634,283,288,-0.0078864353312302
2043,785,298,314,-0.0203821656050955
2044,727,243,259,-0.0220082530949105
2045,668,252,263,-0.0164670658682634
2046,631,231,238,-0.011093502377179
2047,647,261,270,-0.0139103554868624
2048,689,257,265,-0.011611030478955
2049,800,300,298,0.0025
2050,712,286,295,-0.0126404494382022
2051,747,276,290,-0.0187416331994645
2052,704,272,277,-0.0071022727272727
2053,764,298,305,-0.0091623036649214
2054,657,240,249,-0.0136986301369863
2055,598,219,223,-0.0066889632107023
2056,711,274,283,-0.0126582278481012
2057,698,266,279,-0.0186246418338108
2058,818,342,350,-0.0097799511002444
2059,721,274,281,-0.0097087378640776
2060,776,296,300,-0.0051546391752577
2061,688,264,271,-0.0101744186046511
2062,855,299,315,-0.0187134502923976
2063,693,255,271,-0.023088023088023
2064,660,252,261,-0.0136363636363636
2065,678,247,257,-0.0147492625368731
2066,694,263,290,-0.0389048991354466
2067,656,231,247,-0.024390243902439
2068,736,260,274,-0.0190217391304347
2069,809,318,334,-0.0197775030902348
2070,642,246,250,-0.0062305295950155
2071,697,286,286,0.0
2072,677,258,270,-0.017725258493353
2073,650,268,276,-0.0123076923076923
2074,722,276,279,-0.0041551246537396
2075,693,292,298,-0.0086580086580086
2076,637,242,254,-0.0188383045525902
2077,678,263,279,-0.023598820058997
2078,673,273,273,0.0
2079,695,271,275,-0.0057553956834532
2080,669,259,265,-0.0089686098654708
2081,702,282,291,-0.0128205128205128
2082,683,255,266,-0.0161054172767203
2083,656,248,254,-0.0091463414634146
2084,672,282,292,-0.0148809523809523
2085,768,301,315,-0.0182291666666666
2086,674,252,270,-0.0267062314540059
2087,665,246,260,-0.0210526315789473
2088,679,263,267,-0.0058910162002945
2089,648,235,247,-0.0185185185185185
2090,735,263,273,-0.0136054421768707
2091,766,274,293,-0.0248041775456919
2092,723,280,286,-0.0082987551867219
2093,684,271,277,-0.0087719298245614
2094,701,288,296,-0.0114122681883024
2095,687,260,272,-0.0174672489082969
2096,714,258,263,-0.0070028011204481
2097,660,273,276,-0.0045454545454545
2098,725,278,290,-0.016551724137931
2099,714,247,265,-0.0252100840336134
2100,626,240,251,-0.0175718849840255
2101,692,264,273,-0.0130057803468208
2102,762,283,296,-0.0170603674540682
2103,775,306,316,-0.0129032258064516
2104,675,248,263,-0.0222222222222222
2105,645,249,254,-0.0077519379844961
2106,709,265,277,-0.0169252468265162
2107,746,294,302,-0.0107238605898123
2108,684,254,262,-0.0116959064327485
2109,662,235,253,-0.0271903323262839
2110,741,260,266,-0.0080971659919028
2111,691,262,266,-0.0057887120115774
2112,743,282,298,-0.0215343203230148
2113,623,254,266,-0.0192616372391653
2114,707,258,270,-0.0169731258840169
2115,758,303,319,-0.021108179419525
2116,708,270,280,-0.0141242937853107
2117,712,278,287,-0.0126404494382022
2118,715,256,273,-0.0237762237762237
2119,583,257,273,-0.0274442538593482
2120,812,310,314,-0.0049261083743842
2121,707,280,291,-0.0155586987270155
2122,733,274,287,-0.0177353342428376
2123,638,248,266,-0.0282131661442006
2124,808,282,296,-0.0173267326732673
2125,739,278,281,-0.0040595399188092
2126,626,232,239,-0.011182108626198
2127,677,270,282,-0.017725258493353
2128,703,280,284,-0.0056899004267425
2129,645,266,272,-0.0093023255813953
2130,689,249,262,-0.0188679245283018
2131,683,273,276,-0.0043923865300146
2132,712,274,279,-0.0070224719101123
2133,683,261,269,-0.0117130307467057
2134,670,283,288,-0.0074626865671641
2135,679,276,283,-0.0103092783505154
2136,697,279,286,-0.0100430416068866
2137,715,292,304,-0.0167832167832167
2138,709,251,256,-0.007052186177715
2139,726,278,286,-0.0110192837465564
2140,736,267,275,-0.0108695652173913
2141,624,244,253,-0.0144230769230769
2142,724,272,283,-0.0151933701657458
2143,717,267,286,-0.0264993026499302
2144,698,266,274,-0.0114613180515759
2145,763,274,291,-0.0222804718217562
2146,748,281,295,-0.0187165775401069
2147,611,253,261,-0.0130932896890343
2148,748,266,273,-0.0093582887700534
2149,597,223,241,-0.0301507537688442
2150,740,282,294,-0.0162162162162162
2151,703,262,268,-0.0085348506401137
2152,693,259,267,-0.0115440115440115
2153,734,306,321,-0.0204359673024523
2154,686,267,273,-0.0087463556851311
2155,659,271,281,-0.015174506828528
2156,673,263,271,-0.0118870728083209
2157,667,283,289,-0.0089955022488755
2158,725,293,307,-0.0193103448275862
2159,692,246,261,-0.0216763005780346
2160,756,281,291,-0.0132275132275132
2161,708,245,256,-0.0155367231638418
2162,696,292,296,-0.0057471264367816
2163,645,236,239,-0.0046511627906976
2164,714,269,283,-0.0196078431372549
2165,740,298,304,-0.0081081081081081
2166,743,274,289,-0.0201884253028263
2167,702,262,270,-0.0113960113960113
2168,689,266,273,-0.0101596516690856
2169,691,287,298,-0.0159189580318379
2170,704,262,272,-0.0142045454545454
2171,777,269,280,-0.0141570141570141
2172,717,271,281,-0.0139470013947001
2173,677,265,275,-0.0147710487444608
2174,665,268,278,-0.0150375939849624
2175,700,232,246,-0.02
2176,729,275,283,-0.0109739368998628
2177,640,244,252,-0.0125
2178,712,275,284,-0.0126404494382022
2179,684,254,263,-0.0131578947368421
2180,662,255,265,-0.0151057401812688
2181,718,256,269,-0.0181058495821727
2182,672,282,286,-0.0059523809523809
2183,647,246,256,-0.0154559505409582
2184,721,282,292,-0.0138696255201109
2185,732,282,296,-0.0191256830601092
2186,625,254,269,-0.024
2187,749,304,313,-0.0120160213618157
2188,733,269,297,-0.0381991814461118
2189,702,271,282,-0.0156695156695156
2190,634,259,269,-0.0157728706624605
2191,719,276,278,-0.0027816411682892
2192,700,257,269,-0.0171428571428571
2193,683,249,256,-0.0102489019033674
2194,802,300,307,-0.0087281795511221
2195,643,253,269,-0.0248833592534992
2196,730,304,312,-0.010958904109589
2197,640,239,247,-0.0125
2198,631,231,245,-0.0221870047543581
2199,665,229,230,-0.0015037593984962
2200,635,232,241,-0.0141732283464566
2201,703,262,273,-0.0156472261735419
2202,686,264,274,-0.0145772594752186
2203,709,271,276,-0.007052186177715
2204,620,253,264,-0.0177419354838709
2205,727,286,297,-0.015130674002751
2206,662,260,273,-0.0196374622356495
2207,635,255,267,-0.0188976377952755
2208,676,238,253,-0.022189349112426
2209,657,253,260,-0.0106544901065449
2210,727,267,276,-0.0123796423658872
2211,666,248,243,0.0075075075075075
2212,684,261,268,-0.0102339181286549
2213,736,289,304,-0.0203804347826086
2214,606,230,243,-0.0214521452145214
2215,712,259,277,-0.0252808988764044
2216,662,264,273,-0.0135951661631419
2217,719,283,296,-0.0180806675938803
2218,764,266,265,0.0013089005235602
2219,744,293,304,-0.0147849462365591
2220,677,268,291,-0.0339734121122599
2221,746,289,294,-0.0067024128686327
2222,727,266,272,-0.0082530949105914
2223,669,264,275,-0.0164424514200298
2224,710,265,267,-0.0028169014084507
2225,685,271,278,-0.0102189781021897
2226,604,232,236,-0.0066225165562913
2227,584,236,256,-0.0342465753424657
2228,723,276,283,-0.0096818810511756
2229,754,285,295,-0.013262599469496
2230,662,230,249,-0.0287009063444108
2231,677,252,260,-0.0118168389955686
2232,665,254,266,-0.0180451127819548
2233,770,287,302,-0.0194805194805194
2234,692,272,278,-0.0086705202312138
2235,717,270,278,-0.0111576011157601
2236,655,262,268,-0.0091603053435114
2237,684,262,270,-0.0116959064327485
2238,788,301,305,-0.0050761421319796
2239,599,241,244,-0.005008347245409
2240,694,250,264,-0.0201729106628242
2241,711,262,274,-0.0168776371308016
2242,695,271,278,-0.0100719424460431
2243,746,277,289,-0.0160857908847185
2244,793,304,311,-0.008827238335435
2245,679,257,269,-0.0176730486008836
2246,671,247,251,-0.0059612518628912
2247,726,291,313,-0.0303030303030303
2248,750,256,258,-0.0026666666666666
2249,656,250,255,-0.0076219512195121
2250,689,273,279,-0.0087082728592162
2251,632,226,231,-0.0079113924050632
2252,648,260,262,-0.0030864197530864
2253,714,288,295,-0.0098039215686274
2254,718,285,291,-0.0083565459610027
2255,597,234,232,0.0033500837520938
2256,651,241,252,-0.0168970814132104
2257,616,253,265,-0.0194805194805194
2258,684,258,267,-0.0131578947368421
2259,741,279,288,-0.0121457489878542
2260,758,292,300,-0.0105540897097625
2261,714,269,271,-0.0028011204481792
2262,718,283,290,-0.0097493036211699
2263,726,278,284,-0.0082644628099173
2264,661,248,262,-0.021180030257186
2265,706,277,286,-0.0127478753541076
2266,707,270,282,-0.0169731258840169
2267,646,233,244,-0.0170278637770897
2268,790,307,318,-0.0139240506329113
2269,739,289,294,-0.006765899864682
2270,676,284,292,-0.0118343195266272
2271,671,243,255,-0.0178837555886736
2272,593,228,235,-0.0118043844856661
2273,620,243,245,-0.0032258064516129
2274,632,254,262,-0.0126582278481012
2275,676,286,295,-0.0133136094674556
2276,796,301,311,-0.0125628140703517
2277,655,255,258,-0.0045801526717557
2278,717,259,271,-0.0167364016736401
2279,711,273,285,-0.0168776371308016
2280,734,266,272,-0.0081743869209809
2281,651,231,238,-0.010752688172043
2282,771,302,316,-0.0181582360570687
2283,714,263,274,-0.0154061624649859
2284,645,264,274,-0.0155038759689922
2285,670,250,266,-0.0238805970149253
2286,699,264,271,-0.0100143061516452
2287,712,274,279,-0.0070224719101123
2288,628,246,253,-0.0111464968152866
2289,714,262,273,-0.0154061624649859
2290,690,257,262,-0.0072463768115942
2291,679,252,252,0.0
2292,717,262,270,-0.0111576011157601
2293,698,272,280,-0.0114613180515759
2294,779,293,305,-0.0154043645699614
2295,767,274,280,-0.0078226857887874
2296,652,240,244,-0.0061349693251533
2297,658,273,282,-0.0136778115501519
2298,680,241,252,-0.0161764705882352
2299,623,247,251,-0.0064205457463884
2300,669,260,269,-0.0134529147982062
2301,677,268,275,-0.0103397341211226
2302,703,224,237,-0.0184921763869132
2303,779,277,284,-0.0089858793324775
2304,731,275,279,-0.0054719562243502
2305,702,275,278,-0.0042735042735042
2306,654,256,263,-0.010703363914373
2307,728,279,279,0.0
2308,674,242,252,-0.0148367952522255
2309,697,237,244,-0.0100430416068866
2310,632,237,249,-0.0189873417721519
2311,625,257,268,-0.0176
2312,672,256,266,-0.0148809523809523
2313,630,220,225,-0.0079365079365079
2314,597,230,238,-0.0134003350083752
2315,709,240,248,-0.0112834978843441
2316,636,256,268,-0.0188679245283018
2317,684,274,283,-0.0131578947368421
2318,715,269,276,-0.0097902097902097
2319,731,274,280,-0.0082079343365253
2320,636,235,243,-0.0125786163522012
2321,707,256,261,-0.007072135785007
2322,744,264,271,-0.0094086021505376
2323,738,273,284,-0.0149051490514905
2324,667,268,278,-0.0149925037481259
2325,685,262,271,-0.0131386861313868
2326,673,240,250,-0.0148588410104011
2327,764,299,312,-0.0170157068062827
2328,630,246,252,-0.0095238095238095
2329,605,240,249,-0.0148760330578512
2330,689,263,266,-0.0043541364296081
2331,803,294,299,-0.0062266500622665
2332,705,268,275,-0.0099290780141843
2333,710,265,271,-0.0084507042253521
2334,808,305,320,-0.0185643564356435
2335,724,277,293,-0.0220994475138121
2336,723,262,274,-0.0165975103734439
2337,718,285,295,-0.0139275766016713
2338,685,264,276,-0.0175182481751824
2339,657,269,266,0.0045662100456621
2340,591,252,255,-0.0050761421319796
2341,598,247,249,-0.0033444816053511
2342,665,250,261,-0.0165413533834586
2343,749,282,292,-0.0133511348464619
2344,647,240,254,-0.0216383307573415
2345,674,284,291,-0.0103857566765578
2346,767,267,281,-0.0182529335071707
2347,616,267,272,-0.0081168831168831
2348,639,239,249,-0.0156494522691705
2349,803,321,333,-0.0149439601494396
2350,681,247,263,-0.0234948604992657
2351,678,274,280,-0.0088495575221238
2352,695,252,261,-0.0129496402877697
2353,719,273,275,-0.0027816411682892
2354,631,234,247,-0.0206022187004754
2355,597,226,234,-0.0134003350083752
2356,686,262,278,-0.0233236151603498
2357,720,258,273,-0.0208333333333333
2358,615,247,256,-0.0146341463414634
2359,648,266,274,-0.0123456790123456
2360,684,256,265,-0.0131578947368421
2361,793,276,288,-0.0151324085750315
2362,740,292,296,-0.0054054054054054
2363,683,234,248,-0.0204978038067349
2364,666,236,250,-0.021021021021021
2365,646,263,266,-0.0046439628482972
2366,682,255,270,-0.0219941348973607
2367,665,273,277,-0.0060150375939849
2368,681,241,242,-0.0014684287812041
2369,672,265,264,0.0014880952380952
2370,707,268,274,-0.0084865629420084
2371,659,242,246,-0.0060698027314112
2372,725,269,279,-0.0137931034482758
2373,654,248,250,-0.0030581039755351
2374,653,256,263,-0.010719754977029
2375,717,254,270,-0.0223152022315202
2376,649,257,270,-0.0200308166409861
2377,704,260,259,0.0014204545454545
2378,747,281,289,-0.0107095046854083
2379,661,266,274,-0.0121028744326777
2380,682,248,269,-0.0307917888563049
2381,731,277,285,-0.0109439124487004
2382,748,280,292,-0.0160427807486631
2383,704,252,258,-0.0085227272727272
2384,657,288,302,-0.0213089802130898
2385,698,263,271,-0.0114613180515759
2386,621,248,259,-0.0177133655394524
2387,717,268,280,-0.0167364016736401
2388,712,255,261,-0.0084269662921348
2389,764,302,305,-0.0039267015706806
2390,655,254,259,-0.0076335877862595
2391,714,250,265,-0.0210084033613445
2392,782,277,290,-0.0166240409207161
2393,707,263,270,-0.0099009900990099
2394,705,251,266,-0.0212765957446808
2395,731,276,295,-0.0259917920656634
2396,774,305,310,-0.0064599483204134
2397,649,242,257,-0.0231124807395993
2398,647,251,256,-0.0077279752704791
2399,685,265,271,-0.0087591240875912
2400,737,285,293,-0.010854816824966
2401,688,261,263,-0.002906976744186
2402,684,274,284,-0.0146198830409356
2403,681,240,250,-0.0146842878120411
2404,724,258,267,-0.0124309392265193
2405,667,270,276,-0.0089955022488755
2406,756,293,301,-0.0105820105820105
2407,671,224,240,-0.0238450074515648
2408,742,300,315,-0.0202156334231805
2409,704,290,300,-0.0142045454545454
2410,621,239,246,-0.0112721417069243
2411,744,283,290,-0.0094086021505376
2412,652,273,280,-0.0107361963190184
2413,736,256,260,-0.0054347826086956
2414,722,282,291,-0.0124653739612188
2415,752,287,296,-0.0119680851063829
2416,703,281,292,-0.0156472261735419
2417,738,284,294,-0.013550135501355
2418,736,261,261,0.0
2419,776,286,300,-0.018041237113402
2420,600,235,244,-0.015
2421,699,250,253,-0.0042918454935622
2422,624,215,225,-0.016025641025641
2423,737,267,274,-0.0094979647218453
2424,676,243,248,-0.007396449704142
2425,771,302,315,-0.0168612191958495
2426,718,279,294,-0.0208913649025069
2427,700,288,292,-0.0057142857142857
2428,640,223,236,-0.0203125
2429,636,254,268,-0.0220125786163522
2430,738,278,285,-0.0094850948509485
2431,746,270,278,-0.0107238605898123
2432,698,260,273,-0.0186246418338108
2433,816,313,319,-0.0073529411764705
2434,683,252,258,-0.0087847730600292
2435,630,258,264,-0.0095238095238095
2436,647,254,265,-0.017001545595054
2437,711,247,259,-0.0168776371308016
2438,754,291,296,-0.006631299734748
2439,774,286,305,-0.024547803617571
2440,752,273,276,-0.0039893617021276
2441,752,267,279,-0.0159574468085106
2442,737,270,278,-0.010854816824966
2443,676,272,284,-0.0177514792899408
2444,658,224,241,-0.0258358662613981
2445,782,290,294,-0.0051150895140664
2446,619,247,258,-0.0177705977382875
2447,701,263,277,-0.0199714693295292
2448,729,288,290,-0.0027434842249657
2449,647,241,246,-0.0077279752704791
2450,730,253,255,-0.0027397260273972
2451,664,251,255,-0.0060240963855421
2452,685,272,279,-0.0102189781021897
2453,674,262,273,-0.016320474777448
2454,654,246,250,-0.0061162079510703
2455,641,246,258,-0.0187207488299532
2456,532,212,222,-0.018796992481203
2457,708,273,278,-0.0070621468926553
2458,611,254,266,-0.0196399345335515
2459,703,270,287,-0.0241820768136557
2460,707,277,285,-0.0113154172560113
2461,726,294,297,-0.0041322314049586
2462,712,278,287,-0.0126404494382022
2463,656,237,250,-0.0198170731707317
2464,669,265,286,-0.0313901345291479
2465,722,268,279,-0.0152354570637119
2466,804,302,313,-0.0136815920398009
2467,762,283,279,0.0052493438320209
2468,768,268,280,-0.015625
2469,745,262,274,-0.0161073825503355
2470,741,270,289,-0.0256410256410256
2471,688,254,265,-0.0159883720930232
2472,701,260,276,-0.0228245363766048
2473,734,278,279,-0.0013623978201634
2474,654,245,253,-0.0122324159021406
2475,649,233,251,-0.0277349768875192
2476,657,270,272,-0.0030441400304414
2477,626,262,274,-0.0191693290734824
2478,714,277,287,-0.0140056022408963
2479,756,279,286,-0.0092592592592592
2480,717,254,268,-0.0195258019525801
2481,694,262,272,-0.0144092219020172
2482,763,290,298,-0.0104849279161205
2483,711,296,304,-0.0112517580872011
2484,725,296,301,-0.0068965517241379
2485,710,269,285,-0.0225352112676056
2486,766,300,307,-0.0091383812010443
2487,742,293,311,-0.0242587601078167
2488,722,261,272,-0.0152354570637119
2489,683,260,270,-0.0146412884333821
2490,664,274,276,-0.003012048192771
2491,664,250,259,-0.0135542168674698
2492,758,281,291,-0.0131926121372031
2493,787,297,315,-0.0228716645489199
2494,752,301,298,0.0039893617021276
2495,712,257,265,-0.0112359550561797
2496,708,291,298,-0.0098870056497175
2497,692,274,281,-0.0101156069364161
2498,610,239,251,-0.0196721311475409
2499,627,247,247,0.0
2500,708,257,268,-0.0155367231638418
2501,708,242,261,-0.0268361581920903
2502,663,258,268,-0.0150829562594268
2503,664,245,254,-0.0135542168674698
2504,740,277,286,-0.0121621621621621
2505,662,239,253,-0.0211480362537764
2506,655,253,261,-0.0122137404580152
2507,723,263,266,-0.0041493775933609
2508,665,298,299,-0.0015037593984962
2509,703,250,257,-0.0099573257467994
2510,701,255,259,-0.0057061340941512
2511,691,253,270,-0.024602026049204
2512,728,288,299,-0.0151098901098901
2513,818,312,320,-0.0097799511002444
2514,693,252,259,-0.0101010101010101
2515,691,259,266,-0.0101302460202604
2516,632,244,251,-0.0110759493670886
2517,686,285,292,-0.010204081632653
2518,637,244,254,-0.0156985871271585
2519,772,279,297,-0.0233160621761658
2520,689,258,274,-0.02322206095791
2521,708,264,269,-0.0070621468926553
2522,698,261,269,-0.0114613180515759
2523,735,285,290,-0.0068027210884353
2524,708,273,282,-0.0127118644067796
2525,793,300,308,-0.0100882723833543
2526,706,274,285,-0.0155807365439093
2527,703,278,283,-0.0071123755334281
2528,633,245,254,-0.0142180094786729
2529,733,276,286,-0.0136425648021828
2530,736,271,283,-0.0163043478260869
2531,651,242,265,-0.0353302611367127
2532,701,274,287,-0.0185449358059914
2533,612,239,247,-0.0130718954248366
2534,676,268,276,-0.0118343195266272
2535,618,237,251,-0.0226537216828478
2536,651,262,270,-0.0122887864823348
2537,790,308,305,0.0037974683544303
2538,694,258,261,-0.0043227665706051
2539,705,275,288,-0.0184397163120567
2540,654,252,265,-0.0198776758409785
2541,723,275,290,-0.0207468879668049
2542,636,244,253,-0.0141509433962264
2543,697,252,257,-0.0071736011477761
2544,727,272,278,-0.0082530949105914
2545,754,288,303,-0.019893899204244
2546,768,282,291,-0.01171875
2547,724,270,278,-0.011049723756906
2548,702,273,275,-0.0028490028490028
2549,697,260,274,-0.0200860832137733
2550,589,222,232,-0.0169779286926994
2551,789,312,321,-0.0114068441064638
2552,656,242,250,-0.0121951219512195
2553,686,245,259,-0.0204081632653061
2554,770,312,327,-0.0194805194805194
2555,690,269,273,-0.0057971014492753
2556,705,266,275,-0.0127659574468085
2557,708,283,299,-0.0225988700564971
2558,664,254,272,-0.0271084337349397
2559,728,260,264,-0.0054945054945054
2560,664,233,238,-0.0075301204819277
2561,752,291,299,-0.0106382978723404
2562,624,232,250,-0.0288461538461538
2563,633,245,252,-0.0110584518167456
2564,667,259,272,-0.0194902548725637
2565,769,305,320,-0.0195058517555266
2566,762,295,305,-0.0131233595800524
2567,636,255,274,-0.0298742138364779
2568,780,293,300,-0.0089743589743589
2569,763,295,314,-0.0249017038007863
2570,714,285,285,0.0
2571,648,244,256,-0.0185185185185185
2572,665,258,272,-0.0210526315789473
2573,643,254,264,-0.015552099533437
2574,698,249,270,-0.0300859598853868
2575,789,291,304,-0.0164765525982256
2576,742,275,286,-0.0148247978436657
2577,779,287,297,-0.0128369704749679
2578,654,250,258,-0.0122324159021406
2579,703,265,275,-0.0142247510668563
2580,652,247,256,-0.013803680981595
2581,678,267,283,-0.023598820058997
2582,681,274,278,-0.0058737151248164
2583,767,308,327,-0.0247718383311603
2584,772,279,292,-0.0168393782383419
2585,637,284,291,-0.0109890109890109
2586,712,256,270,-0.0196629213483146
2587,681,269,274,-0.0073421439060205
2588,805,306,316,-0.0124223602484472
2589,672,252,269,-0.025297619047619
2590,659,255,259,-0.0060698027314112
2591,613,239,246,-0.0114192495921696
2592,760,289,302,-0.0171052631578947
2593,642,254,257,-0.0046728971962616
2594,817,321,323,-0.0024479804161566
2595,651,245,252,-0.010752688172043
2596,655,250,254,-0.0061068702290076
2597,788,312,322,-0.0126903553299492
2598,702,286,293,-0.0099715099715099
2599,743,280,286,-0.0080753701211305
2600,747,295,303,-0.0107095046854083
2601,681,267,272,-0.0073421439060205
2602,629,225,238,-0.0206677265500794
2603,647,271,276,-0.0077279752704791
2604,718,279,293,-0.0194986072423398
2605,647,228,228,0.0
2606,660,286,292,-0.009090909090909
2607,661,267,272,-0.0075642965204236
2608,673,236,246,-0.0148588410104011
2609,691,263,272,-0.0130246020260492
2610,711,271,283,-0.0168776371308016
2611,701,271,272,-0.0014265335235378
2612,684,272,283,-0.0160818713450292
2613,709,272,283,-0.0155148095909732
2614,732,274,279,-0.0068306010928961
2615,671,256,267,-0.0163934426229508
2616,745,277,281,-0.0053691275167785
2617,646,246,253,-0.0108359133126934
2618,753,256,275,-0.0252324037184594
2619,698,271,277,-0.0085959885386819
2620,664,272,282,-0.0150602409638554
2621,700,262,279,-0.0242857142857142
2622,784,300,314,-0.0178571428571428
2623,778,290,299,-0.0115681233933161
2624,667,243,254,-0.0164917541229385
2625,679,254,265,-0.01620029455081
2626,695,277,284,-0.0100719424460431
2627,644,271,281,-0.015527950310559
2628,689,250,261,-0.0159651669085631
2629,671,274,270,0.0059612518628912
2630,682,267,277,-0.0146627565982404
2631,597,238,249,-0.0184254606365159
2632,726,260,264,-0.0055096418732782
2633,741,278,281,-0.0040485829959514
2634,692,252,265,-0.01878612716763
2635,731,283,297,-0.0191518467852257
2636,752,285,294,-0.0119680851063829
2637,722,280,288,-0.0110803324099723
2638,708,233,252,-0.0268361581920903
2639,638,237,247,-0.0156739811912225
2640,727,299,298,0.0013755158184319
2641,699,277,282,-0.0071530758226037
2642,689,278,287,-0.0130624092888243
2643,719,293,308,-0.0208623087621696
2644,681,244,257,-0.0190895741556534
2645,776,277,296,-0.0244845360824742
2646,693,278,284,-0.0086580086580086
2647,688,261,265,-0.005813953488372
2648,699,259,269,-0.0143061516452074
2649,642,244,253,-0.014018691588785
2650,684,262,273,-0.0160818713450292
2651,702,267,283,-0.0227920227920227
2652,721,265,271,-0.0083217753120665
2653,688,262,275,-0.0188953488372093
2654,794,279,288,-0.0113350125944584
2655,729,258,273,-0.0205761316872428
2656,745,283,289,-0.0080536912751677
2657,737,286,302,-0.0217096336499321
2658,701,263,282,-0.0271041369472182
2659,697,286,290,-0.0057388809182209
2660,691,269,279,-0.0144717800289435
2661,622,208,218,-0.0160771704180064
2662,601,242,252,-0.016638935108153
2663,711,240,252,-0.0168776371308016
2664,839,288,303,-0.0178784266984505
2665,682,281,290,-0.0131964809384164
2666,664,241,252,-0.0165662650602409
2667,705,273,281,-0.0113475177304964
2668,645,252,261,-0.013953488372093
2669,696,260,275,-0.021551724137931
2670,679,245,247,-0.0029455081001472
2671,645,247,263,-0.0248062015503875
2672,662,263,278,-0.0226586102719033
2673,669,266,274,-0.0119581464872944
2674,696,286,288,-0.0028735632183908
2675,629,238,246,-0.012718600953895
2676,684,280,283,-0.0043859649122807
2677,706,275,283,-0.0113314447592068
2678,812,282,300,-0.022167487684729
2679,676,237,244,-0.0103550295857988
2680,629,211,223,-0.0190779014308426
2681,728,281,290,-0.0123626373626373
2682,703,254,266,-0.0170697012802275
2683,624,255,255,0.0
2684,654,272,284,-0.018348623853211
2685,675,240,251,-0.0162962962962962
2686,659,270,279,-0.0136570561456752
2687,724,275,284,-0.0124309392265193
2688,697,262,273,-0.0157819225251076
2689,765,255,266,-0.0143790849673202
2690,710,277,276,0.0014084507042253
2691,687,271,279,-0.0116448326055312
2692,667,271,273,-0.0029985007496251
2693,716,286,295,-0.0125698324022346
2694,707,256,265,-0.0127298444130127
2695,635,240,243,-0.0047244094488188
2696,718,270,281,-0.0153203342618384
2697,636,253,259,-0.0094339622641509
2698,738,275,293,-0.024390243902439
2699,765,279,287,-0.0104575163398692
2700,754,298,302,-0.0053050397877984
2701,627,218,221,-0.0047846889952153
2702,757,306,311,-0.0066050198150594
2703,655,257,267,-0.015267175572519
2704,706,252,259,-0.0099150141643059
2705,640,244,254,-0.015625
2706,645,234,240,-0.0093023255813953
2707,609,221,227,-0.0098522167487684
2708,715,280,289,-0.0125874125874125
2709,665,257,271,-0.0210526315789473
2710,743,270,284,-0.0188425302826379
2711,672,269,280,-0.0163690476190476
2712,728,273,286,-0.0178571428571428
2713,681,250,273,-0.0337738619676945
2714,684,257,265,-0.0116959064327485
2715,667,239,249,-0.0149925037481259
2716,682,264,273,-0.0131964809384164
2717,727,277,290,-0.0178817056396148
2718,679,260,268,-0.0117820324005891
2719,706,267,271,-0.0056657223796034
2720,668,256,261,-0.0074850299401197
2721,707,268,277,-0.0127298444130127
2722,692,266,270,-0.0057803468208092
2723,722,265,289,-0.0332409972299169
2724,780,310,321,-0.0141025641025641
2725,631,240,241,-0.0015847860538827
2726,680,238,250,-0.0176470588235294
2727,653,220,226,-0.009188361408882
2728,727,261,264,-0.0041265474552957
2729,662,277,280,-0.0045317220543806
2730,639,254,279,-0.0391236306729264
2731,660,257,272,-0.0227272727272727
2732,787,309,314,-0.0063532401524777
2733,642,249,253,-0.0062305295950155
2734,705,283,292,-0.0127659574468085
2735,796,279,282,-0.0037688442211055
2736,739,287,287,0.0
2737,727,281,281,0.0
2738,718,268,284,-0.022284122562674
2739,681,247,255,-0.0117474302496328
2740,729,276,288,-0.0164609053497942
2741,765,292,310,-0.0235294117647058
2742,622,248,255,-0.0112540192926045
2743,671,272,288,-0.0238450074515648
2744,728,289,300,-0.0151098901098901
2745,719,279,292,-0.0180806675938803
2746,636,237,238,-0.0015723270440251
2747,670,255,266,-0.0164179104477611
2748,685,265,277,-0.0175182481751824
2749,726,279,289,-0.0137741046831955
2750,567,238,242,-0.0070546737213403
2751,714,290,304,-0.0196078431372549
2752,654,255,259,-0.0061162079510703
2753,704,278,276,0.002840909090909
2754,703,270,276,-0.0085348506401137
2755,693,262,270,-0.0115440115440115
2756,684,266,274,-0.0116959064327485
2757,825,303,311,-0.0096969696969696
2758,682,243,254,-0.0161290322580645
2759,671,241,263,-0.0327868852459016
2760,673,253,271,-0.0267459138187221
2761,647,264,276,-0.0185471406491499
2762,695,259,271,-0.0172661870503597
2763,706,282,286,-0.0056657223796034
2764,666,268,279,-0.0165165165165165
2765,722,282,285,-0.0041551246537396
2766,748,304,305,-0.0013368983957219
2767,800,301,308,-0.00875
2768,681,254,267,-0.0190895741556534
2769,573,220,233,-0.0226876090750436
2770,622,238,244,-0.0096463022508038
2771,686,254,262,-0.0116618075801749
2772,648,253,256,-0.0046296296296296
2773,638,220,226,-0.0094043887147335
2774,664,238,248,-0.0150602409638554
2775,646,259,259,0.0
2776,706,272,284,-0.0169971671388102
2777,714,267,277,-0.0140056022408963
2778,767,295,314,-0.0247718383311603
2779,676,277,289,-0.0177514792899408
2780,655,240,245,-0.0076335877862595
2781,682,273,288,-0.0219941348973607
2782,601,232,244,-0.0199667221297836
2783,691,252,259,-0.0101302460202604
2784,649,243,254,-0.0169491525423728
2785,748,280,279,0.0013368983957219
2786,631,237,237,0.0
2787,741,291,291,0.0
2788,764,279,290,-0.0143979057591623
2789,729,275,282,-0.0096021947873799
2790,797,309,327,-0.0225846925972396
2791,711,277,276,0.0014064697609001
2792,728,266,271,-0.0068681318681318
2793,707,280,289,-0.0127298444130127
2794,691,289,298,-0.0130246020260492
2795,707,276,283,-0.0099009900990099
2796,634,242,249,-0.0110410094637223
2797,653,268,279,-0.0168453292496171
2798,654,260,271,-0.0168195718654434
2799,821,295,309,-0.0170523751522533
2800,795,280,290,-0.0125786163522012
2801,731,289,293,-0.0054719562243502
2802,667,253,261,-0.0119940029985007
2803,690,279,294,-0.0217391304347826
2804,687,264,267,-0.0043668122270742
2805,698,283,297,-0.0200573065902578
2806,753,298,307,-0.0119521912350597
2807,775,291,304,-0.016774193548387
2808,626,249,247,0.0031948881789137
2809,678,271,280,-0.0132743362831858
2810,655,269,268,0.0015267175572519
2811,740,286,299,-0.0175675675675675
2812,737,262,278,-0.0217096336499321
2813,647,269,277,-0.0123647604327666
2814,628,254,260,-0.0095541401273885
2815,742,296,312,-0.0215633423180593
2816,712,249,267,-0.0252808988764044
2817,620,236,243,-0.0112903225806451
2818,735,276,283,-0.0095238095238095
2819,662,256,254,0.0030211480362537
2820,685,256,267,-0.0160583941605839
2821,757,271,279,-0.0105680317040951
2822,650,250,258,-0.0123076923076923
2823,621,253,255,-0.003220611916264
2824,697,293,299,-0.0086083213773314
2825,768,290,302,-0.015625
2826,737,278,285,-0.0094979647218453
2827,617,221,230,-0.0145867098865478
2828,634,228,237,-0.0141955835962145
2829,734,269,291,-0.0299727520435967
2830,735,252,256,-0.0054421768707482
2831,706,273,281,-0.0113314447592068
2832,657,242,259,-0.0258751902587519
2833,708,264,283,-0.0268361581920903
2834,719,255,260,-0.0069541029207232
2835,798,296,303,-0.0087719298245614
2836,693,270,287,-0.0245310245310245
2837,656,241,248,-0.010670731707317
2838,672,264,278,-0.0208333333333333
2839,714,285,294,-0.0126050420168067
2840,630,253,268,-0.0238095238095238
2841,655,273,278,-0.0076335877862595
2842,727,268,278,-0.0137551581843191
2843,653,255,269,-0.0214395099540581
2844,678,262,276,-0.0206489675516224
2845,734,277,281,-0.0054495912806539
2846,662,239,246,-0.0105740181268882
2847,692,244,257,-0.01878612716763
2848,717,293,298,-0.00697350069735
2849,681,256,260,-0.0058737151248164
2850,724,287,294,-0.0096685082872928
2851,698,270,278,-0.0114613180515759
2852,741,276,285,-0.0121457489878542
2853,738,275,285,-0.013550135501355
2854,743,278,287,-0.0121130551816958
2855,628,232,233,-0.001592356687898
2856,721,261,271,-0.0138696255201109
2857,704,260,275,-0.0213068181818181
2858,671,258,273,-0.022354694485842
2859,667,265,272,-0.0104947526236881
2860,659,257,262,-0.007587253414264
2861,599,240,240,0.0
2862,785,301,310,-0.0114649681528662
2863,721,295,299,-0.0055478502080443
2864,734,270,280,-0.0136239782016348
2865,696,262,269,-0.0100574712643678
2866,701,262,270,-0.0114122681883024
2867,701,276,294,-0.0256776034236804
2868,724,270,285,-0.0207182320441988
2869,690,271,281,-0.0144927536231884
2870,676,272,272,0.0
2871,792,287,304,-0.0214646464646464
2872,666,258,258,0.0
2873,625,236,242,-0.0096
2874,657,277,284,-0.0106544901065449
2875,699,267,286,-0.0271816881258941
2876,640,255,260,-0.0078125
2877,787,280,290,-0.0127064803049555
2878,772,296,312,-0.0207253886010362
2879,701,281,291,-0.014265335235378
2880,672,257,264,-0.0104166666666666
2881,676,244,249,-0.007396449704142
2882,647,271,276,-0.0077279752704791
2883,667,258,265,-0.0104947526236881
2884,748,263,283,-0.0267379679144385
2885,696,250,267,-0.0244252873563218
2886,697,281,289,-0.0114777618364418
2887,679,272,278,-0.0088365243004418
2888,728,257,261,-0.0054945054945054
2889,724,281,285,-0.005524861878453
2890,720,272,276,-0.0055555555555555
2891,734,284,279,0.0068119891008174
2892,727,285,291,-0.0082530949105914
2893,785,299,305,-0.0076433121019108
2894,607,241,250,-0.014827018121911
2895,687,283,289,-0.0087336244541484
2896,688,265,273,-0.0116279069767441
2897,883,319,335,-0.0181200453001132
2898,696,267,276,-0.0129310344827586
2899,683,278,289,-0.0161054172767203
2900,717,258,268,-0.0139470013947001
2901,649,235,243,-0.012326656394453
2902,571,229,237,-0.0140105078809106
2903,788,299,316,-0.0215736040609137
2904,765,277,283,-0.0078431372549019
2905,680,253,263,-0.0147058823529411
2906,761,269,281,-0.0157687253613666
2907,758,283,298,-0.0197889182058047
2908,647,262,266,-0.0061823802163833
2909,756,259,269,-0.0132275132275132
2910,712,298,304,-0.0084269662921348
2911,724,286,291,-0.0069060773480662
2912,624,258,262,-0.0064102564102564
2913,685,272,274,-0.002919708029197
2914,688,253,265,-0.0174418604651162
2915,756,269,275,-0.0079365079365079
2916,653,267,272,-0.007656967840735
2917,689,277,284,-0.0101596516690856
2918,688,276,287,-0.0159883720930232
2919,751,268,275,-0.0093209054593874
2920,634,250,258,-0.0126182965299684
2921,727,254,265,-0.015130674002751
2922,730,275,270,0.0068493150684931
2923,626,233,247,-0.0223642172523961
2924,668,257,268,-0.0164670658682634
2925,645,243,240,0.0046511627906976
2926,727,254,256,-0.0027510316368638
2927,671,223,229,-0.0089418777943368
2928,671,261,275,-0.0208643815201192
2929,773,289,294,-0.0064683053040103
2930,768,277,280,-0.00390625
2931,777,297,310,-0.0167310167310167
2932,715,256,264,-0.0111888111888111
2933,731,292,307,-0.0205198358413132
2934,677,284,289,-0.0073855243722304
2935,710,264,276,-0.0169014084507042
2936,736,272,276,-0.0054347826086956
2937,647,249,255,-0.0092735703245749
2938,701,267,267,0.0
2939,652,239,255,-0.0245398773006134
2940,629,253,264,-0.0174880763116057
2941,839,299,313,-0.0166865315852205
2942,619,256,268,-0.0193861066235864
2943,678,233,244,-0.0162241887905604
2944,696,274,267,0.0100574712643678
2945,687,247,261,-0.0203784570596797
2946,633,249,252,-0.0047393364928909
2947,707,254,264,-0.0141442715700141
2948,709,264,278,-0.0197461212976022
2949,675,253,260,-0.0103703703703703
2950,712,255,269,-0.0196629213483146
2951,758,293,305,-0.0158311345646438
2952,723,267,278,-0.0152143845089903
2953,719,257,267,-0.0139082058414464
2954,628,239,249,-0.0159235668789808
2955,705,273,292,-0.026950354609929
2956,699,270,277,-0.0100143061516452
2957,714,254,268,-0.0196078431372549
2958,812,316,312,0.0049261083743842
2959,775,266,282,-0.0206451612903225
2960,656,255,265,-0.0152439024390243
2961,672,251,262,-0.0163690476190476
2962,747,306,311,-0.0066934404283801
2963,665,252,252,0.0
2964,646,239,247,-0.0123839009287925
2965,664,259,263,-0.0060240963855421
2966,654,264,272,-0.0122324159021406
2967,775,291,311,-0.0258064516129032
2968,649,236,247,-0.0169491525423728
2969,681,243,253,-0.0146842878120411
2970,698,244,249,-0.0071633237822349
2971,641,231,235,-0.0062402496099844
2972,772,273,292,-0.0246113989637305
2973,674,255,270,-0.0222551928783382
2974,532,229,235,-0.0112781954887218
2975,682,243,256,-0.0190615835777126
2976,689,272,284,-0.0174165457184325
2977,720,255,269,-0.0194444444444444
2978,678,245,264,-0.0280235988200589
2979,713,270,274,-0.005610098176718
2980,680,282,294,-0.0176470588235294
2981,726,284,289,-0.0068870523415977
2982,655,238,248,-0.015267175572519
2983,710,266,278,-0.0169014084507042
2984,645,240,245,-0.0077519379844961
2985,691,265,275,-0.0144717800289435
2986,748,276,287,-0.0147058823529411
2987,627,253,263,-0.0159489633173843
2988,691,254,262,-0.0115774240231548
2989,660,246,254,-0.0121212121212121
2990,675,268,274,-0.0088888888888888
2991,626,244,245,-0.0015974440894568
2992,672,245,253,-0.0119047619047619
2993,696,279,288,-0.0129310344827586
2994,749,286,291,-0.0066755674232309
2995,704,244,263,-0.0269886363636363
2996,655,259,266,-0.0106870229007633
2997,628,250,257,-0.0111464968152866
2998,657,239,249,-0.015220700152207
2999,823,290,302,-0.0145808019441069
3000,682,247,261,-0.0205278592375366
3001,693,289,296,-0.0101010101010101
3002,726,307,315,-0.0110192837465564
3003,691,260,262,-0.0028943560057887
3004,664,256,250,0.0090361445783132
3005,725,267,277,-0.0137931034482758
3006,634,258,262,-0.0063091482649842
3007,657,245,252,-0.0106544901065449
3008,704,233,242,-0.0127840909090909
3009,736,288,294,-0.0081521739130434
3010,776,304,311,-0.009020618556701
3011,670,257,259,-0.0029850746268656
3012,668,267,279,-0.0179640718562874
3013,712,277,285,-0.0112359550561797
3014,746,284,293,-0.0120643431635388
3015,709,270,283,-0.0183356840620592
3016,660,236,240,-0.006060606060606
3017,714,269,278,-0.0126050420168067
3018,719,255,277,-0.0305980528511821
3019,655,251,261,-0.015267175572519
3020,575,212,219,-0.0121739130434782
3021,709,276,286,-0.0141043723554301
3022,732,299,295,0.0054644808743169
3023,696,234,251,-0.0244252873563218
3024,655,269,281,-0.0183206106870229
3025,771,282,289,-0.0090791180285343
3026,649,246,261,-0.0231124807395993
3027,682,264,271,-0.0102639296187683
3028,668,262,271,-0.0134730538922155
3029,682,251,259,-0.0117302052785923
3030,671,255,273,-0.0268256333830104
3031,630,247,259,-0.019047619047619
3032,697,280,300,-0.0286944045911047
3033,720,279,288,-0.0125
3034,643,232,245,-0.0202177293934681
3035,671,266,274,-0.0119225037257824
3036,728,269,281,-0.0164835164835164
3037,798,311,316,-0.006265664160401
3038,688,244,251,-0.0101744186046511
3039,654,251,261,-0.0152905198776758
3040,742,256,266,-0.013477088948787
3041,691,277,282,-0.0072358900144717
3042,694,281,293,-0.0172910662824207
3043,719,269,284,-0.0208623087621696
3044,786,314,321,-0.0089058524173027
3045,734,274,271,0.0040871934604904
3046,661,252,270,-0.0272314674735249
3047,708,279,285,-0.0084745762711864
3048,748,261,272,-0.0147058823529411
3049,674,271,279,-0.0118694362017804
3050,710,260,268,-0.0112676056338028
3051,730,290,306,-0.021917808219178
3052,648,255,269,-0.0216049382716049
3053,771,291,295,-0.0051880674448767
3054,705,260,270,-0.0141843971631205
3055,726,284,288,-0.0055096418732782
3056,750,268,274,-0.008
3057,604,241,249,-0.0132450331125827
3058,766,282,294,-0.0156657963446475
3059,690,245,255,-0.0144927536231884
3060,723,296,308,-0.0165975103734439
3061,715,266,280,-0.0195804195804195
3062,659,246,258,-0.0182094081942336
3063,687,270,289,-0.0276564774381368
3064,718,307,306,0.0013927576601671
3065,674,252,258,-0.0089020771513353
3066,660,233,239,-0.009090909090909
3067,678,252,264,-0.0176991150442477
3068,731,273,274,-0.0013679890560875
3069,683,277,279,-0.0029282576866764
3070,704,285,287,-0.002840909090909
3071,662,269,279,-0.0151057401812688
3072,645,265,269,-0.0062015503875968
3073,657,260,269,-0.0136986301369863
3074,639,249,265,-0.0250391236306729
3075,615,241,252,-0.0178861788617886
3076,691,241,258,-0.024602026049204
3077,807,317,319,-0.0024783147459727
3078,805,300,306,-0.0074534161490683
3079,677,266,276,-0.0147710487444608
3080,697,284,295,-0.0157819225251076
3081,706,279,290,-0.0155807365439093
3082,805,302,309,-0.008695652173913
3083,639,242,249,-0.0109546165884194
3084,769,269,273,-0.0052015604681404
3085,719,282,291,-0.0125173852573018
3086,726,286,286,0.0
3087,666,244,259,-0.0225225225225225
3088,717,235,251,-0.0223152022315202
3089,666,269,284,-0.0225225225225225
3090,712,263,276,-0.0182584269662921
3091,696,258,267,-0.0129310344827586
3092,647,241,243,-0.0030911901081916
3093,709,271,271,0.0
3094,676,269,280,-0.0162721893491124
3095,704,267,275,-0.0113636363636363
3096,677,258,269,-0.0162481536189069
3097,686,265,269,-0.0058309037900874
3098,599,236,244,-0.013355592654424
3099,729,262,272,-0.0137174211248285
3100,662,257,269,-0.0181268882175226
3101,701,281,298,-0.0242510699001426
3102,736,296,302,-0.0081521739130434
3103,721,270,285,-0.0208044382801664
3104,662,273,280,-0.0105740181268882
3105,746,297,303,-0.0080428954423592
3106,672,240,251,-0.0163690476190476
3107,642,238,248,-0.0155763239875389
3108,857,297,299,-0.0023337222870478
3109,667,239,249,-0.0149925037481259
3110,714,265,274,-0.0126050420168067
3111,653,257,270,-0.0199081163859111
3112,721,266,274,-0.0110957004160887
3113,650,268,270,-0.003076923076923
3114,763,300,305,-0.0065530799475753
3115,775,285,300,-0.0193548387096774
3116,654,256,263,-0.010703363914373
3117,673,263,273,-0.0148588410104011
3118,625,243,247,-0.0064
3119,649,263,276,-0.0200308166409861
3120,609,242,254,-0.0197044334975369
3121,645,256,257,-0.0015503875968992
3122,614,244,256,-0.019543973941368
3123,692,245,255,-0.0144508670520231
3124,782,284,290,-0.0076726342710997
3125,659,227,233,-0.0091047040971168
3126,587,239,241,-0.0034071550255536
3127,691,242,252,-0.0144717800289435
3128,774,279,293,-0.0180878552971576
3129,732,254,263,-0.0122950819672131
3130,739,264,263,0.0013531799729364
3131,771,306,310,-0.0051880674448767
3132,780,307,317,-0.0128205128205128
3133,565,212,220,-0.0141592920353982
3134,687,259,267,-0.0116448326055312
3135,660,256,274,-0.0272727272727272
3136,672,266,277,-0.0163690476190476
3137,709,274,289,-0.0211565585331452
3138,635,246,262,-0.0251968503937007
3139,767,260,268,-0.0104302477183833
3140,758,297,308,-0.0145118733509234
3141,623,242,250,-0.0128410914927768
3142,634,228,233,-0.0078864353312302
3143,643,245,252,-0.0108864696734059
3144,731,289,296,-0.0095759233926128
3145,811,303,322,-0.0234278668310727
3146,703,288,295,-0.0099573257467994
3147,667,261,281,-0.0299850074962518
3148,746,275,287,-0.0160857908847185
3149,782,272,290,-0.0230179028132992
3150,693,250,262,-0.0173160173160173
3151,760,254,262,-0.0105263157894736
3152,658,264,273,-0.0136778115501519
3153,740,294,297,-0.004054054054054
3154,704,262,275,-0.018465909090909
3155,657,225,242,-0.0258751902587519
3156,655,251,261,-0.015267175572519
3157,696,260,266,-0.0086206896551724
3158,608,237,241,-0.006578947368421
3159,777,266,274,-0.0102960102960102
3160,764,294,301,-0.0091623036649214
3161,691,242,248,-0.0086830680173661
3162,720,251,261,-0.0138888888888888
3163,736,273,283,-0.0135869565217391
3164,726,266,276,-0.0137741046831955
3165,705,269,283,-0.0198581560283687
3166,746,287,295,-0.0107238605898123
3167,715,234,240,-0.0083916083916083
3168,729,265,279,-0.0192043895747599
3169,722,278,279,-0.0013850415512465
3170,676,277,286,-0.0133136094674556
3171,697,259,274,-0.0215208034433285
3172,652,235,245,-0.0153374233128834
3173,815,299,304,-0.0061349693251533
3174,625,244,251,-0.0112
3175,586,218,226,-0.0136518771331058
3176,745,263,274,-0.0147651006711409
3177,721,275,286,-0.015256588072122
3178,641,258,267,-0.0140405616224648
3179,712,251,262,-0.0154494382022471
3180,756,264,275,-0.0145502645502645
3181,723,273,284,-0.0152143845089903
3182,781,294,307,-0.0166453265044814
3183,709,279,293,-0.0197461212976022
3184,750,276,288,-0.016
3185,696,252,266,-0.0201149425287356
3186,681,281,289,-0.0117474302496328
3187,688,237,250,-0.0188953488372093
3188,645,272,270,0.0031007751937984
3189,715,275,278,-0.0041958041958041
3190,616,260,264,-0.0064935064935064
3191,669,252,267,-0.0224215246636771
3192,743,299,310,-0.0148048452220726
3193,730,267,276,-0.0123287671232876
3194,754,289,304,-0.019893899204244
3195,634,226,234,-0.0126182965299684
3196,724,273,283,-0.0138121546961325
3197,667,243,261,-0.0269865067466266
3198,765,307,323,-0.0209150326797385
3199,737,286,300,-0.0189959294436906
3200,732,274,288,-0.0191256830601092
3201,786,303,323,-0.0254452926208651
3202,660,239,255,-0.0242424242424242
3203,682,275,291,-0.0234604105571847
3204,657,239,249,-0.015220700152207
3205,646,248,249,-0.001547987616099
3206,745,286,285,0.0013422818791946
3207,695,248,267,-0.0273381294964028
3208,652,253,264,-0.0168711656441717
3209,673,253,265,-0.0178306092124814
3210,698,230,246,-0.0229226361031518
3211,756,272,274,-0.0026455026455026
3212,663,248,254,-0.0090497737556561
3213,654,261,267,-0.0091743119266055
3214,605,225,227,-0.0033057851239669
3215,758,283,288,-0.0065963060686015
3216,775,275,279,-0.0051612903225806
3217,705,287,292,-0.0070921985815602
3218,664,244,256,-0.0180722891566265
3219,731,263,277,-0.0191518467852257
3220,672,265,270,-0.0074404761904761
3221,680,267,273,-0.0088235294117647
3222,779,267,287,-0.0256739409499358
3223,755,281,296,-0.0198675496688741
3224,674,237,259,-0.0326409495548961
3225,627,246,251,-0.0079744816586921
3226,692,260,280,-0.0289017341040462
3227,708,284,285,-0.001412429378531
3228,744,302,303,-0.0013440860215053
3229,673,262,264,-0.0029717682020802
3230,568,254,257,-0.005281690140845
3231,715,256,274,-0.0251748251748251
3232,709,275,283,-0.0112834978843441
3233,697,260,269,-0.0129124820659971
3234,728,267,270,-0.0041208791208791
3235,735,260,274,-0.019047619047619
3236,711,312,315,-0.0042194092827004
3237,725,270,283,-0.0179310344827586
3238,808,325,339,-0.0173267326732673
3239,754,314,318,-0.0053050397877984
3240,726,289,293,-0.0055096418732782
3241,694,263,270,-0.0100864553314121
3242,742,290,297,-0.0094339622641509
3243,680,248,259,-0.0161764705882352
3244,831,314,315,-0.0012033694344163
3245,590,218,225,-0.011864406779661
3246,706,291,300,-0.0127478753541076
3247,754,294,308,-0.0185676392572944
3248,661,259,261,-0.0030257186081694
3249,690,252,260,-0.0115942028985507
3250,597,246,253,-0.0117252931323283
3251,665,253,258,-0.0075187969924812
3252,680,283,290,-0.0102941176470588
3253,640,259,269,-0.015625
3254,687,284,292,-0.0116448326055312
3255,679,257,277,-0.0294550810014727
3256,728,262,272,-0.0137362637362637
3257,605,250,259,-0.0148760330578512
3258,697,279,292,-0.018651362984218
3259,683,286,291,-0.007320644216691
3260,639,232,240,-0.0125195618153364
3261,788,294,302,-0.0101522842639593
3262,651,240,248,-0.0122887864823348
3263,637,237,248,-0.0172684458398744
3264,694,250,250,0.0
3265,688,285,294,-0.0130813953488372
3266,708,274,277,-0.0042372881355932
3267,667,272,289,-0.025487256371814
3268,616,235,245,-0.0162337662337662
3269,770,279,288,-0.0116883116883116
3270,643,250,259,-0.0139968895800933
3271,656,231,246,-0.0228658536585365
3272,707,256,266,-0.0141442715700141
3273,656,241,253,-0.0182926829268292
3274,721,254,263,-0.0124826629680998
3275,638,238,257,-0.0297805642633228
3276,809,308,322,-0.0173053152039555
3277,805,282,295,-0.0161490683229813
3278,715,302,315,-0.0181818181818181
3279,618,236,252,-0.0258899676375404
3280,773,269,283,-0.0181112548512289
3281,689,279,289,-0.0145137880986937
3282,672,259,267,-0.0119047619047619
3283,621,241,240,0.001610305958132
3284,713,278,289,-0.0154277699859747
3285,621,260,271,-0.0177133655394524
3286,624,249,249,0.0
3287,772,273,282,-0.0116580310880829
3288,693,272,281,-0.0129870129870129
3289,695,257,269,-0.0172661870503597
3290,624,242,245,-0.0048076923076923
3291,702,261,276,-0.0213675213675213
3292,760,307,327,-0.0263157894736842
3293,687,301,312,-0.0160116448326055
3294,652,222,237,-0.0230061349693251
3295,724,282,292,-0.0138121546961325
3296,662,262,268,-0.0090634441087613
3297,663,242,251,-0.0135746606334841
3298,648,264,268,-0.0061728395061728
3299,778,304,319,-0.0192802056555269
3300,772,292,305,-0.0168393782383419
3301,662,258,270,-0.0181268882175226
3302,676,261,276,-0.022189349112426
3303,691,254,266,-0.0173661360347322
3304,659,259,265,-0.0091047040971168
3305,724,284,293,-0.0124309392265193
3306,714,272,280,-0.011204481792717
3307,578,223,236,-0.0224913494809688
3308,702,289,299,-0.0142450142450142
3309,636,244,240,0.0062893081761006
3310,738,274,291,-0.0230352303523035
3311,726,263,278,-0.0206611570247933
3312,607,228,242,-0.0230642504118616
3313,751,271,281,-0.0133155792276964
3314,690,265,267,-0.0028985507246376
3315,786,299,303,-0.005089058524173
3316,744,274,282,-0.010752688172043
3317,652,221,230,-0.013803680981595
3318,742,294,301,-0.0094339622641509
3319,710,256,267,-0.0154929577464788
3320,725,277,294,-0.0234482758620689
3321,731,281,302,-0.0287277701778385
3322,713,263,274,-0.0154277699859747
3323,713,273,283,-0.0140252454417952
3324,854,304,322,-0.0210772833723653
3325,702,259,267,-0.0113960113960113
3326,681,246,249,-0.0044052863436123
3327,624,250,259,-0.0144230769230769
3328,654,257,272,-0.0229357798165137
3329,765,301,316,-0.0196078431372549
3330,746,267,274,-0.0093833780160857
3331,685,258,276,-0.0262773722627737
3332,669,259,269,-0.014947683109118
3333,578,222,222,0.0
3334,641,226,232,-0.0093603744149766
3335,691,266,268,-0.0028943560057887
3336,667,246,260,-0.0209895052473763
3337,713,275,277,-0.002805049088359
3338,716,247,254,-0.0097765363128491
3339,720,299,303,-0.0055555555555555
3340,726,278,289,-0.0151515151515151
3341,735,251,261,-0.0136054421768707
3342,709,261,269,-0.0112834978843441
3343,704,263,280,-0.0241477272727272
3344,677,231,246,-0.0221565731166912
3345,663,278,292,-0.0211161387631975
3346,631,232,236,-0.0063391442155309
3347,690,260,259,0.0014492753623188
3348,643,266,268,-0.0031104199066874
3349,646,269,270,-0.001547987616099
3350,732,286,306,-0.0273224043715847
3351,749,282,292,-0.0133511348464619
3352,685,237,248,-0.0160583941605839
3353,804,334,332,0.0024875621890547
3354,638,275,278,-0.0047021943573667
3355,633,263,279,-0.0252764612954186
3356,648,249,254,-0.007716049382716
3357,629,253,255,-0.0031796502384737
3358,569,223,228,-0.0087873462214411
3359,791,299,299,0.0
3360,620,232,242,-0.0161290322580645
3361,689,259,270,-0.0159651669085631
3362,723,273,286,-0.0179806362378976
3363,724,247,260,-0.0179558011049723
3364,648,274,286,-0.0185185185185185
3365,707,281,292,-0.0155586987270155
3366,723,278,282,-0.0055325034578146
3367,796,254,267,-0.0163316582914572
3368,723,275,283,-0.0110650069156293
3369,754,265,284,-0.0251989389920424
3370,704,307,313,-0.0085227272727272
3371,753,290,298,-0.0106241699867197
3372,635,249,256,-0.011023622047244
3373,742,283,293,-0.013477088948787
3374,659,259,265,-0.0091047040971168
3375,673,296,302,-0.0089153046062407
3376,746,291,302,-0.0147453083109919
3377,826,304,317,-0.0157384987893462
3378,667,252,256,-0.0059970014992503
3379,778,283,301,-0.0231362467866323
3380,760,286,294,-0.0105263157894736
3381,734,282,278,0.0054495912806539
3382,768,299,308,-0.01171875
3383,690,283,287,-0.0057971014492753
3384,645,257,263,-0.0093023255813953
3385,695,262,272,-0.014388489208633
3386,702,288,297,-0.0128205128205128
3387,710,300,309,-0.0126760563380281
3388,746,269,281,-0.0160857908847185
3389,690,289,304,-0.0217391304347826
3390,684,261,267,-0.0087719298245614
3391,704,264,284,-0.0284090909090909
3392,704,263,272,-0.0127840909090909
3393,717,287,298,-0.0153417015341701
3394,781,273,272,0.0012804097311139
3395,710,259,270,-0.0154929577464788
3396,811,274,279,-0.0061652281134401
3397,711,248,259,-0.0154711673699015
3398,694,257,261,-0.0057636887608069
3399,745,290,305,-0.0201342281879194
3400,633,238,239,-0.0015797788309636
3401,643,262,267,-0.0077760497667185
3402,621,243,253,-0.0161030595813204
3403,707,261,276,-0.0212164073550212
3404,681,255,259,-0.0058737151248164
3405,721,260,278,-0.0249653259361997
3406,731,290,295,-0.0068399452804377
3407,709,278,291,-0.0183356840620592
3408,763,273,289,-0.0209698558322411
3409,760,291,303,-0.0157894736842105
3410,677,256,263,-0.0103397341211226
3411,674,251,258,-0.0103857566765578
3412,684,269,277,-0.0116959064327485
3413,679,274,288,-0.0206185567010309
3414,731,283,302,-0.0259917920656634
3415,738,289,291,-0.002710027100271
3416,724,298,301,-0.0041436464088397
3417,759,306,320,-0.0184453227931488
3418,685,289,298,-0.0131386861313868
3419,674,279,287,-0.0118694362017804
3420,684,287,290,-0.0043859649122807
3421,759,285,303,-0.0237154150197628
3422,748,266,270,-0.0053475935828877
3423,695,270,278,-0.0115107913669064
3424,671,272,284,-0.0178837555886736
3425,710,237,236,0.0014084507042253
3426,784,271,289,-0.0229591836734693
3427,643,264,274,-0.015552099533437
3428,643,248,257,-0.0139968895800933
3429,712,263,278,-0.021067415730337
3430,723,280,292,-0.0165975103734439
3431,648,249,262,-0.0200617283950617
3432,672,242,257,-0.0223214285714285
3433,669,231,246,-0.0224215246636771
3434,703,245,252,-0.0099573257467994
3435,712,282,289,-0.0098314606741573
3436,672,257,262,-0.0074404761904761
3437,710,257,265,-0.0112676056338028
3438,666,244,258,-0.021021021021021
3439,706,273,291,-0.0254957507082152
3440,640,253,259,-0.009375
3441,790,298,308,-0.0126582278481012
3442,742,272,281,-0.0121293800539083
3443,664,254,267,-0.019578313253012
3444,720,252,264,-0.0166666666666666
3445,712,257,264,-0.0098314606741573
3446,756,301,311,-0.0132275132275132
3447,699,261,270,-0.0128755364806866
3448,645,250,256,-0.0093023255813953
3449,677,263,276,-0.0192023633677991
3450,697,244,255,-0.0157819225251076
3451,599,245,247,-0.003338898163606
3452,705,248,253,-0.0070921985815602
3453,669,249,258,-0.0134529147982062
3454,676,247,258,-0.0162721893491124
3455,701,247,266,-0.0271041369472182
3456,725,262,268,-0.0082758620689655
3457,657,235,247,-0.0182648401826484
3458,651,254,260,-0.0092165898617511
3459,617,247,254,-0.0113452188006482
3460,727,277,279,-0.0027510316368638
3461,671,259,261,-0.0029806259314456
3462,691,276,276,0.0
3463,640,239,246,-0.0109375
3464,731,274,285,-0.015047879616963
3465,596,218,233,-0.0251677852348993
3466,615,226,231,-0.008130081300813
3467,706,262,272,-0.0141643059490084
3468,746,278,281,-0.0040214477211796
3469,701,277,286,-0.0128388017118402
3470,696,258,265,-0.0100574712643678
3471,665,258,266,-0.0120300751879699
3472,668,248,262,-0.0209580838323353
3473,689,273,289,-0.02322206095791
3474,684,260,262,-0.0029239766081871
3475,663,260,265,-0.0075414781297134
3476,640,239,243,-0.00625
3477,749,258,277,-0.0253671562082777
3478,606,225,234,-0.0148514851485148
3479,741,293,302,-0.0121457489878542
3480,729,288,291,-0.0041152263374485
3481,674,290,298,-0.0118694362017804
3482,702,256,265,-0.0128205128205128
3483,750,289,294,-0.0066666666666666
3484,735,278,280,-0.0027210884353741
3485,661,246,251,-0.0075642965204236
3486,629,259,263,-0.0063593004769475
3487,720,281,283,-0.0027777777777777
3488,760,296,311,-0.0197368421052631
3489,709,288,300,-0.0169252468265162
3490,713,270,270,0.0
3491,757,283,292,-0.011889035667107
3492,765,301,318,-0.0222222222222222
3493,701,259,273,-0.0199714693295292
3494,724,290,295,-0.0069060773480662
3495,732,279,286,-0.0095628415300546
3496,752,290,298,-0.0106382978723404
3497,763,292,297,-0.0065530799475753
3498,719,256,267,-0.015299026425591
3499,681,240,251,-0.0161527165932452
3500,684,241,248,-0.0102339181286549
3501,696,271,282,-0.0158045977011494
3502,775,285,291,-0.0077419354838709
3503,670,241,248,-0.0104477611940298
3504,756,273,282,-0.0119047619047619
3505,683,261,271,-0.0146412884333821
3506,735,255,274,-0.0258503401360544
3507,656,231,241,-0.0152439024390243
3508,738,265,268,-0.0040650406504065
3509,674,267,273,-0.0089020771513353
3510,704,266,272,-0.0085227272727272
3511,660,255,259,-0.006060606060606
3512,608,225,234,-0.0148026315789473
3513,713,266,278,-0.0168302945301542
3514,702,298,310,-0.017094017094017
3515,643,266,265,0.0015552099533437
3516,663,239,248,-0.0135746606334841
3517,661,232,249,-0.0257186081694402
3518,694,266,272,-0.0086455331412103
3519,744,262,268,-0.0080645161290322
3520,647,254,262,-0.0123647604327666
3521,778,278,283,-0.0064267352185089
3522,674,245,255,-0.0148367952522255
3523,631,277,288,-0.0174326465927099
3524,707,249,261,-0.0169731258840169
3525,721,304,314,-0.0138696255201109
3526,722,284,291,-0.0096952908587257
3527,727,290,292,-0.0027510316368638
3528,652,264,271,-0.0107361963190184
3529,668,244,256,-0.0179640718562874
3530,727,303,319,-0.0220082530949105
3531,757,289,303,-0.0184940554821664
3532,663,253,263,-0.0150829562594268
3533,653,252,266,-0.0214395099540581
3534,656,252,262,-0.0152439024390243
3535,660,247,255,-0.0121212121212121
3536,688,275,274,0.001453488372093
3537,678,241,248,-0.0103244837758112
3538,647,264,270,-0.0092735703245749
3539,653,240,251,-0.0168453292496171
3540,716,265,281,-0.0223463687150838
3541,714,269,280,-0.0154061624649859
3542,695,267,271,-0.0057553956834532
3543,607,227,235,-0.0131795716639209
3544,655,233,245,-0.0183206106870229
3545,690,267,274,-0.0101449275362318
3546,739,286,299,-0.0175913396481732
3547,672,254,266,-0.0178571428571428
3548,654,232,245,-0.0198776758409785
3549,710,263,269,-0.0084507042253521
3550,566,224,233,-0.0159010600706713
3551,785,272,279,-0.0089171974522292
3552,689,270,283,-0.0188679245283018
3553,663,287,297,-0.0150829562594268
3554,704,246,261,-0.0213068181818181
3555,700,270,277,-0.01
3556,642,252,264,-0.0186915887850467
3557,718,285,297,-0.0167130919220055
3558,776,313,312,0.0012886597938144
3559,680,250,258,-0.0117647058823529
3560,690,266,274,-0.0115942028985507
3561,726,260,272,-0.0165289256198347
3562,776,300,320,-0.0257731958762886
3563,712,277,290,-0.0182584269662921
3564,711,283,288,-0.0070323488045007
3565,677,268,272,-0.0059084194977843
3566,728,275,291,-0.0219780219780219
3567,724,277,289,-0.0165745856353591
3568,620,243,250,-0.0112903225806451
3569,688,253,262,-0.0130813953488372
3570,720,287,293,-0.0083333333333333
3571,736,263,277,-0.0190217391304347
3572,622,221,233,-0.0192926045016077
3573,690,260,269,-0.0130434782608695
3574,645,265,273,-0.0124031007751937
3575,678,258,269,-0.0162241887905604
3576,670,270,281,-0.0164179104477611
3577,699,288,299,-0.0157367668097281
3578,775,298,307,-0.0116129032258064
3579,736,256,270,-0.0190217391304347
3580,652,258,258,0.0
3581,655,249,257,-0.0122137404580152
3582,667,228,239,-0.0164917541229385
3583,720,276,287,-0.0152777777777777
3584,682,265,277,-0.0175953079178885
3585,729,265,279,-0.0192043895747599
3586,828,298,313,-0.0181159420289855
3587,755,280,291,-0.014569536423841
3588,642,229,233,-0.0062305295950155
3589,690,270,280,-0.0144927536231884
3590,605,238,238,0.0
3591,670,242,253,-0.0164179104477611
3592,703,271,284,-0.0184921763869132
3593,679,262,268,-0.0088365243004418
3594,627,241,243,-0.0031897926634768
3595,679,242,255,-0.0191458026509572
3596,647,236,250,-0.0216383307573415
3597,712,263,276,-0.0182584269662921
3598,712,278,280,-0.0028089887640449
3599,675,244,257,-0.0192592592592592
3600,606,215,224,-0.0148514851485148
3601,670,243,255,-0.017910447761194
3602,680,240,247,-0.0102941176470588
3603,793,311,321,-0.0126103404791929
3604,628,242,245,-0.0047770700636942
3605,757,291,303,-0.0158520475561426
3606,773,290,303,-0.0168175937904269
3607,636,240,256,-0.0251572327044025
3608,679,257,263,-0.0088365243004418
3609,726,287,298,-0.0151515151515151
3610,705,251,262,-0.0156028368794326
3611,751,286,294,-0.0106524633821571
3612,719,281,293,-0.0166898470097357
3613,681,252,259,-0.0102790014684287
3614,620,250,264,-0.0225806451612903
3615,681,272,282,-0.0146842878120411
3616,739,274,279,-0.006765899864682
3617,701,271,282,-0.0156918687589158
3618,676,263,263,0.0
3619,639,240,251,-0.0172143974960876
3620,701,257,271,-0.0199714693295292
3621,763,290,303,-0.0170380078636959
3622,625,256,256,0.0
3623,699,264,273,-0.0128755364806866
3624,697,255,262,-0.0100430416068866
3625,603,234,241,-0.011608623548922
3626,752,253,259,-0.0079787234042553
3627,734,271,275,-0.0054495912806539
3628,695,295,301,-0.0086330935251798
3629,768,276,287,-0.0143229166666666
3630,678,270,278,-0.0117994100294985
3631,749,290,298,-0.0106809078771695
3632,629,262,267,-0.0079491255961844
3633,705,251,263,-0.0170212765957446
3634,644,252,258,-0.0093167701863354
3635,734,265,263,0.0027247956403269
3636,676,258,272,-0.0207100591715976
3637,762,269,281,-0.0157480314960629
3638,741,303,306,-0.0040485829959514
3639,777,281,297,-0.0205920205920205
3640,768,294,310,-0.0208333333333333
3641,684,248,256,-0.0116959064327485
3642,670,254,262,-0.0119402985074626
3643,750,290,300,-0.0133333333333333
3644,655,241,250,-0.0137404580152671
3645,701,245,253,-0.0114122681883024
3646,731,271,281,-0.0136798905608755
3647,766,279,287,-0.010443864229765
3648,703,268,277,-0.0128022759601706
3649,724,290,296,-0.0082872928176795
3650,730,277,291,-0.0191780821917808
3651,717,252,267,-0.0209205020920502
3652,710,271,288,-0.0239436619718309
3653,675,271,287,-0.0237037037037037
3654,655,267,270,-0.0045801526717557
3655,789,294,300,-0.0076045627376425
3656,835,316,326,-0.0119760479041916
3657,638,217,227,-0.0156739811912225
3658,656,262,272,-0.0152439024390243
3659,680,261,273,-0.0176470588235294
3660,656,259,264,-0.0076219512195121
3661,770,273,284,-0.0142857142857142
3662,649,269,276,-0.0107858243451463
3663,672,254,263,-0.0133928571428571
3664,670,251,259,-0.0119402985074626
3665,694,269,279,-0.0144092219020172
3666,614,259,264,-0.00814332247557
3667,663,260,260,0.0
3668,712,274,280,-0.0084269662921348
3669,702,255,265,-0.0142450142450142
3670,671,247,246,0.0014903129657228
3671,613,210,226,-0.0261011419249592
3672,702,237,251,-0.0199430199430199
3673,748,301,313,-0.0160427807486631
3674,728,255,262,-0.0096153846153846
3675,736,267,273,-0.0081521739130434
3676,655,242,254,-0.0183206106870229
3677,774,297,305,-0.0103359173126615
3678,769,296,303,-0.0091027308192457
3679,611,256,266,-0.0163666121112929
3680,669,256,268,-0.0179372197309417
3681,656,280,289,-0.0137195121951219
3682,765,274,287,-0.0169934640522875
3683,671,252,264,-0.0178837555886736
3684,667,257,270,-0.0194902548725637
3685,704,252,262,-0.0142045454545454
3686,698,267,282,-0.0214899713467048
3687,712,261,270,-0.0126404494382022
3688,770,292,303,-0.0142857142857142
3689,794,305,309,-0.0050377833753148
3690,701,257,266,-0.0128388017118402
3691,649,239,256,-0.0261941448382126
3692,718,280,286,-0.0083565459610027
3693,734,266,277,-0.0149863760217983
3694,737,297,311,-0.0189959294436906
3695,727,252,255,-0.0041265474552957
3696,694,259,270,-0.015850144092219
3697,645,259,263,-0.0062015503875968
3698,591,229,237,-0.0135363790186125
3699,717,262,279,-0.0237099023709902
3700,649,255,268,-0.0200308166409861
3701,681,243,252,-0.013215859030837
3702,674,244,251,-0.0103857566765578
3703,770,295,295,0.0
3704,794,289,304,-0.0188916876574307
3705,829,301,311,-0.0120627261761158
3706,728,282,295,-0.0178571428571428
3707,637,242,247,-0.0078492935635792
3708,618,229,237,-0.0129449838187702
3709,714,255,262,-0.0098039215686274
3710,699,264,272,-0.0114449213161659
3711,703,241,246,-0.0071123755334281
3712,663,273,288,-0.0226244343891402
3713,754,303,321,-0.0238726790450928
3714,686,256,260,-0.0058309037900874
3715,724,274,279,-0.0069060773480662
3716,671,241,257,-0.0238450074515648
3717,617,249,259,-0.0162074554294975
3718,732,270,273,-0.0040983606557377
3719,685,276,286,-0.0145985401459854
3720,679,259,271,-0.0176730486008836
3721,633,223,227,-0.0063191153238546
3722,718,237,260,-0.032033426183844
3723,735,278,293,-0.0204081632653061
3724,734,237,252,-0.0204359673024523
3725,706,269,272,-0.0042492917847025
3726,669,274,277,-0.0044843049327354
3727,692,279,286,-0.0101156069364161
3728,751,283,292,-0.0119840213049267
3729,702,275,290,-0.0213675213675213
3730,673,277,291,-0.0208023774145616
3731,783,273,282,-0.0114942528735632
3732,631,254,266,-0.0190174326465927
3733,716,276,275,0.0013966480446927
3734,696,260,268,-0.0114942528735632
3735,707,299,301,-0.0028288543140028
3736,651,271,278,-0.010752688172043
3737,732,267,276,-0.0122950819672131
3738,618,223,232,-0.0145631067961165
3739,669,271,272,-0.0014947683109118
3740,759,291,300,-0.0118577075098814
3741,765,296,303,-0.0091503267973856
3742,707,274,272,0.0028288543140028
3743,680,250,269,-0.0279411764705882
3744,685,258,263,-0.0072992700729927
3745,690,278,287,-0.0130434782608695
3746,635,227,231,-0.0062992125984251
3747,718,261,275,-0.0194986072423398
3748,597,223,240,-0.0284757118927973
3749,623,257,268,-0.0176565008025682
3750,622,227,237,-0.0160771704180064
3751,653,249,249,0.0
3752,757,289,289,0.0
3753,758,272,289,-0.0224274406332453
3754,667,222,223,-0.0014992503748125
3755,826,324,330,-0.0072639225181598
3756,676,238,243,-0.007396449704142
3757,692,289,296,-0.0101156069364161
3758,757,287,301,-0.0184940554821664
3759,685,264,274,-0.0145985401459854
3760,675,275,290,-0.0222222222222222
3761,742,281,285,-0.0053908355795148
3762,608,224,230,-0.0098684210526315
3763,728,284,286,-0.0027472527472527
3764,635,247,259,-0.0188976377952755
3765,738,285,294,-0.0121951219512195
3766,777,292,304,-0.0154440154440154
3767,679,272,276,-0.0058910162002945
3768,662,252,250,0.0030211480362537
3769,682,239,252,-0.0190615835777126
3770,677,272,281,-0.0132939438700147
3771,634,247,258,-0.0173501577287066
3772,761,311,315,-0.0052562417871222
3773,655,264,259,0.0076335877862595
3774,761,284,305,-0.0275952693823915
3775,762,297,313,-0.0209973753280839
3776,734,271,285,-0.0190735694822888
3777,586,238,247,-0.015358361774744
3778,631,241,251,-0.0158478605388272
3779,640,252,264,-0.01875
3780,672,248,251,-0.0044642857142857
3781,641,233,242,-0.0140405616224648
3782,717,267,277,-0.0139470013947001
3783,696,280,287,-0.0100574712643678
3784,764,307,317,-0.013089005235602
3785,592,206,215,-0.0152027027027027
3786,668,262,275,-0.0194610778443113
3787,690,258,264,-0.008695652173913
3788,744,254,267,-0.0174731182795698
3789,704,270,281,-0.015625
3790,719,292,296,-0.0055632823365785
3791,743,298,300,-0.0026917900403768
3792,724,274,293,-0.0262430939226519
3793,677,243,258,-0.0221565731166912
3794,741,267,272,-0.0067476383265856
3795,751,301,308,-0.0093209054593874
3796,656,236,252,-0.024390243902439
3797,702,251,267,-0.0227920227920227
3798,706,278,293,-0.0212464589235127
3799,769,314,314,0.0
3800,662,281,287,-0.0090634441087613
3801,790,290,300,-0.0126582278481012
3802,620,232,248,-0.0258064516129032
3803,769,298,303,-0.0065019505851755
3804,725,287,293,-0.0082758620689655
3805,691,266,276,-0.0144717800289435
3806,696,254,262,-0.0114942528735632
3807,621,233,239,-0.0096618357487922
3808,643,246,258,-0.0186625194401244
3809,664,233,249,-0.0240963855421686
3810,749,285,293,-0.0106809078771695
3811,675,246,251,-0.0074074074074074
3812,644,270,275,-0.0077639751552795
3813,736,287,290,-0.0040760869565217
3814,631,278,290,-0.0190174326465927
3815,731,254,268,-0.0191518467852257
3816,676,235,244,-0.0133136094674556
3817,739,267,271,-0.0054127198917456
3818,688,238,244,-0.0087209302325581
3819,616,227,234,-0.0113636363636363
3820,655,223,240,-0.0259541984732824
3821,603,213,223,-0.0165837479270315
3822,742,284,299,-0.0202156334231805
3823,787,249,261,-0.0152477763659466
3824,675,279,291,-0.0177777777777777
3825,737,284,304,-0.0271370420624151
3826,628,231,242,-0.0175159235668789
3827,666,254,256,-0.003003003003003
3828,669,251,257,-0.0089686098654708
3829,729,268,291,-0.0315500685871056
3830,704,275,286,-0.015625
3831,780,288,299,-0.0141025641025641
3832,684,256,271,-0.0219298245614035
3833,644,242,253,-0.0170807453416149
3834,763,262,279,-0.0222804718217562
3835,633,236,245,-0.0142180094786729
3836,671,247,257,-0.014903129657228
3837,764,287,298,-0.0143979057591623
3838,652,265,277,-0.0184049079754601
3839,720,278,280,-0.0027777777777777
3840,652,238,251,-0.0199386503067484
3841,716,299,310,-0.0153631284916201
3842,725,272,278,-0.0082758620689655
3843,647,255,262,-0.0108191653786707
3844,725,259,276,-0.0234482758620689
3845,709,271,280,-0.0126939351198871
3846,732,247,260,-0.01775956284153
3847,636,240,251,-0.0172955974842767
3848,579,215,225,-0.0172711571675302
3849,661,266,270,-0.0060514372163388
3850,714,250,253,-0.0042016806722689
3851,700,258,259,-0.0014285714285714
3852,602,240,245,-0.0083056478405315
3853,745,280,290,-0.0134228187919463
3854,750,261,269,-0.0106666666666666
3855,717,264,271,-0.00976290097629
3856,769,294,304,-0.0130039011703511
3857,700,276,281,-0.0071428571428571
3858,696,264,279,-0.021551724137931
3859,694,274,282,-0.0115273775216138
3860,755,289,305,-0.0211920529801324
3861,650,243,251,-0.0123076923076923
3862,698,275,282,-0.0100286532951289
3863,657,236,245,-0.0136986301369863
3864,678,257,258,-0.0014749262536873
3865,623,237,246,-0.0144462279293739
3866,707,284,302,-0.0254596888260254
3867,637,235,247,-0.0188383045525902
3868,609,224,228,-0.0065681444991789
3869,652,255,268,-0.0199386503067484
3870,701,268,276,-0.0114122681883024
3871,779,301,312,-0.0141206675224646
3872,782,293,300,-0.0089514066496163
3873,664,276,279,-0.0045180722891566
3874,705,224,239,-0.0212765957446808
3875,727,288,302,-0.0192572214580467
3876,654,253,266,-0.0198776758409785
3877,716,268,278,-0.0139664804469273
3878,698,261,268,-0.0100286532951289
3879,634,208,218,-0.0157728706624605
3880,750,296,300,-0.0053333333333333
3881,750,271,281,-0.0133333333333333
3882,706,266,270,-0.0056657223796034
3883,674,246,258,-0.0178041543026706
3884,657,260,269,-0.0136986301369863
3885,644,237,244,-0.0108695652173913
3886,722,279,288,-0.0124653739612188
3887,730,279,290,-0.0150684931506849
3888,662,255,263,-0.0120845921450151
3889,761,274,291,-0.0223390275952693
3890,702,260,272,-0.017094017094017
3891,777,274,285,-0.0141570141570141
3892,821,305,323,-0.0219244823386114
3893,677,272,282,-0.0147710487444608
3894,682,249,249,0.0
3895,736,263,268,-0.0067934782608695
3896,799,290,299,-0.0112640801001251
3897,751,283,286,-0.0039946737683089
3898,703,271,295,-0.0341394025604551
3899,676,246,264,-0.0266272189349112
3900,614,241,253,-0.019543973941368
3901,719,269,274,-0.0069541029207232
3902,785,286,294,-0.0101910828025477
3903,629,245,259,-0.0222575516693163
3904,740,275,279,-0.0054054054054054
3905,688,276,277,-0.001453488372093
3906,740,281,287,-0.0081081081081081
3907,775,284,291,-0.0090322580645161
3908,694,256,271,-0.0216138328530259
3909,672,272,284,-0.0178571428571428
3910,758,283,293,-0.0131926121372031
3911,705,253,262,-0.0127659574468085
3912,705,272,288,-0.0226950354609929
3913,783,298,312,-0.0178799489144316
3914,712,276,285,-0.0126404494382022
3915,826,305,318,-0.0157384987893462
3916,724,271,283,-0.0165745856353591
3917,646,242,256,-0.0216718266253869
3918,699,255,256,-0.0014306151645207
3919,692,269,276,-0.0101156069364161
3920,565,229,241,-0.0212389380530973
3921,669,251,262,-0.0164424514200298
3922,735,267,274,-0.0095238095238095
3923,618,270,280,-0.0161812297734627
3924,691,245,256,-0.0159189580318379
3925,646,253,257,-0.0061919504643962
3926,755,276,283,-0.0092715231788079
3927,643,262,265,-0.0046656298600311
3928,782,278,283,-0.0063938618925831
3929,799,304,318,-0.0175219023779724
3930,594,241,250,-0.0151515151515151
3931,629,231,242,-0.0174880763116057
3932,625,252,258,-0.0096
3933,612,212,224,-0.0196078431372549
3934,783,289,306,-0.0217113665389527
3935,642,233,242,-0.014018691588785
3936,644,269,276,-0.0108695652173913
3937,747,291,300,-0.0120481927710843
3938,688,275,284,-0.0130813953488372
3939,708,274,287,-0.0183615819209039
3940,638,255,264,-0.0141065830721003
3941,697,257,259,-0.0028694404591104
3942,654,251,255,-0.0061162079510703
3943,718,276,288,-0.0167130919220055
3944,688,268,274,-0.0087209302325581
3945,673,270,273,-0.0044576523031203
3946,641,249,258,-0.0140405616224648
3947,736,280,296,-0.0217391304347826
3948,584,238,246,-0.0136986301369863
3949,740,247,253,-0.0081081081081081
3950,683,269,272,-0.0043923865300146
3951,702,249,254,-0.0071225071225071
3952,775,277,302,-0.032258064516129
3953,700,249,258,-0.0128571428571428
3954,780,298,304,-0.0076923076923076
3955,725,284,300,-0.0220689655172413
3956,815,325,334,-0.011042944785276
3957,648,255,268,-0.0200617283950617
3958,710,282,284,-0.0028169014084507
3959,681,275,279,-0.0058737151248164
3960,693,268,276,-0.0115440115440115
3961,737,274,280,-0.0081411126187245
3962,624,240,239,0.0016025641025641
3963,789,275,282,-0.008871989860583
3964,722,251,263,-0.0166204986149584
3965,720,265,272,-0.0097222222222222
3966,720,262,276,-0.0194444444444444
3967,699,276,283,-0.0100143061516452
3968,695,253,263,-0.014388489208633
3969,649,247,259,-0.0184899845916795
3970,662,267,276,-0.0135951661631419
3971,731,281,289,-0.0109439124487004
3972,619,242,251,-0.0145395799676898
3973,773,288,306,-0.0232858990944372
3974,763,297,314,-0.0222804718217562
3975,690,243,249,-0.008695652173913
3976,632,217,227,-0.0158227848101265
3977,708,275,288,-0.0183615819209039
3978,782,290,297,-0.0089514066496163
3979,629,250,252,-0.0031796502384737
3980,658,257,267,-0.0151975683890577
3981,748,290,300,-0.0133689839572192
3982,678,248,264,-0.023598820058997
3983,679,255,266,-0.01620029455081
3984,724,269,278,-0.0124309392265193
3985,738,275,294,-0.0257452574525745
3986,628,248,248,0.0
3987,686,271,278,-0.010204081632653
3988,728,287,298,-0.0151098901098901
3989,657,245,253,-0.0121765601217656
3990,669,259,271,-0.0179372197309417
3991,657,271,283,-0.0182648401826484
3992,659,264,267,-0.0045523520485584
3993,636,234,257,-0.0361635220125786
3994,738,284,288,-0.005420054200542
3995,785,279,292,-0.0165605095541401
3996,641,248,261,-0.0202808112324493
3997,724,287,294,-0.0096685082872928
3998,701,280,293,-0.0185449358059914
3999,644,241,250,-0.0139751552795031
4000,660,248,257,-0.0136363636363636
4001,756,287,294,-0.0092592592592592
4002,695,276,283,-0.0100719424460431
4003,788,271,275,-0.0050761421319796
4004,710,271,280,-0.0126760563380281
4005,709,276,283,-0.0098730606488011
4006,637,222,230,-0.0125588697017268
4007,674,250,255,-0.0074183976261127
4008,627,224,231,-0.011164274322169
4009,602,233,245,-0.0199335548172757
4010,635,251,265,-0.0220472440944881
4011,671,273,276,-0.0044709388971684
4012,792,299,307,-0.0101010101010101
4013,659,252,254,-0.0030349013657056
4014,635,245,248,-0.0047244094488188
4015,728,263,267,-0.0054945054945054
4016,681,255,264,-0.013215859030837
4017,696,266,276,-0.014367816091954
4018,679,267,268,-0.0014727540500736
4019,676,274,278,-0.0059171597633136
4020,720,251,261,-0.0138888888888888
4021,752,275,282,-0.0093085106382978
4022,695,271,278,-0.0100719424460431
4023,661,239,255,-0.0242057488653555
4024,723,270,276,-0.0082987551867219
4025,675,269,275,-0.0088888888888888
4026,772,303,312,-0.0116580310880829
4027,714,276,280,-0.0056022408963585
4028,705,281,291,-0.0141843971631205
4029,574,221,223,-0.0034843205574912
4030,770,283,293,-0.0129870129870129
4031,703,279,291,-0.0170697012802275
4032,608,224,231,-0.0115131578947368
4033,763,297,302,-0.0065530799475753
4034,703,255,269,-0.0199146514935988
4035,717,267,276,-0.0125523012552301
4036,701,269,271,-0.0028530670470756
4037,733,293,307,-0.0190995907230559
4038,705,278,285,-0.0099290780141843
4039,616,249,263,-0.0227272727272727
4040,727,277,282,-0.0068775790921595
4041,776,285,294,-0.0115979381443298
4042,726,276,293,-0.0234159779614325
4043,657,279,294,-0.0228310502283105
4044,667,247,260,-0.0194902548725637
4045,732,274,274,0.0
4046,645,244,261,-0.0263565891472868
4047,700,279,290,-0.0157142857142857
4048,667,238,257,-0.0284857571214392
4049,708,259,267,-0.0112994350282485
4050,704,260,274,-0.0198863636363636
4051,647,254,258,-0.0061823802163833
4052,718,268,277,-0.0125348189415041
4053,719,269,288,-0.0264255910987482
4054,709,283,292,-0.0126939351198871
4055,636,247,262,-0.0235849056603773
4056,742,294,315,-0.0283018867924528
4057,691,261,273,-0.0173661360347322
4058,655,241,254,-0.0198473282442748
4059,660,291,299,-0.0121212121212121
4060,683,282,290,-0.0117130307467057
4061,660,259,271,-0.0181818181818181
4062,614,227,236,-0.014657980456026
4063,731,266,277,-0.015047879616963
4064,617,239,246,-0.0113452188006482
4065,725,258,275,-0.0234482758620689
4066,745,292,310,-0.0241610738255033
4067,662,234,245,-0.0166163141993957
4068,718,265,271,-0.0083565459610027
4069,681,246,259,-0.0190895741556534
4070,785,290,293,-0.0038216560509554
4071,714,304,309,-0.0070028011204481
4072,656,250,254,-0.0060975609756097
4073,705,273,275,-0.0028368794326241
4074,646,244,261,-0.0263157894736842
4075,739,267,271,-0.0054127198917456
4076,685,265,280,-0.0218978102189781
4077,777,306,314,-0.0102960102960102
4078,608,234,243,-0.0148026315789473
4079,668,255,267,-0.0179640718562874
4080,700,259,269,-0.0142857142857142
4081,713,255,272,-0.0238429172510518
4082,720,275,283,-0.0111111111111111
4083,605,239,250,-0.0181818181818181
4084,677,268,273,-0.0073855243722304
4085,692,259,269,-0.0144508670520231
4086,673,244,252,-0.0118870728083209
4087,733,285,289,-0.0054570259208731
4088,739,281,289,-0.0108254397834912
4089,687,280,284,-0.0058224163027656
4090,653,276,277,-0.001531393568147
4091,786,298,304,-0.0076335877862595
4092,705,281,292,-0.0156028368794326
4093,683,272,282,-0.0146412884333821
4094,720,262,280,-0.025
4095,624,259,261,-0.0032051282051282
4096,640,256,251,0.0078125
4097,743,273,272,0.0013458950201884
4098,730,277,289,-0.0164383561643835
4099,659,249,258,-0.0136570561456752
4100,672,270,280,-0.0148809523809523
4101,715,279,278,0.0013986013986013
4102,852,318,327,-0.0105633802816901
4103,663,255,262,-0.0105580693815987
4104,659,220,231,-0.0166919575113808
4105,764,274,293,-0.0248691099476439
4106,717,268,276,-0.0111576011157601
4107,689,282,290,-0.011611030478955
4108,739,267,277,-0.013531799729364
4109,767,268,280,-0.0156453715775749
4110,726,283,285,-0.0027548209366391
4111,729,301,313,-0.0164609053497942
4112,698,279,276,0.0042979942693409
4113,674,274,279,-0.0074183976261127
4114,723,279,292,-0.0179806362378976
4115,665,263,269,-0.0090225563909774
4116,665,266,275,-0.0135338345864661
4117,679,273,280,-0.0103092783505154
4118,688,271,283,-0.0174418604651162
4119,689,259,267,-0.011611030478955
4120,714,275,276,-0.0014005602240896
4121,667,259,272,-0.0194902548725637
4122,772,316,319,-0.0038860103626943
4123,802,311,325,-0.0174563591022443
4124,652,217,227,-0.0153374233128834
4125,707,270,276,-0.0084865629420084
4126,670,242,253,-0.0164179104477611
4127,711,280,299,-0.0267229254571026
4128,714,293,299,-0.0084033613445378
4129,675,259,265,-0.0088888888888888
4130,626,251,267,-0.0255591054313099
4131,734,294,301,-0.0095367847411444
4132,750,278,286,-0.0106666666666666
4133,795,304,314,-0.0125786163522012
4134,699,286,285,0.0014306151645207
4135,663,249,264,-0.0226244343891402
4136,719,259,261,-0.0027816411682892
4137,703,278,282,-0.0056899004267425
4138,569,230,238,-0.0140597539543057
4139,657,282,283,-0.0015220700152207
4140,766,294,299,-0.0065274151436031
4141,749,288,292,-0.0053404539385847
4142,668,274,286,-0.0179640718562874
4143,769,273,281,-0.0104031209362808
4144,670,247,266,-0.0283582089552238
4145,736,284,293,-0.0122282608695652
4146,677,258,266,-0.0118168389955686
4147,664,247,251,-0.0060240963855421
4148,657,241,253,-0.0182648401826484
4149,677,267,277,-0.0147710487444608
4150,735,251,274,-0.0312925170068027
4151,773,276,287,-0.0142302716688227
4152,684,257,263,-0.0087719298245614
4153,702,268,279,-0.0156695156695156
4154,660,261,276,-0.0227272727272727
4155,693,264,278,-0.0202020202020202
4156,712,278,280,-0.0028089887640449
4157,758,283,294,-0.0145118733509234
4158,784,306,308,-0.0025510204081632
4159,630,241,247,-0.0095238095238095
4160,681,246,261,-0.0220264317180616
4161,665,227,236,-0.0135338345864661
4162,612,243,261,-0.0294117647058823
4163,626,248,259,-0.0175718849840255
4164,660,243,254,-0.0166666666666666
4165,641,264,269,-0.0078003120124804
4166,669,258,264,-0.0089686098654708
4167,701,273,278,-0.007132667617689
4168,734,264,275,-0.0149863760217983
4169,715,267,280,-0.0181818181818181
4170,757,288,301,-0.0171730515191545
4171,815,298,305,-0.0085889570552147
4172,684,263,272,-0.0131578947368421
4173,685,253,263,-0.0145985401459854
4174,710,266,276,-0.0140845070422535
4175,735,274,278,-0.0054421768707482
4176,702,301,310,-0.0128205128205128
4177,725,259,273,-0.0193103448275862
4178,710,276,285,-0.0126760563380281
4179,735,257,267,-0.0136054421768707
4180,745,291,307,-0.021476510067114
4181,754,285,293,-0.0106100795755968
4182,771,303,317,-0.0181582360570687
4183,677,259,266,-0.0103397341211226
4184,730,281,292,-0.0150684931506849
4185,620,215,224,-0.014516129032258
4186,760,274,284,-0.0131578947368421
4187,741,286,304,-0.0242914979757085
4188,764,280,294,-0.0183246073298429
4189,855,305,308,-0.0035087719298245
4190,620,241,252,-0.0177419354838709
4191,657,254,266,-0.0182648401826484
4192,734,279,282,-0.0040871934604904
4193,705,292,297,-0.0070921985815602
4194,792,291,295,-0.005050505050505
4195,717,253,255,-0.00278940027894
4196,649,275,287,-0.0184899845916795
4197,671,274,284,-0.014903129657228
4198,690,247,260,-0.0188405797101449
4199,630,215,226,-0.0174603174603174
4200,756,298,307,-0.0119047619047619
4201,656,241,251,-0.0152439024390243
4202,637,254,258,-0.0062794348508634
4203,694,256,267,-0.015850144092219
4204,629,266,268,-0.0031796502384737
4205,718,262,279,-0.0236768802228412
4206,784,305,309,-0.0051020408163265
4207,635,247,255,-0.0125984251968503
4208,670,257,268,-0.0164179104477611
4209,641,243,244,-0.0015600624024961
4210,711,296,310,-0.0196905766526019
4211,657,296,301,-0.0076103500761035
4212,667,252,254,-0.0029985007496251
4213,664,238,252,-0.0210843373493975
4214,640,254,268,-0.021875
4215,655,272,277,-0.0076335877862595
4216,646,247,262,-0.023219814241486
4217,685,257,270,-0.018978102189781
4218,713,262,269,-0.0098176718092566
4219,783,286,299,-0.0166028097062579
4220,633,248,255,-0.0110584518167456
4221,595,261,268,-0.0117647058823529
4222,696,275,278,-0.0043103448275862
4223,660,231,241,-0.0151515151515151
4224,701,267,272,-0.007132667617689
4225,665,244,259,-0.0225563909774436
4226,756,305,321,-0.0211640211640211
4227,729,270,288,-0.0246913580246913
4228,724,283,288,-0.0069060773480662
4229,739,250,254,-0.0054127198917456
4230,682,263,267,-0.0058651026392961
4231,667,236,246,-0.0149925037481259
4232,643,245,245,0.0
4233,653,232,237,-0.007656967840735
4234,719,273,287,-0.019471488178025
4235,693,280,292,-0.0173160173160173
4236,638,259,266,-0.0109717868338558
4237,734,247,250,-0.0040871934604904
4238,653,266,273,-0.010719754977029
4239,604,224,224,0.0
4240,744,271,276,-0.0067204301075268
4241,690,233,246,-0.0188405797101449
4242,692,259,261,-0.0028901734104046
4243,626,257,264,-0.011182108626198
4244,682,270,281,-0.0161290322580645
4245,657,236,239,-0.0045662100456621
4246,647,249,254,-0.0077279752704791
4247,718,252,259,-0.0097493036211699
4248,766,273,288,-0.0195822454308094
4249,686,254,269,-0.0218658892128279
4250,806,282,291,-0.0111662531017369
4251,754,281,289,-0.0106100795755968
4252,681,238,252,-0.0205580029368575
4253,674,258,274,-0.0237388724035608
4254,683,258,261,-0.0043923865300146
4255,658,264,262,0.0030395136778115
4256,720,268,279,-0.0152777777777777
4257,750,280,289,-0.012
4258,744,262,272,-0.0134408602150537
4259,683,264,269,-0.007320644216691
4260,691,261,270,-0.0130246020260492
4261,713,271,275,-0.005610098176718
4262,676,244,250,-0.0088757396449704
4263,761,310,322,-0.0157687253613666
4264,698,287,299,-0.0171919770773638
4265,722,281,286,-0.0069252077562326
4266,687,250,266,-0.0232896652110625
4267,789,287,295,-0.0101394169835234
4268,688,255,265,-0.0145348837209302
4269,744,280,284,-0.0053763440860215
4270,748,276,277,-0.0013368983957219
4271,664,263,275,-0.0180722891566265
4272,655,246,250,-0.0061068702290076
4273,687,262,265,-0.0043668122270742
4274,729,294,305,-0.0150891632373113
4275,657,257,275,-0.0273972602739726
4276,840,310,320,-0.0119047619047619
4277,701,282,300,-0.0256776034236804
4278,623,234,243,-0.0144462279293739
4279,710,275,282,-0.0098591549295774
4280,732,280,283,-0.0040983606557377
4281,736,287,291,-0.0054347826086956
4282,749,270,272,-0.0026702269692923
4283,739,290,304,-0.0189445196211096
4284,583,240,255,-0.0257289879931389
4285,680,250,268,-0.0264705882352941
4286,751,295,310,-0.0199733688415446
4287,687,273,276,-0.0043668122270742
4288,761,280,295,-0.0197109067017082
4289,701,282,286,-0.0057061340941512
4290,696,270,281,-0.0158045977011494
4291,670,248,257,-0.0134328358208955
4292,756,275,287,-0.0158730158730158
4293,696,275,284,-0.0129310344827586
4294,605,245,254,-0.0148760330578512
4295,637,244,249,-0.0078492935635792
4296,698,258,265,-0.0100286532951289
4297,686,261,273,-0.0174927113702623
4298,625,248,258,-0.016
4299,743,273,277,-0.0053835800807537
4300,632,260,262,-0.0031645569620253
4301,683,276,298,-0.0322108345534407
4302,704,276,278,-0.002840909090909
4303,665,225,230,-0.0075187969924812
4304,685,256,264,-0.0116788321167883
4305,667,264,267,-0.0044977511244377
4306,678,266,273,-0.0103244837758112
4307,667,246,254,-0.0119940029985007
4308,656,257,273,-0.024390243902439
4309,703,275,287,-0.0170697012802275
4310,654,268,274,-0.0091743119266055
4311,672,276,290,-0.0208333333333333
4312,645,241,249,-0.0124031007751937
4313,691,263,276,-0.0188133140376266
4314,639,250,255,-0.0078247261345852
4315,674,269,279,-0.0148367952522255
4316,709,280,288,-0.0112834978843441
4317,787,287,295,-0.0101651842439644
4318,620,226,236,-0.0161290322580645
4319,637,242,250,-0.0125588697017268
4320,684,270,279,-0.0131578947368421
4321,750,274,277,-0.004
4322,664,260,266,-0.0090361445783132
4323,662,257,265,-0.0120845921450151
4324,717,283,285,-0.00278940027894
4325,770,255,268,-0.0168831168831168
4326,666,252,262,-0.015015015015015
4327,692,253,261,-0.0115606936416184
4328,771,311,313,-0.0025940337224383
4329,729,277,278,-0.0013717421124828
4330,686,281,283,-0.0029154518950437
4331,753,267,265,0.0026560424966799
4332,686,255,265,-0.0145772594752186
4333,686,277,285,-0.0116618075801749
4334,693,284,293,-0.0129870129870129
4335,687,285,288,-0.0043668122270742
4336,716,259,274,-0.020949720670391
4337,657,242,254,-0.0182648401826484
4338,698,250,255,-0.0071633237822349
4339,625,223,232,-0.0144
4340,712,257,276,-0.0266853932584269
4341,694,259,263,-0.0057636887608069
4342,731,277,287,-0.0136798905608755
4343,710,258,272,-0.0197183098591549
4344,676,245,254,-0.0133136094674556
4345,669,244,257,-0.0194319880418535
4346,722,263,278,-0.020775623268698
4347,611,210,215,-0.0081833060556464
4348,660,253,265,-0.0181818181818181
4349,690,263,273,-0.0144927536231884
4350,672,254,264,-0.0148809523809523
4351,652,265,274,-0.013803680981595
4352,706,283,282,0.0014164305949008
4353,707,239,243,-0.0056577086280056
4354,743,265,277,-0.0161507402422611
4355,707,257,274,-0.024045261669024
4356,655,255,269,-0.0213740458015267
4357,757,292,301,-0.011889035667107
4358,706,278,285,-0.0099150141643059
4359,687,264,274,-0.0145560407569141
4360,695,241,251,-0.014388489208633
4361,681,251,258,-0.0102790014684287
4362,737,249,261,-0.0162822252374491
4363,666,246,256,-0.015015015015015
4364,576,204,220,-0.0277777777777777
4365,692,273,276,-0.0043352601156069
4366,719,291,308,-0.0236439499304589
4367,715,282,286,-0.0055944055944055
4368,759,269,281,-0.0158102766798418
4369,664,245,253,-0.0120481927710843
4370,587,233,241,-0.0136286201022146
4371,755,285,289,-0.0052980132450331
4372,640,257,261,-0.00625
4373,726,296,306,-0.0137741046831955
4374,638,264,261,0.0047021943573667
4375,668,251,265,-0.0209580838323353
4376,663,261,276,-0.0226244343891402
4377,717,262,273,-0.0153417015341701
4378,738,267,279,-0.016260162601626
4379,685,274,279,-0.0072992700729927
4380,703,261,275,-0.0199146514935988
4381,718,300,313,-0.0181058495821727
4382,692,259,271,-0.0173410404624277
4383,671,248,252,-0.0059612518628912
4384,703,295,300,-0.0071123755334281
4385,622,237,245,-0.0128617363344051
4386,697,278,297,-0.0272596843615494
4387,714,268,281,-0.0182072829131652
4388,681,252,268,-0.0234948604992657
4389,726,262,273,-0.0151515151515151
4390,659,251,256,-0.007587253414264
4391,770,296,300,-0.0051948051948051
4392,638,241,248,-0.0109717868338558
4393,640,252,264,-0.01875
4394,631,239,250,-0.0174326465927099
4395,705,291,295,-0.0056737588652482
4396,742,285,302,-0.022911051212938
4397,762,304,308,-0.0052493438320209
4398,657,236,248,-0.0182648401826484
4399,678,283,286,-0.0044247787610619
4400,622,237,252,-0.0241157556270096
4401,696,277,279,-0.0028735632183908
4402,685,261,281,-0.0291970802919708
4403,685,256,265,-0.0131386861313868
4404,719,255,262,-0.0097357440890125
4405,677,241,255,-0.0206794682422452
4406,710,284,288,-0.0056338028169014
4407,616,230,248,-0.0292207792207792
4408,699,248,259,-0.0157367668097281
4409,750,260,271,-0.0146666666666666
4410,669,249,258,-0.0134529147982062
4411,706,262,280,-0.0254957507082152
4412,691,276,287,-0.0159189580318379
4413,716,255,263,-0.0111731843575419
4414,723,277,284,-0.0096818810511756
4415,758,297,302,-0.0065963060686015
4416,671,266,267,-0.0014903129657228
4417,808,300,316,-0.0198019801980198
4418,664,261,268,-0.0105421686746987
4419,593,252,256,-0.0067453625632377
4420,708,257,267,-0.0141242937853107
4421,663,229,241,-0.0180995475113122
4422,644,239,246,-0.0108695652173913
4423,792,283,296,-0.0164141414141414
4424,638,242,250,-0.012539184952978
4425,687,245,254,-0.0131004366812227
4426,742,269,280,-0.0148247978436657
4427,716,271,285,-0.0195530726256983
4428,742,270,277,-0.0094339622641509
4429,735,267,271,-0.0054421768707482
4430,760,281,293,-0.0157894736842105
4431,656,268,270,-0.0030487804878048
4432,714,266,273,-0.0098039215686274
4433,689,271,283,-0.0174165457184325
4434,709,263,270,-0.0098730606488011
4435,679,261,259,0.0029455081001472
4436,723,262,268,-0.0082987551867219
4437,658,246,254,-0.0121580547112462
4438,679,243,252,-0.0132547864506627
4439,695,263,276,-0.018705035971223
4440,699,266,273,-0.0100143061516452
4441,676,252,261,-0.0133136094674556
4442,730,283,294,-0.0150684931506849
4443,750,277,285,-0.0106666666666666
4444,709,258,266,-0.0112834978843441
4445,590,233,237,-0.0067796610169491
4446,662,260,267,-0.0105740181268882
4447,668,265,278,-0.0194610778443113
4448,668,242,258,-0.0239520958083832
4449,690,270,278,-0.0115942028985507
4450,739,274,281,-0.0094722598105548
4451,751,252,264,-0.0159786950732356
4452,692,266,276,-0.0144508670520231
4453,673,240,250,-0.0148588410104011
4454,596,230,235,-0.0083892617449664
4455,579,232,232,0.0
4456,709,273,284,-0.0155148095909732
4457,735,298,299,-0.001360544217687
4458,756,269,272,-0.0039682539682539
4459,777,264,281,-0.0218790218790218
4460,838,317,322,-0.0059665871121718
4461,640,246,246,0.0
4462,607,255,259,-0.0065897858319604
4463,641,244,250,-0.0093603744149766
4464,732,262,273,-0.0150273224043715
4465,754,290,287,0.0039787798408488
4466,695,260,272,-0.0172661870503597
4467,793,300,304,-0.0050441361916771
4468,666,254,258,-0.006006006006006
4469,671,261,268,-0.0104321907600596
4470,627,246,255,-0.0143540669856459
4471,693,281,293,-0.0173160173160173
4472,637,252,267,-0.0235478806907378
4473,758,298,308,-0.0131926121372031
4474,688,280,287,-0.0101744186046511
4475,729,282,302,-0.027434842249657
4476,703,286,294,-0.011379800853485
4477,717,259,273,-0.0195258019525801
4478,678,258,275,-0.0250737463126843
4479,730,265,274,-0.0123287671232876
4480,706,269,286,-0.0240793201133144
4481,715,282,293,-0.0153846153846153
4482,671,281,288,-0.0104321907600596
4483,705,288,292,-0.0056737588652482
4484,683,247,261,-0.0204978038067349
4485,713,255,274,-0.0266479663394109
4486,680,263,263,0.0
4487,657,243,242,0.0015220700152207
4488,773,301,311,-0.0129366106080207
4489,713,265,276,-0.0154277699859747
4490,625,236,239,-0.0048
4491,736,257,270,-0.0176630434782608
4492,619,229,240,-0.0177705977382875
4493,669,238,253,-0.0224215246636771
4494,708,269,275,-0.0084745762711864
4495,631,236,247,-0.0174326465927099
4496,717,309,310,-0.00139470013947
4497,733,297,306,-0.0122783083219645
4498,672,263,265,-0.0029761904761904
4499,727,268,286,-0.0247592847317744
4500,707,272,284,-0.0169731258840169
4501,698,264,270,-0.0085959885386819
4502,679,259,271,-0.0176730486008836
4503,713,263,266,-0.0042075736325385
4504,697,276,282,-0.0086083213773314
4505,693,248,258,-0.0144300144300144
4506,727,269,272,-0.0041265474552957
4507,718,257,269,-0.0167130919220055
4508,839,305,317,-0.0143027413587604
4509,660,264,279,-0.0227272727272727
4510,673,241,251,-0.0148588410104011
4511,623,243,252,-0.0144462279293739
4512,768,279,285,-0.0078125
4513,655,232,241,-0.0137404580152671
4514,665,258,267,-0.0135338345864661
4515,671,254,262,-0.0119225037257824
4516,746,288,300,-0.0160857908847185
4517,691,279,287,-0.0115774240231548
4518,732,239,251,-0.0163934426229508
4519,744,259,275,-0.021505376344086
4520,735,258,276,-0.0244897959183673
4521,631,247,250,-0.0047543581616481
4522,734,274,279,-0.0068119891008174
4523,642,252,257,-0.0077881619937694
4524,765,276,289,-0.0169934640522875
4525,809,282,283,-0.0012360939431396
4526,714,273,280,-0.0098039215686274
4527,705,279,283,-0.0056737588652482
4528,707,269,271,-0.0028288543140028
4529,853,310,318,-0.0093786635404454
4530,730,283,282,0.0013698630136986
4531,684,248,260,-0.0175438596491228
4532,784,315,319,-0.0051020408163265
4533,681,262,268,-0.0088105726872246
4534,753,275,285,-0.0132802124833997
4535,583,240,246,-0.0102915951972555
4536,661,278,290,-0.0181543116490166
4537,700,259,265,-0.0085714285714285
4538,649,245,256,-0.0169491525423728
4539,709,281,299,-0.0253878702397743
4540,831,302,306,-0.0048134777376654
4541,708,275,282,-0.0098870056497175
4542,717,276,282,-0.00836820083682
4543,744,267,273,-0.0080645161290322
4544,762,288,293,-0.0065616797900262
4545,681,260,275,-0.0220264317180616
4546,678,274,277,-0.0044247787610619
4547,737,289,298,-0.0122116689280868
4548,726,275,284,-0.012396694214876
4549,714,260,269,-0.0126050420168067
4550,716,266,278,-0.0167597765363128
4551,689,243,262,-0.0275761973875181
4552,674,247,256,-0.0133531157270029
4553,688,275,278,-0.004360465116279
4554,663,263,275,-0.0180995475113122
4555,687,290,302,-0.0174672489082969
4556,733,289,300,-0.015006821282401
4557,670,267,278,-0.0164179104477611
4558,653,245,256,-0.0168453292496171
4559,708,258,267,-0.0127118644067796
4560,723,255,275,-0.0276625172890733
4561,597,241,240,0.0016750418760469
4562,615,256,262,-0.0097560975609756
4563,618,229,236,-0.0113268608414239
4564,630,245,252,-0.0111111111111111
4565,713,268,291,-0.032258064516129
4566,733,269,276,-0.0095497953615279
4567,681,253,267,-0.0205580029368575
4568,653,219,221,-0.003062787136294
4569,660,276,289,-0.0196969696969696
4570,664,248,254,-0.0090361445783132
4571,707,282,295,-0.0183875530410183
4572,657,241,252,-0.0167427701674277
4573,735,284,292,-0.0108843537414965
4574,741,290,309,-0.0256410256410256
4575,729,277,287,-0.0137174211248285
4576,716,263,264,-0.0013966480446927
4577,731,264,279,-0.0205198358413132
4578,755,296,308,-0.0158940397350993
4579,653,266,272,-0.009188361408882
4580,750,283,290,-0.0093333333333333
4581,702,273,286,-0.0185185185185185
4582,640,264,275,-0.0171875
4583,647,247,257,-0.0154559505409582
4584,646,218,234,-0.0247678018575851
4585,754,291,300,-0.0119363395225464
4586,727,276,285,-0.0123796423658872
4587,736,282,286,-0.0054347826086956
4588,702,283,288,-0.0071225071225071
4589,635,243,252,-0.0141732283464566
4590,740,267,275,-0.0108108108108108
4591,685,273,281,-0.0116788321167883
4592,694,294,302,-0.0115273775216138
4593,789,292,298,-0.0076045627376425
4594,691,284,290,-0.0086830680173661
4595,681,259,267,-0.0117474302496328
4596,692,270,291,-0.0303468208092485
4597,697,292,301,-0.0129124820659971
4598,682,232,247,-0.0219941348973607
4599,638,266,277,-0.0172413793103448
4600,662,241,251,-0.0151057401812688
4601,690,243,268,-0.036231884057971
4602,594,213,218,-0.0084175084175084
4603,666,254,259,-0.0075075075075075
4604,723,253,251,0.0027662517289073
4605,680,258,270,-0.0176470588235294
4606,660,246,254,-0.0121212121212121
4607,712,265,273,-0.0112359550561797
4608,695,255,275,-0.0287769784172661
4609,709,257,260,-0.004231311706629
4610,698,273,282,-0.0128939828080229
4611,695,274,281,-0.0100719424460431
4612,738,273,283,-0.013550135501355
4613,654,257,268,-0.0168195718654434
4614,700,276,282,-0.0085714285714285
4615,693,257,277,-0.0288600288600288
4616,786,288,297,-0.0114503816793893
4617,740,278,284,-0.0081081081081081
4618,617,235,239,-0.006482982171799
4619,643,261,264,-0.0046656298600311
4620,730,247,258,-0.0150684931506849
4621,734,293,306,-0.0177111716621253
4622,681,252,265,-0.0190895741556534
4623,667,249,260,-0.0164917541229385
4624,652,258,266,-0.0122699386503067
4625,687,250,260,-0.0145560407569141
4626,677,277,280,-0.0044313146233382
4627,673,256,262,-0.0089153046062407
4628,698,244,258,-0.0200573065902578
4629,617,260,266,-0.0097244732576985
4630,734,268,283,-0.0204359673024523
4631,726,282,294,-0.0165289256198347
4632,667,254,260,-0.0089955022488755
4633,722,254,263,-0.0124653739612188
4634,716,278,288,-0.0139664804469273
4635,689,263,275,-0.0174165457184325
4636,674,256,267,-0.016320474777448
4637,738,282,281,0.0013550135501355
4638,593,231,234,-0.0050590219224283
4639,705,275,283,-0.0113475177304964
4640,696,290,295,-0.007183908045977
4641,720,286,293,-0.0097222222222222
4642,711,275,276,-0.0014064697609001
4643,657,238,252,-0.0213089802130898
4644,625,244,255,-0.0176
4645,792,292,299,-0.0088383838383838
4646,751,279,282,-0.0039946737683089
4647,705,264,272,-0.0113475177304964
4648,731,279,287,-0.0109439124487004
4649,671,262,274,-0.0178837555886736
4650,678,270,273,-0.0044247787610619
4651,813,284,294,-0.01230012300123
4652,729,273,288,-0.0205761316872428
4653,703,272,282,-0.0142247510668563
4654,732,283,286,-0.0040983606557377
4655,653,257,271,-0.0214395099540581
4656,691,286,294,-0.0115774240231548
4657,710,282,289,-0.0098591549295774
4658,692,260,261,-0.0014450867052023
4659,679,268,273,-0.0073637702503681
4660,670,254,269,-0.0223880597014925
4661,690,276,281,-0.0072463768115942
4662,670,271,282,-0.0164179104477611
4663,676,254,270,-0.0236686390532544
4664,758,269,288,-0.025065963060686
4665,690,277,287,-0.0144927536231884
4666,695,263,279,-0.0230215827338129
4667,771,286,296,-0.0129701686121919
4668,634,235,233,0.0031545741324921
4669,734,275,280,-0.0068119891008174
4670,752,286,303,-0.0226063829787234
4671,704,260,264,-0.0056818181818181
4672,679,235,249,-0.0206185567010309
4673,641,242,248,-0.0093603744149766
4674,605,236,244,-0.0132231404958677
4675,715,283,294,-0.0153846153846153
4676,755,253,269,-0.0211920529801324
4677,751,289,294,-0.0066577896138482
4678,657,263,270,-0.0106544901065449
4679,610,211,222,-0.0180327868852459
4680,681,249,263,-0.0205580029368575
4681,609,242,250,-0.0131362889983579
4682,646,232,246,-0.0216718266253869
4683,700,262,268,-0.0085714285714285
4684,686,262,269,-0.010204081632653
4685,690,272,283,-0.0159420289855072
4686,705,272,277,-0.0070921985815602
4687,655,241,256,-0.0229007633587786
4688,637,216,223,-0.0109890109890109
4689,770,286,288,-0.0025974025974025
4690,783,297,317,-0.0255427841634738
4691,696,232,254,-0.0316091954022988
4692,706,285,297,-0.0169971671388102
4693,676,267,277,-0.014792899408284
4694,644,233,245,-0.0186335403726708
4695,701,250,251,-0.0014265335235378
4696,669,255,263,-0.0119581464872944
4697,695,270,270,0.0
4698,655,248,256,-0.0122137404580152
4699,754,317,323,-0.0079575596816976
4700,674,273,271,0.0029673590504451
4701,667,250,259,-0.0134932533733133
4702,662,251,264,-0.0196374622356495
4703,646,250,255,-0.0077399380804953
4704,687,265,274,-0.0131004366812227
4705,705,279,289,-0.0141843971631205
4706,658,248,262,-0.0212765957446808
4707,749,251,258,-0.0093457943925233
4708,773,307,315,-0.0103492884864165
4709,645,244,254,-0.0155038759689922
4710,734,277,279,-0.0027247956403269
4711,723,252,270,-0.0248962655601659
4712,723,277,293,-0.0221300138312586
4713,758,288,297,-0.0118733509234828
4714,668,232,235,-0.0044910179640718
4715,685,262,270,-0.0116788321167883
4716,700,274,281,-0.01
4717,653,261,271,-0.0153139356814701
4718,681,258,267,-0.013215859030837
4719,744,265,273,-0.010752688172043
4720,781,278,287,-0.0115236875800256
4721,715,289,299,-0.0139860139860139
4722,736,287,295,-0.0108695652173913
4723,693,252,254,-0.0028860028860028
4724,707,259,276,-0.024045261669024
4725,657,274,280,-0.0091324200913242
4726,752,299,305,-0.0079787234042553
4727,619,228,239,-0.0177705977382875
4728,692,244,257,-0.01878612716763
4729,697,262,268,-0.0086083213773314
4730,643,239,246,-0.0108864696734059
4731,690,275,280,-0.0072463768115942
4732,684,251,269,-0.0263157894736842
4733,653,253,270,-0.0260336906584992
4734,653,273,273,0.0
4735,625,242,248,-0.0096
4736,706,290,295,-0.0070821529745042
4737,745,273,282,-0.0120805369127516
4738,773,267,277,-0.0129366106080207
4739,694,269,277,-0.0115273775216138
4740,693,274,281,-0.0101010101010101
4741,669,247,258,-0.0164424514200298
4742,785,283,290,-0.0089171974522292
4743,713,267,280,-0.0182328190743338
4744,701,266,277,-0.0156918687589158
4745,693,291,293,-0.0028860028860028
4746,721,279,286,-0.0097087378640776
4747,693,267,275,-0.0115440115440115
4748,682,260,276,-0.0234604105571847
4749,697,252,267,-0.0215208034433285
4750,660,256,264,-0.0121212121212121
4751,684,243,253,-0.0146198830409356
4752,716,257,272,-0.020949720670391
4753,729,270,278,-0.0109739368998628
4754,730,306,311,-0.0068493150684931
4755,738,254,274,-0.02710027100271
4756,691,257,272,-0.0217076700434153
4757,683,247,257,-0.0146412884333821
4758,693,235,245,-0.0144300144300144
4759,752,282,294,-0.0159574468085106
4760,672,225,230,-0.0074404761904761
4761,721,277,285,-0.0110957004160887
4762,721,268,281,-0.0180305131761442
4763,630,251,258,-0.0111111111111111
4764,643,233,240,-0.0108864696734059
4765,678,269,272,-0.0044247787610619
4766,620,228,244,-0.0258064516129032
4767,751,295,304,-0.0119840213049267
4768,755,272,284,-0.0158940397350993
4769,693,253,268,-0.0216450216450216
4770,787,314,325,-0.013977128335451
4771,608,225,236,-0.0180921052631578
4772,645,261,265,-0.0062015503875968
4773,716,281,286,-0.0069832402234636
4774,724,278,290,-0.0165745856353591
4775,662,248,261,-0.0196374622356495
4776,670,243,252,-0.0134328358208955
4777,698,278,280,-0.0028653295128939
4778,641,255,259,-0.0062402496099844
4779,667,257,268,-0.0164917541229385
4780,631,266,270,-0.0063391442155309
4781,692,276,282,-0.0086705202312138
4782,688,248,259,-0.0159883720930232
4783,641,233,240,-0.0109204368174727
4784,530,199,207,-0.0150943396226415
4785,627,258,264,-0.0095693779904306
4786,700,257,274,-0.0242857142857142
4787,665,257,267,-0.0150375939849624
4788,686,271,273,-0.0029154518950437
4789,633,234,249,-0.0236966824644549
4790,661,249,259,-0.0151285930408472
4791,777,280,291,-0.0141570141570141
4792,826,316,326,-0.0121065375302663
4793,745,291,302,-0.0147651006711409
4794,668,249,260,-0.0164670658682634
4795,670,241,248,-0.0104477611940298
4796,608,238,246,-0.0131578947368421
4797,815,315,338,-0.0282208588957055
4798,676,249,262,-0.0192307692307692
4799,788,328,336,-0.0101522842639593
4800,649,236,244,-0.012326656394453
4801,738,260,270,-0.013550135501355
4802,759,295,301,-0.0079051383399209
4803,679,277,297,-0.0294550810014727
4804,755,286,301,-0.0198675496688741
4805,674,254,267,-0.0192878338278931
4806,633,271,276,-0.0078988941548183
4807,777,301,313,-0.0154440154440154
4808,684,262,268,-0.0087719298245614
4809,645,254,265,-0.0170542635658914
4810,725,276,284,-0.0110344827586206
4811,734,279,280,-0.0013623978201634
4812,655,234,241,-0.0106870229007633
4813,689,278,281,-0.0043541364296081
4814,695,266,281,-0.0215827338129496
4815,758,284,292,-0.0105540897097625
4816,658,260,272,-0.0182370820668693
4817,652,235,252,-0.0260736196319018
4818,650,244,257,-0.02
4819,576,220,226,-0.0104166666666666
4820,753,274,283,-0.0119521912350597
4821,658,272,281,-0.0136778115501519
4822,661,264,273,-0.0136157337367624
4823,737,271,275,-0.005427408412483
4824,707,269,283,-0.0198019801980198
4825,725,287,288,-0.0013793103448275
4826,667,270,278,-0.0119940029985007
4827,668,265,276,-0.0164670658682634
4828,708,250,270,-0.0282485875706214
4829,651,268,268,0.0
4830,668,264,261,0.0044910179640718
4831,721,264,280,-0.0221914008321775
4832,660,250,258,-0.0121212121212121
4833,656,263,265,-0.0030487804878048
4834,821,325,336,-0.0133982947624847
4835,754,291,305,-0.0185676392572944
4836,666,264,275,-0.0165165165165165
4837,742,278,281,-0.0040431266846361
4838,604,231,232,-0.0016556291390728
4839,749,275,285,-0.0133511348464619
4840,694,284,287,-0.0043227665706051
4841,622,228,244,-0.0257234726688102
4842,716,247,262,-0.020949720670391
4843,651,254,259,-0.0076804915514592
4844,652,267,268,-0.0015337423312883
4845,735,259,270,-0.0149659863945578
4846,724,262,275,-0.0179558011049723
4847,745,270,278,-0.010738255033557
4848,627,256,265,-0.0143540669856459
4849,750,291,298,-0.0093333333333333
4850,741,307,314,-0.0094466936572199
4851,664,232,238,-0.0090361445783132
4852,696,265,285,-0.028735632183908
4853,748,289,298,-0.0120320855614973
4854,698,255,270,-0.0214899713467048
4855,718,259,273,-0.0194986072423398
4856,546,200,207,-0.0128205128205128
4857,754,312,322,-0.013262599469496
4858,640,253,268,-0.0234375
4859,761,284,296,-0.0157687253613666
4860,736,270,289,-0.0258152173913043
4861,727,276,287,-0.015130674002751
4862,661,255,267,-0.0181543116490166
4863,672,275,285,-0.0148809523809523
4864,710,297,306,-0.0126760563380281
4865,671,249,257,-0.0119225037257824
4866,638,263,279,-0.0250783699059561
4867,767,271,274,-0.0039113428943937
4868,713,269,275,-0.0084151472650771
4869,721,259,269,-0.0138696255201109
4870,697,241,252,-0.0157819225251076
4871,672,239,261,-0.0327380952380952
4872,674,254,261,-0.0103857566765578
4873,617,232,237,-0.0081037277147487
4874,694,279,291,-0.0172910662824207
4875,732,293,305,-0.0163934426229508
4876,637,259,270,-0.0172684458398744
4877,638,230,242,-0.018808777429467
4878,685,262,266,-0.0058394160583941
4879,705,242,260,-0.025531914893617
4880,728,265,272,-0.0096153846153846
4881,674,264,273,-0.0133531157270029
4882,771,285,293,-0.0103761348897535
4883,659,263,275,-0.0182094081942336
4884,652,231,246,-0.0230061349693251
4885,733,283,290,-0.0095497953615279
4886,699,262,281,-0.0271816881258941
4887,666,258,264,-0.009009009009009
4888,725,274,278,-0.0055172413793103
4889,690,273,282,-0.0130434782608695
4890,616,223,240,-0.0275974025974025
4891,786,335,341,-0.0076335877862595
4892,685,243,256,-0.018978102189781
4893,673,276,287,-0.0163447251114413
4894,672,253,261,-0.0119047619047619
4895,619,225,236,-0.0177705977382875
4896,787,281,293,-0.0152477763659466
4897,716,261,270,-0.0125698324022346
4898,653,252,257,-0.007656967840735
4899,715,285,295,-0.0139860139860139
4900,678,245,251,-0.0088495575221238
4901,750,298,308,-0.0133333333333333
4902,615,225,231,-0.0097560975609756
4903,701,265,276,-0.0156918687589158
4904,744,272,285,-0.0174731182795698
4905,712,253,259,-0.0084269662921348
4906,693,273,282,-0.0129870129870129
4907,678,267,272,-0.0073746312684365
4908,732,272,287,-0.0204918032786885
4909,718,282,291,-0.0125348189415041
4910,693,254,262,-0.0115440115440115
4911,664,246,272,-0.0391566265060241
4912,692,238,246,-0.0115606936416184
4913,664,256,267,-0.0165662650602409
4914,684,283,290,-0.0102339181286549
4915,731,264,272,-0.0109439124487004
4916,604,235,240,-0.0082781456953642
4917,731,251,265,-0.0191518467852257
4918,700,284,282,0.0028571428571428
4919,702,275,283,-0.0113960113960113
4920,645,264,269,-0.0077519379844961
4921,719,261,271,-0.0139082058414464
4922,638,251,263,-0.018808777429467
4923,601,217,229,-0.0199667221297836
4924,791,291,313,-0.0278128950695322
4925,655,237,250,-0.0198473282442748
4926,718,259,272,-0.0181058495821727
4927,641,251,261,-0.0156006240249609
4928,664,262,266,-0.0060240963855421
4929,701,264,270,-0.0085592011412268
4930,716,268,273,-0.0069832402234636
4931,645,240,249,-0.013953488372093
4932,713,255,265,-0.0140252454417952
4933,642,233,246,-0.0202492211838006
4934,641,255,256,-0.0015600624024961
4935,688,282,292,-0.0145348837209302
4936,765,260,272,-0.0156862745098039
4937,706,284,292,-0.0113314447592068
4938,664,260,268,-0.0120481927710843
4939,707,275,283,-0.0113154172560113
4940,753,268,275,-0.0092961487383798
4941,715,268,280,-0.0167832167832167
4942,723,272,276,-0.0055325034578146
4943,647,255,264,-0.0139103554868624
4944,641,244,252,-0.0124804992199688
4945,725,273,288,-0.0206896551724137
4946,646,248,253,-0.0077399380804953
4947,650,235,237,-0.003076923076923
4948,739,271,289,-0.0243572395128552
4949,741,273,275,-0.0026990553306342
4950,664,256,269,-0.019578313253012
4951,630,245,262,-0.0269841269841269
4952,692,236,243,-0.0101156069364161
4953,711,258,267,-0.0126582278481012
4954,722,276,289,-0.0180055401662049
4955,671,252,264,-0.0178837555886736
4956,678,296,305,-0.0132743362831858
4957,652,262,270,-0.0122699386503067
4958,767,288,296,-0.0104302477183833
4959,729,285,284,0.0013717421124828
4960,585,238,242,-0.0068376068376068
4961,680,274,282,-0.0117647058823529
4962,670,252,262,-0.0149253731343283
4963,795,299,310,-0.0138364779874213
4964,789,317,321,-0.0050697084917617
4965,560,222,227,-0.0089285714285714
4966,679,282,299,-0.0250368188512518
4967,765,326,331,-0.0065359477124183
4968,650,249,255,-0.0092307692307692
4969,623,244,254,-0.0160513643659711
4970,644,260,266,-0.0093167701863354
4971,705,278,281,-0.0042553191489361
4972,688,251,267,-0.0232558139534883
4973,737,267,281,-0.0189959294436906
4974,675,238,250,-0.0177777777777777
4975,640,248,255,-0.0109375
4976,584,237,240,-0.0051369863013698
4977,650,250,265,-0.023076923076923
4978,671,254,262,-0.0119225037257824
4979,767,276,276,0.0
4980,650,260,274,-0.0215384615384615
4981,648,252,268,-0.0246913580246913
4982,769,292,308,-0.0208062418725617
4983,737,283,298,-0.0203527815468114
4984,684,248,259,-0.0160818713450292
4985,645,225,237,-0.0186046511627906
4986,519,202,218,-0.0308285163776493
4987,747,265,280,-0.0200803212851405
4988,686,242,248,-0.0087463556851311
4989,649,257,265,-0.012326656394453
4990,659,259,265,-0.0091047040971168
4991,637,270,280,-0.0156985871271585
4992,637,234,231,0.0047095761381475
4993,701,277,294,-0.0242510699001426
4994,647,243,250,-0.0108191653786707
4995,696,258,269,-0.0158045977011494
4996,690,263,274,-0.0159420289855072
4997,748,299,311,-0.0160427807486631
4998,690,267,276,-0.0130434782608695
4999,722,277,285,-0.0110803324099723
