lake_id,longitude,latitude,x_epsg5070_m,y_epsg5070_m,coordinate_source_id,coordinate_crs,state,ecoregion_source,ecoregion_display,conus_bounds_valid,candidate_universe,external_period_candidate_domain,external_monitoring_lake_domain,has_frozen_pre2021_predictor_history,has_post2020_external_chla_history,formal_event_lake,formal_event_episode_count,multi_horizon_ever_selected,direct_60_day_ever_selected,policy_overlap_ever_selected,ever_selected_role
100152,-94.321330663,46.5699330669,129097.38409876863,2621207.4583988683,MULTI_HORIZON_CANDIDATE_LEDGER,EPSG:4326-compatible longitude/latitude; CRS not embedded in Parquet,MN,Upper Midwest,Upper Midwest,True,True,True,False,True,False,False,0,False,False,False,neither
100219,-92.9120253321,44.9644263368,243242.76680273385,2445714.235799022,MULTI_HORIZON_CANDIDATE_LEDGER,EPSG:4326-compatible longitude/latitude; CRS not embedded in Parquet,MN,Upper Midwest,Upper Midwest,True,True,True,True,True,True,True,1,True,True,True,both
1003,-94.5027550844,45.6778283477,116705.62390083754,2522005.02939655,MULTI_HORIZON_CANDIDATE_LEDGER,EPSG:4326-compatible longitude/latitude; CRS not embedded in Parquet,MN,Upper Midwest,Upper Midwest,True,True,True,False,True,False,False,0,True,False,False,multi_horizon_only
1004,-93.335789382,45.3568032665,208648.4637004741,2488332.962199904,MULTI_HORIZON_CANDIDATE_LEDGER,EPSG:4326-compatible longitude/latitude; CRS not embedded in Parquet,MN,Upper Midwest,Upper Midwest,True,True,True,True,True,True,False,0,False,False,False,neither
100422,-95.6469794712,46.9161785266,27007.80389864493,2658463.992294655,MULTI_HORIZON_CANDIDATE_LEDGER,EPSG:4326-compatible longitude/latitude; CRS not embedded in Parquet,MN,Upper Midwest,Upper Midwest,True,True,True,True,True,True,False,0,False,True,False,direct_60_day_only
1011,-93.4855357001,47.0600773537,191925.57310253318,2676877.4101949623,MULTI_HORIZON_CANDIDATE_LEDGER,EPSG:4326-compatible longitude/latitude; CRS not embedded in Parquet,MN,Upper Midwest,Upper Midwest,True,True,True,False,True,False,False,0,True,False,False,multi_horizon_only
101148,-95.4521391866,46.4031477999,42241.541201632885,2601703.0262952866,MULTI_HORIZON_CANDIDATE_LEDGER,EPSG:4326-compatible longitude/latitude; CRS not embedded in Parquet,MN,Upper Midwest,Upper Midwest,True,True,True,True,True,True,False,0,False,False,False,neither
101149,-94.3673267566,46.9409740055,124854.51489742617,2662230.8442986626,MULTI_HORIZON_CANDIDATE_LEDGER,EPSG:4326-compatible longitude/latitude; CRS not embedded in Parquet,MN,Upper Midwest,Upper Midwest,True,True,True,False,True,False,False,0,False,False,False,neither
101152,-95.3736971476,46.0786668468,48526.739601853944,2565750.6914035436,MULTI_HORIZON_CANDIDATE_LEDGER,EPSG:4326-compatible longitude/latitude; CRS not embedded in Parquet,MN,Upper Midwest,Upper Midwest,True,True,True,False,True,False,False,0,False,False,False,neither
101243,-93.0865375591,44.8640471957,229843.16179629558,2434113.2015042296,MULTI_HORIZON_CANDIDATE_LEDGER,EPSG:4326-compatible longitude/latitude; CRS not embedded in Parquet,MN,Upper Midwest,Upper Midwest,True,True,True,True,True,True,False,0,False,False,False,neither
1013,-94.577013321,45.4216412989,111344.1392016396,2493449.941603571,MULTI_HORIZON_CANDIDATE_LEDGER,EPSG:4326-compatible longitude/latitude; CRS not embedded in Parquet,MN,Upper Midwest,Upper Midwest,True,True,True,False,True,False,False,0,True,False,False,multi_horizon_only
102115,-93.0646620689,45.1181481559,230695.1241002741,2462429.2430023653,MULTI_HORIZON_CANDIDATE_LEDGER,EPSG:4326-compatible longitude/latitude; CRS not embedded in Parquet,MN,Upper Midwest,Upper Midwest,True,True,True,True,True,True,True,1,True,True,True,both
1022,-91.2538239731,47.6087419311,359133.11169908766,2743955.1852948517,MULTI_HORIZON_CANDIDATE_LEDGER,EPSG:4326-compatible longitude/latitude; CRS not embedded in Parquet,MN,Upper Midwest,Upper Midwest,True,True,True,False,True,False,False,0,False,False,False,neither
102216,-93.2990835092,44.7072395974,213576.1953016707,2416167.086098302,MULTI_HORIZON_CANDIDATE_LEDGER,EPSG:4326-compatible longitude/latitude; CRS not embedded in Parquet,MN,Upper Midwest,Upper Midwest,True,True,True,False,True,False,False,0,False,True,False,direct_60_day_only
1029,-92.9181545712,46.6429329302,236716.610298082,2631993.9806000674,MULTI_HORIZON_CANDIDATE_LEDGER,EPSG:4326-compatible longitude/latitude; CRS not embedded in Parquet,MN,Upper Midwest,Upper Midwest,True,True,True,True,True,True,False,0,False,False,False,neither
103160,-95.425988488,45.9077838826,44589.75500212265,2546758.267503703,MULTI_HORIZON_CANDIDATE_LEDGER,EPSG:4326-compatible longitude/latitude; CRS not embedded in Parquet,MN,Upper Midwest,Upper Midwest,True,True,True,False,True,False,False,0,False,False,False,neither
103166,-93.3901839627,45.1830242423,204920.26340013533,2468896.812094586,MULTI_HORIZON_CANDIDATE_LEDGER,EPSG:4326-compatible longitude/latitude; CRS not embedded in Parquet,MN,Upper Midwest,Upper Midwest,True,True,True,False,True,False,False,0,True,True,True,both
103181,-95.4837246811,45.8873656539,40117.11490261738,2544465.649399463,MULTI_HORIZON_CANDIDATE_LEDGER,EPSG:4326-compatible longitude/latitude; CRS not embedded in Parquet,MN,Upper Midwest,Upper Midwest,True,True,True,False,True,False,False,0,False,False,False,neither
103186,-92.9719671978,44.944845141,238592.12509774804,2443384.217096759,MULTI_HORIZON_CANDIDATE_LEDGER,EPSG:4326-compatible longitude/latitude; CRS not embedded in Parquet,MN,Upper Midwest,Upper Midwest,True,True,True,True,True,True,True,1,True,True,True,both
103201,-93.590287088,44.7887842539,190324.17699678527,2424624.3735028347,MULTI_HORIZON_CANDIDATE_LEDGER,EPSG:4326-compatible longitude/latitude; CRS not embedded in Parquet,MN,Upper Midwest,Upper Midwest,True,True,True,True,True,True,False,0,False,False,False,neither
103205,-94.4590784479,43.4993210785,124043.6932004961,2279465.1705945386,MULTI_HORIZON_CANDIDATE_LEDGER,EPSG:4326-compatible longitude/latitude; CRS not embedded in Parquet,IA,Temporate Plains,Temperate Plains,True,True,True,False,True,False,False,0,True,True,True,both
103210,-93.1063953268,44.7935397398,228516.02099649445,2426219.936498207,MULTI_HORIZON_CANDIDATE_LEDGER,EPSG:4326-compatible longitude/latitude; CRS not embedded in Parquet,MN,Upper Midwest,Upper Midwest,True,True,True,True,True,True,False,0,False,False,False,neither
103214,-93.1150328588,44.8406340167,227674.96799759337,2431439.5568051133,MULTI_HORIZON_CANDIDATE_LEDGER,EPSG:4326-compatible longitude/latitude; CRS not embedded in Parquet,MN,Upper Midwest,Upper Midwest,True,True,True,True,True,True,False,0,True,True,True,both
103240,-92.8980124105,45.2692630492,243239.45299687143,2479644.3002968747,MULTI_HORIZON_CANDIDATE_LEDGER,EPSG:4326-compatible longitude/latitude; CRS not embedded in Parquet,MN,Upper Midwest,Upper Midwest,True,True,True,False,True,False,False,0,True,False,False,multi_horizon_only
103486,-95.3896329131,47.663019023,46165.582300389986,2741126.9304975243,MULTI_HORIZON_CANDIDATE_LEDGER,EPSG:4326-compatible longitude/latitude; CRS not embedded in Parquet,MN,Upper Midwest,Upper Midwest,True,True,True,True,True,True,False,0,True,True,True,both
103496,-95.2352162696,47.759992318,57758.628901411685,2751916.0678044995,MULTI_HORIZON_CANDIDATE_LEDGER,EPSG:4326-compatible longitude/latitude; CRS not embedded in Parquet,MN,Upper Midwest,Upper Midwest,True,True,True,True,True,True,False,0,False,False,False,neither
103522,-94.2371227322,47.8120557226,133024.69639939527,2758663.2968032295,MULTI_HORIZON_CANDIDATE_LEDGER,EPSG:4326-compatible longitude/latitude; CRS not embedded in Parquet,MN,Upper Midwest,Upper Midwest,True,True,True,False,True,False,False,0,False,False,False,neither
104200,-94.1577035662,45.3238120148,144360.97379836955,2483139.2326034363,MULTI_HORIZON_CANDIDATE_LEDGER,EPSG:4326-compatible longitude/latitude; CRS not embedded in Parquet,MN,Upper Midwest,Upper Midwest,True,True,True,False,True,False,False,0,False,False,False,neither
104301,-93.054657003,45.5880742168,229862.15759967425,2514676.0076030083,MULTI_HORIZON_CANDIDATE_LEDGER,EPSG:4326-compatible longitude/latitude; CRS not embedded in Parquet,MN,Upper Midwest,Upper Midwest,True,True,True,True,True,True,False,0,False,False,False,neither
1045,-95.2180672986,47.189247079,59572.56919725034,2688871.302801909,MULTI_HORIZON_CANDIDATE_LEDGER,EPSG:4326-compatible longitude/latitude; CRS not embedded in Parquet,MN,Upper Midwest,Upper Midwest,True,True,True,True,True,True,False,0,False,False,False,neither
1048,-93.321241096,44.9596863952,211032.50019843987,2444208.916099322,MULTI_HORIZON_CANDIDATE_LEDGER,EPSG:4326-compatible longitude/latitude; CRS not embedded in Parquet,MN,Upper Midwest,Upper Midwest,True,True,True,True,True,True,False,0,False,False,False,neither
105220,-93.9747001995,46.9585184885,154834.14359999017,2664750.030194601,MULTI_HORIZON_CANDIDATE_LEDGER,EPSG:4326-compatible longitude/latitude; CRS not embedded in Parquet,MN,Upper Midwest,Upper Midwest,True,True,True,True,True,True,False,0,False,False,False,neither
105245,-94.2534850203,46.6637345599,134123.46639855436,2631692.298302605,MULTI_HORIZON_CANDIDATE_LEDGER,EPSG:4326-compatible longitude/latitude; CRS not embedded in Parquet,MN,Upper Midwest,Upper Midwest,True,True,True,True,True,True,False,0,False,False,False,neither
105254,-94.9358202803,45.3004781543,83420.86270183449,2479612.397897751,MULTI_HORIZON_CANDIDATE_LEDGER,EPSG:4326-compatible longitude/latitude; CRS not embedded in Parquet,MN,Upper Midwest,Upper Midwest,True,True,True,True,True,True,False,0,False,True,False,direct_60_day_only
105283,-93.5881845904,45.0110198293,189862.50980256437,2449356.3070039432,MULTI_HORIZON_CANDIDATE_LEDGER,EPSG:4326-compatible longitude/latitude; CRS not embedded in Parquet,MN,Upper Midwest,Upper Midwest,True,True,True,False,True,False,False,0,False,False,False,neither
105285,-93.9857229919,45.3382828652,157801.2103014839,2485021.3112985725,MULTI_HORIZON_CANDIDATE_LEDGER,EPSG:4326-compatible longitude/latitude; CRS not embedded in Parquet,MN,Upper Midwest,Upper Midwest,True,True,True,True,True,True,False,0,False,False,False,neither
1055,-93.9442194931,46.8036472538,157534.8776021378,2647659.5640022997,MULTI_HORIZON_CANDIDATE_LEDGER,EPSG:4326-compatible longitude/latitude; CRS not embedded in Parquet,MN,Upper Midwest,Upper Midwest,True,True,True,True,True,True,False,0,False,False,False,neither
105575,-95.7624551476,46.3726051792,18323.893202968902,2598217.9183027223,MULTI_HORIZON_CANDIDATE_LEDGER,EPSG:4326-compatible longitude/latitude; CRS not embedded in Parquet,MN,Upper Midwest,Upper Midwest,True,True,True,False,True,False,False,0,True,True,True,both
105604,-92.7072196407,48.5187426259,245736.05070089534,2839567.355196421,MULTI_HORIZON_CANDIDATE_LEDGER,EPSG:4326-compatible longitude/latitude; CRS not embedded in Parquet,MN,Upper Midwest,Upper Midwest,True,True,True,True,True,True,False,0,False,False,False,neither
105605,-92.9915838705,47.6729904021,227472.57479733054,2745680.389701429,MULTI_HORIZON_CANDIDATE_LEDGER,EPSG:4326-compatible longitude/latitude; CRS not embedded in Parquet,MN,Upper Midwest,Upper Midwest,True,True,True,True,True,True,False,0,False,False,False,neither
105615,-93.9877500852,47.6692496204,152173.17290264077,2743277.721704485,MULTI_HORIZON_CANDIDATE_LEDGER,EPSG:4326-compatible longitude/latitude; CRS not embedded in Parquet,MN,Upper Midwest,Upper Midwest,True,True,True,False,True,False,False,0,True,False,False,multi_horizon_only
106,-92.9004591872,45.3413084112,242786.4188018279,2487644.943004897,MULTI_HORIZON_CANDIDATE_LEDGER,EPSG:4326-compatible longitude/latitude; CRS not embedded in Parquet,MN,Upper Midwest,Upper Midwest,True,True,True,False,True,False,False,0,False,False,False,neither
1060,-94.2570517141,46.5664342746,134047.29670219772,2620908.8146009687,MULTI_HORIZON_CANDIDATE_LEDGER,EPSG:4326-compatible longitude/latitude; CRS not embedded in Parquet,MN,Upper Midwest,Upper Midwest,True,True,True,True,True,True,False,0,False,False,False,neither
1061,-92.8219692208,45.3785003383,248794.00359934615,2491980.726702775,MULTI_HORIZON_CANDIDATE_LEDGER,EPSG:4326-compatible longitude/latitude; CRS not embedded in Parquet,MN,Upper Midwest,Upper Midwest,True,True,True,False,True,False,False,0,False,False,False,neither
106260,-94.8103142072,45.6318733154,92797.66469720006,2516561.0613039294,MULTI_HORIZON_CANDIDATE_LEDGER,EPSG:4326-compatible longitude/latitude; CRS not embedded in Parquet,MN,Upper Midwest,Upper Midwest,True,True,True,False,True,False,False,0,True,True,True,both
1064,-92.4882919641,48.1751489596,263465.0832016251,2802338.6644969927,MULTI_HORIZON_CANDIDATE_LEDGER,EPSG:4326-compatible longitude/latitude; CRS not embedded in Parquet,MN,Upper Midwest,Upper Midwest,True,True,True,False,True,False,False,0,False,False,False,neither
1065,-93.6747506302,44.9330882243,183261.43749832312,2440516.4142985074,MULTI_HORIZON_CANDIDATE_LEDGER,EPSG:4326-compatible longitude/latitude; CRS not embedded in Parquet,MN,Upper Midwest,Upper Midwest,True,True,True,False,True,False,False,0,True,False,False,multi_horizon_only
106589,-95.7622864526,46.930761926,18182.238800782994,2660050.758904754,MULTI_HORIZON_CANDIDATE_LEDGER,EPSG:4326-compatible longitude/latitude; CRS not embedded in Parquet,MN,Upper Midwest,Upper Midwest,True,True,True,False,True,False,False,0,False,False,False,neither
1067,-93.5249289089,46.6429799798,190121.95579972744,2630636.5324040437,MULTI_HORIZON_CANDIDATE_LEDGER,EPSG:4326-compatible longitude/latitude; CRS not embedded in Parquet,MN,Upper Midwest,Upper Midwest,True,True,True,False,True,False,False,0,False,False,False,neither
1070,-96.2185975426,44.3025783923,-17391.705401855128,2368072.0216983063,MULTI_HORIZON_CANDIDATE_LEDGER,EPSG:4326-compatible longitude/latitude; CRS not embedded in Parquet,MN,Temporate Plains,Temperate Plains,True,True,True,False,True,False,False,0,True,True,True,both
1072,-94.3045920194,46.9086906507,129715.2394022174,2658742.092400943,MULTI_HORIZON_CANDIDATE_LEDGER,EPSG:4326-compatible longitude/latitude; CRS not embedded in Parquet,MN,Upper Midwest,Upper Midwest,True,True,True,True,True,True,False,0,False,False,False,neither
10725,-94.8961526074,45.7514886144,85948.08849702652,2529766.9599951366,MULTI_HORIZON_CANDIDATE_LEDGER,EPSG:4326-compatible longitude/latitude; CRS not embedded in Parquet,MN,Upper Midwest,Upper Midwest,True,True,True,False,True,False,False,0,True,True,True,both
10727,-93.4097980328,44.9641913074,204044.083301923,2444516.6709997505,MULTI_HORIZON_CANDIDATE_LEDGER,EPSG:4326-compatible longitude/latitude; CRS not embedded in Parquet,MN,Upper Midwest,Upper Midwest,True,True,True,False,True,False,False,0,False,False,False,neither
107285,-94.6864349988,47.5614594026,99505.02879662528,2730451.13980453,MULTI_HORIZON_CANDIDATE_LEDGER,EPSG:4326-compatible longitude/latitude; CRS not embedded in Parquet,MN,Upper Midwest,Upper Midwest,True,True,True,True,True,True,False,0,False,False,False,neither
107309,-94.9533969747,47.0468240511,79909.61280374261,2673311.881601805,MULTI_HORIZON_CANDIDATE_LEDGER,EPSG:4326-compatible longitude/latitude; CRS not embedded in Parquet,MN,Upper Midwest,Upper Midwest,True,True,True,True,True,True,False,0,False,False,False,neither
107313,-95.5304275553,46.4176492896,36197.40709961873,2603278.3618034497,MULTI_HORIZON_CANDIDATE_LEDGER,EPSG:4326-compatible longitude/latitude; CRS not embedded in Parquet,MN,Upper Midwest,Upper Midwest,True,True,True,False,True,False,False,0,False,False,False,neither
107336,-92.90311633,44.8060216577,244518.7575963297,2428114.770695761,MULTI_HORIZON_CANDIDATE_LEDGER,EPSG:4326-compatible longitude/latitude; CRS not embedded in Parquet,MN,Temporate Plains,Temperate Plains,True,True,True,True,True,True,False,0,True,True,True,both
107343,-94.9318158022,47.0056186912,81608.54379897958,2668771.1291026976,MULTI_HORIZON_CANDIDATE_LEDGER,EPSG:4326-compatible longitude/latitude; CRS not embedded in Parquet,MN,Upper Midwest,Upper Midwest,True,True,True,True,True,True,False,0,False,False,False,neither
107382,-93.1417134172,44.7788227572,225776.97209998593,2424497.785901541,MULTI_HORIZON_CANDIDATE_LEDGER,EPSG:4326-compatible longitude/latitude; CRS not embedded in Parquet,MN,Upper Midwest,Upper Midwest,True,True,True,True,True,True,False,0,True,False,False,multi_horizon_only
1076,-94.2113433728,44.6683780534,141530.96949758186,2410136.305496947,MULTI_HORIZON_CANDIDATE_LEDGER,EPSG:4326-compatible longitude/latitude; CRS not embedded in Parquet,MN,Temporate Plains,Temperate Plains,True,True,True,True,True,True,False,0,True,True,True,both
10769,-93.6057047455,44.8327067013,188983.535998436,2429481.784200047,MULTI_HORIZON_CANDIDATE_LEDGER,EPSG:4326-compatible longitude/latitude; CRS not embedded in Parquet,MN,Upper Midwest,Upper Midwest,True,True,True,True,True,True,True,4,True,True,True,both
10791,-92.8065760194,44.9373662562,251647.2150991785,2442978.906798715,MULTI_HORIZON_CANDIDATE_LEDGER,EPSG:4326-compatible longitude/latitude; CRS not embedded in Parquet,MN,Temporate Plains,Temperate Plains,True,True,True,True,True,True,False,0,False,False,False,neither
1080,-93.163933482,44.8219489626,223879.06439908547,2429244.2741005253,MULTI_HORIZON_CANDIDATE_LEDGER,EPSG:4326-compatible longitude/latitude; CRS not embedded in Parquet,MN,Upper Midwest,Upper Midwest,True,True,True,True,True,True,False,0,True,False,False,multi_horizon_only
1082,-94.3244172737,46.5855548719,128829.5155992276,2622933.9970025895,MULTI_HORIZON_CANDIDATE_LEDGER,EPSG:4326-compatible longitude/latitude; CRS not embedded in Parquet,MN,Upper Midwest,Upper Midwest,True,True,True,True,True,True,False,0,False,False,False,neither
108319,-95.0827828172,47.2226846684,69843.41079956257,2692660.9489007248,MULTI_HORIZON_CANDIDATE_LEDGER,EPSG:4326-compatible longitude/latitude; CRS not embedded in Parquet,MN,Upper Midwest,Upper Midwest,True,True,True,False,True,False,False,0,False,False,False,neither
108335,-94.3708493972,46.455846049,125506.29069843213,2608498.9803038817,MULTI_HORIZON_CANDIDATE_LEDGER,EPSG:4326-compatible longitude/latitude; CRS not embedded in Parquet,MN,Upper Midwest,Upper Midwest,True,True,True,False,True,False,False,0,True,False,False,multi_horizon_only
108338,-94.6044026951,47.4994648739,105819.2593018676,2723692.4221963957,MULTI_HORIZON_CANDIDATE_LEDGER,EPSG:4326-compatible longitude/latitude; CRS not embedded in Parquet,MN,Upper Midwest,Upper Midwest,True,True,True,False,True,False,False,0,False,False,False,neither
108402,-93.1719417241,44.7064786253,223629.6095972482,2416374.8472981853,MULTI_HORIZON_CANDIDATE_LEDGER,EPSG:4326-compatible longitude/latitude; CRS not embedded in Parquet,MN,Temporate Plains,Temperate Plains,True,True,True,True,True,True,True,1,False,False,False,neither
1089,-93.3827952015,44.8367230484,206561.38449997164,2430392.6259987745,MULTI_HORIZON_CANDIDATE_LEDGER,EPSG:4326-compatible longitude/latitude; CRS not embedded in Parquet,MN,Upper Midwest,Upper Midwest,True,True,True,True,True,True,False,0,False,False,False,neither
109,-93.3569152903,44.8497994544,208562.93799918698,2431904.238302909,MULTI_HORIZON_CANDIDATE_LEDGER,EPSG:4326-compatible longitude/latitude; CRS not embedded in Parquet,MN,Upper Midwest,Upper Midwest,True,True,True,False,True,False,False,0,False,False,False,neither
1090,-95.8810668764,45.9192949379,9237.291502103666,2547907.33710391,MULTI_HORIZON_CANDIDATE_LEDGER,EPSG:4326-compatible longitude/latitude; CRS not embedded in Parquet,MN,Upper Midwest,Upper Midwest,True,True,True,False,True,False,False,0,True,False,False,multi_horizon_only
109001,-92.6541664616,46.7902823679,256411.02489890752,2648989.8684000326,MULTI_HORIZON_CANDIDATE_LEDGER,EPSG:4326-compatible longitude/latitude; CRS not embedded in Parquet,MN,Upper Midwest,Upper Midwest,True,True,True,True,True,True,False,0,True,True,True,both
109348,-93.0418451243,44.8325454515,233476.95650200167,2430717.1348973354,MULTI_HORIZON_CANDIDATE_LEDGER,EPSG:4326-compatible longitude/latitude; CRS not embedded in Parquet,MN,Upper Midwest,Upper Midwest,True,True,True,True,True,True,False,0,True,False,False,multi_horizon_only
1094,-94.7365320558,47.586562489,95673.4507000333,2733171.9504956445,MULTI_HORIZON_CANDIDATE_LEDGER,EPSG:4326-compatible longitude/latitude; CRS not embedded in Parquet,MN,Upper Midwest,Upper Midwest,True,True,True,False,True,False,False,0,False,False,False,neither
10987,-90.9248545056,37.9431940637,441572.86010366335,1668251.4949023584,MULTI_HORIZON_CANDIDATE_LEDGER,EPSG:4326-compatible longitude/latitude; CRS not embedded in Parquet,MO,Southern Appalachians,Southern Appalachians,True,True,True,False,True,False,False,0,False,False,False,neither
110,-94.911205491,45.065486442,85649.78429824085,2453497.992104289,MULTI_HORIZON_CANDIDATE_LEDGER,EPSG:4326-compatible longitude/latitude; CRS not embedded in Parquet,MN,Temporate Plains,Temperate Plains,True,True,True,False,True,False,False,0,True,True,True,both
1100,-93.8157417108,44.2180305226,173981.8655961229,2360627.9167019464,MULTI_HORIZON_CANDIDATE_LEDGER,EPSG:4326-compatible longitude/latitude; CRS not embedded in Parquet,MN,Upper Midwest,Upper Midwest,True,True,True,True,True,True,False,0,True,True,True,both
110327,-93.2969308584,44.9702393816,212913.74559724628,2445437.081997387,MULTI_HORIZON_CANDIDATE_LEDGER,EPSG:4326-compatible longitude/latitude; CRS not embedded in Parquet,MN,Upper Midwest,Upper Midwest,True,True,True,True,True,True,True,4,True,False,False,multi_horizon_only
1104,-94.6607353772,43.9053351064,107173.12209999298,2324517.14030174,MULTI_HORIZON_CANDIDATE_LEDGER,EPSG:4326-compatible longitude/latitude; CRS not embedded in Parquet,MN,Temporate Plains,Temperate Plains,True,True,True,True,True,True,False,0,True,True,True,both
110678,-95.6035635254,47.1510928868,30220.889299959526,2684469.490096313,MULTI_HORIZON_CANDIDATE_LEDGER,EPSG:4326-compatible longitude/latitude; CRS not embedded in Parquet,MN,Upper Midwest,Upper Midwest,True,True,True,True,True,True,False,0,False,False,False,neither
110696,-95.5915431685,46.5151821763,31439.821599092305,2614067.403602927,MULTI_HORIZON_CANDIDATE_LEDGER,EPSG:4326-compatible longitude/latitude; CRS not embedded in Parquet,MN,Upper Midwest,Upper Midwest,True,True,True,True,True,True,False,0,False,False,False,neither
11095,-93.1169301484,40.2303074776,243152.835899767,1916469.828999824,MULTI_HORIZON_CANDIDATE_LEDGER,EPSG:4326-compatible longitude/latitude; CRS not embedded in Parquet,MO,Temporate Plains,Temperate Plains,True,True,True,False,True,False,False,0,True,False,False,multi_horizon_only
111398,-94.3447602134,46.526796938,127378.98220038673,2616396.3897956135,MULTI_HORIZON_CANDIDATE_LEDGER,EPSG:4326-compatible longitude/latitude; CRS not embedded in Parquet,MN,Upper Midwest,Upper Midwest,True,True,True,False,True,False,False,0,False,False,False,neither
111491,-94.7274434053,43.7888186086,102009.25290371709,2311447.64849527,MULTI_HORIZON_CANDIDATE_LEDGER,EPSG:4326-compatible longitude/latitude; CRS not embedded in Parquet,MN,Temporate Plains,Temperate Plains,True,True,True,False,True,False,False,0,True,True,True,both
111522,-92.8506907701,45.3969447185,246478.40729788758,2493955.269703461,MULTI_HORIZON_CANDIDATE_LEDGER,EPSG:4326-compatible longitude/latitude; CRS not embedded in Parquet,MN,Upper Midwest,Upper Midwest,True,True,True,True,True,True,False,0,True,False,False,multi_horizon_only
111528,-92.9126069167,45.3616900309,241761.6180967653,2489878.8698024983,MULTI_HORIZON_CANDIDATE_LEDGER,EPSG:4326-compatible longitude/latitude; CRS not embedded in Parquet,MN,Upper Midwest,Upper Midwest,True,True,True,True,True,True,True,1,True,True,True,both
111821,-96.2919663731,41.7622729137,-24100.65039956045,2084353.04629594,MULTI_HORIZON_CANDIDATE_LEDGER,EPSG:4326-compatible longitude/latitude; CRS not embedded in Parquet,NE,Temporate Plains,Temperate Plains,True,True,True,True,True,True,True,1,True,True,True,both
1123,-93.3095634153,44.7008893498,212767.73010339428,2415436.741201463,MULTI_HORIZON_CANDIDATE_LEDGER,EPSG:4326-compatible longitude/latitude; CRS not embedded in Parquet,MN,Upper Midwest,Upper Midwest,True,True,True,True,True,True,False,0,False,False,False,neither
112480,-95.1086564367,47.0466540016,68055.88889616191,2673172.1993037416,MULTI_HORIZON_CANDIDATE_LEDGER,EPSG:4326-compatible longitude/latitude; CRS not embedded in Parquet,MN,Upper Midwest,Upper Midwest,True,True,True,True,True,True,False,0,False,False,False,neither
112486,-94.8293963691,46.9441241948,89516.7671012191,2662058.3122007977,MULTI_HORIZON_CANDIDATE_LEDGER,EPSG:4326-compatible longitude/latitude; CRS not embedded in Parquet,MN,Upper Midwest,Upper Midwest,True,True,True,True,True,True,False,0,False,False,False,neither
112493,-94.0929063467,45.1619651222,149798.94920321886,2465243.512804902,MULTI_HORIZON_CANDIDATE_LEDGER,EPSG:4326-compatible longitude/latitude; CRS not embedded in Parquet,MN,Upper Midwest,Upper Midwest,True,True,True,True,True,True,True,1,True,False,False,multi_horizon_only
112498,-95.0137764362,47.3028790417,75005.85059701644,2701579.655402148,MULTI_HORIZON_CANDIDATE_LEDGER,EPSG:4326-compatible longitude/latitude; CRS not embedded in Parquet,MN,Upper Midwest,Upper Midwest,True,True,True,False,True,False,False,0,False,False,False,neither
112550,-95.0512860308,46.83491371,72670.04699853837,2649780.2470968617,MULTI_HORIZON_CANDIDATE_LEDGER,EPSG:4326-compatible longitude/latitude; CRS not embedded in Parquet,MN,Upper Midwest,Upper Midwest,True,True,True,True,True,True,False,0,False,False,False,neither
1127,-94.7887510071,47.6976447806,91563.17280025853,2745384.995700444,MULTI_HORIZON_CANDIDATE_LEDGER,EPSG:4326-compatible longitude/latitude; CRS not embedded in Parquet,MN,Upper Midwest,Upper Midwest,True,True,True,True,True,True,False,0,False,False,False,neither
1128,-88.4382617556,45.4469134756,590856.3784976366,2518945.040599766,MULTI_HORIZON_CANDIDATE_LEDGER,EPSG:4326-compatible longitude/latitude; CRS not embedded in Parquet,WI,Upper Midwest,Upper Midwest,True,True,True,True,True,True,False,0,False,False,False,neither
113483,-95.5496025733,45.8009488248,35043.5997036395,2534843.9392031142,MULTI_HORIZON_CANDIDATE_LEDGER,EPSG:4326-compatible longitude/latitude; CRS not embedded in Parquet,MN,Upper Midwest,Upper Midwest,True,True,True,True,True,True,False,0,False,False,False,neither
113702,-90.9174200606,37.7266717248,443516.3608005424,1644053.0879023932,MULTI_HORIZON_CANDIDATE_LEDGER,EPSG:4326-compatible longitude/latitude; CRS not embedded in Parquet,MO,Southern Appalachians,Southern Appalachians,True,True,True,True,True,True,False,0,False,False,False,neither
1139,-93.4935637282,44.9538302661,197477.37429910252,2443187.0603985833,MULTI_HORIZON_CANDIDATE_LEDGER,EPSG:4326-compatible longitude/latitude; CRS not embedded in Parquet,MN,Upper Midwest,Upper Midwest,True,True,True,True,True,True,False,0,False,False,False,neither
114076,-92.5383371634,47.0912882254,264070.5742025917,2682601.1542952703,MULTI_HORIZON_CANDIDATE_LEDGER,EPSG:4326-compatible longitude/latitude; CRS not embedded in Parquet,MN,Upper Midwest,Upper Midwest,True,True,True,False,True,False,False,0,False,False,False,neither
1142,-94.9257108106,45.7756900269,83616.33380057356,2532428.338901663,MULTI_HORIZON_CANDIDATE_LEDGER,EPSG:4326-compatible longitude/latitude; CRS not embedded in Parquet,MN,Upper Midwest,Upper Midwest,True,True,True,False,True,False,False,0,False,False,False,neither
1143,-93.2468742602,44.7468716514,217575.69569837357,2420696.639402738,MULTI_HORIZON_CANDIDATE_LEDGER,EPSG:4326-compatible longitude/latitude; CRS not embedded in Parquet,MN,Upper Midwest,Upper Midwest,True,True,True,True,True,True,True,1,True,False,False,multi_horizon_only
1144,-94.3402721807,46.8716475707,127057.25219760092,2654593.9129965687,MULTI_HORIZON_CANDIDATE_LEDGER,EPSG:4326-compatible longitude/latitude; CRS not embedded in Parquet,MN,Upper Midwest,Upper Midwest,True,True,True,True,True,True,False,0,False,False,False,neither
114491,-94.9842500798,45.8580121754,78962.45200288453,2541519.4960012604,MULTI_HORIZON_CANDIDATE_LEDGER,EPSG:4326-compatible longitude/latitude; CRS not embedded in Parquet,MN,Upper Midwest,Upper Midwest,True,True,True,True,True,True,False,0,True,True,True,both
114507,-93.4591164572,45.0596201857,199876.06160185466,2455026.8352962118,MULTI_HORIZON_CANDIDATE_LEDGER,EPSG:4326-compatible longitude/latitude; CRS not embedded in Parquet,MN,Upper Midwest,Upper Midwest,True,True,True,False,True,False,False,0,True,True,True,both
114627,-93.4005698894,43.6256655995,208850.71850306008,2295416.906798239,MULTI_HORIZON_CANDIDATE_LEDGER,EPSG:4326-compatible longitude/latitude; CRS not embedded in Parquet,MN,Temporate Plains,Temperate Plains,True,True,True,False,True,False,False,0,True,True,True,both
1147,-93.7432572723,45.173040536,177229.27169725386,2467076.78470489,MULTI_HORIZON_CANDIDATE_LEDGER,EPSG:4326-compatible longitude/latitude; CRS not embedded in Parquet,MN,Upper Midwest,Upper Midwest,True,True,True,True,True,True,False,0,True,False,False,multi_horizon_only
114752,-95.0118398146,47.8067558627,74574.44810203792,2757232.3169983514,MULTI_HORIZON_CANDIDATE_LEDGER,EPSG:4326-compatible longitude/latitude; CRS not embedded in Parquet,MN,Upper Midwest,Upper Midwest,True,True,True,False,True,False,False,0,False,False,False,neither
114774,-94.8374085001,47.8176306013,87723.13840194735,2758581.224999547,MULTI_HORIZON_CANDIDATE_LEDGER,EPSG:4326-compatible longitude/latitude; CRS not embedded in Parquet,MN,Upper Midwest,Upper Midwest,True,True,True,False,True,False,False,0,False,False,False,neither
114824,-96.9486117747,43.9216277586,-75894.68729921557,2325957.945496413,MULTI_HORIZON_CANDIDATE_LEDGER,EPSG:4326-compatible longitude/latitude; CRS not embedded in Parquet,SD,Temporate Plains,Temperate Plains,True,True,True,False,True,False,False,0,True,True,True,both
1154,-94.5777440145,46.9707197702,108715.4153006823,2665263.962199174,MULTI_HORIZON_CANDIDATE_LEDGER,EPSG:4326-compatible longitude/latitude; CRS not embedded in Parquet,MN,Upper Midwest,Upper Midwest,True,True,True,False,True,False,False,0,False,False,False,neither
115659,-93.0824178451,44.8279905558,230291.26939675253,2430111.319396317,MULTI_HORIZON_CANDIDATE_LEDGER,EPSG:4326-compatible longitude/latitude; CRS not embedded in Parquet,MN,Upper Midwest,Upper Midwest,True,True,True,False,True,False,False,0,False,False,False,neither
115878,-95.8498607585,46.552468366,11550.050603313979,2618141.0635036863,MULTI_HORIZON_CANDIDATE_LEDGER,EPSG:4326-compatible longitude/latitude; CRS not embedded in Parquet,MN,Upper Midwest,Upper Midwest,True,True,True,True,True,True,False,0,False,False,False,neither
116559,-93.5280561888,47.245243005,188148.12700055452,2697265.399001833,MULTI_HORIZON_CANDIDATE_LEDGER,EPSG:4326-compatible longitude/latitude; CRS not embedded in Parquet,MN,Upper Midwest,Upper Midwest,True,True,True,False,True,False,False,0,False,False,False,neither
116577,-94.1478800224,46.544235777,142490.41939768946,2618608.1895956406,MULTI_HORIZON_CANDIDATE_LEDGER,EPSG:4326-compatible longitude/latitude; CRS not embedded in Parquet,MN,Upper Midwest,Upper Midwest,True,True,True,True,True,True,False,0,False,False,False,neither
1166,-94.4390093989,45.1586828717,122621.85849810143,2464382.402394508,MULTI_HORIZON_CANDIDATE_LEDGER,EPSG:4326-compatible longitude/latitude; CRS not embedded in Parquet,MN,Upper Midwest,Upper Midwest,True,True,True,False,True,False,False,0,True,False,False,multi_horizon_only
1168,-93.1424618998,44.7885515698,225685.30309819637,2425578.6612042766,MULTI_HORIZON_CANDIDATE_LEDGER,EPSG:4326-compatible longitude/latitude; CRS not embedded in Parquet,MN,Upper Midwest,Upper Midwest,True,True,True,True,True,True,False,0,False,False,False,neither
11685,-93.3274800769,45.027050774,210330.3406013269,2451688.4079029243,MULTI_HORIZON_CANDIDATE_LEDGER,EPSG:4326-compatible longitude/latitude; CRS not embedded in Parquet,MN,Upper Midwest,Upper Midwest,True,True,True,False,True,False,False,0,True,False,False,multi_horizon_only
116877,-95.5261168664,47.693630356,35825.7593972168,2744447.6180042494,MULTI_HORIZON_CANDIDATE_LEDGER,EPSG:4326-compatible longitude/latitude; CRS not embedded in Parquet,MN,Temporate Plains,Temperate Plains,True,True,True,False,True,False,False,0,True,True,True,both
116884,-95.6717984031,46.315728789,25338.78999964107,2591932.0950976843,MULTI_HORIZON_CANDIDATE_LEDGER,EPSG:4326-compatible longitude/latitude; CRS not embedded in Parquet,MN,Upper Midwest,Upper Midwest,True,True,True,False,True,False,False,0,False,False,False,neither
116907,-95.6570943092,46.7115101623,26315.74289705581,2635799.342802888,MULTI_HORIZON_CANDIDATE_LEDGER,EPSG:4326-compatible longitude/latitude; CRS not embedded in Parquet,MN,Upper Midwest,Upper Midwest,True,True,True,False,True,False,False,0,False,False,False,neither
116913,-95.4401342723,48.0073820831,42122.06740060948,2779100.2621968463,MULTI_HORIZON_CANDIDATE_LEDGER,EPSG:4326-compatible longitude/latitude; CRS not embedded in Parquet,MN,Upper Midwest,Upper Midwest,True,True,True,False,True,False,False,0,False,False,False,neither
116962,-96.3257219285,42.3083595566,-26677.66399914567,2145445.527498142,MULTI_HORIZON_CANDIDATE_LEDGER,EPSG:4326-compatible longitude/latitude; CRS not embedded in Parquet,IA,Temporate Plains,Temperate Plains,True,True,True,True,True,True,True,1,True,True,True,both
1171,-94.3370037768,45.4367258875,130092.99539941513,2495431.4279004456,MULTI_HORIZON_CANDIDATE_LEDGER,EPSG:4326-compatible longitude/latitude; CRS not embedded in Parquet,MN,Upper Midwest,Upper Midwest,True,True,True,False,True,False,False,0,True,True,True,both
11730,-93.9164862742,46.7381815213,159818.6715999144,2640457.893095606,MULTI_HORIZON_CANDIDATE_LEDGER,EPSG:4326-compatible longitude/latitude; CRS not embedded in Parquet,MN,Upper Midwest,Upper Midwest,True,True,True,True,True,True,False,0,False,False,False,neither
117581,-93.1537480504,45.1728597379,223513.52159857514,2468299.6275946023,MULTI_HORIZON_CANDIDATE_LEDGER,EPSG:4326-compatible longitude/latitude; CRS not embedded in Parquet,MN,Upper Midwest,Upper Midwest,True,True,True,False,True,False,False,0,False,False,False,neither
117610,-95.3274413552,45.8993130562,52251.52629687016,2545868.044600622,MULTI_HORIZON_CANDIDATE_LEDGER,EPSG:4326-compatible longitude/latitude; CRS not embedded in Parquet,MN,Upper Midwest,Upper Midwest,True,True,True,True,True,True,False,0,False,False,False,neither
117631,-92.9169855612,44.9335949054,242963.477796403,2442272.084395813,MULTI_HORIZON_CANDIDATE_LEDGER,EPSG:4326-compatible longitude/latitude; CRS not embedded in Parquet,MN,Upper Midwest,Upper Midwest,True,True,True,False,True,False,False,0,True,False,False,multi_horizon_only
11789,-92.8269469018,45.0609116667,249583.6110978062,2456665.393201608,MULTI_HORIZON_CANDIDATE_LEDGER,EPSG:4326-compatible longitude/latitude; CRS not embedded in Parquet,MN,Upper Midwest,Upper Midwest,True,True,True,True,True,True,False,0,False,False,False,neither
117906,-95.5553839445,46.4495721323,34257.07989880962,2606807.8630047273,MULTI_HORIZON_CANDIDATE_LEDGER,EPSG:4326-compatible longitude/latitude; CRS not embedded in Parquet,MN,Upper Midwest,Upper Midwest,True,True,True,True,True,True,False,0,False,False,False,neither
11794,-92.9080499724,45.1005499768,243063.0905989959,2460862.8133949675,MULTI_HORIZON_CANDIDATE_LEDGER,EPSG:4326-compatible longitude/latitude; CRS not embedded in Parquet,MN,Upper Midwest,Upper Midwest,True,True,True,True,True,True,False,0,True,True,True,both
1180,-93.9285312664,46.4812333865,159515.38340077942,2611975.7603975562,MULTI_HORIZON_CANDIDATE_LEDGER,EPSG:4326-compatible longitude/latitude; CRS not embedded in Parquet,MN,Upper Midwest,Upper Midwest,True,True,True,False,True,False,False,0,False,False,False,neither
118097,-72.0196255813,43.19063873,1918679.681301325,2487365.0814031437,MULTI_HORIZON_CANDIDATE_LEDGER,EPSG:4326-compatible longitude/latitude; CRS not embedded in Parquet,NH,Northern Appalachians,Northern Appalachians,True,True,True,True,True,True,False,0,False,False,False,neither
1183,-94.1654315447,47.6180776762,138847.11679896322,2737356.526704968,MULTI_HORIZON_CANDIDATE_LEDGER,EPSG:4326-compatible longitude/latitude; CRS not embedded in Parquet,MN,Upper Midwest,Upper Midwest,True,True,True,True,True,True,False,0,True,False,False,multi_horizon_only
118706,-93.5061228295,44.9454482611,196512.57119772103,2442228.506200169,MULTI_HORIZON_CANDIDATE_LEDGER,EPSG:4326-compatible longitude/latitude; CRS not embedded in Parquet,MN,Upper Midwest,Upper Midwest,True,True,True,False,True,False,False,0,False,False,False,neither
118719,-95.3875750775,46.8266832859,46917.14449682724,2648657.419700196,MULTI_HORIZON_CANDIDATE_LEDGER,EPSG:4326-compatible longitude/latitude; CRS not embedded in Parquet,MN,Upper Midwest,Upper Midwest,True,True,True,False,True,False,False,0,False,False,False,neither
118775,-93.4771738661,44.8482691099,199080.26889618856,2431476.0243025413,MULTI_HORIZON_CANDIDATE_LEDGER,EPSG:4326-compatible longitude/latitude; CRS not embedded in Parquet,MN,Upper Midwest,Upper Midwest,True,True,True,True,True,True,True,1,True,True,True,both
118786,-92.8202236478,45.2265950187,249495.68009631956,2475103.3636049815,MULTI_HORIZON_CANDIDATE_LEDGER,EPSG:4326-compatible longitude/latitude; CRS not embedded in Parquet,MN,Upper Midwest,Upper Midwest,True,True,True,True,True,True,True,1,True,True,True,both
1189,-93.5227464447,47.4221037146,188042.63150164663,2716818.897497286,MULTI_HORIZON_CANDIDATE_LEDGER,EPSG:4326-compatible longitude/latitude; CRS not embedded in Parquet,MN,Upper Midwest,Upper Midwest,True,True,True,False,True,False,False,0,False,False,False,neither
118966,-95.8553563022,46.685472548,11104.856198837622,2632876.25139549,MULTI_HORIZON_CANDIDATE_LEDGER,EPSG:4326-compatible longitude/latitude; CRS not embedded in Parquet,MN,Upper Midwest,Upper Midwest,True,True,True,True,True,True,False,0,False,False,False,neither
119048,-96.9593713334,43.5340196139,-77192.06179964897,2282722.030203839,MULTI_HORIZON_CANDIDATE_LEDGER,EPSG:4326-compatible longitude/latitude; CRS not embedded in Parquet,SD,Temporate Plains,Temperate Plains,True,True,True,False,True,False,False,0,True,True,True,both
119725,-94.0933416836,46.6893654485,146363.1197982746,2634767.3101044903,MULTI_HORIZON_CANDIDATE_LEDGER,EPSG:4326-compatible longitude/latitude; CRS not embedded in Parquet,MN,Upper Midwest,Upper Midwest,True,True,True,True,True,True,False,0,False,False,False,neither
119746,-93.4259791701,44.9688158471,202755.7833000012,2444996.4987022392,MULTI_HORIZON_CANDIDATE_LEDGER,EPSG:4326-compatible longitude/latitude; CRS not embedded in Parquet,MN,Upper Midwest,Upper Midwest,True,True,True,True,True,True,False,0,True,True,True,both
119753,-93.4930029067,44.9798514191,197445.16690025755,2446083.0267960336,MULTI_HORIZON_CANDIDATE_LEDGER,EPSG:4326-compatible longitude/latitude; CRS not embedded in Parquet,MN,Upper Midwest,Upper Midwest,True,True,True,False,True,False,False,0,True,False,False,multi_horizon_only
119754,-94.2983687939,45.0088938099,133966.9712964039,2447909.790598072,MULTI_HORIZON_CANDIDATE_LEDGER,EPSG:4326-compatible longitude/latitude; CRS not embedded in Parquet,MN,Upper Midwest,Upper Midwest,True,True,True,False,True,False,False,0,True,True,True,both
119767,-93.395149578,45.0288522138,205000.53189732687,2451740.907596425,MULTI_HORIZON_CANDIDATE_LEDGER,EPSG:4326-compatible longitude/latitude; CRS not embedded in Parquet,MN,Upper Midwest,Upper Midwest,True,True,True,True,True,True,True,1,True,True,True,both
119789,-93.3770602935,47.4700117992,198952.51739681128,2722407.194602363,MULTI_HORIZON_CANDIDATE_LEDGER,EPSG:4326-compatible longitude/latitude; CRS not embedded in Parquet,MN,Upper Midwest,Upper Midwest,True,True,True,False,True,False,False,0,False,False,False,neither
119801,-95.4872092706,46.1633230877,39681.087199079615,2575090.9104029983,MULTI_HORIZON_CANDIDATE_LEDGER,EPSG:4326-compatible longitude/latitude; CRS not embedded in Parquet,MN,Upper Midwest,Upper Midwest,True,True,True,False,True,False,False,0,True,False,False,multi_horizon_only
119834,-92.8912686962,45.1111746117,244343.165499452,2462087.21050366,MULTI_HORIZON_CANDIDATE_LEDGER,EPSG:4326-compatible longitude/latitude; CRS not embedded in Parquet,MN,Upper Midwest,Upper Midwest,True,True,True,True,True,True,False,0,True,True,True,both
120066,-95.624400332,46.3573560533,28979.894802963707,2596561.5066032233,MULTI_HORIZON_CANDIDATE_LEDGER,EPSG:4326-compatible longitude/latitude; CRS not embedded in Parquet,MN,Upper Midwest,Upper Midwest,True,True,True,False,True,False,False,0,False,False,False,neither
12016,-95.7357097174,46.5828567727,20322.185199462892,2621527.5329012526,MULTI_HORIZON_CANDIDATE_LEDGER,EPSG:4326-compatible longitude/latitude; CRS not embedded in Parquet,MN,Upper Midwest,Upper Midwest,True,True,True,False,True,False,False,0,True,True,True,both
120792,-94.7949957737,46.9594280451,92125.78619665375,2663784.8356050365,MULTI_HORIZON_CANDIDATE_LEDGER,EPSG:4326-compatible longitude/latitude; CRS not embedded in Parquet,MN,Upper Midwest,Upper Midwest,True,True,True,True,True,True,False,0,False,False,False,neither
1209,-95.4788906124,44.5794057463,41290.367802380904,2399008.4489967143,MULTI_HORIZON_CANDIDATE_LEDGER,EPSG:4326-compatible longitude/latitude; CRS not embedded in Parquet,MN,Temporate Plains,Temperate Plains,True,True,True,False,True,False,False,0,True,True,True,both
120911,-92.9942156925,45.3158679242,235534.4316032854,2484581.7349011535,MULTI_HORIZON_CANDIDATE_LEDGER,EPSG:4326-compatible longitude/latitude; CRS not embedded in Parquet,MN,Upper Midwest,Upper Midwest,True,True,True,False,True,False,False,0,True,True,True,both
121089,-89.5806623644,37.4753820581,561906.5298982848,1623012.4927039575,MULTI_HORIZON_CANDIDATE_LEDGER,EPSG:4326-compatible longitude/latitude; CRS not embedded in Parquet,MO,Temporate Plains,Temperate Plains,True,True,True,False,True,False,False,0,False,False,False,neither
1212,-95.0404962379,46.7977873553,73538.00479921444,2645677.9572948394,MULTI_HORIZON_CANDIDATE_LEDGER,EPSG:4326-compatible longitude/latitude; CRS not embedded in Parquet,MN,Upper Midwest,Upper Midwest,True,True,True,True,True,True,False,0,True,False,False,multi_horizon_only
121221,-96.171765399,41.220304086,-14288.194498315826,2023669.8399000168,MULTI_HORIZON_CANDIDATE_LEDGER,EPSG:4326-compatible longitude/latitude; CRS not embedded in Parquet,NE,Temporate Plains,Temperate Plains,True,True,True,False,True,False,False,0,True,False,False,multi_horizon_only
121288,-93.9459708342,36.2327910762,182927.7930042869,1466785.2892959807,MULTI_HORIZON_CANDIDATE_LEDGER,EPSG:4326-compatible longitude/latitude; CRS not embedded in Parquet,AR,Southern Appalachians,Southern Appalachians,True,True,True,False,True,False,False,0,False,False,False,neither
121869,-93.7328196543,44.9381796018,178672.16699944405,2440972.3148960536,MULTI_HORIZON_CANDIDATE_LEDGER,EPSG:4326-compatible longitude/latitude; CRS not embedded in Parquet,MN,Upper Midwest,Upper Midwest,True,True,True,True,True,True,True,2,True,True,True,both
121932,-95.9073820713,46.1381182678,7169.776396891009,2572190.9716966506,MULTI_HORIZON_CANDIDATE_LEDGER,EPSG:4326-compatible longitude/latitude; CRS not embedded in Parquet,MN,Upper Midwest,Upper Midwest,True,True,True,False,True,False,False,0,True,False,False,multi_horizon_only
121973,-92.8767980575,45.3846247486,244480.88229748784,2492518.9375996226,MULTI_HORIZON_CANDIDATE_LEDGER,EPSG:4326-compatible longitude/latitude; CRS not embedded in Parquet,MN,Upper Midwest,Upper Midwest,True,True,True,True,True,True,False,0,True,True,True,both
121982,-93.1596218195,44.7998742897,224292.76519730967,2426798.0372983096,MULTI_HORIZON_CANDIDATE_LEDGER,EPSG:4326-compatible longitude/latitude; CRS not embedded in Parquet,MN,Upper Midwest,Upper Midwest,True,True,True,True,True,True,False,0,False,False,False,neither
122226,-95.9396973193,46.7754182572,4623.35029914697,2642831.1431011995,MULTI_HORIZON_CANDIDATE_LEDGER,EPSG:4326-compatible longitude/latitude; CRS not embedded in Parquet,MN,Upper Midwest,Upper Midwest,True,True,True,True,True,True,False,0,False,False,False,neither
1227,-93.2988504039,45.9793315451,209575.14730239255,2557544.744795176,MULTI_HORIZON_CANDIDATE_LEDGER,EPSG:4326-compatible longitude/latitude; CRS not embedded in Parquet,MN,Upper Midwest,Upper Midwest,True,True,True,True,True,True,True,3,True,False,False,multi_horizon_only
122875,-94.3859486343,46.8765108497,123551.77709660292,2655071.9927984746,MULTI_HORIZON_CANDIDATE_LEDGER,EPSG:4326-compatible longitude/latitude; CRS not embedded in Parquet,MN,Upper Midwest,Upper Midwest,True,True,True,True,True,True,False,0,False,False,False,neither
122917,-94.2350738759,44.9109573498,139151.9311028034,2437103.35500532,MULTI_HORIZON_CANDIDATE_LEDGER,EPSG:4326-compatible longitude/latitude; CRS not embedded in Parquet,MN,Temporate Plains,Temperate Plains,True,True,True,True,True,True,False,0,True,True,True,both
122952,-94.6926560711,47.1390446336,99676.07559766469,2683759.454504242,MULTI_HORIZON_CANDIDATE_LEDGER,EPSG:4326-compatible longitude/latitude; CRS not embedded in Parquet,MN,Upper Midwest,Upper Midwest,True,True,True,False,True,False,False,0,False,False,False,neither
122961,-93.1586851023,44.7784212291,224438.11029991638,2424412.900694621,MULTI_HORIZON_CANDIDATE_LEDGER,EPSG:4326-compatible longitude/latitude; CRS not embedded in Parquet,MN,Upper Midwest,Upper Midwest,True,True,True,True,True,True,False,0,True,True,True,both
123003,-92.8446672298,45.2403267524,247527.76710181564,2476565.7810000265,MULTI_HORIZON_CANDIDATE_LEDGER,EPSG:4326-compatible longitude/latitude; CRS not embedded in Parquet,MN,Upper Midwest,Upper Midwest,True,True,True,True,True,True,False,0,True,True,True,both
123251,-95.5455836609,47.1418632807,34645.62270075516,2683468.434804405,MULTI_HORIZON_CANDIDATE_LEDGER,EPSG:4326-compatible longitude/latitude; CRS not embedded in Parquet,MN,Upper Midwest,Upper Midwest,True,True,True,False,True,False,False,0,False,False,False,neither
123314,-94.3907315324,39.8703302914,136420.0506000576,1873603.1578038642,MULTI_HORIZON_CANDIDATE_LEDGER,EPSG:4326-compatible longitude/latitude; CRS not embedded in Parquet,MO,Temporate Plains,Temperate Plains,True,True,True,False,True,False,False,0,True,False,False,multi_horizon_only
1235,-96.0986816734,46.7321821024,-7570.803100061125,2638045.364603767,MULTI_HORIZON_CANDIDATE_LEDGER,EPSG:4326-compatible longitude/latitude; CRS not embedded in Parquet,MN,Upper Midwest,Upper Midwest,True,True,True,True,True,True,False,0,False,False,False,neither
123972,-93.7423014209,45.0649055053,177590.0846972306,2455052.305002992,MULTI_HORIZON_CANDIDATE_LEDGER,EPSG:4326-compatible longitude/latitude; CRS not embedded in Parquet,MN,Upper Midwest,Upper Midwest,True,True,True,True,True,True,True,2,True,True,True,both
123989,-93.577778745,44.9944841643,190728.39420322224,2447537.6938969614,MULTI_HORIZON_CANDIDATE_LEDGER,EPSG:4326-compatible longitude/latitude; CRS not embedded in Parquet,MN,Upper Midwest,Upper Midwest,True,True,True,False,True,False,False,0,False,False,False,neither
124000,-94.3878342351,46.9337524268,123299.96809876613,2661404.8882022193,MULTI_HORIZON_CANDIDATE_LEDGER,EPSG:4326-compatible longitude/latitude; CRS not embedded in Parquet,MN,Upper Midwest,Upper Midwest,True,True,True,False,True,False,False,0,False,False,False,neither
124012,-93.5053251624,45.2015363574,195827.56610394226,2470712.3452978404,MULTI_HORIZON_CANDIDATE_LEDGER,EPSG:4326-compatible longitude/latitude; CRS not embedded in Parquet,MN,Upper Midwest,Upper Midwest,True,True,True,True,True,True,True,2,True,True,True,both
124017,-93.0523599178,45.1319144743,231614.1769012055,2463989.8671991806,MULTI_HORIZON_CANDIDATE_LEDGER,EPSG:4326-compatible longitude/latitude; CRS not embedded in Parquet,MN,Upper Midwest,Upper Midwest,True,True,True,True,True,True,False,0,True,True,True,both
124029,-93.497505671,44.8573383621,197449.6444969392,2432442.8070015926,MULTI_HORIZON_CANDIDATE_LEDGER,EPSG:4326-compatible longitude/latitude; CRS not embedded in Parquet,MN,Upper Midwest,Upper Midwest,True,True,True,True,True,True,True,2,False,True,False,direct_60_day_only
124051,-93.5363271224,44.8929472043,194284.5364976549,2436325.073800355,MULTI_HORIZON_CANDIDATE_LEDGER,EPSG:4326-compatible longitude/latitude; CRS not embedded in Parquet,MN,Upper Midwest,Upper Midwest,True,True,True,True,True,True,True,2,True,True,True,both
125058,-93.0883288216,45.0465731672,229079.62389895774,2454412.5862979637,MULTI_HORIZON_CANDIDATE_LEDGER,EPSG:4326-compatible longitude/latitude; CRS not embedded in Parquet,MN,Upper Midwest,Upper Midwest,True,True,True,False,True,False,False,0,False,False,False,neither
125143,-92.8562292782,45.3048809642,246383.65010190994,2483710.550203316,MULTI_HORIZON_CANDIDATE_LEDGER,EPSG:4326-compatible longitude/latitude; CRS not embedded in Parquet,MN,Upper Midwest,Upper Midwest,True,True,True,False,True,False,False,0,True,False,False,multi_horizon_only
125146,-92.8670965969,45.3013754917,245545.11339769905,2483292.839002271,MULTI_HORIZON_CANDIDATE_LEDGER,EPSG:4326-compatible longitude/latitude; CRS not embedded in Parquet,MN,Upper Midwest,Upper Midwest,True,True,True,True,True,True,False,0,False,False,False,neither
1253,-95.3649502779,45.4904747506,49640.96159943217,2500433.2912952863,MULTI_HORIZON_CANDIDATE_LEDGER,EPSG:4326-compatible longitude/latitude; CRS not embedded in Parquet,MN,Upper Midwest,Upper Midwest,True,True,True,True,True,True,False,0,False,False,False,neither
1258,-93.914930888,45.2837583869,163479.29579808796,2479079.5616045957,MULTI_HORIZON_CANDIDATE_LEDGER,EPSG:4326-compatible longitude/latitude; CRS not embedded in Parquet,MN,Upper Midwest,Upper Midwest,True,True,True,False,True,False,False,0,True,False,False,multi_horizon_only
126047,-95.0524070066,47.0023072421,72399.43660209967,2668306.997900159,MULTI_HORIZON_CANDIDATE_LEDGER,EPSG:4326-compatible longitude/latitude; CRS not embedded in Parquet,MN,Upper Midwest,Upper Midwest,True,True,True,True,True,True,False,0,False,False,False,neither
126050,-94.3264665522,46.9801133929,127902.59840184319,2666616.2224050043,MULTI_HORIZON_CANDIDATE_LEDGER,EPSG:4326-compatible longitude/latitude; CRS not embedded in Parquet,MN,Upper Midwest,Upper Midwest,True,True,True,True,True,True,False,0,False,False,False,neither
126084,-94.3879240803,46.9454841429,123271.0718985477,2662703.063297379,MULTI_HORIZON_CANDIDATE_LEDGER,EPSG:4326-compatible longitude/latitude; CRS not embedded in Parquet,MN,Upper Midwest,Upper Midwest,True,True,True,True,True,True,False,0,False,False,False,neither
126136,-93.1570422689,44.8779829775,224236.32429628735,2435495.261702641,MULTI_HORIZON_CANDIDATE_LEDGER,EPSG:4326-compatible longitude/latitude; CRS not embedded in Parquet,MN,Upper Midwest,Upper Midwest,True,True,True,True,True,True,True,2,False,False,False,neither
126262,-88.1466806721,41.8282369105,646914.16270319,2118441.5891050873,MULTI_HORIZON_CANDIDATE_LEDGER,EPSG:4326-compatible longitude/latitude; CRS not embedded in Parquet,IL,Temporate Plains,Temperate Plains,True,True,True,False,True,False,False,0,True,False,False,multi_horizon_only
1266,-94.2879699807,46.3527182956,132096.42869988296,2597179.8972007493,MULTI_HORIZON_CANDIDATE_LEDGER,EPSG:4326-compatible longitude/latitude; CRS not embedded in Parquet,MN,Upper Midwest,Upper Midwest,True,True,True,True,True,True,False,0,False,False,False,neither
126754,-90.4092652396,47.8953013787,421111.28869639646,2779004.7047991864,MULTI_HORIZON_CANDIDATE_LEDGER,EPSG:4326-compatible longitude/latitude; CRS not embedded in Parquet,MN,Upper Midwest,Upper Midwest,True,True,True,False,True,False,False,0,False,False,False,neither
126759,-92.6948816466,46.8321805398,253130.73199929605,2653517.1056029787,MULTI_HORIZON_CANDIDATE_LEDGER,EPSG:4326-compatible longitude/latitude; CRS not embedded in Parquet,MN,Upper Midwest,Upper Midwest,True,True,True,True,True,True,False,0,True,False,False,multi_horizon_only
127074,-92.7450459512,48.1935494665,244140.5685974748,2803679.3719034726,MULTI_HORIZON_CANDIDATE_LEDGER,EPSG:4326-compatible longitude/latitude; CRS not embedded in Parquet,MN,Upper Midwest,Upper Midwest,True,True,True,False,True,False,False,0,False,False,False,neither
127099,-95.8847874435,46.548141107,8863.761103537794,2617657.784504071,MULTI_HORIZON_CANDIDATE_LEDGER,EPSG:4326-compatible longitude/latitude; CRS not embedded in Parquet,MN,Upper Midwest,Upper Midwest,True,True,True,True,True,True,False,0,False,False,False,neither
127308,-92.602826199,46.6738523812,260804.734098153,2636242.6336975107,MULTI_HORIZON_CANDIDATE_LEDGER,EPSG:4326-compatible longitude/latitude; CRS not embedded in Parquet,MN,Upper Midwest,Upper Midwest,True,True,True,True,True,True,False,0,True,True,True,both
127316,-92.8794408141,45.2607132994,244726.420599124,2478741.695902041,MULTI_HORIZON_CANDIDATE_LEDGER,EPSG:4326-compatible longitude/latitude; CRS not embedded in Parquet,MN,Upper Midwest,Upper Midwest,True,True,True,False,True,False,False,0,True,False,False,multi_horizon_only
127344,-93.5171730286,44.7371662651,196247.71460157624,2419027.9020006284,MULTI_HORIZON_CANDIDATE_LEDGER,EPSG:4326-compatible longitude/latitude; CRS not embedded in Parquet,MN,Upper Midwest,Upper Midwest,True,True,True,True,True,True,False,0,False,False,False,neither
128,-95.8634454824,45.7033777072,10640.361997065867,2523931.494498414,MULTI_HORIZON_CANDIDATE_LEDGER,EPSG:4326-compatible longitude/latitude; CRS not embedded in Parquet,MN,Temporate Plains,Temperate Plains,True,True,True,False,True,False,False,0,True,True,True,both
128328,-93.172456423,44.7559496561,223425.05220240087,2421879.6310982695,MULTI_HORIZON_CANDIDATE_LEDGER,EPSG:4326-compatible longitude/latitude; CRS not embedded in Parquet,MN,Upper Midwest,Upper Midwest,True,True,True,True,True,True,True,2,False,False,False,neither
1287,-93.0201930402,47.6726940355,225311.11440105687,2745579.5312987464,MULTI_HORIZON_CANDIDATE_LEDGER,EPSG:4326-compatible longitude/latitude; CRS not embedded in Parquet,MN,Upper Midwest,Upper Midwest,True,True,True,True,True,True,False,0,False,False,False,neither
129083,-92.8844899768,39.5862103495,265115.25729806,1844955.7466008207,MULTI_HORIZON_CANDIDATE_LEDGER,EPSG:4326-compatible longitude/latitude; CRS not embedded in Parquet,MO,Temporate Plains,Temperate Plains,True,True,True,True,True,True,False,0,False,False,False,neither
129153,-95.4786896858,47.6448063687,39440.809403489344,2739075.9268029407,MULTI_HORIZON_CANDIDATE_LEDGER,EPSG:4326-compatible longitude/latitude; CRS not embedded in Parquet,MN,Upper Midwest,Upper Midwest,True,True,True,True,True,True,False,0,True,True,True,both
129494,-94.1626695778,45.5555725179,143473.84609700195,2508889.0422949037,MULTI_HORIZON_CANDIDATE_LEDGER,EPSG:4326-compatible longitude/latitude; CRS not embedded in Parquet,MN,Upper Midwest,Upper Midwest,True,True,True,False,True,False,False,0,True,False,False,multi_horizon_only
1295,-95.4336484429,45.8748147812,44016.543899184166,2543094.3209992936,MULTI_HORIZON_CANDIDATE_LEDGER,EPSG:4326-compatible longitude/latitude; CRS not embedded in Parquet,MN,Upper Midwest,Upper Midwest,True,True,True,False,True,False,False,0,False,False,False,neither
129509,-93.090086692,45.0405594937,228961.84960138594,2453739.542603569,MULTI_HORIZON_CANDIDATE_LEDGER,EPSG:4326-compatible longitude/latitude; CRS not embedded in Parquet,MN,Upper Midwest,Upper Midwest,True,True,True,True,True,True,False,0,False,False,False,neither
130135,-93.3045039223,37.3024616334,236643.40780048486,1588005.1096997876,MULTI_HORIZON_CANDIDATE_LEDGER,EPSG:4326-compatible longitude/latitude; CRS not embedded in Parquet,MO,Southern Appalachians,Southern Appalachians,True,True,True,False,True,False,False,0,False,False,False,neither
130216,-95.7220445786,46.6993054575,21335.20920261302,2634431.23720272,MULTI_HORIZON_CANDIDATE_LEDGER,EPSG:4326-compatible longitude/latitude; CRS not embedded in Parquet,MN,Upper Midwest,Upper Midwest,True,True,True,True,True,True,False,0,False,False,False,neither
130238,-95.7694873613,47.0354146644,17603.364697348836,2671630.8155050073,MULTI_HORIZON_CANDIDATE_LEDGER,EPSG:4326-compatible longitude/latitude; CRS not embedded in Parquet,MN,Upper Midwest,Upper Midwest,True,True,True,True,True,True,False,0,False,False,False,neither
130242,-95.614850427,46.9449916367,29452.895698960143,2661662.6698003933,MULTI_HORIZON_CANDIDATE_LEDGER,EPSG:4326-compatible longitude/latitude; CRS not embedded in Parquet,MN,Upper Midwest,Upper Midwest,True,True,True,True,True,True,False,0,False,True,False,direct_60_day_only
130547,-93.0970990039,45.07432993,228295.51260270528,2457478.314797762,MULTI_HORIZON_CANDIDATE_LEDGER,EPSG:4326-compatible longitude/latitude; CRS not embedded in Parquet,MN,Upper Midwest,Upper Midwest,True,True,True,True,True,True,False,0,False,False,False,neither
130559,-95.4307733718,46.3986837223,43891.84800279826,2601217.8057985175,MULTI_HORIZON_CANDIDATE_LEDGER,EPSG:4326-compatible longitude/latitude; CRS not embedded in Parquet,MN,Upper Midwest,Upper Midwest,True,True,True,True,True,True,False,0,False,False,False,neither
131,-94.7091707913,45.3356960613,101133.69119946679,2483748.1467965506,MULTI_HORIZON_CANDIDATE_LEDGER,EPSG:4326-compatible longitude/latitude; CRS not embedded in Parquet,MN,Upper Midwest,Upper Midwest,True,True,True,False,True,False,False,0,False,False,False,neither
131279,-95.7375741904,46.6716021104,20151.669496337992,2631359.1652969755,MULTI_HORIZON_CANDIDATE_LEDGER,EPSG:4326-compatible longitude/latitude; CRS not embedded in Parquet,MN,Upper Midwest,Upper Midwest,True,True,True,False,True,False,False,0,False,False,False,neither
131550,-92.6484454834,45.4255633361,262188.4463975031,2497676.1072032712,MULTI_HORIZON_CANDIDATE_LEDGER,EPSG:4326-compatible longitude/latitude; CRS not embedded in Parquet,WI,Upper Midwest,Upper Midwest,True,True,True,False,True,False,False,0,False,False,False,neither
131577,-93.4755170471,44.9035660956,199047.49380128577,2437632.4394958047,MULTI_HORIZON_CANDIDATE_LEDGER,EPSG:4326-compatible longitude/latitude; CRS not embedded in Parquet,MN,Upper Midwest,Upper Midwest,True,True,True,False,True,False,False,0,True,False,False,multi_horizon_only
131584,-96.0061936865,46.2206379208,-478.8715961712088,2581341.969795745,MULTI_HORIZON_CANDIDATE_LEDGER,EPSG:4326-compatible longitude/latitude; CRS not embedded in Parquet,MN,Upper Midwest,Upper Midwest,True,True,True,True,True,True,False,0,True,False,False,multi_horizon_only
131605,-94.0233526324,46.7534576135,151587.37419719508,2641974.2291041585,MULTI_HORIZON_CANDIDATE_LEDGER,EPSG:4326-compatible longitude/latitude; CRS not embedded in Parquet,MN,Upper Midwest,Upper Midwest,True,True,True,True,True,True,False,0,False,False,False,neither
131962,-92.6900117352,46.6976707749,254022.27309736068,2638643.191103124,MULTI_HORIZON_CANDIDATE_LEDGER,EPSG:4326-compatible longitude/latitude; CRS not embedded in Parquet,MN,Upper Midwest,Upper Midwest,True,True,True,True,True,True,False,0,True,True,True,both
1321,-93.0048488654,44.9730101967,235903.32349617957,2446435.0094039664,MULTI_HORIZON_CANDIDATE_LEDGER,EPSG:4326-compatible longitude/latitude; CRS not embedded in Parquet,MN,Upper Midwest,Upper Midwest,True,True,True,True,True,True,True,1,True,True,True,both
132203,-92.3022155182,36.3998265659,328532.1486034668,1489909.9812979698,MULTI_HORIZON_CANDIDATE_LEDGER,EPSG:4326-compatible longitude/latitude; CRS not embedded in Parquet,AR,Southern Appalachians,Southern Appalachians,True,True,True,False,True,False,False,0,False,False,False,neither
132339,-95.1107990556,47.7879122704,67125.88190223006,2755079.1209039325,MULTI_HORIZON_CANDIDATE_LEDGER,EPSG:4326-compatible longitude/latitude; CRS not embedded in Parquet,MN,Upper Midwest,Upper Midwest,True,True,True,True,True,True,False,0,False,False,False,neither
132581,-93.746251209,44.8387740982,177876.22550357273,2429885.729202509,MULTI_HORIZON_CANDIDATE_LEDGER,EPSG:4326-compatible longitude/latitude; CRS not embedded in Parquet,MN,Upper Midwest,Upper Midwest,True,True,True,True,True,True,True,4,True,True,True,both
132643,-93.9242611155,46.4709685774,159869.00730217688,2610845.4502015347,MULTI_HORIZON_CANDIDATE_LEDGER,EPSG:4326-compatible longitude/latitude; CRS not embedded in Parquet,MN,Upper Midwest,Upper Midwest,True,True,True,True,True,True,False,0,False,False,False,neither
1330,-94.9037855898,45.7185306512,85396.01949626373,2526099.574804076,MULTI_HORIZON_CANDIDATE_LEDGER,EPSG:4326-compatible longitude/latitude; CRS not embedded in Parquet,MN,Upper Midwest,Upper Midwest,True,True,True,False,True,False,False,0,True,True,True,both
1332,-95.9640705712,46.2731878541,2775.7191009570456,2587171.0737958895,MULTI_HORIZON_CANDIDATE_LEDGER,EPSG:4326-compatible longitude/latitude; CRS not embedded in Parquet,MN,Upper Midwest,Upper Midwest,True,True,True,True,True,True,False,0,False,False,False,neither
1333,-95.8957773721,46.7711376883,7991.170496708498,2642360.030099879,MULTI_HORIZON_CANDIDATE_LEDGER,EPSG:4326-compatible longitude/latitude; CRS not embedded in Parquet,MN,Upper Midwest,Upper Midwest,True,True,True,True,True,True,False,0,False,True,False,direct_60_day_only
133387,-95.9724929824,46.6433108667,2113.172803738738,2628197.5607968923,MULTI_HORIZON_CANDIDATE_LEDGER,EPSG:4326-compatible longitude/latitude; CRS not embedded in Parquet,MN,Upper Midwest,Upper Midwest,True,True,True,False,True,False,False,0,False,False,False,neither
133389,-95.5006078983,47.6794079963,37762.48159753834,2742887.3532019006,MULTI_HORIZON_CANDIDATE_LEDGER,EPSG:4326-compatible longitude/latitude; CRS not embedded in Parquet,MN,Upper Midwest,Upper Midwest,True,True,True,False,True,False,False,0,True,True,True,both
1334,-93.3491267106,43.8914292456,212155.8795020724,2325170.0677055204,MULTI_HORIZON_CANDIDATE_LEDGER,EPSG:4326-compatible longitude/latitude; CRS not embedded in Parquet,MN,Temporate Plains,Temperate Plains,True,True,True,False,True,False,False,0,True,True,True,both
1335,-93.1235606523,45.0716250084,226224.21090149324,2457114.2276974143,MULTI_HORIZON_CANDIDATE_LEDGER,EPSG:4326-compatible longitude/latitude; CRS not embedded in Parquet,MN,Upper Midwest,Upper Midwest,True,True,True,True,True,True,False,0,False,False,False,neither
133602,-92.858237095,45.3117657282,246201.04650045338,2484470.4812970413,MULTI_HORIZON_CANDIDATE_LEDGER,EPSG:4326-compatible longitude/latitude; CRS not embedded in Parquet,MN,Upper Midwest,Upper Midwest,True,True,True,False,True,False,False,0,True,True,True,both
133684,-93.0683167383,45.0969884969,230480.5934964836,2460067.491301853,MULTI_HORIZON_CANDIDATE_LEDGER,EPSG:4326-compatible longitude/latitude; CRS not embedded in Parquet,MN,Upper Midwest,Upper Midwest,True,True,True,True,True,True,False,0,False,False,False,neither
1337,-93.8935441256,45.1630340915,165453.43250336451,2465693.064102023,MULTI_HORIZON_CANDIDATE_LEDGER,EPSG:4326-compatible longitude/latitude; CRS not embedded in Parquet,MN,Upper Midwest,Upper Midwest,True,True,True,True,True,True,False,0,True,False,False,multi_horizon_only
133710,-94.2134117268,46.558874476,137418.93379857074,2620133.575803469,MULTI_HORIZON_CANDIDATE_LEDGER,EPSG:4326-compatible longitude/latitude; CRS not embedded in Parquet,MN,Upper Midwest,Upper Midwest,True,True,True,True,True,True,False,0,False,False,False,neither
133713,-94.2174711334,46.5010583346,137226.90789877553,2613721.509599939,MULTI_HORIZON_CANDIDATE_LEDGER,EPSG:4326-compatible longitude/latitude; CRS not embedded in Parquet,MN,Upper Midwest,Upper Midwest,True,True,True,False,True,False,False,0,False,False,False,neither
133716,-93.724199451,45.0362297663,179090.10999653692,2451896.5826995075,MULTI_HORIZON_CANDIDATE_LEDGER,EPSG:4326-compatible longitude/latitude; CRS not embedded in Parquet,MN,Upper Midwest,Upper Midwest,True,True,True,False,True,False,False,0,True,True,True,both
134,-93.3386333841,44.9594599444,209663.401600953,2444145.228295006,MULTI_HORIZON_CANDIDATE_LEDGER,EPSG:4326-compatible longitude/latitude; CRS not embedded in Parquet,MN,Upper Midwest,Upper Midwest,True,True,True,False,True,False,False,0,False,False,False,neither
1342,-92.8123132499,48.4989911888,237968.93940056465,2837127.3519998547,MULTI_HORIZON_CANDIDATE_LEDGER,EPSG:4326-compatible longitude/latitude; CRS not embedded in Parquet,MN,Upper Midwest,Upper Midwest,True,True,True,True,True,True,False,0,False,False,False,neither
134415,-95.9874021906,46.5298512475,969.4686017966415,2615625.6029038243,MULTI_HORIZON_CANDIDATE_LEDGER,EPSG:4326-compatible longitude/latitude; CRS not embedded in Parquet,MN,Upper Midwest,Upper Midwest,True,True,True,True,True,True,False,0,False,False,False,neither
134511,-91.731957595,39.6206907929,362959.82699707476,1852625.5496995458,MULTI_HORIZON_CANDIDATE_LEDGER,EPSG:4326-compatible longitude/latitude; CRS not embedded in Parquet,MO,Temporate Plains,Temperate Plains,True,True,True,False,True,False,False,0,True,False,False,multi_horizon_only
134617,-93.0819353976,45.5976984507,227701.1222013497,2515679.224801629,MULTI_HORIZON_CANDIDATE_LEDGER,EPSG:4326-compatible longitude/latitude; CRS not embedded in Parquet,MN,Upper Midwest,Upper Midwest,True,True,True,True,True,True,False,0,True,False,False,multi_horizon_only
134618,-92.9029942467,45.0686293405,243576.10209767226,2457326.284704957,MULTI_HORIZON_CANDIDATE_LEDGER,EPSG:4326-compatible longitude/latitude; CRS not embedded in Parquet,MN,Upper Midwest,Upper Midwest,True,True,True,True,True,True,False,0,True,True,True,both
134629,-92.9593790702,45.033535554,239267.93590390732,2453280.3822996644,MULTI_HORIZON_CANDIDATE_LEDGER,EPSG:4326-compatible longitude/latitude; CRS not embedded in Parquet,MN,Upper Midwest,Upper Midwest,True,True,True,True,True,True,False,0,False,False,False,neither
134664,-93.3910359407,44.6923887704,206352.26790042734,2414310.86809827,MULTI_HORIZON_CANDIDATE_LEDGER,EPSG:4326-compatible longitude/latitude; CRS not embedded in Parquet,MN,Upper Midwest,Upper Midwest,True,True,True,True,True,True,True,2,True,True,True,both
134680,-93.0531733489,44.8834606631,232407.43059765236,2436354.24429457,MULTI_HORIZON_CANDIDATE_LEDGER,EPSG:4326-compatible longitude/latitude; CRS not embedded in Parquet,MN,Upper Midwest,Upper Midwest,True,True,True,True,True,True,True,1,False,False,False,neither
134691,-93.6461193506,44.8759204015,185675.10280354723,2434210.9791054223,MULTI_HORIZON_CANDIDATE_LEDGER,EPSG:4326-compatible longitude/latitude; CRS not embedded in Parquet,MN,Upper Midwest,Upper Midwest,True,True,True,False,True,False,False,0,False,False,False,neither
134700,-94.1866258598,46.6568018661,139271.95170368778,2631020.6115951026,MULTI_HORIZON_CANDIDATE_LEDGER,EPSG:4326-compatible longitude/latitude; CRS not embedded in Parquet,MN,Upper Midwest,Upper Midwest,True,True,True,True,True,True,False,0,False,False,False,neither
134709,-93.5029954112,46.425710736,192438.96389801626,2606610.933001727,MULTI_HORIZON_CANDIDATE_LEDGER,EPSG:4326-compatible longitude/latitude; CRS not embedded in Parquet,MN,Upper Midwest,Upper Midwest,True,True,True,False,True,False,False,0,False,False,False,neither
134724,-94.7276059654,45.6412322244,99234.76429691039,2517684.3333947835,MULTI_HORIZON_CANDIDATE_LEDGER,EPSG:4326-compatible longitude/latitude; CRS not embedded in Parquet,MN,Upper Midwest,Upper Midwest,True,True,True,False,True,False,False,0,True,True,True,both
13490,-86.0636618133,44.8400904747,782851.5418971283,2468886.3980018934,MULTI_HORIZON_CANDIDATE_LEDGER,EPSG:4326-compatible longitude/latitude; CRS not embedded in Parquet,MI,Upper Midwest,Upper Midwest,True,True,True,True,True,True,False,0,False,False,False,neither
1353,-93.0532324377,45.4077010258,230594.813502649,2494642.0381025234,MULTI_HORIZON_CANDIDATE_LEDGER,EPSG:4326-compatible longitude/latitude; CRS not embedded in Parquet,MN,Upper Midwest,Upper Midwest,True,True,True,False,True,False,False,0,False,False,False,neither
135373,-95.6175440916,43.615367215,30736.721499461117,2291472.9939008895,MULTI_HORIZON_CANDIDATE_LEDGER,EPSG:4326-compatible longitude/latitude; CRS not embedded in Parquet,MN,Temporate Plains,Temperate Plains,True,True,True,False,True,False,False,0,True,True,True,both
135452,-90.6221271129,37.4208769588,471195.8209029231,1611254.9575021807,MULTI_HORIZON_CANDIDATE_LEDGER,EPSG:4326-compatible longitude/latitude; CRS not embedded in Parquet,MO,Southern Appalachians,Southern Appalachians,True,True,True,False,True,False,False,0,False,False,False,neither
135681,-93.2450535042,44.7211827814,217802.45520077582,2417841.6597985234,MULTI_HORIZON_CANDIDATE_LEDGER,EPSG:4326-compatible longitude/latitude; CRS not embedded in Parquet,MN,Upper Midwest,Upper Midwest,True,True,True,True,True,True,False,0,False,False,False,neither
135695,-93.8046721365,44.849144707,173239.54230155342,2430931.9285019897,MULTI_HORIZON_CANDIDATE_LEDGER,EPSG:4326-compatible longitude/latitude; CRS not embedded in Parquet,MN,Upper Midwest,Upper Midwest,True,True,True,True,True,True,False,0,True,True,True,both
135698,-93.7169971294,44.8499168288,180154.85549813887,2431180.8708034223,MULTI_HORIZON_CANDIDATE_LEDGER,EPSG:4326-compatible longitude/latitude; CRS not embedded in Parquet,MN,Upper Midwest,Upper Midwest,True,True,True,False,True,False,False,0,True,False,False,multi_horizon_only
1359,-93.3361263463,44.9919781706,209759.43079837412,2447768.1116017634,MULTI_HORIZON_CANDIDATE_LEDGER,EPSG:4326-compatible longitude/latitude; CRS not embedded in Parquet,MN,Upper Midwest,Upper Midwest,True,True,True,True,True,True,False,0,False,False,False,neither
1361,-93.1132092803,44.9982434832,227286.05819654398,2448977.598405148,MULTI_HORIZON_CANDIDATE_LEDGER,EPSG:4326-compatible longitude/latitude; CRS not embedded in Parquet,MN,Upper Midwest,Upper Midwest,True,True,True,True,True,True,False,0,False,False,False,neither
136303,-91.054489398,36.6373722407,437915.6030980962,1521524.7299048528,MULTI_HORIZON_CANDIDATE_LEDGER,EPSG:4326-compatible longitude/latitude; CRS not embedded in Parquet,MO,Southern Appalachians,Southern Appalachians,True,True,True,True,True,True,False,0,False,False,False,neither
136311,-93.3668563033,39.0343387032,225793.13699684542,1781887.1591030108,MULTI_HORIZON_CANDIDATE_LEDGER,EPSG:4326-compatible longitude/latitude; CRS not embedded in Parquet,MO,Temporate Plains,Temperate Plains,True,True,True,True,True,True,False,0,True,True,True,both
136466,-90.6279836115,37.9018909651,467637.47529734357,1665049.3055012207,MULTI_HORIZON_CANDIDATE_LEDGER,EPSG:4326-compatible longitude/latitude; CRS not embedded in Parquet,MO,Southern Appalachians,Southern Appalachians,True,True,True,True,True,True,False,0,False,False,False,neither
136603,-92.8669882575,45.0160434978,246599.77389900593,2451571.2191997245,MULTI_HORIZON_CANDIDATE_LEDGER,EPSG:4326-compatible longitude/latitude; CRS not embedded in Parquet,MN,Upper Midwest,Upper Midwest,True,True,True,True,True,True,False,0,True,False,False,multi_horizon_only
136680,-94.9487647973,47.0297468163,80284.17269990941,2671426.3784948224,MULTI_HORIZON_CANDIDATE_LEDGER,EPSG:4326-compatible longitude/latitude; CRS not embedded in Parquet,MN,Upper Midwest,Upper Midwest,True,True,True,True,True,True,False,0,False,False,False,neither
136690,-93.8825172121,45.295627242,165990.85899837225,2480455.247901273,MULTI_HORIZON_CANDIDATE_LEDGER,EPSG:4326-compatible longitude/latitude; CRS not embedded in Parquet,MN,Upper Midwest,Upper Midwest,True,True,True,True,True,True,False,0,False,False,False,neither
137300,-93.7783344249,38.9913807162,190628.29479610143,1776172.378797723,MULTI_HORIZON_CANDIDATE_LEDGER,EPSG:4326-compatible longitude/latitude; CRS not embedded in Parquet,MO,Temporate Plains,Temperate Plains,True,True,True,False,True,False,False,0,True,False,False,multi_horizon_only
13747,-94.6044023931,45.3992878514,109237.67909682573,2490933.4658030383,MULTI_HORIZON_CANDIDATE_LEDGER,EPSG:4326-compatible longitude/latitude; CRS not embedded in Parquet,MN,Upper Midwest,Upper Midwest,True,True,True,True,True,True,False,0,False,False,False,neither
137728,-94.0490145311,45.2020336024,153154.60779853188,2469769.361799717,MULTI_HORIZON_CANDIDATE_LEDGER,EPSG:4326-compatible longitude/latitude; CRS not embedded in Parquet,MN,Upper Midwest,Upper Midwest,True,True,True,True,True,True,True,2,True,True,True,both
137742,-94.3579864448,46.9706109609,125512.04909645476,2665522.7391973734,MULTI_HORIZON_CANDIDATE_LEDGER,EPSG:4326-compatible longitude/latitude; CRS not embedded in Parquet,MN,Upper Midwest,Upper Midwest,True,True,True,True,True,True,False,0,False,False,False,neither
137763,-94.9507239945,47.0870832026,80064.51309895296,2677767.944601899,MULTI_HORIZON_CANDIDATE_LEDGER,EPSG:4326-compatible longitude/latitude; CRS not embedded in Parquet,MN,Upper Midwest,Upper Midwest,True,True,True,True,True,True,False,0,False,False,False,neither
137783,-92.899115527,44.9260809961,244398.54750067205,2441482.0784962494,MULTI_HORIZON_CANDIDATE_LEDGER,EPSG:4326-compatible longitude/latitude; CRS not embedded in Parquet,MN,Upper Midwest,Upper Midwest,True,True,True,True,True,True,False,0,False,False,False,neither
137795,-93.8973224929,46.6648267127,161468.17479664058,2632367.1644989876,MULTI_HORIZON_CANDIDATE_LEDGER,EPSG:4326-compatible longitude/latitude; CRS not embedded in Parquet,MN,Upper Midwest,Upper Midwest,True,True,True,False,True,False,False,0,False,False,False,neither
1378,-94.2913000653,45.0847313139,134371.7127970233,2456356.5305962795,MULTI_HORIZON_CANDIDATE_LEDGER,EPSG:4326-compatible longitude/latitude; CRS not embedded in Parquet,MN,Upper Midwest,Upper Midwest,True,True,True,True,True,True,True,1,True,False,False,multi_horizon_only
13785,-94.8324245121,45.2731540158,91562.97889718054,2476669.320997376,MULTI_HORIZON_CANDIDATE_LEDGER,EPSG:4326-compatible longitude/latitude; CRS not embedded in Parquet,MN,Upper Midwest,Upper Midwest,True,True,True,True,True,True,False,0,True,True,True,both
13786,-94.2874430294,46.3748760982,132092.81199745493,2599637.0328029487,MULTI_HORIZON_CANDIDATE_LEDGER,EPSG:4326-compatible longitude/latitude; CRS not embedded in Parquet,MN,Upper Midwest,Upper Midwest,True,True,True,False,True,False,False,0,False,True,False,direct_60_day_only
13788,-93.8050750334,46.3346268007,169395.96099611683,2595940.2485053986,MULTI_HORIZON_CANDIDATE_LEDGER,EPSG:4326-compatible longitude/latitude; CRS not embedded in Parquet,MN,Upper Midwest,Upper Midwest,True,True,True,False,True,False,False,0,False,False,False,neither
1385,-95.4177085451,47.1842586618,44366.24199990379,2688210.464994625,MULTI_HORIZON_CANDIDATE_LEDGER,EPSG:4326-compatible longitude/latitude; CRS not embedded in Parquet,MN,Upper Midwest,Upper Midwest,True,True,True,True,True,True,False,0,False,False,False,neither
138730,-95.3252377638,45.4197283807,52801.01790027773,2492591.1203045733,MULTI_HORIZON_CANDIDATE_LEDGER,EPSG:4326-compatible longitude/latitude; CRS not embedded in Parquet,MN,Upper Midwest,Upper Midwest,True,True,True,False,True,False,False,0,True,True,True,both
138812,-93.1594971353,44.9000774626,223969.26060058342,2437947.6393996114,MULTI_HORIZON_CANDIDATE_LEDGER,EPSG:4326-compatible longitude/latitude; CRS not embedded in Parquet,MN,Upper Midwest,Upper Midwest,True,True,True,True,True,True,True,1,True,False,False,multi_horizon_only
138813,-94.230202325,46.6662164991,135906.13369930943,2632000.2706012866,MULTI_HORIZON_CANDIDATE_LEDGER,EPSG:4326-compatible longitude/latitude; CRS not embedded in Parquet,MN,Upper Midwest,Upper Midwest,True,True,True,True,True,True,False,0,False,False,False,neither
139439,-96.0681948246,41.1393038725,-5679.252799739548,2014590.44720509,MULTI_HORIZON_CANDIDATE_LEDGER,EPSG:4326-compatible longitude/latitude; CRS not embedded in Parquet,NE,Temporate Plains,Temperate Plains,True,True,True,False,True,False,False,0,True,False,False,multi_horizon_only
139707,-93.2089745099,44.7151502944,220673.7231008798,2417253.461901703,MULTI_HORIZON_CANDIDATE_LEDGER,EPSG:4326-compatible longitude/latitude; CRS not embedded in Parquet,MN,Temporate Plains,Temperate Plains,True,True,True,True,True,True,False,0,True,True,True,both
139729,-92.9741933915,45.0428909461,238069.4467983869,2454283.603300764,MULTI_HORIZON_CANDIDATE_LEDGER,EPSG:4326-compatible longitude/latitude; CRS not embedded in Parquet,MN,Upper Midwest,Upper Midwest,True,True,True,True,True,True,False,0,False,False,False,neither
139765,-93.2896080238,44.7104406851,214315.10609621936,2416544.721700065,MULTI_HORIZON_CANDIDATE_LEDGER,EPSG:4326-compatible longitude/latitude; CRS not embedded in Parquet,MN,Upper Midwest,Upper Midwest,True,True,True,True,True,True,False,0,False,False,False,neither
139770,-93.6078509141,44.8382696993,188798.58650286583,2430096.5974034052,MULTI_HORIZON_CANDIDATE_LEDGER,EPSG:4326-compatible longitude/latitude; CRS not embedded in Parquet,MN,Upper Midwest,Upper Midwest,True,True,True,True,True,True,True,3,True,True,True,both
139780,-93.1531621115,44.8287927574,224706.28300337083,2430031.2273960747,MULTI_HORIZON_CANDIDATE_LEDGER,EPSG:4326-compatible longitude/latitude; CRS not embedded in Parquet,MN,Upper Midwest,Upper Midwest,True,True,True,True,True,True,True,1,True,True,True,both
139785,-95.8188348532,46.1442416621,14023.127896864225,2572880.2290019104,MULTI_HORIZON_CANDIDATE_LEDGER,EPSG:4326-compatible longitude/latitude; CRS not embedded in Parquet,MN,Upper Midwest,Upper Midwest,True,True,True,False,True,False,False,0,True,False,False,multi_horizon_only
139838,-93.636722281,45.033622828,185979.7915032672,2451774.619598815,MULTI_HORIZON_CANDIDATE_LEDGER,EPSG:4326-compatible longitude/latitude; CRS not embedded in Parquet,MN,Upper Midwest,Upper Midwest,True,True,True,True,True,True,True,2,True,True,True,both
1401,-94.4686084453,43.6223905147,123055.27119896698,2293186.4092959603,MULTI_HORIZON_CANDIDATE_LEDGER,EPSG:4326-compatible longitude/latitude; CRS not embedded in Parquet,MN,Temporate Plains,Temperate Plains,True,True,True,True,True,True,True,3,True,True,True,both
140206,-92.6447710742,46.6937182279,257508.2507024303,2638327.408595208,MULTI_HORIZON_CANDIDATE_LEDGER,EPSG:4326-compatible longitude/latitude; CRS not embedded in Parquet,MN,Upper Midwest,Upper Midwest,True,True,True,True,True,True,False,0,False,False,False,neither
1404,-92.8233940733,45.0482388424,249910.0858998049,2455265.490996303,MULTI_HORIZON_CANDIDATE_LEDGER,EPSG:4326-compatible longitude/latitude; CRS not embedded in Parquet,MN,Upper Midwest,Upper Midwest,True,True,True,True,True,True,False,0,False,False,False,neither
1405,-88.8336418768,45.5476454375,559179.0640008103,2527714.7201041514,MULTI_HORIZON_CANDIDATE_LEDGER,EPSG:4326-compatible longitude/latitude; CRS not embedded in Parquet,WI,Upper Midwest,Upper Midwest,True,True,True,True,True,True,False,0,False,False,False,neither
140541,-96.0363733579,46.2526562568,-2810.8863018268407,2584893.9230020605,MULTI_HORIZON_CANDIDATE_LEDGER,EPSG:4326-compatible longitude/latitude; CRS not embedded in Parquet,MN,Upper Midwest,Upper Midwest,True,True,True,True,True,True,False,0,False,False,False,neither
140544,-95.4583269568,47.1297630405,41305.81310276135,2682164.9105989877,MULTI_HORIZON_CANDIDATE_LEDGER,EPSG:4326-compatible longitude/latitude; CRS not embedded in Parquet,MN,Upper Midwest,Upper Midwest,True,True,True,True,True,True,False,0,False,False,False,neither
140545,-96.1158814676,46.789328989,-8882.644100626994,2644375.5155033534,MULTI_HORIZON_CANDIDATE_LEDGER,EPSG:4326-compatible longitude/latitude; CRS not embedded in Parquet,MN,Upper Midwest,Upper Midwest,True,True,True,False,True,False,False,0,False,False,False,neither
14066,-95.9506399621,46.6149238302,3793.621702570835,2625053.2674051123,MULTI_HORIZON_CANDIDATE_LEDGER,EPSG:4326-compatible longitude/latitude; CRS not embedded in Parquet,MN,Upper Midwest,Upper Midwest,True,True,True,False,True,False,False,0,False,False,False,neither
14073,-95.7533246555,47.1240550739,18812.191700758118,2681440.2292029597,MULTI_HORIZON_CANDIDATE_LEDGER,EPSG:4326-compatible longitude/latitude; CRS not embedded in Parquet,MN,Upper Midwest,Upper Midwest,True,True,True,False,True,False,False,0,False,False,False,neither
140770,-93.0830588374,45.6322536803,227495.6589021275,2519514.104198386,MULTI_HORIZON_CANDIDATE_LEDGER,EPSG:4326-compatible longitude/latitude; CRS not embedded in Parquet,MN,Upper Midwest,Upper Midwest,True,True,True,True,True,True,False,0,True,False,False,multi_horizon_only
140838,-93.3933727121,44.9501001134,205380.6783986089,2442984.441100876,MULTI_HORIZON_CANDIDATE_LEDGER,EPSG:4326-compatible longitude/latitude; CRS not embedded in Parquet,MN,Upper Midwest,Upper Midwest,True,True,True,True,True,True,False,0,False,False,False,neither
1417,-94.6507910794,45.601858417,105287.31810331179,2513392.717504468,MULTI_HORIZON_CANDIDATE_LEDGER,EPSG:4326-compatible longitude/latitude; CRS not embedded in Parquet,MN,Upper Midwest,Upper Midwest,True,True,True,False,True,False,False,0,True,True,True,both
141802,-75.4992038926,38.9670320091,1746186.529100036,1960294.629405233,MULTI_HORIZON_CANDIDATE_LEDGER,EPSG:4326-compatible longitude/latitude; CRS not embedded in Parquet,DE,Coastal Plains,Coastal Plains,True,True,True,True,True,True,True,3,True,True,True,both
141821,-75.381206124,38.8670519013,1758491.7268966066,1951525.508198008,MULTI_HORIZON_CANDIDATE_LEDGER,EPSG:4326-compatible longitude/latitude; CRS not embedded in Parquet,DE,Coastal Plains,Coastal Plains,True,True,True,True,True,True,True,1,True,True,True,both
141883,-75.5604167424,39.0852318043,1738225.9492036107,1972114.3349006278,MULTI_HORIZON_CANDIDATE_LEDGER,EPSG:4326-compatible longitude/latitude; CRS not embedded in Parquet,DE,Coastal Plains,Coastal Plains,True,True,True,True,True,True,True,2,True,True,True,both
141910,-75.3135070803,38.8226646302,1765248.6061023646,1947922.5063019786,MULTI_HORIZON_CANDIDATE_LEDGER,EPSG:4326-compatible longitude/latitude; CRS not embedded in Parquet,DE,Coastal Plains,Coastal Plains,True,True,True,True,True,True,True,1,True,True,True,both
142,-92.8975960136,45.3646816508,242925.790100287,2490249.5811959077,MULTI_HORIZON_CANDIDATE_LEDGER,EPSG:4326-compatible longitude/latitude; CRS not embedded in Parquet,MN,Upper Midwest,Upper Midwest,True,True,True,True,True,True,False,0,True,False,False,multi_horizon_only
142079,-75.2199631586,38.7521706523,1774817.6705005025,1941950.7606944917,MULTI_HORIZON_CANDIDATE_LEDGER,EPSG:4326-compatible longitude/latitude; CRS not embedded in Parquet,DE,Coastal Plains,Coastal Plains,True,True,True,False,True,False,False,0,True,True,True,both
142108,-75.5928483532,39.2436344513,1731727.3320998868,1988867.4329007454,MULTI_HORIZON_CANDIDATE_LEDGER,EPSG:4326-compatible longitude/latitude; CRS not embedded in Parquet,DE,Coastal Plains,Coastal Plains,True,True,True,True,True,True,True,11,True,True,True,both
142130,-75.294075217,38.5967305339,1772354.5541975617,1923558.3125972403,MULTI_HORIZON_CANDIDATE_LEDGER,EPSG:4326-compatible longitude/latitude; CRS not embedded in Parquet,DE,Coastal Plains,Coastal Plains,True,True,True,True,True,True,True,1,True,True,True,both
1423,-95.7486705591,46.2927639287,19410.629697403176,2589367.2764953906,MULTI_HORIZON_CANDIDATE_LEDGER,EPSG:4326-compatible longitude/latitude; CRS not embedded in Parquet,MN,Upper Midwest,Upper Midwest,True,True,True,True,True,True,False,0,True,False,False,multi_horizon_only
142330,-75.5180280497,38.9887481965,1744087.5314016237,1962326.5977970585,MULTI_HORIZON_CANDIDATE_LEDGER,EPSG:4326-compatible longitude/latitude; CRS not embedded in Parquet,DE,Coastal Plains,Coastal Plains,True,True,True,True,True,True,True,5,True,True,True,both
142332,-75.5231117986,39.1276673589,1740332.3295992326,1977443.4852021607,MULTI_HORIZON_CANDIDATE_LEDGER,EPSG:4326-compatible longitude/latitude; CRS not embedded in Parquet,DE,Coastal Plains,Coastal Plains,True,True,True,True,True,True,False,0,True,True,True,both
142339,-75.4766174649,38.8832747323,1750092.0479004679,1951540.1262967158,MULTI_HORIZON_CANDIDATE_LEDGER,EPSG:4326-compatible longitude/latitude; CRS not embedded in Parquet,DE,Coastal Plains,Coastal Plains,True,True,True,True,True,True,True,1,True,True,True,both
142349,-75.4363677535,38.9114466031,1752792.6461979635,1955366.043303593,MULTI_HORIZON_CANDIDATE_LEDGER,EPSG:4326-compatible longitude/latitude; CRS not embedded in Parquet,DE,Coastal Plains,Coastal Plains,True,True,True,True,True,True,True,1,True,True,True,both
142394,-75.1925453615,38.6706104522,1779107.52919854,1933539.6369001651,MULTI_HORIZON_CANDIDATE_LEDGER,EPSG:4326-compatible longitude/latitude; CRS not embedded in Parquet,DE,Coastal Plains,Coastal Plains,True,True,True,True,True,True,False,0,True,True,True,both
143079,-76.8551128042,39.2424133193,1626142.2620968465,1966432.9904017663,MULTI_HORIZON_CANDIDATE_LEDGER,EPSG:4326-compatible longitude/latitude; CRS not embedded in Parquet,MD,Southern Appalachians,Southern Appalachians,True,True,True,False,True,False,False,0,False,False,False,neither
1431,-93.6619798288,44.3414562806,185888.60919925122,2374671.4973974656,MULTI_HORIZON_CANDIDATE_LEDGER,EPSG:4326-compatible longitude/latitude; CRS not embedded in Parquet,MN,Upper Midwest,Upper Midwest,True,True,True,True,True,True,True,1,True,True,True,both
143187,-78.8364389325,38.3809365919,1477136.6457023292,1839275.6450004037,MULTI_HORIZON_CANDIDATE_LEDGER,EPSG:4326-compatible longitude/latitude; CRS not embedded in Parquet,VA,Southern Appalachians,Southern Appalachians,True,True,True,True,True,True,False,0,False,False,False,neither
143328,-79.227948551,38.3287535289,1444824.0329017274,1827500.7698952649,MULTI_HORIZON_CANDIDATE_LEDGER,EPSG:4326-compatible longitude/latitude; CRS not embedded in Parquet,VA,Southern Appalachians,Southern Appalachians,True,True,True,True,True,True,False,0,False,False,False,neither
143457,-79.1414940978,38.5697490349,1447426.7502045452,1855406.9894978032,MULTI_HORIZON_CANDIDATE_LEDGER,EPSG:4326-compatible longitude/latitude; CRS not embedded in Parquet,VA,Southern Appalachians,Southern Appalachians,True,True,True,False,True,False,False,0,False,False,False,neither
1435,-96.0545453639,46.4305302063,-4203.874897152474,2604618.0887949932,MULTI_HORIZON_CANDIDATE_LEDGER,EPSG:4326-compatible longitude/latitude; CRS not embedded in Parquet,MN,Upper Midwest,Upper Midwest,True,True,True,True,True,True,False,0,False,False,False,neither
143576,-78.7931920809,38.7979801387,1472400.351700523,1885929.456695945,MULTI_HORIZON_CANDIDATE_LEDGER,EPSG:4326-compatible longitude/latitude; CRS not embedded in Parquet,VA,Southern Appalachians,Southern Appalachians,True,True,True,False,True,False,False,0,False,False,False,neither
143638,-77.4032712019,38.4875213495,1596638.9316959938,1874189.678201544,MULTI_HORIZON_CANDIDATE_LEDGER,EPSG:4326-compatible longitude/latitude; CRS not embedded in Parquet,VA,Southern Appalachians,Southern Appalachians,True,True,True,False,True,False,False,0,False,False,False,neither
143689,-77.4932492712,38.4087483448,1590720.5192954417,1864019.063001982,MULTI_HORIZON_CANDIDATE_LEDGER,EPSG:4326-compatible longitude/latitude; CRS not embedded in Parquet,VA,Southern Appalachians,Southern Appalachians,True,True,True,False,True,False,False,0,False,False,False,neither
143695,-78.9407912911,38.4241733919,1467387.527299345,1842426.9314000625,MULTI_HORIZON_CANDIDATE_LEDGER,EPSG:4326-compatible longitude/latitude; CRS not embedded in Parquet,VA,Southern Appalachians,Southern Appalachians,True,True,True,False,True,False,False,0,False,True,False,direct_60_day_only
143710,-78.1574448228,39.0436078702,1521034.0031976467,1923006.3354993323,MULTI_HORIZON_CANDIDATE_LEDGER,EPSG:4326-compatible longitude/latitude; CRS not embedded in Parquet,VA,Southern Appalachians,Southern Appalachians,True,True,True,True,True,True,False,0,False,False,False,neither
143837,-79.0301603144,37.9744024255,1468736.627802377,1791439.5915050376,MULTI_HORIZON_CANDIDATE_LEDGER,EPSG:4326-compatible longitude/latitude; CRS not embedded in Parquet,VA,Southern Appalachians,Southern Appalachians,True,True,True,True,True,True,False,0,False,False,False,neither
143887,-77.5629409131,38.4354380821,1584229.0165014437,1865790.1349949744,MULTI_HORIZON_CANDIDATE_LEDGER,EPSG:4326-compatible longitude/latitude; CRS not embedded in Parquet,VA,Southern Appalachians,Southern Appalachians,True,True,True,True,True,True,False,0,True,False,False,multi_horizon_only
1439,-93.338615891,45.0367054785,209424.08810000637,2452737.6680976665,MULTI_HORIZON_CANDIDATE_LEDGER,EPSG:4326-compatible longitude/latitude; CRS not embedded in Parquet,MN,Upper Midwest,Upper Midwest,True,True,True,False,True,False,False,0,False,False,False,neither
1440,-95.0987849518,43.8778028628,72149.1330977809,2321033.1195036788,MULTI_HORIZON_CANDIDATE_LEDGER,EPSG:4326-compatible longitude/latitude; CRS not embedded in Parquet,MN,Temporate Plains,Temperate Plains,True,True,True,True,True,True,False,0,True,True,True,both
144059,-77.254165794,39.1427412289,1594882.0446980793,1948720.4500024077,MULTI_HORIZON_CANDIDATE_LEDGER,EPSG:4326-compatible longitude/latitude; CRS not embedded in Parquet,MD,Southern Appalachians,Southern Appalachians,True,True,True,False,True,False,False,0,False,False,False,neither
1441,-94.9917848792,46.9051557932,77145.08199694527,2657602.9314949624,MULTI_HORIZON_CANDIDATE_LEDGER,EPSG:4326-compatible longitude/latitude; CRS not embedded in Parquet,MN,Upper Midwest,Upper Midwest,True,True,True,True,True,True,False,0,False,False,False,neither
144174,-77.2992292618,38.7626345525,1599427.3222034357,1906183.8272987194,MULTI_HORIZON_CANDIDATE_LEDGER,EPSG:4326-compatible longitude/latitude; CRS not embedded in Parquet,VA,Southern Appalachians,Southern Appalachians,True,True,True,False,True,False,False,0,False,False,False,neither
144208,-76.645281491,36.7571941952,1700053.7907025344,1697271.2296956014,MULTI_HORIZON_CANDIDATE_LEDGER,EPSG:4326-compatible longitude/latitude; CRS not embedded in Parquet,VA,Coastal Plains,Coastal Plains,True,True,True,False,True,False,False,0,True,True,True,both
144209,-76.1671644968,36.9009975702,1738107.9789972645,1721690.5689994078,MULTI_HORIZON_CANDIDATE_LEDGER,EPSG:4326-compatible longitude/latitude; CRS not embedded in Parquet,VA,Coastal Plains,Coastal Plains,True,True,True,False,True,False,False,0,True,False,False,multi_horizon_only
144221,-79.2785224582,37.6774574466,1453290.7088961916,1754861.504598488,MULTI_HORIZON_CANDIDATE_LEDGER,EPSG:4326-compatible longitude/latitude; CRS not embedded in Parquet,VA,Southern Appalachians,Southern Appalachians,True,True,True,False,True,False,False,0,False,False,False,neither
144247,-78.6606635285,38.0782929573,1498251.8848010874,1808662.7355965609,MULTI_HORIZON_CANDIDATE_LEDGER,EPSG:4326-compatible longitude/latitude; CRS not embedded in Parquet,VA,Southern Appalachians,Southern Appalachians,True,True,True,False,True,False,False,0,False,False,False,neither
144250,-78.6291002327,38.0950538174,1500607.301599989,1811008.1238017017,MULTI_HORIZON_CANDIDATE_LEDGER,EPSG:4326-compatible longitude/latitude; CRS not embedded in Parquet,VA,Southern Appalachians,Southern Appalachians,True,True,True,True,True,True,False,0,False,False,False,neither
144409,-77.9362233455,37.9864937109,1562052.774701386,1810215.9331969144,MULTI_HORIZON_CANDIDATE_LEDGER,EPSG:4326-compatible longitude/latitude; CRS not embedded in Parquet,VA,Southern Appalachians,Southern Appalachians,True,True,True,False,True,False,False,0,False,False,False,neither
144716,-76.551751001,37.1837081448,1698442.5716027068,1745740.8793062381,MULTI_HORIZON_CANDIDATE_LEDGER,EPSG:4326-compatible longitude/latitude; CRS not embedded in Parquet,VA,Coastal Plains,Coastal Plains,True,True,True,True,True,True,False,0,True,False,False,multi_horizon_only
1448,-95.5325124295,45.6718043514,36443.86699653194,2520506.089404259,MULTI_HORIZON_CANDIDATE_LEDGER,EPSG:4326-compatible longitude/latitude; CRS not embedded in Parquet,MN,Upper Midwest,Upper Midwest,True,True,True,True,True,True,True,1,True,True,True,both
144841,-77.6466424808,38.3454553736,1579062.4478003096,1854499.5836014152,MULTI_HORIZON_CANDIDATE_LEDGER,EPSG:4326-compatible longitude/latitude; CRS not embedded in Parquet,VA,Southern Appalachians,Southern Appalachians,True,True,True,True,True,True,False,0,False,False,False,neither
145021,-77.9227882028,37.4652100027,1574246.959600316,1753067.0766969845,MULTI_HORIZON_CANDIDATE_LEDGER,EPSG:4326-compatible longitude/latitude; CRS not embedded in Parquet,VA,Southern Appalachians,Southern Appalachians,True,True,True,True,True,True,False,0,False,False,False,neither
1451,-95.3075084098,46.0612585609,53669.11729934234,2563854.5045972466,MULTI_HORIZON_CANDIDATE_LEDGER,EPSG:4326-compatible longitude/latitude; CRS not embedded in Parquet,MN,Upper Midwest,Upper Midwest,True,True,True,True,True,True,False,0,True,False,False,multi_horizon_only
1452,-90.0665019831,47.9258395285,446686.4905031238,2783932.196702851,MULTI_HORIZON_CANDIDATE_LEDGER,EPSG:4326-compatible longitude/latitude; CRS not embedded in Parquet,MN,Upper Midwest,Upper Midwest,True,True,True,True,True,True,False,0,False,False,False,neither
145304,-76.6307356751,36.710165465,1702380.166002575,1692371.7530948976,MULTI_HORIZON_CANDIDATE_LEDGER,EPSG:4326-compatible longitude/latitude; CRS not embedded in Parquet,VA,Coastal Plains,Coastal Plains,True,True,True,True,True,True,False,0,True,False,False,multi_horizon_only
145310,-76.6079911832,36.7205764039,1704115.0351995507,1693921.597703606,MULTI_HORIZON_CANDIDATE_LEDGER,EPSG:4326-compatible longitude/latitude; CRS not embedded in Parquet,VA,Coastal Plains,Coastal Plains,True,True,True,False,True,False,False,0,True,False,False,multi_horizon_only
145447,-78.4881393229,38.0936413238,1512675.822099858,1813087.2373001566,MULTI_HORIZON_CANDIDATE_LEDGER,EPSG:4326-compatible longitude/latitude; CRS not embedded in Parquet,VA,Southern Appalachians,Southern Appalachians,True,True,True,False,True,False,False,0,False,False,False,neither
145448,-78.3135676395,37.2419335446,1545244.1613999077,1722073.5460051773,MULTI_HORIZON_CANDIDATE_LEDGER,EPSG:4326-compatible longitude/latitude; CRS not embedded in Parquet,VA,Southern Appalachians,Southern Appalachians,True,True,True,False,True,False,False,0,True,False,False,multi_horizon_only
145449,-77.8378972912,38.0565895418,1568959.6007998644,1819549.9637031797,MULTI_HORIZON_CANDIDATE_LEDGER,EPSG:4326-compatible longitude/latitude; CRS not embedded in Parquet,VA,Southern Appalachians,Southern Appalachians,True,True,True,False,True,False,False,0,True,False,False,multi_horizon_only
145450,-77.6043871668,38.2473447533,1584767.882205109,1844411.0336956093,MULTI_HORIZON_CANDIDATE_LEDGER,EPSG:4326-compatible longitude/latitude; CRS not embedded in Parquet,VA,Southern Appalachians,Southern Appalachians,True,True,True,False,True,False,False,0,False,False,False,neither
145451,-76.7112804596,37.3235461866,1681544.5040950896,1758249.9548038635,MULTI_HORIZON_CANDIDATE_LEDGER,EPSG:4326-compatible longitude/latitude; CRS not embedded in Parquet,VA,Coastal Plains,Coastal Plains,True,True,True,False,True,False,False,0,True,False,False,multi_horizon_only
145459,-79.8002760744,37.9058695988,1404048.7421985806,1772234.849899047,MULTI_HORIZON_CANDIDATE_LEDGER,EPSG:4326-compatible longitude/latitude; CRS not embedded in Parquet,VA,Southern Appalachians,Southern Appalachians,True,True,True,False,True,False,False,0,False,False,False,neither
145485,-78.8839119784,37.690150904,1486964.8097005174,1762366.1331034312,MULTI_HORIZON_CANDIDATE_LEDGER,EPSG:4326-compatible longitude/latitude; CRS not embedded in Parquet,VA,Southern Appalachians,Southern Appalachians,True,True,True,True,True,True,False,0,False,False,False,neither
145530,-78.4422558233,38.1637435065,1515150.669303551,1821542.1748023778,MULTI_HORIZON_CANDIDATE_LEDGER,EPSG:4326-compatible longitude/latitude; CRS not embedded in Parquet,VA,Southern Appalachians,Southern Appalachians,True,True,True,False,True,False,False,0,False,False,False,neither
145637,-78.0013437075,37.5764613845,1565140.889603419,1764013.6497958526,MULTI_HORIZON_CANDIDATE_LEDGER,EPSG:4326-compatible longitude/latitude; CRS not embedded in Parquet,VA,Southern Appalachians,Southern Appalachians,True,True,True,True,True,True,False,0,False,False,False,neither
1460,-93.0696231652,46.1909607189,226630.8598977475,2581544.29770525,MULTI_HORIZON_CANDIDATE_LEDGER,EPSG:4326-compatible longitude/latitude; CRS not embedded in Parquet,MN,Upper Midwest,Upper Midwest,True,True,True,False,True,False,False,0,False,False,False,neither
146084,-77.6900451489,37.4386546196,1594835.3497979036,1754026.083701552,MULTI_HORIZON_CANDIDATE_LEDGER,EPSG:4326-compatible longitude/latitude; CRS not embedded in Parquet,VA,Southern Appalachians,Southern Appalachians,True,True,True,True,True,True,False,0,True,False,False,multi_horizon_only
146085,-77.4802693751,37.4590913594,1612433.196403011,1759813.3853044976,MULTI_HORIZON_CANDIDATE_LEDGER,EPSG:4326-compatible longitude/latitude; CRS not embedded in Parquet,VA,Coastal Plains,Coastal Plains,True,True,True,False,True,False,False,0,True,False,False,multi_horizon_only
146116,-79.0841853369,37.6625632117,1470298.7091022271,1756207.5847952096,MULTI_HORIZON_CANDIDATE_LEDGER,EPSG:4326-compatible longitude/latitude; CRS not embedded in Parquet,VA,Southern Appalachians,Southern Appalachians,True,True,True,False,True,False,False,0,True,False,False,multi_horizon_only
146161,-78.5136714044,37.7760730644,1517007.7103985818,1777688.503104736,MULTI_HORIZON_CANDIDATE_LEDGER,EPSG:4326-compatible longitude/latitude; CRS not embedded in Parquet,VA,Southern Appalachians,Southern Appalachians,True,True,True,False,True,False,False,0,True,False,False,multi_horizon_only
146189,-78.3759444624,37.8919631502,1526424.2914010682,1792661.752199023,MULTI_HORIZON_CANDIDATE_LEDGER,EPSG:4326-compatible longitude/latitude; CRS not embedded in Parquet,VA,Southern Appalachians,Southern Appalachians,True,True,True,False,True,False,False,0,False,False,False,neither
1465,-94.5379777346,45.3860132835,114459.24139888953,2489536.05210519,MULTI_HORIZON_CANDIDATE_LEDGER,EPSG:4326-compatible longitude/latitude; CRS not embedded in Parquet,MN,Upper Midwest,Upper Midwest,True,True,True,True,True,True,True,2,True,True,True,both
146568,-76.5706395438,36.8678523812,1704001.5305986477,1710748.8680004003,MULTI_HORIZON_CANDIDATE_LEDGER,EPSG:4326-compatible longitude/latitude; CRS not embedded in Parquet,VA,Coastal Plains,Coastal Plains,True,True,True,True,True,True,False,0,True,False,False,multi_horizon_only
1466,-92.8090039152,45.2682016929,250220.3466033378,2479757.423897758,MULTI_HORIZON_CANDIDATE_LEDGER,EPSG:4326-compatible longitude/latitude; CRS not embedded in Parquet,MN,Upper Midwest,Upper Midwest,True,True,True,True,True,True,False,0,True,False,False,multi_horizon_only
146676,-75.5778718777,38.538506686,1749831.9664967349,1911925.2416018834,MULTI_HORIZON_CANDIDATE_LEDGER,EPSG:4326-compatible longitude/latitude; CRS not embedded in Parquet,DE,Coastal Plains,Coastal Plains,True,True,True,True,True,True,True,2,True,True,True,both
146689,-76.9102784497,37.4334723935,1661973.5915010793,1766817.9896962913,MULTI_HORIZON_CANDIDATE_LEDGER,EPSG:4326-compatible longitude/latitude; CRS not embedded in Parquet,VA,Coastal Plains,Coastal Plains,True,True,True,False,True,False,False,0,True,False,False,multi_horizon_only
146726,-78.5625792379,38.0307075712,1507605.2212039456,1804969.410498104,MULTI_HORIZON_CANDIDATE_LEDGER,EPSG:4326-compatible longitude/latitude; CRS not embedded in Parquet,VA,Southern Appalachians,Southern Appalachians,True,True,True,True,True,True,False,0,False,False,False,neither
1470,-93.4397800719,45.5733424337,199858.0747999779,2512168.99459517,MULTI_HORIZON_CANDIDATE_LEDGER,EPSG:4326-compatible longitude/latitude; CRS not embedded in Parquet,MN,Upper Midwest,Upper Midwest,True,True,True,False,True,False,False,0,True,False,False,multi_horizon_only
1471,-93.7070957531,46.4434068471,176665.236296492,2608175.642598193,MULTI_HORIZON_CANDIDATE_LEDGER,EPSG:4326-compatible longitude/latitude; CRS not embedded in Parquet,MN,Upper Midwest,Upper Midwest,True,True,True,False,True,False,False,0,False,False,False,neither
147176,-76.5687796442,36.8614681756,1704307.6074022027,1710081.8200995047,MULTI_HORIZON_CANDIDATE_LEDGER,EPSG:4326-compatible longitude/latitude; CRS not embedded in Parquet,VA,Coastal Plains,Coastal Plains,True,True,True,True,True,True,False,0,True,True,True,both
147316,-78.4561293318,37.1825029358,1534153.5719023363,1713218.1519978717,MULTI_HORIZON_CANDIDATE_LEDGER,EPSG:4326-compatible longitude/latitude; CRS not embedded in Parquet,VA,Southern Appalachians,Southern Appalachians,True,True,True,False,True,False,False,0,False,False,False,neither
147320,-79.6080364857,37.8029620821,1422525.3735966955,1763729.0385959102,MULTI_HORIZON_CANDIDATE_LEDGER,EPSG:4326-compatible longitude/latitude; CRS not embedded in Parquet,VA,Southern Appalachians,Southern Appalachians,True,True,True,True,True,True,False,0,False,False,False,neither
147336,-79.1156206647,37.6764000831,1467321.1567965217,1757248.0414015464,MULTI_HORIZON_CANDIDATE_LEDGER,EPSG:4326-compatible longitude/latitude; CRS not embedded in Parquet,VA,Southern Appalachians,Southern Appalachians,True,True,True,False,True,False,False,0,False,False,False,neither
147679,-77.1811532348,37.3469366328,1640610.0967004003,1752605.7971001146,MULTI_HORIZON_CANDIDATE_LEDGER,EPSG:4326-compatible longitude/latitude; CRS not embedded in Parquet,VA,Coastal Plains,Coastal Plains,True,True,True,False,True,False,False,0,True,False,False,multi_horizon_only
14775,-93.0702130418,44.9102895586,230971.94109757844,2439297.458596724,MULTI_HORIZON_CANDIDATE_LEDGER,EPSG:4326-compatible longitude/latitude; CRS not embedded in Parquet,MN,Upper Midwest,Upper Midwest,True,True,True,True,True,True,True,1,True,True,True,both
1478,-94.0407005828,44.963972621,154353.18780107264,2443302.679796572,MULTI_HORIZON_CANDIDATE_LEDGER,EPSG:4326-compatible longitude/latitude; CRS not embedded in Parquet,MN,Upper Midwest,Upper Midwest,True,True,True,True,True,True,True,2,True,True,True,both
147878,-75.5461810043,38.6434140713,1749994.0028014458,1923996.6194987893,MULTI_HORIZON_CANDIDATE_LEDGER,EPSG:4326-compatible longitude/latitude; CRS not embedded in Parquet,DE,Coastal Plains,Coastal Plains,True,True,True,True,True,True,False,0,True,True,True,both
147884,-79.9842308114,37.9568188834,1387299.4563003585,1775161.895302929,MULTI_HORIZON_CANDIDATE_LEDGER,EPSG:4326-compatible longitude/latitude; CRS not embedded in Parquet,VA,Southern Appalachians,Southern Appalachians,True,True,True,False,True,False,False,0,False,False,False,neither
147886,-76.8421385185,37.3581958144,1669514.6216967264,1759746.611098121,MULTI_HORIZON_CANDIDATE_LEDGER,EPSG:4326-compatible longitude/latitude; CRS not embedded in Parquet,VA,Coastal Plains,Coastal Plains,True,True,True,False,True,False,False,0,False,False,False,neither
147887,-76.6404364793,36.8408996751,1698576.1726996275,1706542.2095051622,MULTI_HORIZON_CANDIDATE_LEDGER,EPSG:4326-compatible longitude/latitude; CRS not embedded in Parquet,VA,Coastal Plains,Coastal Plains,True,True,True,True,True,True,False,0,True,False,False,multi_horizon_only
147888,-76.6102579501,36.8010998099,1702090.6805965635,1702715.3548012292,MULTI_HORIZON_CANDIDATE_LEDGER,EPSG:4326-compatible longitude/latitude; CRS not embedded in Parquet,VA,Coastal Plains,Coastal Plains,True,True,True,False,True,False,False,0,True,False,False,multi_horizon_only
147889,-76.4656246733,37.1386884194,1706887.788596653,1742344.9382951967,MULTI_HORIZON_CANDIDATE_LEDGER,EPSG:4326-compatible longitude/latitude; CRS not embedded in Parquet,VA,Coastal Plains,Coastal Plains,True,True,True,False,True,False,False,0,True,False,False,multi_horizon_only
147891,-76.7024775629,37.3056376005,1682706.0716948942,1756440.0918042408,MULTI_HORIZON_CANDIDATE_LEDGER,EPSG:4326-compatible longitude/latitude; CRS not embedded in Parquet,VA,Coastal Plains,Coastal Plains,True,True,True,True,True,True,False,0,False,False,False,neither
147892,-75.5890366821,38.6528434051,1746158.7018995052,1924240.8817006983,MULTI_HORIZON_CANDIDATE_LEDGER,EPSG:4326-compatible longitude/latitude; CRS not embedded in Parquet,DE,Coastal Plains,Coastal Plains,True,True,True,False,True,False,False,0,True,False,False,multi_horizon_only
14794,-94.8744265557,47.6159974728,85193.6984989724,2736291.107902213,MULTI_HORIZON_CANDIDATE_LEDGER,EPSG:4326-compatible longitude/latitude; CRS not embedded in Parquet,MN,Upper Midwest,Upper Midwest,True,True,True,True,True,True,False,0,False,False,False,neither
148028,-78.0691084404,38.4768557375,1540389.9356023036,1862026.5771970255,MULTI_HORIZON_CANDIDATE_LEDGER,EPSG:4326-compatible longitude/latitude; CRS not embedded in Parquet,VA,Southern Appalachians,Southern Appalachians,True,True,True,False,True,False,False,0,False,False,False,neither
148032,-78.0255261516,38.4657708996,1544322.863602162,1861513.5429045605,MULTI_HORIZON_CANDIDATE_LEDGER,EPSG:4326-compatible longitude/latitude; CRS not embedded in Parquet,VA,Southern Appalachians,Southern Appalachians,True,True,True,False,True,False,False,0,True,False,False,multi_horizon_only
148037,-78.0189347534,38.2261653918,1549933.6148020402,1835243.465202678,MULTI_HORIZON_CANDIDATE_LEDGER,EPSG:4326-compatible longitude/latitude; CRS not embedded in Parquet,VA,Southern Appalachians,Southern Appalachians,True,True,True,True,True,True,False,0,False,False,False,neither
148049,-77.9879824823,37.576475347,1566288.529503191,1764235.3188000042,MULTI_HORIZON_CANDIDATE_LEDGER,EPSG:4326-compatible longitude/latitude; CRS not embedded in Parquet,VA,Southern Appalachians,Southern Appalachians,True,True,True,False,True,False,False,0,True,False,False,multi_horizon_only
14815,-93.2838390165,44.9691104139,213948.26629842006,2445340.8972026203,MULTI_HORIZON_CANDIDATE_LEDGER,EPSG:4326-compatible longitude/latitude; CRS not embedded in Parquet,MN,Upper Midwest,Upper Midwest,True,True,True,True,True,True,True,1,True,False,False,multi_horizon_only
148345,-76.5789136241,36.876973563,1703078.6083972682,1711601.232700443,MULTI_HORIZON_CANDIDATE_LEDGER,EPSG:4326-compatible longitude/latitude; CRS not embedded in Parquet,VA,Coastal Plains,Coastal Plains,True,True,True,False,True,False,False,0,True,False,False,multi_horizon_only
148481,-75.559341978,38.5587425444,1750911.0104993423,1914482.4888051283,MULTI_HORIZON_CANDIDATE_LEDGER,EPSG:4326-compatible longitude/latitude; CRS not embedded in Parquet,DE,Coastal Plains,Coastal Plains,True,True,True,True,True,True,True,3,True,True,True,both
148485,-75.3745902796,38.3314076907,1771975.3632016103,1893018.1014994802,MULTI_HORIZON_CANDIDATE_LEDGER,EPSG:4326-compatible longitude/latitude; CRS not embedded in Parquet,MD,Coastal Plains,Coastal Plains,True,True,True,False,True,False,False,0,True,False,False,multi_horizon_only
148488,-77.6630345685,37.2765818247,1600641.6175979285,1736654.1036996087,MULTI_HORIZON_CANDIDATE_LEDGER,EPSG:4326-compatible longitude/latitude; CRS not embedded in Parquet,VA,Southern Appalachians,Southern Appalachians,True,True,True,False,True,False,False,0,True,False,False,multi_horizon_only
148489,-76.6325335942,36.8078479347,1700009.4031016475,1703057.0174027178,MULTI_HORIZON_CANDIDATE_LEDGER,EPSG:4326-compatible longitude/latitude; CRS not embedded in Parquet,VA,Coastal Plains,Coastal Plains,True,True,True,True,True,True,False,0,True,False,False,multi_horizon_only
148490,-76.607351166,36.7553965061,1703379.9506012746,1697753.1960962247,MULTI_HORIZON_CANDIDATE_LEDGER,EPSG:4326-compatible longitude/latitude; CRS not embedded in Parquet,VA,Coastal Plains,Coastal Plains,True,True,True,True,True,True,True,1,True,False,False,multi_horizon_only
148540,-78.6355817272,37.3961494121,1514286.6916000473,1733878.957203458,MULTI_HORIZON_CANDIDATE_LEDGER,EPSG:4326-compatible longitude/latitude; CRS not embedded in Parquet,VA,Southern Appalachians,Southern Appalachians,True,True,True,True,True,True,False,0,False,False,False,neither
1486,-91.7296683198,47.8942320257,321737.0907022745,2773726.1953949463,MULTI_HORIZON_CANDIDATE_LEDGER,EPSG:4326-compatible longitude/latitude; CRS not embedded in Parquet,MN,Upper Midwest,Upper Midwest,True,True,True,True,True,True,False,0,False,False,False,neither
148778,-77.5547253341,38.3142912082,1587545.1246970273,1852603.1587949656,MULTI_HORIZON_CANDIDATE_LEDGER,EPSG:4326-compatible longitude/latitude; CRS not embedded in Parquet,VA,Southern Appalachians,Southern Appalachians,True,True,True,False,True,False,False,0,False,False,False,neither
148780,-77.5398034467,37.6921858203,1602272.6619017846,1784437.0043998593,MULTI_HORIZON_CANDIDATE_LEDGER,EPSG:4326-compatible longitude/latitude; CRS not embedded in Parquet,VA,Southern Appalachians,Southern Appalachians,True,True,True,False,True,False,False,0,False,False,False,neither
14882,-92.8278111473,45.3218697814,248546.96830088488,2485672.5603046333,MULTI_HORIZON_CANDIDATE_LEDGER,EPSG:4326-compatible longitude/latitude; CRS not embedded in Parquet,MN,Upper Midwest,Upper Midwest,True,True,True,True,True,True,False,0,True,True,True,both
1489,-93.9632281989,46.3780272157,157089.1137022363,2600479.6266966434,MULTI_HORIZON_CANDIDATE_LEDGER,EPSG:4326-compatible longitude/latitude; CRS not embedded in Parquet,MN,Upper Midwest,Upper Midwest,True,True,True,False,True,False,False,0,False,False,False,neither
149106,-79.3803951292,36.3789501553,1469842.5438976327,1610032.228898758,MULTI_HORIZON_CANDIDATE_LEDGER,EPSG:4326-compatible longitude/latitude; CRS not embedded in Parquet,NC,Southern Appalachians,Southern Appalachians,True,True,True,True,True,True,False,0,True,False,False,multi_horizon_only
149109,-80.4288421934,36.6821165043,1372437.5530011838,1627829.2762990613,MULTI_HORIZON_CANDIDATE_LEDGER,EPSG:4326-compatible longitude/latitude; CRS not embedded in Parquet,VA,Southern Appalachians,Southern Appalachians,True,True,True,False,True,False,False,0,False,False,False,neither
149116,-80.1098521291,36.8010946052,1398074.9692037185,1645626.5858009532,MULTI_HORIZON_CANDIDATE_LEDGER,EPSG:4326-compatible longitude/latitude; CRS not embedded in Parquet,VA,Southern Appalachians,Southern Appalachians,True,True,True,False,True,False,False,0,False,False,False,neither
149391,-77.0346343915,36.9067796317,1662991.8410020561,1706802.1206989437,MULTI_HORIZON_CANDIDATE_LEDGER,EPSG:4326-compatible longitude/latitude; CRS not embedded in Parquet,VA,Coastal Plains,Coastal Plains,True,True,True,True,True,True,False,0,True,False,False,multi_horizon_only
149463,-80.0796737798,36.8076823743,1400582.2431976688,1646798.7221010989,MULTI_HORIZON_CANDIDATE_LEDGER,EPSG:4326-compatible longitude/latitude; CRS not embedded in Parquet,VA,Southern Appalachians,Southern Appalachians,True,True,True,False,True,False,False,0,False,False,False,neither
149464,-79.8665565573,36.7445605591,1420346.685901511,1642990.1152026765,MULTI_HORIZON_CANDIDATE_LEDGER,EPSG:4326-compatible longitude/latitude; CRS not embedded in Parquet,VA,Southern Appalachians,Southern Appalachians,True,True,True,True,True,True,False,0,False,False,False,neither
149465,-79.9569801339,37.3726862827,1400636.776002958,1711024.2455965523,MULTI_HORIZON_CANDIDATE_LEDGER,EPSG:4326-compatible longitude/latitude; CRS not embedded in Parquet,VA,Southern Appalachians,Southern Appalachians,True,True,True,True,True,True,False,0,False,False,False,neither
149479,-80.1031415724,36.1517783938,1410770.0926030988,1574005.596397752,MULTI_HORIZON_CANDIDATE_LEDGER,EPSG:4326-compatible longitude/latitude; CRS not embedded in Parquet,NC,Southern Appalachians,Southern Appalachians,True,True,True,True,True,True,False,0,False,False,False,neither
149588,-78.8017330081,36.9213106321,1509533.3130023251,1678904.2556035044,MULTI_HORIZON_CANDIDATE_LEDGER,EPSG:4326-compatible longitude/latitude; CRS not embedded in Parquet,VA,Southern Appalachians,Southern Appalachians,True,True,True,False,True,False,False,0,False,False,False,neither
150097,-77.0784358368,37.0559161122,1655896.835199173,1722416.831101778,MULTI_HORIZON_CANDIDATE_LEDGER,EPSG:4326-compatible longitude/latitude; CRS not embedded in Parquet,VA,Coastal Plains,Coastal Plains,True,True,True,False,True,False,False,0,True,False,False,multi_horizon_only
150204,-80.3929167355,36.678231444,1375646.6866012958,1627919.3005990405,MULTI_HORIZON_CANDIDATE_LEDGER,EPSG:4326-compatible longitude/latitude; CRS not embedded in Parquet,VA,Southern Appalachians,Southern Appalachians,True,True,True,False,True,False,False,0,False,False,False,neither
150205,-79.4241166061,37.0620945337,1452733.3784979042,1684730.4281006148,MULTI_HORIZON_CANDIDATE_LEDGER,EPSG:4326-compatible longitude/latitude; CRS not embedded in Parquet,VA,Southern Appalachians,Southern Appalachians,True,True,True,False,True,False,False,0,False,False,False,neither
150207,-77.9403334033,36.4931646346,1593310.735299495,1645822.8318045912,MULTI_HORIZON_CANDIDATE_LEDGER,EPSG:4326-compatible longitude/latitude; CRS not embedded in Parquet,NC,Southern Appalachians,Southern Appalachians,True,True,True,False,True,False,False,0,False,False,False,neither
150208,-77.7371817474,36.7901190976,1604659.9894003023,1681902.832600629,MULTI_HORIZON_CANDIDATE_LEDGER,EPSG:4326-compatible longitude/latitude; CRS not embedded in Parquet,VA,Southern Appalachians,Southern Appalachians,True,True,True,False,True,False,False,0,True,False,False,multi_horizon_only
150210,-76.4697355202,36.6028256608,1718785.6162029912,1683495.433495827,MULTI_HORIZON_CANDIDATE_LEDGER,EPSG:4326-compatible longitude/latitude; CRS not embedded in Parquet,VA,Coastal Plains,Coastal Plains,True,True,True,True,True,True,False,0,False,False,False,neither
150251,-79.8200597988,37.315105311,1413568.7052966256,1706691.285598361,MULTI_HORIZON_CANDIDATE_LEDGER,EPSG:4326-compatible longitude/latitude; CRS not embedded in Parquet,VA,Southern Appalachians,Southern Appalachians,True,True,True,False,True,False,False,0,False,False,False,neither
150376,-78.2094038597,36.6996758378,1565546.4945983416,1664075.2975982707,MULTI_HORIZON_CANDIDATE_LEDGER,EPSG:4326-compatible longitude/latitude; CRS not embedded in Parquet,VA,Southern Appalachians,Southern Appalachians,True,True,True,False,True,False,False,0,True,False,False,multi_horizon_only
150428,-77.5618073137,36.6975996416,1621874.8303025237,1674707.1702988707,MULTI_HORIZON_CANDIDATE_LEDGER,EPSG:4326-compatible longitude/latitude; CRS not embedded in Parquet,VA,Coastal Plains,Coastal Plains,True,True,True,False,True,False,False,0,True,False,False,multi_horizon_only
150588,-79.0177211582,36.4268508445,1500625.3776032063,1620982.2106975513,MULTI_HORIZON_CANDIDATE_LEDGER,EPSG:4326-compatible longitude/latitude; CRS not embedded in Parquet,NC,Southern Appalachians,Southern Appalachians,True,True,True,True,True,True,False,0,False,False,False,neither
150590,-78.4149368123,36.4116132896,1553605.2461974712,1628989.8699031575,MULTI_HORIZON_CANDIDATE_LEDGER,EPSG:4326-compatible longitude/latitude; CRS not embedded in Parquet,NC,Southern Appalachians,Southern Appalachians,True,True,True,False,True,False,False,0,False,False,False,neither
150591,-77.9034106721,36.7850396552,1590339.8174037861,1678549.8301986847,MULTI_HORIZON_CANDIDATE_LEDGER,EPSG:4326-compatible longitude/latitude; CRS not embedded in Parquet,VA,Southern Appalachians,Southern Appalachians,True,True,True,False,True,False,False,0,True,False,False,multi_horizon_only
150733,-78.5001137516,37.0572699664,1532920.4270969268,1698713.2771027582,MULTI_HORIZON_CANDIDATE_LEDGER,EPSG:4326-compatible longitude/latitude; CRS not embedded in Parquet,VA,Southern Appalachians,Southern Appalachians,True,True,True,False,True,False,False,0,True,False,False,multi_horizon_only
150962,-79.1542023218,36.3308267549,1490589.0633041025,1608248.3911989527,MULTI_HORIZON_CANDIDATE_LEDGER,EPSG:4326-compatible longitude/latitude; CRS not embedded in Parquet,NC,Southern Appalachians,Southern Appalachians,True,True,True,True,True,True,True,1,True,False,False,multi_horizon_only
151349,-79.6227260561,37.0145810224,1436413.6390021672,1676467.3015012415,MULTI_HORIZON_CANDIDATE_LEDGER,EPSG:4326-compatible longitude/latitude; CRS not embedded in Parquet,VA,Southern Appalachians,Southern Appalachians,True,True,True,False,True,False,False,0,False,False,False,neither
1515,-92.2654395588,46.9444189622,285516.53399706085,2667150.3582945876,MULTI_HORIZON_CANDIDATE_LEDGER,EPSG:4326-compatible longitude/latitude; CRS not embedded in Parquet,MN,Upper Midwest,Upper Midwest,True,True,True,False,True,False,False,0,False,False,False,neither
15162,-95.0028218078,49.0764065344,73788.4393979629,2897000.0606034547,MULTI_HORIZON_CANDIDATE_LEDGER,EPSG:4326-compatible longitude/latitude; CRS not embedded in Parquet,MN,Upper Midwest,Upper Midwest,True,True,True,False,True,False,False,0,True,False,False,multi_horizon_only
151700,-76.4590912289,35.7695935759,1738762.6954023049,1592334.603303385,MULTI_HORIZON_CANDIDATE_LEDGER,EPSG:4326-compatible longitude/latitude; CRS not embedded in Parquet,NC,Coastal Plains,Coastal Plains,True,True,True,True,True,True,False,0,True,False,False,multi_horizon_only
151760,-79.4334659767,36.8586139352,1455876.6780998874,1662133.712199212,MULTI_HORIZON_CANDIDATE_LEDGER,EPSG:4326-compatible longitude/latitude; CRS not embedded in Parquet,VA,Southern Appalachians,Southern Appalachians,True,True,True,False,True,False,False,0,True,False,False,multi_horizon_only
152064,-78.7198034653,36.0296073312,1534707.9313995878,1581969.301000826,MULTI_HORIZON_CANDIDATE_LEDGER,EPSG:4326-compatible longitude/latitude; CRS not embedded in Parquet,NC,Southern Appalachians,Southern Appalachians,True,True,True,False,True,False,False,0,False,False,False,neither
152360,-77.1048630745,34.9328764985,1700571.0605025734,1488909.5121955238,MULTI_HORIZON_CANDIDATE_LEDGER,EPSG:4326-compatible longitude/latitude; CRS not embedded in Parquet,NC,Coastal Plains,Coastal Plains,True,True,True,True,True,True,False,0,True,True,True,both
152390,-78.6420187985,35.6698326802,1548856.5060029356,1543614.3728057873,MULTI_HORIZON_CANDIDATE_LEDGER,EPSG:4326-compatible longitude/latitude; CRS not embedded in Parquet,NC,Southern Appalachians,Southern Appalachians,True,True,True,True,True,True,False,0,False,False,False,neither
152395,-76.1487773486,35.5087863535,1772029.8243963113,1569493.6622009184,MULTI_HORIZON_CANDIDATE_LEDGER,EPSG:4326-compatible longitude/latitude; CRS not embedded in Parquet,NC,Coastal Plains,Coastal Plains,True,True,True,False,True,False,False,0,True,False,False,multi_horizon_only
152693,-78.6760499729,36.0513627318,1538109.0635984968,1585072.704303326,MULTI_HORIZON_CANDIDATE_LEDGER,EPSG:4326-compatible longitude/latitude; CRS not embedded in Parquet,NC,Southern Appalachians,Southern Appalachians,True,True,True,True,True,True,False,0,True,False,False,multi_horizon_only
1528,-93.6509347265,47.324443283,178580.9625986155,2705781.4914959557,MULTI_HORIZON_CANDIDATE_LEDGER,EPSG:4326-compatible longitude/latitude; CRS not embedded in Parquet,MN,Upper Midwest,Upper Midwest,True,True,True,False,True,False,False,0,False,False,False,neither
152959,-78.887924789,36.1355780159,1517813.6826993295,1590943.0776953278,MULTI_HORIZON_CANDIDATE_LEDGER,EPSG:4326-compatible longitude/latitude; CRS not embedded in Parquet,NC,Southern Appalachians,Southern Appalachians,True,True,True,True,True,True,True,2,True,False,False,multi_horizon_only
153252,-79.1743765599,36.1512467149,1492365.139997244,1588133.298604072,MULTI_HORIZON_CANDIDATE_LEDGER,EPSG:4326-compatible longitude/latitude; CRS not embedded in Parquet,NC,Southern Appalachians,Southern Appalachians,True,True,True,True,True,True,False,0,True,False,False,multi_horizon_only
153255,-76.2301099547,35.4917689757,1765268.309099354,1566116.3395012226,MULTI_HORIZON_CANDIDATE_LEDGER,EPSG:4326-compatible longitude/latitude; CRS not embedded in Parquet,NC,Coastal Plains,Coastal Plains,True,True,True,False,True,False,False,0,True,False,False,multi_horizon_only
1534,-94.1627005193,45.1085446172,144432.31509918577,2459194.0016984604,MULTI_HORIZON_CANDIDATE_LEDGER,EPSG:4326-compatible longitude/latitude; CRS not embedded in Parquet,MN,Upper Midwest,Upper Midwest,True,True,True,False,True,False,False,0,True,False,False,multi_horizon_only
153841,-78.7116223119,35.6946501851,1542211.904596955,1545214.821298181,MULTI_HORIZON_CANDIDATE_LEDGER,EPSG:4326-compatible longitude/latitude; CRS not embedded in Parquet,NC,Southern Appalachians,Southern Appalachians,True,True,True,False,True,False,False,0,True,False,False,multi_horizon_only
153842,-78.8372961596,36.1598036248,1521768.1810024595,1594421.8851002138,MULTI_HORIZON_CANDIDATE_LEDGER,EPSG:4326-compatible longitude/latitude; CRS not embedded in Parquet,NC,Southern Appalachians,Southern Appalachians,True,True,True,True,True,True,False,0,True,False,False,multi_horizon_only
1539,-92.8195669652,45.1668551859,249769.51689650808,2468464.2008019835,MULTI_HORIZON_CANDIDATE_LEDGER,EPSG:4326-compatible longitude/latitude; CRS not embedded in Parquet,MN,Upper Midwest,Upper Midwest,True,True,True,True,True,True,False,0,False,False,False,neither
1540,-92.6780255495,46.4819396073,255777.16809776952,2614786.3849040447,MULTI_HORIZON_CANDIDATE_LEDGER,EPSG:4326-compatible longitude/latitude; CRS not embedded in Parquet,MN,Upper Midwest,Upper Midwest,True,True,True,False,True,False,False,0,False,False,False,neither
15414,-92.416602257,47.1098625159,273275.2517013784,2684998.6518008886,MULTI_HORIZON_CANDIDATE_LEDGER,EPSG:4326-compatible longitude/latitude; CRS not embedded in Parquet,MN,Upper Midwest,Upper Midwest,True,True,True,True,True,True,False,0,False,False,False,neither
154146,-78.7713369527,36.1690037252,1527366.7323030264,1596493.5862043807,MULTI_HORIZON_CANDIDATE_LEDGER,EPSG:4326-compatible longitude/latitude; CRS not embedded in Parquet,NC,Southern Appalachians,Southern Appalachians,True,True,True,True,True,True,False,0,True,False,False,multi_horizon_only
154148,-77.9008073679,35.8628129989,1610119.8780968823,1577165.5571024064,MULTI_HORIZON_CANDIDATE_LEDGER,EPSG:4326-compatible longitude/latitude; CRS not embedded in Parquet,NC,Coastal Plains,Coastal Plains,True,True,True,False,True,False,False,0,True,False,False,multi_horizon_only
154409,-79.7767296805,36.1662313829,1439183.5314035988,1580495.6030016523,MULTI_HORIZON_CANDIDATE_LEDGER,EPSG:4326-compatible longitude/latitude; CRS not embedded in Parquet,NC,Southern Appalachians,Southern Appalachians,True,True,True,True,True,True,False,0,False,False,False,neither
154413,-79.1032548232,35.8971908373,1503638.7046007793,1561250.6184021225,MULTI_HORIZON_CANDIDATE_LEDGER,EPSG:4326-compatible longitude/latitude; CRS not embedded in Parquet,NC,Southern Appalachians,Southern Appalachians,True,True,True,True,True,True,False,0,True,False,False,multi_horizon_only
154429,-79.8960849853,36.154334297,1428922.025804061,1577381.3331955932,MULTI_HORIZON_CANDIDATE_LEDGER,EPSG:4326-compatible longitude/latitude; CRS not embedded in Parquet,NC,Southern Appalachians,Southern Appalachians,True,True,True,True,True,True,False,0,False,False,False,neither
154651,-78.6017184511,34.687541912,1572424.1702973875,1436186.7031003572,MULTI_HORIZON_CANDIDATE_LEDGER,EPSG:4326-compatible longitude/latitude; CRS not embedded in Parquet,NC,Coastal Plains,Coastal Plains,True,True,True,False,True,False,False,0,False,False,False,neither
154664,-78.4981337086,34.6428749754,1582595.0713050656,1432994.3223973084,MULTI_HORIZON_CANDIDATE_LEDGER,EPSG:4326-compatible longitude/latitude; CRS not embedded in Parquet,NC,Coastal Plains,Coastal Plains,True,True,True,True,True,True,False,0,True,False,False,multi_horizon_only
1547,-93.6802972527,44.8652497798,183008.66450293476,2432957.2781973416,MULTI_HORIZON_CANDIDATE_LEDGER,EPSG:4326-compatible longitude/latitude; CRS not embedded in Parquet,MN,Upper Midwest,Upper Midwest,True,True,True,True,True,True,False,0,True,True,True,both
1548,-93.4289030987,44.8783516615,202797.88800097714,2434925.4758007675,MULTI_HORIZON_CANDIDATE_LEDGER,EPSG:4326-compatible longitude/latitude; CRS not embedded in Parquet,MN,Upper Midwest,Upper Midwest,True,True,True,True,True,True,True,1,False,False,False,neither
155020,-79.9960479741,36.0182724949,1422690.3968988403,1560860.9273036448,MULTI_HORIZON_CANDIDATE_LEDGER,EPSG:4326-compatible longitude/latitude; CRS not embedded in Parquet,NC,Southern Appalachians,Southern Appalachians,True,True,True,False,True,False,False,0,False,False,False,neither
155021,-79.8606620252,35.8589302943,1437625.9224008527,1545310.1144986525,MULTI_HORIZON_CANDIDATE_LEDGER,EPSG:4326-compatible longitude/latitude; CRS not embedded in Parquet,NC,Southern Appalachians,Southern Appalachians,True,True,True,True,True,True,False,0,False,False,False,neither
155023,-79.4245528047,36.205556733,1469347.1768011502,1590223.8059026562,MULTI_HORIZON_CANDIDATE_LEDGER,EPSG:4326-compatible longitude/latitude; CRS not embedded in Parquet,NC,Southern Appalachians,Southern Appalachians,True,True,True,False,True,False,False,0,True,False,False,multi_horizon_only
155024,-79.3231788758,36.1143453064,1480024.854197698,1581737.5414007055,MULTI_HORIZON_CANDIDATE_LEDGER,EPSG:4326-compatible longitude/latitude; CRS not embedded in Parquet,NC,Southern Appalachians,Southern Appalachians,True,True,True,False,True,False,False,0,False,False,False,neither
1551,-95.8908039582,46.3524194136,8425.815703359362,2595961.702002042,MULTI_HORIZON_CANDIDATE_LEDGER,EPSG:4326-compatible longitude/latitude; CRS not embedded in Parquet,MN,Upper Midwest,Upper Midwest,True,True,True,False,True,False,False,0,False,False,False,neither
155321,-79.4098598148,36.1356647105,1471995.9591989615,1582742.3972007586,MULTI_HORIZON_CANDIDATE_LEDGER,EPSG:4326-compatible longitude/latitude; CRS not embedded in Parquet,NC,Southern Appalachians,Southern Appalachians,True,True,True,False,True,False,False,0,True,False,False,multi_horizon_only
155322,-79.3217622049,36.1043234407,1480345.2512033323,1580654.4798999876,MULTI_HORIZON_CANDIDATE_LEDGER,EPSG:4326-compatible longitude/latitude; CRS not embedded in Parquet,NC,Southern Appalachians,Southern Appalachians,True,True,True,False,True,False,False,0,True,False,False,multi_horizon_only
1556,-93.109261174,45.1695663144,227017.1069968882,2468038.909300588,MULTI_HORIZON_CANDIDATE_LEDGER,EPSG:4326-compatible longitude/latitude; CRS not embedded in Parquet,MN,Upper Midwest,Upper Midwest,True,True,True,False,True,False,False,0,True,True,True,both
155604,-79.8625645592,36.1723355342,1431527.023598233,1579872.9341024961,MULTI_HORIZON_CANDIDATE_LEDGER,EPSG:4326-compatible longitude/latitude; CRS not embedded in Parquet,NC,Southern Appalachians,Southern Appalachians,True,True,True,True,True,True,False,0,False,False,False,neither
155605,-79.6955504559,36.2931324284,1443887.8832989708,1595732.3880005134,MULTI_HORIZON_CANDIDATE_LEDGER,EPSG:4326-compatible longitude/latitude; CRS not embedded in Parquet,NC,Southern Appalachians,Southern Appalachians,True,True,True,True,True,True,False,0,False,False,False,neither
155606,-78.4601233804,34.5917181298,1587043.0466951744,1428003.766904395,MULTI_HORIZON_CANDIDATE_LEDGER,EPSG:4326-compatible longitude/latitude; CRS not embedded in Parquet,NC,Coastal Plains,Coastal Plains,True,True,True,True,True,True,False,0,True,False,False,multi_horizon_only
156,-94.647390041,43.9766178338,108127.84540031197,2332481.5653988672,MULTI_HORIZON_CANDIDATE_LEDGER,EPSG:4326-compatible longitude/latitude; CRS not embedded in Parquet,MN,Temporate Plains,Temperate Plains,True,True,True,True,True,True,False,0,True,True,True,both
156208,-79.2388712691,35.9532081316,1490595.5456966297,1565288.7042032285,MULTI_HORIZON_CANDIDATE_LEDGER,EPSG:4326-compatible longitude/latitude; CRS not embedded in Parquet,NC,Southern Appalachians,Southern Appalachians,True,True,True,True,True,True,False,0,True,False,False,multi_horizon_only
156240,-79.7296146254,36.3408538244,1439990.1315998805,1600482.3661016263,MULTI_HORIZON_CANDIDATE_LEDGER,EPSG:4326-compatible longitude/latitude; CRS not embedded in Parquet,NC,Southern Appalachians,Southern Appalachians,True,True,True,True,True,True,False,0,True,False,False,multi_horizon_only
156272,-79.4851231533,35.8037905328,1471811.365196141,1544975.6331991302,MULTI_HORIZON_CANDIDATE_LEDGER,EPSG:4326-compatible longitude/latitude; CRS not embedded in Parquet,NC,Southern Appalachians,Southern Appalachians,True,True,True,False,True,False,False,0,True,False,False,multi_horizon_only
1564,-94.1938691908,46.6903142154,138645.1628990965,2634721.6403984074,MULTI_HORIZON_CANDIDATE_LEDGER,EPSG:4326-compatible longitude/latitude; CRS not embedded in Parquet,MN,Upper Midwest,Upper Midwest,True,True,True,False,True,False,False,0,False,False,False,neither
156498,-79.9450112054,35.9968750186,1427587.0824980966,1559264.1265053106,MULTI_HORIZON_CANDIDATE_LEDGER,EPSG:4326-compatible longitude/latitude; CRS not embedded in Parquet,NC,Southern Appalachians,Southern Appalachians,True,True,True,True,True,True,False,0,False,False,False,neither
156499,-79.526888416,36.0423718518,1463518.9118029037,1570644.7361036874,MULTI_HORIZON_CANDIDATE_LEDGER,EPSG:4326-compatible longitude/latitude; CRS not embedded in Parquet,NC,Southern Appalachians,Southern Appalachians,True,True,True,True,True,True,False,0,False,False,False,neither
156501,-79.0348395675,35.7060397002,1513462.7488004959,1541272.9769016756,MULTI_HORIZON_CANDIDATE_LEDGER,EPSG:4326-compatible longitude/latitude; CRS not embedded in Parquet,NC,Southern Appalachians,Southern Appalachians,True,True,True,False,True,False,False,0,False,False,False,neither
156502,-78.9245060637,35.5912414784,1525496.6168014384,1530390.7524044625,MULTI_HORIZON_CANDIDATE_LEDGER,EPSG:4326-compatible longitude/latitude; CRS not embedded in Parquet,NC,Southern Appalachians,Southern Appalachians,True,True,True,False,True,False,False,0,False,False,False,neither
1568,-93.3791458059,47.8337474453,197686.92089880977,2762549.1653015725,MULTI_HORIZON_CANDIDATE_LEDGER,EPSG:4326-compatible longitude/latitude; CRS not embedded in Parquet,MN,Upper Midwest,Upper Midwest,True,True,True,True,True,True,False,0,False,False,False,neither
157187,-78.8594019129,34.1608950622,1559953.909701306,1374022.2662055306,MULTI_HORIZON_CANDIDATE_LEDGER,EPSG:4326-compatible longitude/latitude; CRS not embedded in Parquet,NC,Coastal Plains,Coastal Plains,True,True,True,True,True,True,True,2,True,False,False,multi_horizon_only
1572,-95.3410363247,45.9294739129,51172.12319967238,2549209.0049946923,MULTI_HORIZON_CANDIDATE_LEDGER,EPSG:4326-compatible longitude/latitude; CRS not embedded in Parquet,MN,Upper Midwest,Upper Midwest,True,True,True,True,True,True,False,0,True,False,False,multi_horizon_only
157213,-81.2462956839,36.1215499939,1310692.4693984706,1554295.63660119,MULTI_HORIZON_CANDIDATE_LEDGER,EPSG:4326-compatible longitude/latitude; CRS not embedded in Parquet,NC,Southern Appalachians,Southern Appalachians,True,True,True,False,True,False,False,0,False,False,False,neither
157215,-79.9750118901,35.7057593558,1430415.3633040488,1526679.9121970125,MULTI_HORIZON_CANDIDATE_LEDGER,EPSG:4326-compatible longitude/latitude; CRS not embedded in Parquet,NC,Southern Appalachians,Southern Appalachians,True,True,True,True,True,True,False,0,True,False,False,multi_horizon_only
157613,-80.2404039261,35.6114948747,1408687.5212986441,1512309.6446986608,MULTI_HORIZON_CANDIDATE_LEDGER,EPSG:4326-compatible longitude/latitude; CRS not embedded in Parquet,NC,Southern Appalachians,Southern Appalachians,True,True,True,True,True,True,False,0,False,False,False,neither
157614,-80.1013436714,35.4326323901,1424335.873498359,1494637.6016008016,MULTI_HORIZON_CANDIDATE_LEDGER,EPSG:4326-compatible longitude/latitude; CRS not embedded in Parquet,NC,Southern Appalachians,Southern Appalachians,True,True,True,True,True,True,False,0,True,False,False,multi_horizon_only
157616,-79.8671115166,35.7374206295,1439355.459202992,1531803.221596267,MULTI_HORIZON_CANDIDATE_LEDGER,EPSG:4326-compatible longitude/latitude; CRS not embedded in Parquet,NC,Southern Appalachians,Southern Appalachians,True,True,True,True,True,True,False,0,True,False,False,multi_horizon_only
157617,-80.1927403558,35.8777206046,1407973.6076979307,1542412.7013008501,MULTI_HORIZON_CANDIDATE_LEDGER,EPSG:4326-compatible longitude/latitude; CRS not embedded in Parquet,NC,Southern Appalachians,Southern Appalachians,True,True,True,True,True,True,False,0,True,False,False,multi_horizon_only
157618,-78.5097374679,34.2867007267,1588846.4171982456,1393646.0496007632,MULTI_HORIZON_CANDIDATE_LEDGER,EPSG:4326-compatible longitude/latitude; CRS not embedded in Parquet,NC,Coastal Plains,Coastal Plains,True,True,True,True,True,True,False,0,True,False,False,multi_horizon_only
15797,-93.713214679,44.8725943784,180392.5391960953,2433711.642403028,MULTI_HORIZON_CANDIDATE_LEDGER,EPSG:4326-compatible longitude/latitude; CRS not embedded in Parquet,MN,Upper Midwest,Upper Midwest,True,True,True,False,True,False,False,0,True,True,True,both
1582,-94.7844585714,45.7867785858,94594.25899645519,2533792.181598868,MULTI_HORIZON_CANDIDATE_LEDGER,EPSG:4326-compatible longitude/latitude; CRS not embedded in Parquet,MN,Upper Midwest,Upper Midwest,True,True,True,True,True,True,False,0,False,False,False,neither
15833,-95.7825395977,46.2573598564,16803.85209944991,2585434.300103234,MULTI_HORIZON_CANDIDATE_LEDGER,EPSG:4326-compatible longitude/latitude; CRS not embedded in Parquet,MN,Upper Midwest,Upper Midwest,True,True,True,False,True,False,False,0,False,False,False,neither
158476,-80.2175185177,35.586470043,1411177.4430011758,1509886.1976960395,MULTI_HORIZON_CANDIDATE_LEDGER,EPSG:4326-compatible longitude/latitude; CRS not embedded in Parquet,NC,Southern Appalachians,Southern Appalachians,True,True,True,False,True,False,False,0,False,False,False,neither
158477,-80.1849241904,36.0961682921,1404611.2289958107,1566652.7347035063,MULTI_HORIZON_CANDIDATE_LEDGER,EPSG:4326-compatible longitude/latitude; CRS not embedded in Parquet,NC,Southern Appalachians,Southern Appalachians,True,True,True,True,True,True,False,0,False,False,False,neither
15848,-93.4907461862,44.8791867556,197918.64500240414,2434888.012796713,MULTI_HORIZON_CANDIDATE_LEDGER,EPSG:4326-compatible longitude/latitude; CRS not embedded in Parquet,MN,Upper Midwest,Upper Midwest,True,True,True,True,True,True,False,0,True,True,True,both
15860,-95.8285925562,46.2081031278,13255.05329948835,2579963.4761949303,MULTI_HORIZON_CANDIDATE_LEDGER,EPSG:4326-compatible longitude/latitude; CRS not embedded in Parquet,MN,Upper Midwest,Upper Midwest,True,True,True,True,True,True,False,0,False,False,False,neither
15908,-93.2178195686,44.5651060502,220463.72309663665,2400529.826402858,MULTI_HORIZON_CANDIDATE_LEDGER,EPSG:4326-compatible longitude/latitude; CRS not embedded in Parquet,MN,Upper Midwest,Upper Midwest,True,True,True,False,True,False,False,0,True,True,True,both
1591,-93.1532419015,45.035817052,224009.89100129573,2453061.588997218,MULTI_HORIZON_CANDIDATE_LEDGER,EPSG:4326-compatible longitude/latitude; CRS not embedded in Parquet,MN,Upper Midwest,Upper Midwest,True,True,True,True,True,True,False,0,False,False,False,neither
159455,-80.201879158,36.1149145883,1402771.8847020713,1568472.750897115,MULTI_HORIZON_CANDIDATE_LEDGER,EPSG:4326-compatible longitude/latitude; CRS not embedded in Parquet,NC,Southern Appalachians,Southern Appalachians,True,True,True,False,True,False,False,0,False,False,False,neither
1597,-93.2446919551,47.7904775948,207964.21040025848,2758063.164299567,MULTI_HORIZON_CANDIDATE_LEDGER,EPSG:4326-compatible longitude/latitude; CRS not embedded in Parquet,MN,Upper Midwest,Upper Midwest,True,True,True,False,True,False,False,0,False,False,False,neither
159754,-80.5139283757,34.9631202685,1396229.275996626,1436687.7739985492,MULTI_HORIZON_CANDIDATE_LEDGER,EPSG:4326-compatible longitude/latitude; CRS not embedded in Parquet,NC,Southern Appalachians,Southern Appalachians,True,True,True,True,True,True,True,1,True,False,False,multi_horizon_only
159755,-80.4986807171,35.0259308715,1396450.5796992586,1443846.1790982876,MULTI_HORIZON_CANDIDATE_LEDGER,EPSG:4326-compatible longitude/latitude; CRS not embedded in Parquet,NC,Southern Appalachians,Southern Appalachians,True,True,True,True,True,True,False,0,True,False,False,multi_horizon_only
15979,-91.8696819922,39.7079032451,350830.43539983867,1861872.0457999632,MULTI_HORIZON_CANDIDATE_LEDGER,EPSG:4326-compatible longitude/latitude; CRS not embedded in Parquet,MO,Temporate Plains,Temperate Plains,True,True,True,True,True,True,False,0,True,True,True,both
1606,-94.3492231771,46.8298332901,126452.50549829521,2649953.314995641,MULTI_HORIZON_CANDIDATE_LEDGER,EPSG:4326-compatible longitude/latitude; CRS not embedded in Parquet,MN,Upper Midwest,Upper Midwest,True,True,True,True,True,True,False,0,False,False,False,neither
160915,-81.0340386136,35.0211702022,1348712.4923974646,1435588.0527994167,MULTI_HORIZON_CANDIDATE_LEDGER,EPSG:4326-compatible longitude/latitude; CRS not embedded in Parquet,SC,Southern Appalachians,Southern Appalachians,True,True,True,False,True,False,False,0,False,False,False,neither
1610,-94.4482563088,45.437435401,121389.43729794388,2495363.0842041327,MULTI_HORIZON_CANDIDATE_LEDGER,EPSG:4326-compatible longitude/latitude; CRS not embedded in Parquet,MN,Upper Midwest,Upper Midwest,True,True,True,True,True,True,True,1,True,True,True,both
1615,-95.5021520357,43.5122211021,40070.63209872703,2280004.323796903,MULTI_HORIZON_CANDIDATE_LEDGER,EPSG:4326-compatible longitude/latitude; CRS not embedded in Parquet,MN,Temporate Plains,Temperate Plains,True,True,True,False,True,False,False,0,True,True,True,both
161587,-81.1038044904,35.7680425875,1329427.2692017728,1517170.4755008295,MULTI_HORIZON_CANDIDATE_LEDGER,EPSG:4326-compatible longitude/latitude; CRS not embedded in Parquet,NC,Southern Appalachians,Southern Appalachians,True,True,True,False,True,False,False,0,False,False,False,neither
16159,-95.6080768955,43.5691504199,31518.83579799126,2286318.300596405,MULTI_HORIZON_CANDIDATE_LEDGER,EPSG:4326-compatible longitude/latitude; CRS not embedded in Parquet,MN,Temporate Plains,Temperate Plains,True,True,True,False,True,False,False,0,True,True,True,both
1617,-93.0704569755,45.1633732767,230084.77319736077,2467443.6788980514,MULTI_HORIZON_CANDIDATE_LEDGER,EPSG:4326-compatible longitude/latitude; CRS not embedded in Parquet,MN,Upper Midwest,Upper Midwest,True,True,True,True,True,True,False,0,True,True,True,both
1618,-96.0582369122,46.7672395603,-4465.524799386476,2641925.3340950757,MULTI_HORIZON_CANDIDATE_LEDGER,EPSG:4326-compatible longitude/latitude; CRS not embedded in Parquet,MN,Upper Midwest,Upper Midwest,True,True,True,False,True,False,False,0,False,False,False,neither
162292,-81.4905467453,35.78073236,1294968.1784019493,1513234.240795251,MULTI_HORIZON_CANDIDATE_LEDGER,EPSG:4326-compatible longitude/latitude; CRS not embedded in Parquet,NC,Southern Appalachians,Southern Appalachians,True,True,True,False,True,False,False,0,False,False,False,neither
163,-93.707773643,44.9497122977,180614.6592984398,2442302.7949005663,MULTI_HORIZON_CANDIDATE_LEDGER,EPSG:4326-compatible longitude/latitude; CRS not embedded in Parquet,MN,Upper Midwest,Upper Midwest,True,True,True,True,True,True,True,2,False,False,False,neither
163043,-80.9315309237,35.3478487714,1352100.8182023533,1473146.3781998437,MULTI_HORIZON_CANDIDATE_LEDGER,EPSG:4326-compatible longitude/latitude; CRS not embedded in Parquet,NC,Southern Appalachians,Southern Appalachians,True,True,True,False,True,False,False,0,False,False,False,neither
1635,-94.0322011099,46.9289253105,150506.6533973506,2661383.0176007496,MULTI_HORIZON_CANDIDATE_LEDGER,EPSG:4326-compatible longitude/latitude; CRS not embedded in Parquet,MN,Upper Midwest,Upper Midwest,True,True,True,False,True,False,False,0,False,False,False,neither
1636,-93.0569890733,45.0244001644,231620.92790259692,2452022.5582007114,MULTI_HORIZON_CANDIDATE_LEDGER,EPSG:4326-compatible longitude/latitude; CRS not embedded in Parquet,MN,Upper Midwest,Upper Midwest,True,True,True,True,True,True,False,0,True,True,True,both
163755,-81.0447241833,35.1716239163,1345119.0719045622,1452063.6262962315,MULTI_HORIZON_CANDIDATE_LEDGER,EPSG:4326-compatible longitude/latitude; CRS not embedded in Parquet,NC,Southern Appalachians,Southern Appalachians,True,True,True,False,True,False,False,0,False,False,False,neither
163756,-81.3150434307,35.7966321663,1310233.7328961864,1517399.0912955683,MULTI_HORIZON_CANDIDATE_LEDGER,EPSG:4326-compatible longitude/latitude; CRS not embedded in Parquet,NC,Southern Appalachians,Southern Appalachians,True,True,True,False,True,False,False,0,False,False,False,neither
164464,-81.8665597004,35.7465761634,1262226.8000005193,1504394.390400691,MULTI_HORIZON_CANDIDATE_LEDGER,EPSG:4326-compatible longitude/latitude; CRS not embedded in Parquet,NC,Southern Appalachians,Southern Appalachians,True,True,True,False,True,False,False,0,False,False,False,neither
164465,-81.0345603841,35.6117593633,1338299.943295743,1500861.0344002545,MULTI_HORIZON_CANDIDATE_LEDGER,EPSG:4326-compatible longitude/latitude; CRS not embedded in Parquet,NC,Southern Appalachians,Southern Appalachians,True,True,True,False,True,False,False,0,False,False,False,neither
1646,-94.282035047,47.5972215857,130064.7478032914,2734888.776994908,MULTI_HORIZON_CANDIDATE_LEDGER,EPSG:4326-compatible longitude/latitude; CRS not embedded in Parquet,MN,Upper Midwest,Upper Midwest,True,True,True,True,True,True,False,0,False,False,False,neither
1649,-93.1356081036,45.1386802532,225052.18380175828,2464542.1383945355,MULTI_HORIZON_CANDIDATE_LEDGER,EPSG:4326-compatible longitude/latitude; CRS not embedded in Parquet,MN,Upper Midwest,Upper Midwest,True,True,True,False,True,False,False,0,True,True,True,both
165195,-80.40319376,33.4714128932,1433368.1577962514,1273809.6584963445,MULTI_HORIZON_CANDIDATE_LEDGER,EPSG:4326-compatible longitude/latitude; CRS not embedded in Parquet,SC,Coastal Plains,Coastal Plains,True,True,True,False,True,False,False,0,True,False,False,multi_horizon_only
1661,-93.0401772383,45.8395663592,230121.91349936984,2542633.171600392,MULTI_HORIZON_CANDIDATE_LEDGER,EPSG:4326-compatible longitude/latitude; CRS not embedded in Parquet,MN,Upper Midwest,Upper Midwest,True,True,True,False,True,False,False,0,True,False,False,multi_horizon_only
1664,-93.1758238698,45.8977741682,219386.72679835767,2548772.3791964166,MULTI_HORIZON_CANDIDATE_LEDGER,EPSG:4326-compatible longitude/latitude; CRS not embedded in Parquet,MN,Upper Midwest,Upper Midwest,True,True,True,False,True,False,False,0,True,True,True,both
166787,-83.451680678,34.764865856,1136003.9245968896,1375604.8101956584,MULTI_HORIZON_CANDIDATE_LEDGER,EPSG:4326-compatible longitude/latitude; CRS not embedded in Parquet,GA,Southern Appalachians,Southern Appalachians,True,True,True,True,True,True,False,0,False,False,False,neither
166788,-83.3593091313,34.7176626103,1145017.394004821,1371479.7379951011,MULTI_HORIZON_CANDIDATE_LEDGER,EPSG:4326-compatible longitude/latitude; CRS not embedded in Parquet,GA,Southern Appalachians,Southern Appalachians,True,True,True,False,True,False,False,0,True,False,False,multi_horizon_only
1668,-93.5286753559,44.2295341591,196809.25220158385,2362469.8343988927,MULTI_HORIZON_CANDIDATE_LEDGER,EPSG:4326-compatible longitude/latitude; CRS not embedded in Parquet,MN,Upper Midwest,Upper Midwest,True,True,True,False,True,False,False,0,True,True,True,both
16779,-93.6256337467,45.007944767,186923.6104993196,2448939.9972031163,MULTI_HORIZON_CANDIDATE_LEDGER,EPSG:4326-compatible longitude/latitude; CRS not embedded in Parquet,MN,Upper Midwest,Upper Midwest,True,True,True,False,True,False,False,0,True,True,True,both
168,-93.5989777609,46.9801736474,183491.9420028808,2667814.7733053872,MULTI_HORIZON_CANDIDATE_LEDGER,EPSG:4326-compatible longitude/latitude; CRS not embedded in Parquet,MN,Upper Midwest,Upper Midwest,True,True,True,False,True,False,False,0,False,False,False,neither
16834,-94.2157563084,46.7162017743,136911.3946971066,2637556.798899602,MULTI_HORIZON_CANDIDATE_LEDGER,EPSG:4326-compatible longitude/latitude; CRS not embedded in Parquet,MN,Upper Midwest,Upper Midwest,True,True,True,True,True,True,False,0,True,False,False,multi_horizon_only
1685,-95.7772917464,46.4032883649,17171.4478037772,2601616.97010551,MULTI_HORIZON_CANDIDATE_LEDGER,EPSG:4326-compatible longitude/latitude; CRS not embedded in Parquet,MN,Upper Midwest,Upper Midwest,True,True,True,False,True,False,False,0,False,False,False,neither
1687,-90.5798489616,48.0782443011,407126.51440007077,2798402.4731952315,MULTI_HORIZON_CANDIDATE_LEDGER,EPSG:4326-compatible longitude/latitude; CRS not embedded in Parquet,MN,Upper Midwest,Upper Midwest,True,True,True,True,True,True,False,0,False,False,False,neither
1688,-93.5372713117,47.3054736922,187274.34429874457,2703903.9792959206,MULTI_HORIZON_CANDIDATE_LEDGER,EPSG:4326-compatible longitude/latitude; CRS not embedded in Parquet,MN,Upper Midwest,Upper Midwest,True,True,True,False,True,False,False,0,False,False,False,neither
16911,-92.8451702497,45.3563129222,247060.24190019668,2489454.7953993697,MULTI_HORIZON_CANDIDATE_LEDGER,EPSG:4326-compatible longitude/latitude; CRS not embedded in Parquet,MN,Upper Midwest,Upper Midwest,True,True,True,True,True,True,False,0,False,False,False,neither
16913,-96.4744672979,44.7193641229,-37516.87160348354,2414575.615702777,MULTI_HORIZON_CANDIDATE_LEDGER,EPSG:4326-compatible longitude/latitude; CRS not embedded in Parquet,SD,Temporate Plains,Temperate Plains,True,True,True,False,True,False,False,0,True,True,True,both
169272,-82.3671890358,33.674480691,1250961.7714997348,1268486.0937011056,MULTI_HORIZON_CANDIDATE_LEDGER,EPSG:4326-compatible longitude/latitude; CRS not embedded in Parquet,GA,Southern Appalachians,Southern Appalachians,True,True,True,False,True,False,False,0,False,False,False,neither
1694,-95.7669709597,44.1539999379,18580.4887027266,2351513.3485046737,MULTI_HORIZON_CANDIDATE_LEDGER,EPSG:4326-compatible longitude/latitude; CRS not embedded in Parquet,MN,Temporate Plains,Temperate Plains,True,True,True,True,True,True,False,0,True,True,True,both
1696,-93.3117332148,44.9418642303,211837.43070023938,2442247.416103619,MULTI_HORIZON_CANDIDATE_LEDGER,EPSG:4326-compatible longitude/latitude; CRS not embedded in Parquet,MN,Upper Midwest,Upper Midwest,True,True,True,True,True,True,False,0,False,False,False,neither
1699,-92.9745569862,44.5158230785,239908.66840134517,2395631.8149976414,MULTI_HORIZON_CANDIDATE_LEDGER,EPSG:4326-compatible longitude/latitude; CRS not embedded in Parquet,MN,Temporate Plains,Temperate Plains,True,True,True,False,True,False,False,0,True,True,True,both
170064,-82.6765986469,34.1306720089,1215635.0476976908,1314935.5942987073,MULTI_HORIZON_CANDIDATE_LEDGER,EPSG:4326-compatible longitude/latitude; CRS not embedded in Parquet,GA,Southern Appalachians,Southern Appalachians,True,True,True,False,True,False,False,0,False,False,False,neither
170065,-83.1758390074,34.5781393419,1163635.584598794,1358243.2631015573,MULTI_HORIZON_CANDIDATE_LEDGER,EPSG:4326-compatible longitude/latitude; CRS not embedded in Parquet,GA,Southern Appalachians,Southern Appalachians,True,True,True,False,True,False,False,0,False,False,False,neither
1703,-94.0234512065,44.9960853401,155637.57450213662,2446903.65529753,MULTI_HORIZON_CANDIDATE_LEDGER,EPSG:4326-compatible longitude/latitude; CRS not embedded in Parquet,MN,Upper Midwest,Upper Midwest,True,True,True,True,True,True,False,0,True,False,False,multi_horizon_only
170850,-83.5537276262,34.833319727,1125818.668400756,1381981.7276025545,MULTI_HORIZON_CANDIDATE_LEDGER,EPSG:4326-compatible longitude/latitude; CRS not embedded in Parquet,GA,Southern Appalachians,Southern Appalachians,True,True,True,True,True,True,False,0,False,False,False,neither
170854,-82.890177121,34.3562192093,1192805.5151009785,1337200.1213999,MULTI_HORIZON_CANDIDATE_LEDGER,EPSG:4326-compatible longitude/latitude; CRS not embedded in Parquet,GA,Southern Appalachians,Southern Appalachians,True,True,True,False,True,False,False,0,False,False,False,neither
171,-90.6126840738,47.7248307358,406871.72810068494,2759338.1859035892,MULTI_HORIZON_CANDIDATE_LEDGER,EPSG:4326-compatible longitude/latitude; CRS not embedded in Parquet,MN,Upper Midwest,Upper Midwest,True,True,True,True,True,True,False,0,False,False,False,neither
17128,-96.1531174233,46.8609251765,-11724.111503813469,2652306.776403282,MULTI_HORIZON_CANDIDATE_LEDGER,EPSG:4326-compatible longitude/latitude; CRS not embedded in Parquet,MN,Upper Midwest,Upper Midwest,True,True,True,False,True,False,False,0,True,True,True,both
171719,-82.3693704235,33.831725776,1248251.8606991954,1285844.7635992933,MULTI_HORIZON_CANDIDATE_LEDGER,EPSG:4326-compatible longitude/latitude; CRS not embedded in Parquet,GA,Southern Appalachians,Southern Appalachians,True,True,True,False,True,False,False,0,False,False,False,neither
1725,-94.274758283,45.3668105391,135102.9091998345,2487747.0726962797,MULTI_HORIZON_CANDIDATE_LEDGER,EPSG:4326-compatible longitude/latitude; CRS not embedded in Parquet,MN,Upper Midwest,Upper Midwest,True,True,True,False,True,False,False,0,False,False,False,neither
172592,-83.2655903462,33.4048036065,1173059.090500339,1227197.0714960694,MULTI_HORIZON_CANDIDATE_LEDGER,EPSG:4326-compatible longitude/latitude; CRS not embedded in Parquet,GA,Southern Appalachians,Southern Appalachians,True,True,True,False,True,False,False,0,False,False,False,neither
173,-93.2692506859,44.9004496451,215316.60239681855,2437735.3820018843,MULTI_HORIZON_CANDIDATE_LEDGER,EPSG:4326-compatible longitude/latitude; CRS not embedded in Parquet,MN,Upper Midwest,Upper Midwest,True,True,True,True,True,True,True,1,True,True,True,both
1736,-96.0185579891,45.1258595341,-1458.5804967138138,2459724.1630959734,MULTI_HORIZON_CANDIDATE_LEDGER,EPSG:4326-compatible longitude/latitude; CRS not embedded in Parquet,MN,Temporate Plains,Temperate Plains,True,True,True,False,True,False,False,0,True,True,True,both
1746,-95.5287665371,46.4871765089,36287.23129942159,2610985.877995562,MULTI_HORIZON_CANDIDATE_LEDGER,EPSG:4326-compatible longitude/latitude; CRS not embedded in Parquet,MN,Upper Midwest,Upper Midwest,True,True,True,True,True,True,False,0,False,False,False,neither
1747,-91.6470800457,47.2974390139,330972.9536006101,2708170.3683976484,MULTI_HORIZON_CANDIDATE_LEDGER,EPSG:4326-compatible longitude/latitude; CRS not embedded in Parquet,MN,Upper Midwest,Upper Midwest,True,True,True,False,True,False,False,0,False,False,False,neither
1750,-93.12137672,45.1542932225,226117.38699630738,2466311.9029034935,MULTI_HORIZON_CANDIDATE_LEDGER,EPSG:4326-compatible longitude/latitude; CRS not embedded in Parquet,MN,Upper Midwest,Upper Midwest,True,True,True,True,True,True,False,0,True,True,True,both
1751,-92.8231654462,45.1655584421,249491.8429991947,2468310.5870980667,MULTI_HORIZON_CANDIDATE_LEDGER,EPSG:4326-compatible longitude/latitude; CRS not embedded in Parquet,MN,Upper Midwest,Upper Midwest,True,True,True,True,True,True,False,0,True,False,False,multi_horizon_only
175462,-83.7961548107,33.0448443331,1129606.1232033202,1180928.830799114,MULTI_HORIZON_CANDIDATE_LEDGER,EPSG:4326-compatible longitude/latitude; CRS not embedded in Parquet,GA,Southern Appalachians,Southern Appalachians,True,True,True,False,True,False,False,0,False,False,False,neither
176,-93.4734968459,43.5075273342,203343.3030036168,2282078.6090957774,MULTI_HORIZON_CANDIDATE_LEDGER,EPSG:4326-compatible longitude/latitude; CRS not embedded in Parquet,MN,Temporate Plains,Temperate Plains,True,True,True,False,True,False,False,0,True,True,True,both
1762,-94.2493062725,45.3088227743,137214.58940261978,2481337.1249047834,MULTI_HORIZON_CANDIDATE_LEDGER,EPSG:4326-compatible longitude/latitude; CRS not embedded in Parquet,MN,Upper Midwest,Upper Midwest,True,True,True,True,True,True,False,0,False,False,False,neither
1764,-93.24213562,44.9086379199,217427.553998299,2438708.1157009993,MULTI_HORIZON_CANDIDATE_LEDGER,EPSG:4326-compatible longitude/latitude; CRS not embedded in Parquet,MN,Upper Midwest,Upper Midwest,True,True,True,True,True,True,False,0,True,False,False,multi_horizon_only
176999,-82.4090138172,30.1189951348,1303593.7333020915,875956.1979052052,MULTI_HORIZON_CANDIDATE_LEDGER,EPSG:4326-compatible longitude/latitude; CRS not embedded in Parquet,FL,Coastal Plains,Coastal Plains,True,True,True,True,True,True,False,0,True,False,False,multi_horizon_only
177,-93.5358564664,44.9648414963,194114.1918015388,2444324.931201036,MULTI_HORIZON_CANDIDATE_LEDGER,EPSG:4326-compatible longitude/latitude; CRS not embedded in Parquet,MN,Upper Midwest,Upper Midwest,True,True,True,False,True,False,False,0,False,False,False,neither
17838,-94.32538321,46.9609616961,128022.7330002646,2664498.491496223,MULTI_HORIZON_CANDIDATE_LEDGER,EPSG:4326-compatible longitude/latitude; CRS not embedded in Parquet,MN,Upper Midwest,Upper Midwest,True,True,True,True,True,True,False,0,False,False,False,neither
178488,-84.0242650056,33.1868063211,1106613.2843013033,1193962.984896116,MULTI_HORIZON_CANDIDATE_LEDGER,EPSG:4326-compatible longitude/latitude; CRS not embedded in Parquet,GA,Southern Appalachians,Southern Appalachians,True,True,True,True,True,True,False,0,False,False,False,neither
178489,-82.4371589207,30.2272336666,1299203.46660346,887464.3690951653,MULTI_HORIZON_CANDIDATE_LEDGER,EPSG:4326-compatible longitude/latitude; CRS not embedded in Parquet,FL,Coastal Plains,Coastal Plains,True,True,True,True,True,True,False,0,True,False,False,multi_horizon_only
179,-93.3367795418,44.4057099677,211537.27739763897,2382508.9831033386,MULTI_HORIZON_CANDIDATE_LEDGER,EPSG:4326-compatible longitude/latitude; CRS not embedded in Parquet,MN,Upper Midwest,Upper Midwest,True,True,True,False,True,False,False,0,True,True,True,both
17947,-93.1144983475,44.7890620346,227891.43380147615,2425702.199004027,MULTI_HORIZON_CANDIDATE_LEDGER,EPSG:4326-compatible longitude/latitude; CRS not embedded in Parquet,MN,Upper Midwest,Upper Midwest,True,True,True,True,True,True,False,0,True,True,True,both
17954,-92.8403929349,44.9421163912,248965.798796489,2443418.2019019127,MULTI_HORIZON_CANDIDATE_LEDGER,EPSG:4326-compatible longitude/latitude; CRS not embedded in Parquet,MN,Upper Midwest,Upper Midwest,True,True,True,False,True,False,False,0,True,False,False,multi_horizon_only
17959,-92.8949327131,44.9533270385,244629.0432037804,2444523.538299787,MULTI_HORIZON_CANDIDATE_LEDGER,EPSG:4326-compatible longitude/latitude; CRS not embedded in Parquet,MN,Upper Midwest,Upper Midwest,True,True,True,True,True,True,False,0,True,False,False,multi_horizon_only
1799,-93.5438618014,47.472829826,186295.32839960145,2722380.340004923,MULTI_HORIZON_CANDIDATE_LEDGER,EPSG:4326-compatible longitude/latitude; CRS not embedded in Parquet,MN,Upper Midwest,Upper Midwest,True,True,True,False,True,False,False,0,False,False,False,neither
181374,-83.8501382056,33.3349889359,1120506.9180020767,1212414.162298644,MULTI_HORIZON_CANDIDATE_LEDGER,EPSG:4326-compatible longitude/latitude; CRS not embedded in Parquet,GA,Southern Appalachians,Southern Appalachians,True,True,True,False,True,False,False,0,False,False,False,neither
181375,-83.805651624,32.8235470564,1131891.9738978653,1156324.2840954866,MULTI_HORIZON_CANDIDATE_LEDGER,EPSG:4326-compatible longitude/latitude; CRS not embedded in Parquet,GA,Southern Appalachians,Southern Appalachians,True,True,True,False,True,False,False,0,False,False,False,neither
1814,-95.0348657227,45.2039388958,75766.02069677554,2468793.8602054017,MULTI_HORIZON_CANDIDATE_LEDGER,EPSG:4326-compatible longitude/latitude; CRS not embedded in Parquet,MN,Upper Midwest,Upper Midwest,True,True,True,False,True,False,False,0,True,True,True,both
1816,-93.1156691588,45.0451291144,226934.12580043767,2454186.3911001896,MULTI_HORIZON_CANDIDATE_LEDGER,EPSG:4326-compatible longitude/latitude; CRS not embedded in Parquet,MN,Upper Midwest,Upper Midwest,True,True,True,True,True,True,False,0,False,False,False,neither
1819,-94.3847026352,44.7833179413,127597.44420109042,2422687.107695684,MULTI_HORIZON_CANDIDATE_LEDGER,EPSG:4326-compatible longitude/latitude; CRS not embedded in Parquet,MN,Temporate Plains,Temperate Plains,True,True,True,False,True,False,False,0,True,True,True,both
1822,-94.4268660005,44.9815421542,123901.91449992677,2444692.2319946038,MULTI_HORIZON_CANDIDATE_LEDGER,EPSG:4326-compatible longitude/latitude; CRS not embedded in Parquet,MN,Upper Midwest,Upper Midwest,True,True,True,True,True,True,False,0,True,True,True,both
1826,-94.2412814732,46.4326851443,135534.3405980782,2606109.9279039195,MULTI_HORIZON_CANDIDATE_LEDGER,EPSG:4326-compatible longitude/latitude; CRS not embedded in Parquet,MN,Upper Midwest,Upper Midwest,True,True,True,False,True,False,False,0,False,False,False,neither
18261,-95.1344454923,40.3513740098,72885.94389966608,1926676.1401011208,MULTI_HORIZON_CANDIDATE_LEDGER,EPSG:4326-compatible longitude/latitude; CRS not embedded in Parquet,MO,Temporate Plains,Temperate Plains,True,True,True,True,True,True,False,0,True,True,True,both
182817,-83.2087103392,33.1456246541,1182150.1955967846,1199225.7093971334,MULTI_HORIZON_CANDIDATE_LEDGER,EPSG:4326-compatible longitude/latitude; CRS not embedded in Parquet,GA,Southern Appalachians,Southern Appalachians,True,True,True,True,True,True,False,0,False,False,False,neither
1834,-94.9763573933,45.254811312,80297.99050000048,2474499.4642026685,MULTI_HORIZON_CANDIDATE_LEDGER,EPSG:4326-compatible longitude/latitude; CRS not embedded in Parquet,MN,Upper Midwest,Upper Midwest,True,True,True,False,True,False,False,0,True,False,False,multi_horizon_only
1839,-94.2032109377,46.9153559217,137457.0339014777,2659622.2616028506,MULTI_HORIZON_CANDIDATE_LEDGER,EPSG:4326-compatible longitude/latitude; CRS not embedded in Parquet,MN,Upper Midwest,Upper Midwest,True,True,True,True,True,True,False,0,False,False,False,neither
1842,-93.6939837324,44.8679551246,181921.80099725325,2433232.04950496,MULTI_HORIZON_CANDIDATE_LEDGER,EPSG:4326-compatible longitude/latitude; CRS not embedded in Parquet,MN,Upper Midwest,Upper Midwest,True,True,True,True,True,True,False,0,False,True,False,direct_60_day_only
184266,-81.6260953819,28.6239875551,1403091.1499996954,723235.1576975752,MULTI_HORIZON_CANDIDATE_LEDGER,EPSG:4326-compatible longitude/latitude; CRS not embedded in Parquet,FL,Coastal Plains,Coastal Plains,True,True,True,True,True,True,True,2,True,False,False,multi_horizon_only
184269,-81.849083806,29.7930971425,1362275.2193977514,848032.3659039978,MULTI_HORIZON_CANDIDATE_LEDGER,EPSG:4326-compatible longitude/latitude; CRS not embedded in Parquet,FL,Coastal Plains,Coastal Plains,True,True,True,True,True,True,False,0,True,True,True,both
184271,-81.6387260458,29.1124248621,1393729.6167995818,776490.0459023248,MULTI_HORIZON_CANDIDATE_LEDGER,EPSG:4326-compatible longitude/latitude; CRS not embedded in Parquet,FL,Coastal Plains,Coastal Plains,True,True,True,True,True,True,False,0,False,False,False,neither
184272,-81.4829545812,29.106423501,1408830.8860005413,778129.9862031117,MULTI_HORIZON_CANDIDATE_LEDGER,EPSG:4326-compatible longitude/latitude; CRS not embedded in Parquet,FL,Coastal Plains,Coastal Plains,True,True,True,True,True,True,False,0,False,False,False,neither
184289,-82.3474009193,29.6259620465,1317293.5903989428,822669.9597975928,MULTI_HORIZON_CANDIDATE_LEDGER,EPSG:4326-compatible longitude/latitude; CRS not embedded in Parquet,FL,Coastal Plains,Coastal Plains,True,True,True,False,True,False,False,0,True,False,False,multi_horizon_only
184298,-82.302146895,29.5297802222,1323161.411200409,812745.7208964676,MULTI_HORIZON_CANDIDATE_LEDGER,EPSG:4326-compatible longitude/latitude; CRS not embedded in Parquet,FL,Coastal Plains,Coastal Plains,True,True,True,True,True,True,True,4,True,False,False,multi_horizon_only
184395,-81.9581568267,29.8393901529,1351095.85779542,851553.931702299,MULTI_HORIZON_CANDIDATE_LEDGER,EPSG:4326-compatible longitude/latitude; CRS not embedded in Parquet,FL,Coastal Plains,Coastal Plains,True,True,True,True,True,True,False,0,False,False,False,neither
184461,-81.8816637358,28.8273162049,1374999.9854960858,741742.598897446,MULTI_HORIZON_CANDIDATE_LEDGER,EPSG:4326-compatible longitude/latitude; CRS not embedded in Parquet,FL,Coastal Plains,Coastal Plains,True,True,True,True,True,True,False,0,True,True,True,both
184463,-81.8778935019,28.8759034644,1374568.3510049204,747115.0351963639,MULTI_HORIZON_CANDIDATE_LEDGER,EPSG:4326-compatible longitude/latitude; CRS not embedded in Parquet,FL,Coastal Plains,Coastal Plains,True,True,True,False,True,False,False,0,True,True,True,both
1845,-94.203447199,44.8967652593,141675.03640076233,2435570.73940315,MULTI_HORIZON_CANDIDATE_LEDGER,EPSG:4326-compatible longitude/latitude; CRS not embedded in Parquet,MN,Temporate Plains,Temperate Plains,True,True,True,False,True,False,False,0,True,True,True,both
184622,-81.6574911847,28.7597028414,1397792.549598892,737615.0042965487,MULTI_HORIZON_CANDIDATE_LEDGER,EPSG:4326-compatible longitude/latitude; CRS not embedded in Parquet,FL,Coastal Plains,Coastal Plains,True,True,True,True,True,True,False,0,True,True,True,both
184631,-81.64520937,28.8417475188,1397614.2653966786,746771.0605939254,MULTI_HORIZON_CANDIDATE_LEDGER,EPSG:4326-compatible longitude/latitude; CRS not embedded in Parquet,FL,Coastal Plains,Coastal Plains,True,True,True,True,True,True,False,0,False,False,False,neither
184735,-81.5327188939,28.6777342692,1411234.1318967124,730494.6013941877,MULTI_HORIZON_CANDIDATE_LEDGER,EPSG:4326-compatible longitude/latitude; CRS not embedded in Parquet,FL,Coastal Plains,Coastal Plains,True,True,True,True,True,True,False,0,True,False,False,multi_horizon_only
184740,-81.5324884049,29.425201466,1398705.5787966482,812303.3856993765,MULTI_HORIZON_CANDIDATE_LEDGER,EPSG:4326-compatible longitude/latitude; CRS not embedded in Parquet,FL,Coastal Plains,Coastal Plains,True,True,True,False,True,False,False,0,True,False,False,multi_horizon_only
184813,-81.4399102879,28.6469173944,1420736.8111961675,728508.2479022052,MULTI_HORIZON_CANDIDATE_LEDGER,EPSG:4326-compatible longitude/latitude; CRS not embedded in Parquet,FL,Coastal Plains,Coastal Plains,True,True,True,True,True,True,False,0,True,False,False,multi_horizon_only
184824,-81.4325022622,28.6274134516,1421783.398703872,726486.9920988325,MULTI_HORIZON_CANDIDATE_LEDGER,EPSG:4326-compatible longitude/latitude; CRS not embedded in Parquet,FL,Coastal Plains,Coastal Plains,True,True,True,True,True,True,False,0,False,False,False,neither
184845,-81.4025996873,28.585304762,1425391.4777971099,722332.3791005556,MULTI_HORIZON_CANDIDATE_LEDGER,EPSG:4326-compatible longitude/latitude; CRS not embedded in Parquet,FL,Coastal Plains,Coastal Plains,True,True,True,False,True,False,False,0,False,False,False,neither
184850,-81.396223467,28.8015195117,1422348.0143992456,746065.073794635,MULTI_HORIZON_CANDIDATE_LEDGER,EPSG:4326-compatible longitude/latitude; CRS not embedded in Parquet,FL,Coastal Plains,Coastal Plains,True,True,True,True,True,True,False,0,False,False,False,neither
184874,-81.3744731143,30.2228391479,1400299.0090005817,902075.2324948162,MULTI_HORIZON_CANDIDATE_LEDGER,EPSG:4326-compatible longitude/latitude; CRS not embedded in Parquet,FL,Coastal Plains,Coastal Plains,True,True,True,False,True,False,False,0,True,False,False,multi_horizon_only
184883,-81.3406207191,28.6044338566,1431070.5026019795,725354.4703960922,MULTI_HORIZON_CANDIDATE_LEDGER,EPSG:4326-compatible longitude/latitude; CRS not embedded in Parquet,FL,Coastal Plains,Coastal Plains,True,True,True,True,True,True,False,0,True,True,True,both
184912,-81.3191808083,28.5010191727,1434906.494701778,714377.5296020713,MULTI_HORIZON_CANDIDATE_LEDGER,EPSG:4326-compatible longitude/latitude; CRS not embedded in Parquet,FL,Coastal Plains,Coastal Plains,True,True,True,True,True,True,False,0,False,False,False,neither
184964,-81.266237639,28.5909281298,1438504.42140514,725001.5967953149,MULTI_HORIZON_CANDIDATE_LEDGER,EPSG:4326-compatible longitude/latitude; CRS not embedded in Parquet,FL,Coastal Plains,Coastal Plains,True,True,True,True,True,True,False,0,True,False,False,multi_horizon_only
184965,-81.2642245516,28.6042994564,1438470.9961046043,726493.1799018122,MULTI_HORIZON_CANDIDATE_LEDGER,EPSG:4326-compatible longitude/latitude; CRS not embedded in Parquet,FL,Coastal Plains,Coastal Plains,True,True,True,True,True,True,False,0,True,True,True,both
1853,-94.2828755439,46.4577727085,132279.03160349577,2608831.8295997856,MULTI_HORIZON_CANDIDATE_LEDGER,EPSG:4326-compatible longitude/latitude; CRS not embedded in Parquet,MN,Upper Midwest,Upper Midwest,True,True,True,False,True,False,False,0,False,False,False,neither
185375,-81.8307931683,29.5204686659,1368513.537000524,818399.8131040763,MULTI_HORIZON_CANDIDATE_LEDGER,EPSG:4326-compatible longitude/latitude; CRS not embedded in Parquet,FL,Coastal Plains,Coastal Plains,True,True,True,False,True,False,False,0,False,False,False,neither
185377,-81.5959457445,29.2856959494,1394951.7352015527,796090.6118026786,MULTI_HORIZON_CANDIDATE_LEDGER,EPSG:4326-compatible longitude/latitude; CRS not embedded in Parquet,FL,Coastal Plains,Coastal Plains,True,True,True,False,True,False,False,0,False,False,False,neither
185454,-82.0181342718,29.5635877053,1349850.3581049885,820448.0561976824,MULTI_HORIZON_CANDIDATE_LEDGER,EPSG:4326-compatible longitude/latitude; CRS not embedded in Parquet,FL,Coastal Plains,Coastal Plains,True,True,True,False,True,False,False,0,True,False,False,multi_horizon_only
185568,-81.8517877577,28.6031480408,1381566.6654015332,717649.5273034554,MULTI_HORIZON_CANDIDATE_LEDGER,EPSG:4326-compatible longitude/latitude; CRS not embedded in Parquet,FL,Coastal Plains,Coastal Plains,True,True,True,True,True,True,False,0,False,False,False,neither
185671,-81.7676402537,28.5469172961,1390650.1377003253,712727.3693009913,MULTI_HORIZON_CANDIDATE_LEDGER,EPSG:4326-compatible longitude/latitude; CRS not embedded in Parquet,FL,Coastal Plains,Coastal Plains,True,True,True,True,True,True,False,0,False,False,False,neither
185729,-81.6823664267,28.5975694029,1398078.575300501,719517.1591952071,MULTI_HORIZON_CANDIDATE_LEDGER,EPSG:4326-compatible longitude/latitude; CRS not embedded in Parquet,FL,Coastal Plains,Coastal Plains,True,True,True,True,True,True,False,0,True,False,False,multi_horizon_only
185735,-81.6788752206,28.9357573653,1392799.2969971818,756563.6154942457,MULTI_HORIZON_CANDIDATE_LEDGER,EPSG:4326-compatible longitude/latitude; CRS not embedded in Parquet,FL,Coastal Plains,Coastal Plains,True,True,True,True,True,True,False,0,True,False,False,multi_horizon_only
185754,-81.6584298476,28.8103893614,1396858.5843013516,743145.9837006796,MULTI_HORIZON_CANDIDATE_LEDGER,EPSG:4326-compatible longitude/latitude; CRS not embedded in Parquet,FL,Coastal Plains,Coastal Plains,True,True,True,True,True,True,False,0,False,False,False,neither
185755,-81.6588585774,28.942380218,1394621.012198672,757581.9587998986,MULTI_HORIZON_CANDIDATE_LEDGER,EPSG:4326-compatible longitude/latitude; CRS not embedded in Parquet,FL,Coastal Plains,Coastal Plains,True,True,True,True,True,True,False,0,True,False,False,multi_horizon_only
185919,-81.4676373803,28.617429552,1418549.2329967017,724870.5771007892,MULTI_HORIZON_CANDIDATE_LEDGER,EPSG:4326-compatible longitude/latitude; CRS not embedded in Parquet,FL,Coastal Plains,Coastal Plains,True,True,True,False,True,False,False,0,True,False,False,multi_horizon_only
185922,-81.4811708654,28.6569080014,1416573.9485958887,728984.503296474,MULTI_HORIZON_CANDIDATE_LEDGER,EPSG:4326-compatible longitude/latitude; CRS not embedded in Parquet,FL,Coastal Plains,Coastal Plains,True,True,True,False,True,False,False,0,False,False,False,neither
185950,-81.4483494083,28.5990122414,1420727.9539023577,723145.5225974247,MULTI_HORIZON_CANDIDATE_LEDGER,EPSG:4326-compatible longitude/latitude; CRS not embedded in Parquet,FL,Coastal Plains,Coastal Plains,True,True,True,False,True,False,False,0,True,False,False,multi_horizon_only
185952,-81.4365737936,28.6371787613,1421224.2569044896,727493.5550957359,MULTI_HORIZON_CANDIDATE_LEDGER,EPSG:4326-compatible longitude/latitude; CRS not embedded in Parquet,FL,Coastal Plains,Coastal Plains,True,True,True,False,True,False,False,0,True,False,False,multi_horizon_only
185961,-81.425095425,28.6629145338,1421900.739401177,730478.5923994482,MULTI_HORIZON_CANDIDATE_LEDGER,EPSG:4326-compatible longitude/latitude; CRS not embedded in Parquet,FL,Coastal Plains,Coastal Plains,True,True,True,True,True,True,True,1,True,False,False,multi_horizon_only
185962,-81.4181980376,28.6924601011,1422068.818094995,733811.7862036265,MULTI_HORIZON_CANDIDATE_LEDGER,EPSG:4326-compatible longitude/latitude; CRS not embedded in Parquet,FL,Coastal Plains,Coastal Plains,True,True,True,True,True,True,False,0,True,False,False,multi_horizon_only
185972,-81.3907991467,28.5597311903,1426967.7417000257,719714.5743021797,MULTI_HORIZON_CANDIDATE_LEDGER,EPSG:4326-compatible longitude/latitude; CRS not embedded in Parquet,FL,Coastal Plains,Coastal Plains,True,True,True,True,True,True,True,2,True,False,False,multi_horizon_only
185973,-81.4011845598,28.5820981326,1425582.8366010874,722003.1451048888,MULTI_HORIZON_CANDIDATE_LEDGER,EPSG:4326-compatible longitude/latitude; CRS not embedded in Parquet,FL,Coastal Plains,Coastal Plains,True,True,True,True,True,True,False,0,True,False,False,multi_horizon_only
185998,-81.3722538208,28.5543037436,1428856.876104992,719400.1059988197,MULTI_HORIZON_CANDIDATE_LEDGER,EPSG:4326-compatible longitude/latitude; CRS not embedded in Parquet,FL,Coastal Plains,Coastal Plains,True,True,True,True,True,True,False,0,True,False,False,multi_horizon_only
186008,-81.3461401145,28.6601788319,1429588.9719042883,731364.0839023273,MULTI_HORIZON_CANDIDATE_LEDGER,EPSG:4326-compatible longitude/latitude; CRS not embedded in Parquet,FL,Coastal Plains,Coastal Plains,True,True,True,True,True,True,False,0,True,False,False,multi_horizon_only
186048,-81.3088634801,28.627206075,1433758.168298195,728321.8649001736,MULTI_HORIZON_CANDIDATE_LEDGER,EPSG:4326-compatible longitude/latitude; CRS not embedded in Parquet,FL,Coastal Plains,Coastal Plains,True,True,True,True,True,True,False,0,True,False,False,multi_horizon_only
186063,-81.2911289108,28.6512479629,1435065.158698257,731217.080995854,MULTI_HORIZON_CANDIDATE_LEDGER,EPSG:4326-compatible longitude/latitude; CRS not embedded in Parquet,FL,Coastal Plains,Coastal Plains,True,True,True,True,True,True,False,0,True,False,False,multi_horizon_only
186080,-81.2710458783,28.6067973994,1437767.808195698,726662.9159036484,MULTI_HORIZON_CANDIDATE_LEDGER,EPSG:4326-compatible longitude/latitude; CRS not embedded in Parquet,FL,Coastal Plains,Coastal Plains,True,True,True,True,True,True,False,0,True,True,True,both
186081,-81.267736654,28.6100530596,1438032.649400853,727068.7509028111,MULTI_HORIZON_CANDIDATE_LEDGER,EPSG:4326-compatible longitude/latitude; CRS not embedded in Parquet,FL,Coastal Plains,Coastal Plains,True,True,True,True,True,True,False,0,False,False,False,neither
186094,-81.2533353009,28.61281316,1439379.9054050697,727588.3827979807,MULTI_HORIZON_CANDIDATE_LEDGER,EPSG:4326-compatible longitude/latitude; CRS not embedded in Parquet,FL,Coastal Plains,Coastal Plains,True,True,True,True,True,True,False,0,False,False,False,neither
186156,-81.1747793059,28.5973144049,1447251.7266029168,727087.9816993978,MULTI_HORIZON_CANDIDATE_LEDGER,EPSG:4326-compatible longitude/latitude; CRS not embedded in Parquet,FL,Coastal Plains,Coastal Plains,True,True,True,True,True,True,False,0,True,False,False,multi_horizon_only
186194,-81.1248197701,28.5919350866,1452181.7388956838,727262.414304683,MULTI_HORIZON_CANDIDATE_LEDGER,EPSG:4326-compatible longitude/latitude; CRS not embedded in Parquet,FL,Coastal Plains,Coastal Plains,True,True,True,True,True,True,False,0,True,True,True,both
186200,-81.1249631249,28.7177595137,1449998.2251974538,741008.1273943242,MULTI_HORIZON_CANDIDATE_LEDGER,EPSG:4326-compatible longitude/latitude; CRS not embedded in Parquet,FL,Coastal Plains,Coastal Plains,True,True,True,True,True,True,False,0,True,True,True,both
186508,-81.6671281599,28.7964118387,1396250.200103198,741489.0243035369,MULTI_HORIZON_CANDIDATE_LEDGER,EPSG:4326-compatible longitude/latitude; CRS not embedded in Parquet,FL,Coastal Plains,Coastal Plains,True,True,True,True,True,True,False,0,True,False,False,multi_horizon_only
186509,-81.622086066,29.0013602089,1397185.63719671,764576.9540953394,MULTI_HORIZON_CANDIDATE_LEDGER,EPSG:4326-compatible longitude/latitude; CRS not embedded in Parquet,FL,Coastal Plains,Coastal Plains,True,True,True,True,True,True,False,0,False,False,False,neither
186510,-81.3898239942,29.2868059778,1414738.2448968028,799259.1915048026,MULTI_HORIZON_CANDIDATE_LEDGER,EPSG:4326-compatible longitude/latitude; CRS not embedded in Parquet,FL,Coastal Plains,Coastal Plains,True,True,True,True,True,True,False,0,True,False,False,multi_horizon_only
186511,-81.0548721991,28.7564571717,1456103.7738034115,746308.6551057138,MULTI_HORIZON_CANDIDATE_LEDGER,EPSG:4326-compatible longitude/latitude; CRS not embedded in Parquet,FL,Coastal Plains,Coastal Plains,True,True,True,False,True,False,False,0,False,False,False,neither
186513,-80.754346669,27.7297560894,1503256.490797447,638969.4983962737,MULTI_HORIZON_CANDIDATE_LEDGER,EPSG:4326-compatible longitude/latitude; CRS not embedded in Parquet,FL,Coastal Plains,Coastal Plains,True,True,True,True,True,True,False,0,True,True,True,both
186601,-81.9772336447,29.0185826613,1362647.5923050772,761305.5859963279,MULTI_HORIZON_CANDIDATE_LEDGER,EPSG:4326-compatible longitude/latitude; CRS not embedded in Parquet,FL,Coastal Plains,Coastal Plains,True,True,True,True,True,True,False,0,True,False,False,multi_horizon_only
186831,-81.66171104,28.9200073599,1394717.9578015907,755091.7468958292,MULTI_HORIZON_CANDIDATE_LEDGER,EPSG:4326-compatible longitude/latitude; CRS not embedded in Parquet,FL,Coastal Plains,Coastal Plains,True,True,True,True,True,True,False,0,True,True,True,both
186898,-81.5934503578,28.5199274941,1407991.23769936,712341.5051003397,MULTI_HORIZON_CANDIDATE_LEDGER,EPSG:4326-compatible longitude/latitude; CRS not embedded in Parquet,FL,Coastal Plains,Coastal Plains,True,True,True,True,True,True,False,0,True,False,False,multi_horizon_only
186965,-81.5233719229,28.5680663893,1413979.4755035872,718644.0025025047,MULTI_HORIZON_CANDIDATE_LEDGER,EPSG:4326-compatible longitude/latitude; CRS not embedded in Parquet,FL,Coastal Plains,Coastal Plains,True,True,True,True,True,True,False,0,False,False,False,neither
186978,-81.5045972628,28.535834152,1416340.599896271,715400.4819020145,MULTI_HORIZON_CANDIDATE_LEDGER,EPSG:4326-compatible longitude/latitude; CRS not embedded in Parquet,FL,Coastal Plains,Coastal Plains,True,True,True,True,True,True,False,0,True,False,False,multi_horizon_only
186986,-81.5039960164,29.3321189357,1403006.0883000044,802528.233194435,MULTI_HORIZON_CANDIDATE_LEDGER,EPSG:4326-compatible longitude/latitude; CRS not embedded in Parquet,FL,Coastal Plains,Coastal Plains,True,True,True,False,True,False,False,0,True,False,False,multi_horizon_only
187037,-81.4433017195,28.5990915105,1421215.5798954004,723229.6620007809,MULTI_HORIZON_CANDIDATE_LEDGER,EPSG:4326-compatible longitude/latitude; CRS not embedded in Parquet,FL,Coastal Plains,Coastal Plains,True,True,True,True,True,True,True,2,True,False,False,multi_horizon_only
187044,-81.4416283059,29.2319015816,1410689.4113015097,792478.2402039077,MULTI_HORIZON_CANDIDATE_LEDGER,EPSG:4326-compatible longitude/latitude; CRS not embedded in Parquet,FL,Coastal Plains,Coastal Plains,True,True,True,False,True,False,False,0,True,False,False,multi_horizon_only
187051,-81.4234405305,28.6489279895,1422297.2942958758,728974.3940953836,MULTI_HORIZON_CANDIDATE_LEDGER,EPSG:4326-compatible longitude/latitude; CRS not embedded in Parquet,FL,Coastal Plains,Coastal Plains,True,True,True,True,True,True,False,0,True,True,True,both
187064,-81.4058087844,28.5928220237,1424953.4132965433,723105.8487988859,MULTI_HORIZON_CANDIDATE_LEDGER,EPSG:4326-compatible longitude/latitude; CRS not embedded in Parquet,FL,Coastal Plains,Coastal Plains,True,True,True,True,True,True,False,0,True,False,False,multi_horizon_only
187076,-81.3889619033,28.5917540908,1426603.4297045327,723241.8828967847,MULTI_HORIZON_CANDIDATE_LEDGER,EPSG:4326-compatible longitude/latitude; CRS not embedded in Parquet,FL,Coastal Plains,Coastal Plains,True,True,True,True,True,True,False,0,False,False,False,neither
187077,-81.3908280923,28.6394880489,1425614.2371018827,728431.1680031549,MULTI_HORIZON_CANDIDATE_LEDGER,EPSG:4326-compatible longitude/latitude; CRS not embedded in Parquet,FL,Coastal Plains,Coastal Plains,True,True,True,True,True,True,False,0,True,False,False,multi_horizon_only
187078,-81.395884087,28.6501240655,1424944.6639050583,729517.9422968645,MULTI_HORIZON_CANDIDATE_LEDGER,EPSG:4326-compatible longitude/latitude; CRS not embedded in Parquet,FL,Coastal Plains,Coastal Plains,True,True,True,True,True,True,False,0,True,False,False,multi_horizon_only
187093,-81.3866540886,28.5520628915,1427499.3050946093,718938.8155034333,MULTI_HORIZON_CANDIDATE_LEDGER,EPSG:4326-compatible longitude/latitude; CRS not embedded in Parquet,FL,Coastal Plains,Coastal Plains,True,True,True,True,True,True,False,0,True,False,False,multi_horizon_only
187094,-81.3708579128,28.598454461,1428243.4799963734,724246.1052986961,MULTI_HORIZON_CANDIDATE_LEDGER,EPSG:4326-compatible longitude/latitude; CRS not embedded in Parquet,FL,Coastal Plains,Coastal Plains,True,True,True,True,True,True,False,0,False,False,False,neither
187097,-81.370543626,28.6591649636,1427244.2825991302,730886.4598983563,MULTI_HORIZON_CANDIDATE_LEDGER,EPSG:4326-compatible longitude/latitude; CRS not embedded in Parquet,FL,Coastal Plains,Coastal Plains,True,True,True,True,True,True,False,0,False,False,False,neither
187109,-81.3703778157,28.5600299165,1428941.5787991432,720054.0675974265,MULTI_HORIZON_CANDIDATE_LEDGER,EPSG:4326-compatible longitude/latitude; CRS not embedded in Parquet,FL,Coastal Plains,Coastal Plains,True,True,True,True,True,True,True,1,True,False,False,multi_horizon_only
187119,-81.3545847762,28.5769548649,1430184.621897469,722141.2188019585,MULTI_HORIZON_CANDIDATE_LEDGER,EPSG:4326-compatible longitude/latitude; CRS not embedded in Parquet,FL,Coastal Plains,Coastal Plains,True,True,True,True,True,True,False,0,True,True,True,both
187120,-81.3484374959,28.6442919564,1429636.4830036007,729593.0576037355,MULTI_HORIZON_CANDIDATE_LEDGER,EPSG:4326-compatible longitude/latitude; CRS not embedded in Parquet,FL,Coastal Plains,Coastal Plains,True,True,True,True,True,True,False,0,False,False,False,neither
187122,-81.3559277304,28.7059304169,1427864.8777961752,736218.095499305,MULTI_HORIZON_CANDIDATE_LEDGER,EPSG:4326-compatible longitude/latitude; CRS not embedded in Parquet,FL,Coastal Plains,Coastal Plains,True,True,True,False,True,False,False,0,True,False,False,multi_horizon_only
187138,-81.3156940064,28.5509689217,1434394.5139004847,719887.742397273,MULTI_HORIZON_CANDIDATE_LEDGER,EPSG:4326-compatible longitude/latitude; CRS not embedded in Parquet,FL,Coastal Plains,Coastal Plains,True,True,True,True,True,True,False,0,False,False,False,neither
187195,-81.2514108871,28.7646554269,1436969.8180032247,744213.1081018243,MULTI_HORIZON_CANDIDATE_LEDGER,EPSG:4326-compatible longitude/latitude; CRS not embedded in Parquet,FL,Coastal Plains,Coastal Plains,True,True,True,True,True,True,False,0,False,False,False,neither
187230,-81.2138359236,28.8487344193,1439159.469200832,753973.552501509,MULTI_HORIZON_CANDIDATE_LEDGER,EPSG:4326-compatible longitude/latitude; CRS not embedded in Parquet,FL,Coastal Plains,Coastal Plains,True,True,True,False,True,False,False,0,True,False,False,multi_horizon_only
187306,-81.1374710611,28.6375842356,1450170.346395639,732056.5137032773,MULTI_HORIZON_CANDIDATE_LEDGER,EPSG:4326-compatible longitude/latitude; CRS not embedded in Parquet,FL,Coastal Plains,Coastal Plains,True,True,True,True,True,True,False,0,True,False,False,multi_horizon_only
187326,-81.1294423455,28.5823098847,1451900.0446022435,726140.2876988202,MULTI_HORIZON_CANDIDATE_LEDGER,EPSG:4326-compatible longitude/latitude; CRS not embedded in Parquet,FL,Coastal Plains,Coastal Plains,True,True,True,True,True,True,False,0,True,False,False,multi_horizon_only
187345,-81.0985220673,28.590896461,1454745.9199026325,727551.1564961802,MULTI_HORIZON_CANDIDATE_LEDGER,EPSG:4326-compatible longitude/latitude; CRS not embedded in Parquet,FL,Coastal Plains,Coastal Plains,True,True,True,True,True,True,False,0,True,False,False,multi_horizon_only
187649,-81.8161894032,28.5971370796,1385115.8672965276,717510.2745034173,MULTI_HORIZON_CANDIDATE_LEDGER,EPSG:4326-compatible longitude/latitude; CRS not embedded in Parquet,FL,Coastal Plains,Coastal Plains,True,True,True,True,True,True,False,0,False,False,False,neither
187650,-81.26921427,28.8384134612,1433989.0722963496,752007.9735971559,MULTI_HORIZON_CANDIDATE_LEDGER,EPSG:4326-compatible longitude/latitude; CRS not embedded in Parquet,FL,Coastal Plains,Coastal Plains,True,True,True,True,True,True,False,0,False,False,False,neither
187712,-82.0610361528,29.5649645414,1345715.9677044577,819990.6047961526,MULTI_HORIZON_CANDIDATE_LEDGER,EPSG:4326-compatible longitude/latitude; CRS not embedded in Parquet,FL,Coastal Plains,Coastal Plains,True,True,True,False,True,False,False,0,False,False,False,neither
187739,-81.9842611097,29.5595302345,1353162.955997486,820484.8402965702,MULTI_HORIZON_CANDIDATE_LEDGER,EPSG:4326-compatible longitude/latitude; CRS not embedded in Parquet,FL,Coastal Plains,Coastal Plains,True,True,True,True,True,True,False,0,False,False,False,neither
187869,-81.7925227898,28.5684004884,1387883.1539956182,714712.8422969673,MULTI_HORIZON_CANDIDATE_LEDGER,EPSG:4326-compatible longitude/latitude; CRS not embedded in Parquet,FL,Coastal Plains,Coastal Plains,True,True,True,False,True,False,False,0,True,False,False,multi_horizon_only
1879,-92.8767107596,46.6665393271,239812.8404964536,2634711.6181974383,MULTI_HORIZON_CANDIDATE_LEDGER,EPSG:4326-compatible longitude/latitude; CRS not embedded in Parquet,MN,Upper Midwest,Upper Midwest,True,True,True,True,True,True,False,0,True,False,False,multi_horizon_only
187914,-81.7176154289,28.8227385534,1390932.9028965393,743628.9760019984,MULTI_HORIZON_CANDIDATE_LEDGER,EPSG:4326-compatible longitude/latitude; CRS not embedded in Parquet,FL,Coastal Plains,Coastal Plains,True,True,True,False,True,False,False,0,False,False,False,neither
187927,-81.6931148336,28.8130173488,1393462.2685989703,742924.2938958425,MULTI_HORIZON_CANDIDATE_LEDGER,EPSG:4326-compatible longitude/latitude; CRS not embedded in Parquet,FL,Coastal Plains,Coastal Plains,True,True,True,True,True,True,False,0,True,False,False,multi_horizon_only
187945,-81.6643515287,28.8326966215,1395915.2314995227,745499.4810001571,MULTI_HORIZON_CANDIDATE_LEDGER,EPSG:4326-compatible longitude/latitude; CRS not embedded in Parquet,FL,Coastal Plains,Coastal Plains,True,True,True,True,True,True,False,0,False,False,False,neither
188,-93.5208727737,45.0003911961,195191.08309809273,2448310.3469044,MULTI_HORIZON_CANDIDATE_LEDGER,EPSG:4326-compatible longitude/latitude; CRS not embedded in Parquet,MN,Upper Midwest,Upper Midwest,True,True,True,False,True,False,False,0,True,True,True,both
188039,-81.5184772722,28.5231689808,1415207.4976986647,713809.4389985334,MULTI_HORIZON_CANDIDATE_LEDGER,EPSG:4326-compatible longitude/latitude; CRS not embedded in Parquet,FL,Coastal Plains,Coastal Plains,True,True,True,True,True,True,False,0,True,False,False,multi_horizon_only
188054,-81.5115060157,28.6840569501,1413181.1108007524,731501.1559026372,MULTI_HORIZON_CANDIDATE_LEDGER,EPSG:4326-compatible longitude/latitude; CRS not embedded in Parquet,FL,Coastal Plains,Coastal Plains,True,True,True,True,True,True,False,0,False,False,False,neither
1881,-93.4667324907,45.114867007,199113.27059631675,2461155.147301535,MULTI_HORIZON_CANDIDATE_LEDGER,EPSG:4326-compatible longitude/latitude; CRS not embedded in Parquet,MN,Upper Midwest,Upper Midwest,True,True,True,True,True,True,True,2,True,True,True,both
188104,-81.4400291176,28.5666853995,1422079.5378965787,719736.6497013997,MULTI_HORIZON_CANDIDATE_LEDGER,EPSG:4326-compatible longitude/latitude; CRS not embedded in Parquet,FL,Coastal Plains,Coastal Plains,True,True,True,True,True,True,False,0,True,False,False,multi_horizon_only
188106,-81.4469885558,28.6593874728,1419841.1336974828,729765.6822944544,MULTI_HORIZON_CANDIDATE_LEDGER,EPSG:4326-compatible longitude/latitude; CRS not embedded in Parquet,FL,Coastal Plains,Coastal Plains,True,True,True,True,True,True,False,0,True,True,True,both
188107,-81.4393885913,28.6662616312,1420460.7521973355,730630.7505954038,MULTI_HORIZON_CANDIDATE_LEDGER,EPSG:4326-compatible longitude/latitude; CRS not embedded in Parquet,FL,Coastal Plains,Coastal Plains,True,True,True,True,True,True,False,0,False,False,False,neither
188121,-81.4316951015,28.5973919933,1422368.584701536,723217.5463998765,MULTI_HORIZON_CANDIDATE_LEDGER,EPSG:4326-compatible longitude/latitude; CRS not embedded in Parquet,FL,Coastal Plains,Coastal Plains,True,True,True,True,True,True,False,0,True,True,True,both
188138,-81.3988909641,28.5566697243,1426235.40910458,719258.5333006997,MULTI_HORIZON_CANDIDATE_LEDGER,EPSG:4326-compatible longitude/latitude; CRS not embedded in Parquet,FL,Coastal Plains,Coastal Plains,True,True,True,True,True,True,False,0,True,False,False,multi_horizon_only
188156,-81.3805828637,28.8045356649,1423808.174898002,746629.1036996711,MULTI_HORIZON_CANDIDATE_LEDGER,EPSG:4326-compatible longitude/latitude; CRS not embedded in Parquet,FL,Coastal Plains,Coastal Plains,True,True,True,True,True,True,False,0,False,False,False,neither
188167,-81.3683359952,28.5782656935,1428830.1599968427,722077.6224968806,MULTI_HORIZON_CANDIDATE_LEDGER,EPSG:4326-compatible longitude/latitude; CRS not embedded in Parquet,FL,Coastal Plains,Coastal Plains,True,True,True,True,True,True,False,0,True,False,False,multi_horizon_only
188169,-81.3616231923,28.6582254042,1428123.6107038178,730917.7710964326,MULTI_HORIZON_CANDIDATE_LEDGER,EPSG:4326-compatible longitude/latitude; CRS not embedded in Parquet,FL,Coastal Plains,Coastal Plains,True,True,True,False,True,False,False,0,True,False,False,multi_horizon_only
188187,-81.3519751447,28.6725289391,1428814.499804514,732626.273901159,MULTI_HORIZON_CANDIDATE_LEDGER,EPSG:4326-compatible longitude/latitude; CRS not embedded in Parquet,FL,Coastal Plains,Coastal Plains,True,True,True,True,True,True,False,0,False,False,False,neither
188190,-81.353656624,28.7179420406,1427880.5740971067,737565.3274042215,MULTI_HORIZON_CANDIDATE_LEDGER,EPSG:4326-compatible longitude/latitude; CRS not embedded in Parquet,FL,Coastal Plains,Coastal Plains,True,True,True,True,True,True,True,1,True,False,False,multi_horizon_only
1882,-95.6644309883,47.6113920483,25401.27049733788,2735322.85689985,MULTI_HORIZON_CANDIDATE_LEDGER,EPSG:4326-compatible longitude/latitude; CRS not embedded in Parquet,MN,Upper Midwest,Upper Midwest,True,True,True,True,True,True,False,0,True,True,True,both
188237,-81.3070518792,28.50834735,1435957.741998522,715361.3681014292,MULTI_HORIZON_CANDIDATE_LEDGER,EPSG:4326-compatible longitude/latitude; CRS not embedded in Parquet,FL,Coastal Plains,Coastal Plains,True,True,True,False,True,False,False,0,False,False,False,neither
188250,-81.2806756023,28.6073881922,1436825.253197017,726581.8343011308,MULTI_HORIZON_CANDIDATE_LEDGER,EPSG:4326-compatible longitude/latitude; CRS not embedded in Parquet,FL,Coastal Plains,Coastal Plains,True,True,True,True,True,True,False,0,True,False,False,multi_horizon_only
188251,-81.2825895433,28.6285491437,1436278.9040042942,728865.3846037704,MULTI_HORIZON_CANDIDATE_LEDGER,EPSG:4326-compatible longitude/latitude; CRS not embedded in Parquet,FL,Coastal Plains,Coastal Plains,True,True,True,True,True,True,False,0,True,False,False,multi_horizon_only
188323,-81.2122157285,28.5733083577,1444038.1936969338,723895.7026949916,MULTI_HORIZON_CANDIDATE_LEDGER,EPSG:4326-compatible longitude/latitude; CRS not embedded in Parquet,FL,Coastal Plains,Coastal Plains,True,True,True,True,True,True,False,0,True,False,False,multi_horizon_only
188340,-81.1963388737,28.6794109663,1443755.3029980191,735730.6584944464,MULTI_HORIZON_CANDIDATE_LEDGER,EPSG:4326-compatible longitude/latitude; CRS not embedded in Parquet,FL,Coastal Plains,Coastal Plains,True,True,True,True,True,True,False,0,True,False,False,multi_horizon_only
188388,-81.1146082074,28.6346609916,1452433.3062037944,732086.2777002137,MULTI_HORIZON_CANDIDATE_LEDGER,EPSG:4326-compatible longitude/latitude; CRS not embedded in Parquet,FL,Coastal Plains,Coastal Plains,True,True,True,True,True,True,False,0,True,False,False,multi_horizon_only
188390,-81.1266291956,28.6418918373,1451145.297003736,732692.6593051106,MULTI_HORIZON_CANDIDATE_LEDGER,EPSG:4326-compatible longitude/latitude; CRS not embedded in Parquet,FL,Coastal Plains,Coastal Plains,True,True,True,True,True,True,False,0,False,False,False,neither
1884,-95.3970154112,47.1293393478,45981.423399074796,2682146.2028029542,MULTI_HORIZON_CANDIDATE_LEDGER,EPSG:4326-compatible longitude/latitude; CRS not embedded in Parquet,MN,Upper Midwest,Upper Midwest,True,True,True,True,True,True,False,0,False,False,False,neither
188716,-81.3508538541,28.6168140562,1429869.2199967662,726553.4708001725,MULTI_HORIZON_CANDIDATE_LEDGER,EPSG:4326-compatible longitude/latitude; CRS not embedded in Parquet,FL,Coastal Plains,Coastal Plains,True,True,True,True,True,True,False,0,True,True,True,both
188717,-81.1072552558,28.6022450658,1453704.451696965,728657.2672986314,MULTI_HORIZON_CANDIDATE_LEDGER,EPSG:4326-compatible longitude/latitude; CRS not embedded in Parquet,FL,Coastal Plains,Coastal Plains,True,True,True,True,True,True,False,0,True,True,True,both
188720,-81.7803714824,29.3530092364,1376113.7258035415,800775.4497046936,MULTI_HORIZON_CANDIDATE_LEDGER,EPSG:4326-compatible longitude/latitude; CRS not embedded in Parquet,FL,Coastal Plains,Coastal Plains,True,True,True,True,True,True,False,0,False,False,False,neither
188721,-81.7271825351,28.8466198208,1389612.770996977,746102.0676046442,MULTI_HORIZON_CANDIDATE_LEDGER,EPSG:4326-compatible longitude/latitude; CRS not embedded in Parquet,FL,Coastal Plains,Coastal Plains,True,True,True,True,True,True,False,0,True,False,False,multi_horizon_only
188722,-81.3461671123,28.9885796012,1424004.785903245,767274.0146053024,MULTI_HORIZON_CANDIDATE_LEDGER,EPSG:4326-compatible longitude/latitude; CRS not embedded in Parquet,FL,Coastal Plains,Coastal Plains,True,True,True,True,True,True,False,0,True,True,True,both
188723,-80.934692667,28.625485895,1470002.2496000496,733850.3711052593,MULTI_HORIZON_CANDIDATE_LEDGER,EPSG:4326-compatible longitude/latitude; CRS not embedded in Parquet,FL,Coastal Plains,Coastal Plains,True,True,True,False,True,False,False,0,True,True,True,both
188798,-81.9845259847,29.5677818352,1353003.1464032861,821385.91610571,MULTI_HORIZON_CANDIDATE_LEDGER,EPSG:4326-compatible longitude/latitude; CRS not embedded in Parquet,FL,Coastal Plains,Coastal Plains,True,True,True,False,True,False,False,0,False,False,False,neither
188910,-81.8546879567,29.6024580314,1364874.85219883,827044.8501949478,MULTI_HORIZON_CANDIDATE_LEDGER,EPSG:4326-compatible longitude/latitude; CRS not embedded in Parquet,FL,Coastal Plains,Coastal Plains,True,True,True,False,True,False,False,0,False,False,False,neither
188996,-81.7500070853,28.452286857,1393923.242300775,702639.5948049445,MULTI_HORIZON_CANDIDATE_LEDGER,EPSG:4326-compatible longitude/latitude; CRS not embedded in Parquet,FL,Coastal Plains,Coastal Plains,True,True,True,True,True,True,False,0,True,False,False,multi_horizon_only
189072,-81.6122526432,29.1313992839,1395962.2440027494,778955.9130029995,MULTI_HORIZON_CANDIDATE_LEDGER,EPSG:4326-compatible longitude/latitude; CRS not embedded in Parquet,FL,Coastal Plains,Coastal Plains,True,True,True,True,True,True,False,0,False,False,False,neither
189080,-81.6015559969,28.5273511578,1407081.2264013398,713032.9355983827,MULTI_HORIZON_CANDIDATE_LEDGER,EPSG:4326-compatible longitude/latitude; CRS not embedded in Parquet,FL,Coastal Plains,Coastal Plains,True,True,True,True,True,True,False,0,True,False,False,multi_horizon_only
189109,-81.5708368445,29.4442957651,1394706.5892968504,813831.5309019648,MULTI_HORIZON_CANDIDATE_LEDGER,EPSG:4326-compatible longitude/latitude; CRS not embedded in Parquet,FL,Coastal Plains,Coastal Plains,True,True,True,True,True,True,False,0,True,False,False,multi_horizon_only
189149,-81.5328529019,28.541723992,1413502.36479602,715623.55559857,MULTI_HORIZON_CANDIDATE_LEDGER,EPSG:4326-compatible longitude/latitude; CRS not embedded in Parquet,FL,Coastal Plains,Coastal Plains,True,True,True,True,True,True,True,3,True,True,True,both
189157,-81.5222905336,28.9971626484,1406878.9948987116,765589.8774997666,MULTI_HORIZON_CANDIDATE_LEDGER,EPSG:4326-compatible longitude/latitude; CRS not embedded in Parquet,FL,Coastal Plains,Coastal Plains,True,True,True,True,True,True,False,0,True,False,False,multi_horizon_only
189170,-81.509684244,28.5930701506,1414886.0184020058,721580.9355951808,MULTI_HORIZON_CANDIDATE_LEDGER,EPSG:4326-compatible longitude/latitude; CRS not embedded in Parquet,FL,Coastal Plains,Coastal Plains,True,True,True,True,True,True,False,0,False,False,False,neither
1892,-95.7501938115,46.5697541972,19212.272600278033,2620072.6691968422,MULTI_HORIZON_CANDIDATE_LEDGER,EPSG:4326-compatible longitude/latitude; CRS not embedded in Parquet,MN,Upper Midwest,Upper Midwest,True,True,True,True,True,True,False,0,False,False,False,neither
189207,-81.4467697762,28.5976013334,1420904.7746033194,723014.920295829,MULTI_HORIZON_CANDIDATE_LEDGER,EPSG:4326-compatible longitude/latitude; CRS not embedded in Parquet,FL,Coastal Plains,Coastal Plains,True,True,True,False,True,False,False,0,True,False,False,multi_horizon_only
189209,-81.4448959549,28.6450744544,1420285.2325983113,728232.2595968992,MULTI_HORIZON_CANDIDATE_LEDGER,EPSG:4326-compatible longitude/latitude; CRS not embedded in Parquet,FL,Coastal Plains,Coastal Plains,True,True,True,True,True,True,False,0,True,False,False,multi_horizon_only
189241,-81.3848285262,28.5566448061,1427598.6080970464,719466.956704786,MULTI_HORIZON_CANDIDATE_LEDGER,EPSG:4326-compatible longitude/latitude; CRS not embedded in Parquet,FL,Coastal Plains,Coastal Plains,True,True,True,True,True,True,False,0,True,False,False,multi_horizon_only
189242,-81.3854990883,28.5668012579,1427361.5780019548,720566.8162026405,MULTI_HORIZON_CANDIDATE_LEDGER,EPSG:4326-compatible longitude/latitude; CRS not embedded in Parquet,FL,Coastal Plains,Coastal Plains,True,True,True,True,True,True,False,0,False,False,False,neither
189270,-81.344490683,28.5885213357,1430966.0387996011,723557.1876051221,MULTI_HORIZON_CANDIDATE_LEDGER,EPSG:4326-compatible longitude/latitude; CRS not embedded in Parquet,FL,Coastal Plains,Coastal Plains,True,True,True,True,True,True,False,0,True,True,True,both
189278,-81.3378815368,28.5924506634,1431539.4477972898,724086.1362011526,MULTI_HORIZON_CANDIDATE_LEDGER,EPSG:4326-compatible longitude/latitude; CRS not embedded in Parquet,FL,Coastal Plains,Coastal Plains,True,True,True,True,True,True,False,0,False,False,False,neither
189281,-81.3330174309,28.6893200799,1430363.4619039814,734746.879106164,MULTI_HORIZON_CANDIDATE_LEDGER,EPSG:4326-compatible longitude/latitude; CRS not embedded in Parquet,FL,Coastal Plains,Coastal Plains,True,True,True,True,True,True,False,0,False,False,False,neither
189292,-81.3094804422,28.6399022515,1433482.2182957507,729700.1217039581,MULTI_HORIZON_CANDIDATE_LEDGER,EPSG:4326-compatible longitude/latitude; CRS not embedded in Parquet,FL,Coastal Plains,Coastal Plains,True,True,True,True,True,True,False,0,True,True,True,both
189299,-81.3138833933,28.7699820333,1430840.9774967122,743852.8099035788,MULTI_HORIZON_CANDIDATE_LEDGER,EPSG:4326-compatible longitude/latitude; CRS not embedded in Parquet,FL,Coastal Plains,Coastal Plains,True,True,True,True,True,True,False,0,False,False,False,neither
189304,-81.2984721042,28.5251854325,1436502.6710016585,717330.6966951247,MULTI_HORIZON_CANDIDATE_LEDGER,EPSG:4326-compatible longitude/latitude; CRS not embedded in Parquet,FL,Coastal Plains,Coastal Plains,True,True,True,True,True,True,False,0,True,False,False,multi_horizon_only
189344,-81.2500307502,29.0231466902,1432680.4680957268,772500.2301999647,MULTI_HORIZON_CANDIDATE_LEDGER,EPSG:4326-compatible longitude/latitude; CRS not embedded in Parquet,FL,Coastal Plains,Coastal Plains,True,True,True,True,True,True,False,0,False,False,False,neither
189356,-81.2411984169,28.5676240675,1441328.0606011755,722834.6700992882,MULTI_HORIZON_CANDIDATE_LEDGER,EPSG:4326-compatible longitude/latitude; CRS not embedded in Parquet,FL,Coastal Plains,Coastal Plains,True,True,True,True,True,True,False,0,True,False,False,multi_horizon_only
189459,-81.1041652912,28.6499224909,1453180.3963028968,733913.337197192,MULTI_HORIZON_CANDIDATE_LEDGER,EPSG:4326-compatible longitude/latitude; CRS not embedded in Parquet,FL,Coastal Plains,Coastal Plains,True,True,True,True,True,True,False,0,False,False,False,neither
1895,-93.4963436372,46.629845005,192355.55339842488,2629239.3760033846,MULTI_HORIZON_CANDIDATE_LEDGER,EPSG:4326-compatible longitude/latitude; CRS not embedded in Parquet,MN,Upper Midwest,Upper Midwest,True,True,True,False,True,False,False,0,True,False,False,multi_horizon_only
1897,-94.4708857361,45.594396933,119338.67070280793,2512776.3589974204,MULTI_HORIZON_CANDIDATE_LEDGER,EPSG:4326-compatible longitude/latitude; CRS not embedded in Parquet,MN,Upper Midwest,Upper Midwest,True,True,True,False,True,False,False,0,False,False,False,neither
189765,-81.7679772182,28.5745481756,1390161.5582013757,715743.8890999742,MULTI_HORIZON_CANDIDATE_LEDGER,EPSG:4326-compatible longitude/latitude; CRS not embedded in Parquet,FL,Coastal Plains,Coastal Plains,True,True,True,True,True,True,False,0,False,False,False,neither
189766,-81.7385636821,28.4802514204,1394571.9740985432,705864.5635960475,MULTI_HORIZON_CANDIDATE_LEDGER,EPSG:4326-compatible longitude/latitude; CRS not embedded in Parquet,FL,Coastal Plains,Coastal Plains,True,True,True,True,True,True,False,0,False,False,False,neither
189767,-82.2240199331,29.644637141,1328815.9694966045,826436.8283959385,MULTI_HORIZON_CANDIDATE_LEDGER,EPSG:4326-compatible longitude/latitude; CRS not embedded in Parquet,FL,Coastal Plains,Coastal Plains,True,True,True,True,True,True,False,0,False,False,False,neither
189769,-82.1710044045,29.4577431987,1336897.9982025311,806679.9493004736,MULTI_HORIZON_CANDIDATE_LEDGER,EPSG:4326-compatible longitude/latitude; CRS not embedded in Parquet,FL,Coastal Plains,Coastal Plains,True,True,True,False,True,False,False,0,True,False,False,multi_horizon_only
189772,-81.9411266436,29.014436385,1366198.3156959442,761369.9321977012,MULTI_HORIZON_CANDIDATE_LEDGER,EPSG:4326-compatible longitude/latitude; CRS not embedded in Parquet,FL,Coastal Plains,Coastal Plains,True,True,True,True,True,True,False,0,False,False,False,neither
189773,-81.8402418673,28.8416549826,1378768.69640395,743912.0090013426,MULTI_HORIZON_CANDIDATE_LEDGER,EPSG:4326-compatible longitude/latitude; CRS not embedded in Parquet,FL,Coastal Plains,Coastal Plains,True,True,True,False,True,False,False,0,True,False,False,multi_horizon_only
189774,-81.7367106046,28.9169842882,1387527.6207035505,753663.0451997239,MULTI_HORIZON_CANDIDATE_LEDGER,EPSG:4326-compatible longitude/latitude; CRS not embedded in Parquet,FL,Coastal Plains,Coastal Plains,True,True,True,True,True,True,False,0,True,False,False,multi_horizon_only
189775,-81.66018672,28.7734465067,1397303.2547976312,739078.7654004525,MULTI_HORIZON_CANDIDATE_LEDGER,EPSG:4326-compatible longitude/latitude; CRS not embedded in Parquet,FL,Coastal Plains,Coastal Plains,True,True,True,True,True,True,False,0,True,True,True,both
189776,-81.5410485476,28.9393468368,1406040.3033982504,758985.9793963227,MULTI_HORIZON_CANDIDATE_LEDGER,EPSG:4326-compatible longitude/latitude; CRS not embedded in Parquet,FL,Coastal Plains,Coastal Plains,True,True,True,True,True,True,False,0,True,False,False,multi_horizon_only
189777,-81.5284782416,29.500054787,1397831.8025956163,820562.7249035649,MULTI_HORIZON_CANDIDATE_LEDGER,EPSG:4326-compatible longitude/latitude; CRS not embedded in Parquet,FL,Coastal Plains,Coastal Plains,True,True,True,False,True,False,False,0,True,False,False,multi_horizon_only
189779,-81.2294498446,28.7224051801,1439815.881994814,739927.2123047058,MULTI_HORIZON_CANDIDATE_LEDGER,EPSG:4326-compatible longitude/latitude; CRS not embedded in Parquet,FL,Coastal Plains,Coastal Plains,True,True,True,False,True,False,False,0,True,False,False,multi_horizon_only
189780,-80.7868619766,27.809665729,1498672.1940976705,647161.5261984151,MULTI_HORIZON_CANDIDATE_LEDGER,EPSG:4326-compatible longitude/latitude; CRS not embedded in Parquet,FL,Coastal Plains,Coastal Plains,True,True,True,True,True,True,True,1,True,True,True,both
189781,-80.7254529405,27.7904576977,1505008.8909039972,646039.2946994249,MULTI_HORIZON_CANDIDATE_LEDGER,EPSG:4326-compatible longitude/latitude; CRS not embedded in Parquet,FL,Coastal Plains,Coastal Plains,True,True,True,False,True,False,False,0,True,False,False,multi_horizon_only
189861,-81.9772604049,29.6989948424,1351560.4702978113,835880.0074032769,MULTI_HORIZON_CANDIDATE_LEDGER,EPSG:4326-compatible longitude/latitude; CRS not embedded in Parquet,FL,Coastal Plains,Coastal Plains,True,True,True,True,True,True,False,0,True,False,False,multi_horizon_only
189910,-81.9071789963,28.7673442713,1373513.7857953466,734810.4170018174,MULTI_HORIZON_CANDIDATE_LEDGER,EPSG:4326-compatible longitude/latitude; CRS not embedded in Parquet,FL,Coastal Plains,Coastal Plains,True,True,True,True,True,True,True,5,True,True,True,both
189913,-81.9060246444,29.2319377147,1366025.2520012525,785697.7331988569,MULTI_HORIZON_CANDIDATE_LEDGER,EPSG:4326-compatible longitude/latitude; CRS not embedded in Parquet,FL,Coastal Plains,Coastal Plains,True,True,True,True,True,True,False,0,True,True,True,both
189947,-81.8675187479,29.2589439979,1369286.5743021898,789210.6259006876,MULTI_HORIZON_CANDIDATE_LEDGER,EPSG:4326-compatible longitude/latitude; CRS not embedded in Parquet,FL,Coastal Plains,Coastal Plains,True,True,True,True,True,True,False,0,True,True,True,both
18995,-94.7528387798,47.2896800419,94869.22680197612,2700353.811197237,MULTI_HORIZON_CANDIDATE_LEDGER,EPSG:4326-compatible longitude/latitude; CRS not embedded in Parquet,MN,Upper Midwest,Upper Midwest,True,True,True,True,True,True,False,0,False,True,False,direct_60_day_only
189966,-81.867652351,29.6513202633,1362830.465495403,832216.6412025839,MULTI_HORIZON_CANDIDATE_LEDGER,EPSG:4326-compatible longitude/latitude; CRS not embedded in Parquet,FL,Coastal Plains,Coastal Plains,True,True,True,True,True,True,False,0,False,False,False,neither
190012,-81.8036413615,28.8378261636,1382369.1202020391,744024.6977992523,MULTI_HORIZON_CANDIDATE_LEDGER,EPSG:4326-compatible longitude/latitude; CRS not embedded in Parquet,FL,Coastal Plains,Coastal Plains,True,True,True,True,True,True,False,0,True,True,True,both
190042,-81.757608796,28.5147456967,1392154.1337039925,709356.5612963885,MULTI_HORIZON_CANDIDATE_LEDGER,EPSG:4326-compatible longitude/latitude; CRS not embedded in Parquet,FL,Coastal Plains,Coastal Plains,True,True,True,True,True,True,False,0,False,False,False,neither
190092,-81.6821420149,28.8661714145,1393640.005303553,748900.9835961703,MULTI_HORIZON_CANDIDATE_LEDGER,EPSG:4326-compatible longitude/latitude; CRS not embedded in Parquet,FL,Coastal Plains,Coastal Plains,True,True,True,True,True,True,True,5,True,True,True,both
19013,-94.2603379364,46.5088776978,133911.34269749062,2614526.836300577,MULTI_HORIZON_CANDIDATE_LEDGER,EPSG:4326-compatible longitude/latitude; CRS not embedded in Parquet,MN,Upper Midwest,Upper Midwest,True,True,True,True,True,True,False,0,False,False,False,neither
190146,-81.579449685,28.5033596059,1409625.9719959998,710738.1033035759,MULTI_HORIZON_CANDIDATE_LEDGER,EPSG:4326-compatible longitude/latitude; CRS not embedded in Parquet,FL,Coastal Plains,Coastal Plains,True,True,True,True,True,True,False,0,True,False,False,multi_horizon_only
190150,-81.5824515353,29.470343197,1393156.2591002388,816514.8951007221,MULTI_HORIZON_CANDIDATE_LEDGER,EPSG:4326-compatible longitude/latitude; CRS not embedded in Parquet,FL,Coastal Plains,Coastal Plains,True,True,True,False,True,False,False,0,True,False,False,multi_horizon_only
19016,-94.9321814544,47.0373399396,81541.17079681289,2672280.604904511,MULTI_HORIZON_CANDIDATE_LEDGER,EPSG:4326-compatible longitude/latitude; CRS not embedded in Parquet,MN,Upper Midwest,Upper Midwest,True,True,True,True,True,True,False,0,False,False,False,neither
19019,-94.1983105443,46.6053110496,138482.78879674885,2625299.9834961807,MULTI_HORIZON_CANDIDATE_LEDGER,EPSG:4326-compatible longitude/latitude; CRS not embedded in Parquet,MN,Upper Midwest,Upper Midwest,True,True,True,False,True,False,False,0,False,False,False,neither
1902,-93.2681745872,47.6695503861,206575.94670205266,2744669.119097803,MULTI_HORIZON_CANDIDATE_LEDGER,EPSG:4326-compatible longitude/latitude; CRS not embedded in Parquet,MN,Upper Midwest,Upper Midwest,True,True,True,False,True,False,False,0,False,False,False,neither
190298,-81.4091857686,28.6162757684,1424229.5811033866,725618.7061038092,MULTI_HORIZON_CANDIDATE_LEDGER,EPSG:4326-compatible longitude/latitude; CRS not embedded in Parquet,FL,Coastal Plains,Coastal Plains,True,True,True,True,True,True,False,0,True,False,False,multi_horizon_only
1903,-95.0987254899,45.3323283175,70617.58270289688,2483021.7005987028,MULTI_HORIZON_CANDIDATE_LEDGER,EPSG:4326-compatible longitude/latitude; CRS not embedded in Parquet,MN,Upper Midwest,Upper Midwest,True,True,True,True,True,True,False,0,False,False,False,neither
190331,-81.3599141335,28.6419382724,1428565.4666005473,729163.2138028536,MULTI_HORIZON_CANDIDATE_LEDGER,EPSG:4326-compatible longitude/latitude; CRS not embedded in Parquet,FL,Coastal Plains,Coastal Plains,True,True,True,True,True,True,False,0,False,False,False,neither
190332,-81.362521766,28.7221553106,1426951.6420042058,737892.7772012278,MULTI_HORIZON_CANDIDATE_LEDGER,EPSG:4326-compatible longitude/latitude; CRS not embedded in Parquet,FL,Coastal Plains,Coastal Plains,True,True,True,True,True,True,False,0,True,False,False,multi_horizon_only
190343,-81.3525999377,28.657605083,1429007.4760013614,730985.6068031006,MULTI_HORIZON_CANDIDATE_LEDGER,EPSG:4326-compatible longitude/latitude; CRS not embedded in Parquet,FL,Coastal Plains,Coastal Plains,True,True,True,True,True,True,False,0,True,False,False,multi_horizon_only
190360,-81.3331943895,28.5859791869,1432103.461805346,723449.5376972165,MULTI_HORIZON_CANDIDATE_LEDGER,EPSG:4326-compatible longitude/latitude; CRS not embedded in Parquet,FL,Coastal Plains,Coastal Plains,True,True,True,True,True,True,False,0,True,False,False,multi_horizon_only
190364,-81.3354501992,28.6742343774,1430384.5920950924,733061.2779042888,MULTI_HORIZON_CANDIDATE_LEDGER,EPSG:4326-compatible longitude/latitude; CRS not embedded in Parquet,FL,Coastal Plains,Coastal Plains,True,True,True,True,True,True,False,0,True,False,False,multi_horizon_only
190378,-81.3180865728,28.5331186129,1434466.412697113,717901.2022044268,MULTI_HORIZON_CANDIDATE_LEDGER,EPSG:4326-compatible longitude/latitude; CRS not embedded in Parquet,FL,Coastal Plains,Coastal Plains,True,True,True,False,True,False,False,0,True,False,False,multi_horizon_only
190379,-81.3232411584,28.562248798,1433471.2812032737,721006.4203049894,MULTI_HORIZON_CANDIDATE_LEDGER,EPSG:4326-compatible longitude/latitude; CRS not embedded in Parquet,FL,Coastal Plains,Coastal Plains,True,True,True,True,True,True,False,0,True,False,False,multi_horizon_only
190393,-81.3098717616,28.7824644962,1431016.055198602,745277.9196946751,MULTI_HORIZON_CANDIDATE_LEDGER,EPSG:4326-compatible longitude/latitude; CRS not embedded in Parquet,FL,Coastal Plains,Coastal Plains,True,True,True,True,True,True,False,0,False,False,False,neither
190427,-81.265475204,29.0392343036,1430917.314302774,774027.3556042071,MULTI_HORIZON_CANDIDATE_LEDGER,EPSG:4326-compatible longitude/latitude; CRS not embedded in Parquet,FL,Coastal Plains,Coastal Plains,True,True,True,True,True,True,False,0,False,False,False,neither
190428,-81.2649491302,29.046634309,1430841.460601792,774844.7927951925,MULTI_HORIZON_CANDIDATE_LEDGER,EPSG:4326-compatible longitude/latitude; CRS not embedded in Parquet,FL,Coastal Plains,Coastal Plains,True,True,True,True,True,True,False,0,True,True,True,both
190436,-81.2466979583,28.6062724265,1440134.4014019882,726974.215901617,MULTI_HORIZON_CANDIDATE_LEDGER,EPSG:4326-compatible longitude/latitude; CRS not embedded in Parquet,FL,Coastal Plains,Coastal Plains,True,True,True,True,True,True,False,0,True,False,False,multi_horizon_only
190473,-81.2093903512,28.6328259702,1443291.4926988364,730441.7393033281,MULTI_HORIZON_CANDIDATE_LEDGER,EPSG:4326-compatible longitude/latitude; CRS not embedded in Parquet,FL,Coastal Plains,Coastal Plains,True,True,True,True,True,True,False,0,False,False,False,neither
1908,-90.4217440083,48.057564524,419122.6293024233,2796813.7213042146,MULTI_HORIZON_CANDIDATE_LEDGER,EPSG:4326-compatible longitude/latitude; CRS not embedded in Parquet,MN,Upper Midwest,Upper Midwest,True,True,True,False,True,False,False,0,False,False,False,neither
190851,-81.6456420861,28.5090550503,1403110.2211990638,710381.0996046998,MULTI_HORIZON_CANDIDATE_LEDGER,EPSG:4326-compatible longitude/latitude; CRS not embedded in Parquet,FL,Coastal Plains,Coastal Plains,True,True,True,True,True,True,False,0,True,True,True,both
190852,-81.632281542,28.5323593333,1404018.1153003953,713125.9730945565,MULTI_HORIZON_CANDIDATE_LEDGER,EPSG:4326-compatible longitude/latitude; CRS not embedded in Parquet,FL,Coastal Plains,Coastal Plains,True,True,True,True,True,True,False,0,True,True,True,both
190854,-81.8065720743,28.7693649572,1383213.1102984047,736490.7327010557,MULTI_HORIZON_CANDIDATE_LEDGER,EPSG:4326-compatible longitude/latitude; CRS not embedded in Parquet,FL,Coastal Plains,Coastal Plains,True,True,True,True,True,True,True,2,True,False,False,multi_horizon_only
190855,-81.7356446207,30.1311862147,1367504.101899785,886758.1713026725,MULTI_HORIZON_CANDIDATE_LEDGER,EPSG:4326-compatible longitude/latitude; CRS not embedded in Parquet,FL,Coastal Plains,Coastal Plains,True,True,True,False,True,False,False,0,False,False,False,neither
1909,-95.6063472204,46.8913917809,30127.71899953095,2655732.4899946153,MULTI_HORIZON_CANDIDATE_LEDGER,EPSG:4326-compatible longitude/latitude; CRS not embedded in Parquet,MN,Upper Midwest,Upper Midwest,True,True,True,False,True,False,False,0,False,False,False,neither
190926,-81.9968492711,29.7027624373,1349624.7791036516,836014.8916993849,MULTI_HORIZON_CANDIDATE_LEDGER,EPSG:4326-compatible longitude/latitude; CRS not embedded in Parquet,FL,Coastal Plains,Coastal Plains,True,True,True,True,True,True,False,0,True,True,True,both
191,-93.5618473064,44.9613240809,192077.24319787315,2443880.8062032023,MULTI_HORIZON_CANDIDATE_LEDGER,EPSG:4326-compatible longitude/latitude; CRS not embedded in Parquet,MN,Upper Midwest,Upper Midwest,True,True,True,True,True,True,True,2,True,False,False,multi_horizon_only
191170,-81.6662318462,28.9526505709,1393738.6105949564,758597.7645022292,MULTI_HORIZON_CANDIDATE_LEDGER,EPSG:4326-compatible longitude/latitude; CRS not embedded in Parquet,FL,Coastal Plains,Coastal Plains,True,True,True,False,True,False,False,0,True,False,False,multi_horizon_only
191194,-81.6355370422,28.8731010028,1398026.311798289,750343.7247048877,MULTI_HORIZON_CANDIDATE_LEDGER,EPSG:4326-compatible longitude/latitude; CRS not embedded in Parquet,FL,Coastal Plains,Coastal Plains,True,True,True,True,True,True,False,0,True,False,False,multi_horizon_only
191241,-81.5701717631,28.5177931081,1410284.5196961763,712453.3749034889,MULTI_HORIZON_CANDIDATE_LEDGER,EPSG:4326-compatible longitude/latitude; CRS not embedded in Parquet,FL,Coastal Plains,Coastal Plains,True,True,True,True,True,True,True,1,True,True,True,both
191305,-81.5118436849,28.550351358,1415394.253901312,716879.2513024453,MULTI_HORIZON_CANDIDATE_LEDGER,EPSG:4326-compatible longitude/latitude; CRS not embedded in Parquet,FL,Coastal Plains,Coastal Plains,True,True,True,True,True,True,True,2,True,False,False,multi_horizon_only
191306,-81.510994426,28.5528557368,1415434.5159959875,717165.6362043135,MULTI_HORIZON_CANDIDATE_LEDGER,EPSG:4326-compatible longitude/latitude; CRS not embedded in Parquet,FL,Coastal Plains,Coastal Plains,True,True,True,False,True,False,False,0,False,False,False,neither
191324,-81.4962446518,28.6882863505,1414586.9784017853,732190.6504995897,MULTI_HORIZON_CANDIDATE_LEDGER,EPSG:4326-compatible longitude/latitude; CRS not embedded in Parquet,FL,Coastal Plains,Coastal Plains,True,True,True,True,True,True,False,0,True,False,False,multi_horizon_only
191328,-81.4895805869,28.7117665699,1414836.8067999699,734857.2078962848,MULTI_HORIZON_CANDIDATE_LEDGER,EPSG:4326-compatible longitude/latitude; CRS not embedded in Parquet,FL,Coastal Plains,Coastal Plains,True,True,True,False,True,False,False,0,True,False,False,multi_horizon_only
191335,-81.481781545,28.5280926831,1418682.8302009096,714894.7021050528,MULTI_HORIZON_CANDIDATE_LEDGER,EPSG:4326-compatible longitude/latitude; CRS not embedded in Parquet,FL,Coastal Plains,Coastal Plains,True,True,True,True,True,True,False,0,True,True,True,both
191355,-81.4476665374,28.6520075856,1419900.0206987676,728948.7781992424,MULTI_HORIZON_CANDIDATE_LEDGER,EPSG:4326-compatible longitude/latitude; CRS not embedded in Parquet,FL,Coastal Plains,Coastal Plains,True,True,True,True,True,True,False,0,False,False,False,neither
191380,-81.4216614287,28.5911015897,1423446.8279989497,722680.2373944577,MULTI_HORIZON_CANDIDATE_LEDGER,EPSG:4326-compatible longitude/latitude; CRS not embedded in Parquet,FL,Coastal Plains,Coastal Plains,True,True,True,True,True,True,False,0,False,False,False,neither
191399,-81.4117585573,28.6243384996,1423844.0662971025,726461.4450981226,MULTI_HORIZON_CANDIDATE_LEDGER,EPSG:4326-compatible longitude/latitude; CRS not embedded in Parquet,FL,Coastal Plains,Coastal Plains,True,True,True,True,True,True,False,0,True,False,False,multi_horizon_only
1914,-93.0844412034,45.3854561903,228229.24679930985,2492094.90060022,MULTI_HORIZON_CANDIDATE_LEDGER,EPSG:4326-compatible longitude/latitude; CRS not embedded in Parquet,MN,Upper Midwest,Upper Midwest,True,True,True,True,True,True,False,0,True,True,True,both
191410,-81.4031273172,28.6220767409,1424718.1343975998,726343.5825942289,MULTI_HORIZON_CANDIDATE_LEDGER,EPSG:4326-compatible longitude/latitude; CRS not embedded in Parquet,FL,Coastal Plains,Coastal Plains,True,True,True,True,True,True,False,0,False,False,False,neither
191423,-81.3764811068,28.5623803278,1428310.3167030122,720219.1731015332,MULTI_HORIZON_CANDIDATE_LEDGER,EPSG:4326-compatible longitude/latitude; CRS not embedded in Parquet,FL,Coastal Plains,Coastal Plains,True,True,True,True,True,True,False,0,False,False,False,neither
191435,-81.3703699467,28.6151892251,1428006.9373998586,726082.4383038692,MULTI_HORIZON_CANDIDATE_LEDGER,EPSG:4326-compatible longitude/latitude; CRS not embedded in Parquet,FL,Coastal Plains,Coastal Plains,True,True,True,True,True,True,False,0,True,False,False,multi_horizon_only
191437,-81.3658574123,28.6796217635,1427350.7594956616,733192.9833995961,MULTI_HORIZON_CANDIDATE_LEDGER,EPSG:4326-compatible longitude/latitude; CRS not embedded in Parquet,FL,Coastal Plains,Coastal Plains,True,True,True,True,True,True,True,1,True,False,False,multi_horizon_only
191448,-81.3552026964,28.6320087984,1429190.1403957254,728148.7662045211,MULTI_HORIZON_CANDIDATE_LEDGER,EPSG:4326-compatible longitude/latitude; CRS not embedded in Parquet,FL,Coastal Plains,Coastal Plains,True,True,True,True,True,True,False,0,True,True,True,both
191460,-81.3324519843,28.6417402615,1431227.2718030573,729554.774697043,MULTI_HORIZON_CANDIDATE_LEDGER,EPSG:4326-compatible longitude/latitude; CRS not embedded in Parquet,FL,Coastal Plains,Coastal Plains,True,True,True,True,True,True,False,0,False,False,False,neither
191467,-81.3196766973,28.5312809219,1434343.5572981022,717676.4090963565,MULTI_HORIZON_CANDIDATE_LEDGER,EPSG:4326-compatible longitude/latitude; CRS not embedded in Parquet,FL,Coastal Plains,Coastal Plains,True,True,True,True,True,True,False,0,True,False,False,multi_horizon_only
191470,-81.3224102803,28.572639792,1433375.009596452,722154.4171941392,MULTI_HORIZON_CANDIDATE_LEDGER,EPSG:4326-compatible longitude/latitude; CRS not embedded in Parquet,FL,Coastal Plains,Coastal Plains,True,True,True,True,True,True,False,0,True,True,True,both
191474,-81.3111327346,28.885324497,1429141.7779978055,756506.2163039744,MULTI_HORIZON_CANDIDATE_LEDGER,EPSG:4326-compatible longitude/latitude; CRS not embedded in Parquet,FL,Coastal Plains,Coastal Plains,True,True,True,False,True,False,False,0,True,False,False,multi_horizon_only
191500,-81.2911454411,28.6286874714,1435448.251403944,728751.2299957406,MULTI_HORIZON_CANDIDATE_LEDGER,EPSG:4326-compatible longitude/latitude; CRS not embedded in Parquet,FL,Coastal Plains,Coastal Plains,True,True,True,True,True,True,False,0,False,False,False,neither
191501,-81.2809915689,28.6677508724,1435764.6780964795,733173.8511011861,MULTI_HORIZON_CANDIDATE_LEDGER,EPSG:4326-compatible longitude/latitude; CRS not embedded in Parquet,FL,Coastal Plains,Coastal Plains,True,True,True,True,True,True,False,0,False,False,False,neither
191518,-81.27268757,28.6254330257,1437290.695801854,728674.5533012021,MULTI_HORIZON_CANDIDATE_LEDGER,EPSG:4326-compatible longitude/latitude; CRS not embedded in Parquet,FL,Coastal Plains,Coastal Plains,True,True,True,True,True,True,False,0,True,True,True,both
191619,-81.1340491163,28.6312545869,1450610.5781955393,731417.1688048486,MULTI_HORIZON_CANDIDATE_LEDGER,EPSG:4326-compatible longitude/latitude; CRS not embedded in Parquet,FL,Coastal Plains,Coastal Plains,True,True,True,True,True,True,False,0,False,False,False,neither
191722,-80.8660865243,28.5918270787,1477230.2980971835,731238.3646972477,MULTI_HORIZON_CANDIDATE_LEDGER,EPSG:4326-compatible longitude/latitude; CRS not embedded in Parquet,FL,Coastal Plains,Coastal Plains,True,True,True,True,True,True,True,1,True,False,False,multi_horizon_only
191949,-81.7644411738,28.5322972425,1391201.6527985185,711175.5730030145,MULTI_HORIZON_CANDIDATE_LEDGER,EPSG:4326-compatible longitude/latitude; CRS not embedded in Parquet,FL,Coastal Plains,Coastal Plains,True,True,True,True,True,True,False,0,False,False,False,neither
191952,-81.9990283184,29.9650218875,1345145.6745023087,864761.1710042637,MULTI_HORIZON_CANDIDATE_LEDGER,EPSG:4326-compatible longitude/latitude; CRS not embedded in Parquet,FL,Coastal Plains,Coastal Plains,True,True,True,True,True,True,False,0,False,False,False,neither
191955,-81.0928689079,28.9311916161,1449411.3157999413,764827.2193955388,MULTI_HORIZON_CANDIDATE_LEDGER,EPSG:4326-compatible longitude/latitude; CRS not embedded in Parquet,FL,Coastal Plains,Coastal Plains,True,True,True,True,True,True,False,0,True,False,False,multi_horizon_only
192036,-82.0074094213,29.7119475153,1348464.922600927,836872.558896536,MULTI_HORIZON_CANDIDATE_LEDGER,EPSG:4326-compatible longitude/latitude; CRS not embedded in Parquet,FL,Coastal Plains,Coastal Plains,True,True,True,True,True,True,False,0,False,False,False,neither
192068,-81.9439162216,28.9451649067,1367059.336900289,753744.8626036216,MULTI_HORIZON_CANDIDATE_LEDGER,EPSG:4326-compatible longitude/latitude; CRS not embedded in Parquet,FL,Coastal Plains,Coastal Plains,True,True,True,True,True,True,False,0,False,False,False,neither
192134,-81.8507881801,28.6136741045,1381490.8565983176,718815.3811023869,MULTI_HORIZON_CANDIDATE_LEDGER,EPSG:4326-compatible longitude/latitude; CRS not embedded in Parquet,FL,Coastal Plains,Coastal Plains,True,True,True,True,True,True,False,0,True,False,False,multi_horizon_only
192194,-81.7840848102,28.5500730382,1389003.3341953272,712831.9490005821,MULTI_HORIZON_CANDIDATE_LEDGER,EPSG:4326-compatible longitude/latitude; CRS not embedded in Parquet,FL,Coastal Plains,Coastal Plains,True,True,True,True,True,True,False,0,True,True,True,both
192220,-81.7463741458,28.7666155388,1389081.1619033555,737067.9624983426,MULTI_HORIZON_CANDIDATE_LEDGER,EPSG:4326-compatible longitude/latitude; CRS not embedded in Parquet,FL,Coastal Plains,Coastal Plains,True,True,True,False,True,False,False,0,True,False,False,multi_horizon_only
192303,-81.634847021,28.7543155758,1400072.3426945582,737359.057104284,MULTI_HORIZON_CANDIDATE_LEDGER,EPSG:4326-compatible longitude/latitude; CRS not embedded in Parquet,FL,Coastal Plains,Coastal Plains,True,True,True,True,True,True,False,0,False,True,False,direct_60_day_only
192385,-81.5364164742,28.570804751,1412669.3162044412,718749.3390010055,MULTI_HORIZON_CANDIDATE_LEDGER,EPSG:4326-compatible longitude/latitude; CRS not embedded in Parquet,FL,Coastal Plains,Coastal Plains,True,True,True,True,True,True,False,0,True,False,False,multi_horizon_only
192397,-81.519927377,28.5816286162,1414085.6571990077,720177.7600942925,MULTI_HORIZON_CANDIDATE_LEDGER,EPSG:4326-compatible longitude/latitude; CRS not embedded in Parquet,FL,Coastal Plains,Coastal Plains,True,True,True,True,True,True,False,0,False,False,False,neither
192451,-81.4732334654,28.6596834921,1417295.598204089,729406.2844037451,MULTI_HORIZON_CANDIDATE_LEDGER,EPSG:4326-compatible longitude/latitude; CRS not embedded in Parquet,FL,Coastal Plains,Coastal Plains,True,True,True,True,True,True,False,0,True,False,False,multi_horizon_only
192501,-81.3964179679,28.578227611,1426110.1481027792,721651.6481958088,MULTI_HORIZON_CANDIDATE_LEDGER,EPSG:4326-compatible longitude/latitude; CRS not embedded in Parquet,FL,Coastal Plains,Coastal Plains,True,True,True,True,True,True,False,0,True,False,False,multi_horizon_only
192505,-81.392579463,28.8171080308,1422436.0225967548,747824.2771967072,MULTI_HORIZON_CANDIDATE_LEDGER,EPSG:4326-compatible longitude/latitude; CRS not embedded in Parquet,FL,Coastal Plains,Coastal Plains,True,True,True,True,True,True,False,0,True,False,False,multi_horizon_only
192511,-81.3846295055,28.666549587,1425755.79320167,731482.2385019604,MULTI_HORIZON_CANDIDATE_LEDGER,EPSG:4326-compatible longitude/latitude; CRS not embedded in Parquet,FL,Coastal Plains,Coastal Plains,True,True,True,False,True,False,False,0,False,False,False,neither
192520,-81.3700161862,28.568232676,1428837.5221036996,720955.9142975826,MULTI_HORIZON_CANDIDATE_LEDGER,EPSG:4326-compatible longitude/latitude; CRS not embedded in Parquet,FL,Coastal Plains,Coastal Plains,True,True,True,True,True,True,False,0,True,True,True,both
192521,-81.3670583069,28.5748924821,1429011.1577959827,721728.1941988319,MULTI_HORIZON_CANDIDATE_LEDGER,EPSG:4326-compatible longitude/latitude; CRS not embedded in Parquet,FL,Coastal Plains,Coastal Plains,True,True,True,True,True,True,False,0,True,False,False,multi_horizon_only
192522,-81.3596501368,28.5708080272,1429798.2003976684,721393.2612046916,MULTI_HORIZON_CANDIDATE_LEDGER,EPSG:4326-compatible longitude/latitude; CRS not embedded in Parquet,FL,Coastal Plains,Coastal Plains,True,True,True,True,True,True,True,1,True,False,False,multi_horizon_only
192523,-81.36492258,28.665783561,1427676.025999849,731694.3600979857,MULTI_HORIZON_CANDIDATE_LEDGER,EPSG:4326-compatible longitude/latitude; CRS not embedded in Parquet,FL,Coastal Plains,Coastal Plains,True,True,True,True,True,True,False,0,True,False,False,multi_horizon_only
192524,-81.3636875059,28.6740044106,1427656.051997596,732611.5344042573,MULTI_HORIZON_CANDIDATE_LEDGER,EPSG:4326-compatible longitude/latitude; CRS not embedded in Parquet,FL,Coastal Plains,Coastal Plains,True,True,True,True,True,True,True,1,True,False,False,multi_horizon_only
192560,-81.312711125,28.7802820327,1430778.8425947586,744996.5566031318,MULTI_HORIZON_CANDIDATE_LEDGER,EPSG:4326-compatible longitude/latitude; CRS not embedded in Parquet,FL,Coastal Plains,Coastal Plains,True,True,True,True,True,True,False,0,True,False,False,multi_horizon_only
192592,-81.2787944218,28.6023364919,1437093.6170039007,726058.2460961156,MULTI_HORIZON_CANDIDATE_LEDGER,EPSG:4326-compatible longitude/latitude; CRS not embedded in Parquet,FL,Coastal Plains,Coastal Plains,True,True,True,True,True,True,False,0,True,True,True,both
192594,-81.2894898636,28.6722399815,1434865.7850946903,733536.1393041722,MULTI_HORIZON_CANDIDATE_LEDGER,EPSG:4326-compatible longitude/latitude; CRS not embedded in Parquet,FL,Coastal Plains,Coastal Plains,True,True,True,True,True,True,False,0,False,False,False,neither
192607,-81.2655309872,28.8926971771,1433416.9984042542,757999.26740117,MULTI_HORIZON_CANDIDATE_LEDGER,EPSG:4326-compatible longitude/latitude; CRS not embedded in Parquet,FL,Coastal Plains,Coastal Plains,True,True,True,True,True,True,False,0,True,False,False,multi_horizon_only
1927,-93.1823544072,45.2955443374,220863.26709962788,2481871.123996392,MULTI_HORIZON_CANDIDATE_LEDGER,EPSG:4326-compatible longitude/latitude; CRS not embedded in Parquet,MN,Upper Midwest,Upper Midwest,True,True,True,False,True,False,False,0,False,False,False,neither
192709,-81.1526723721,28.5824519997,1449648.013296434,725801.1841977704,MULTI_HORIZON_CANDIDATE_LEDGER,EPSG:4326-compatible longitude/latitude; CRS not embedded in Parquet,FL,Coastal Plains,Coastal Plains,True,True,True,True,True,True,False,0,True,True,True,both
192818,-80.909728049,28.6501190044,1471986.8565997158,736927.2408957854,MULTI_HORIZON_CANDIDATE_LEDGER,EPSG:4326-compatible longitude/latitude; CRS not embedded in Parquet,FL,Coastal Plains,Coastal Plains,True,True,True,False,True,False,False,0,False,False,False,neither
1930,-94.4276281724,46.853040742,120404.59149813237,2652420.5434966134,MULTI_HORIZON_CANDIDATE_LEDGER,EPSG:4326-compatible longitude/latitude; CRS not embedded in Parquet,MN,Upper Midwest,Upper Midwest,True,True,True,True,True,True,False,0,False,False,False,neither
193047,-81.526210257,28.066706783,1422110.8019985706,663833.7186023388,MULTI_HORIZON_CANDIDATE_LEDGER,EPSG:4326-compatible longitude/latitude; CRS not embedded in Parquet,FL,Coastal Plains,Coastal Plains,True,True,True,False,True,False,False,0,True,False,False,multi_horizon_only
193048,-81.5263152174,28.5047540353,1414756.390799762,711680.0872043483,MULTI_HORIZON_CANDIDATE_LEDGER,EPSG:4326-compatible longitude/latitude; CRS not embedded in Parquet,FL,Coastal Plains,Coastal Plains,True,True,True,True,True,True,False,0,False,False,False,neither
193049,-81.4401759346,27.3928574473,1441845.3062050974,591640.4862976372,MULTI_HORIZON_CANDIDATE_LEDGER,EPSG:4326-compatible longitude/latitude; CRS not embedded in Parquet,FL,Coastal Plains,Coastal Plains,True,True,True,True,True,True,False,0,True,True,True,both
193056,-81.9777091127,26.6377195712,1401233.8020000493,501380.62830158696,MULTI_HORIZON_CANDIDATE_LEDGER,EPSG:4326-compatible longitude/latitude; CRS not embedded in Parquet,FL,Coastal Plains,Coastal Plains,True,True,True,False,True,False,False,0,True,True,True,both
19306,-95.662164869,46.9398470821,25836.738403764033,2661079.5108003775,MULTI_HORIZON_CANDIDATE_LEDGER,EPSG:4326-compatible longitude/latitude; CRS not embedded in Parquet,MN,Upper Midwest,Upper Midwest,True,True,True,True,True,True,False,0,False,False,False,neither
19307,-95.7836911169,46.6258001517,16621.90819680958,2626276.208796462,MULTI_HORIZON_CANDIDATE_LEDGER,EPSG:4326-compatible longitude/latitude; CRS not embedded in Parquet,MN,Upper Midwest,Upper Midwest,True,True,True,True,True,True,False,0,False,False,False,neither
1932,-93.8748211522,44.8153432277,167788.96179986792,2427044.2117047803,MULTI_HORIZON_CANDIDATE_LEDGER,EPSG:4326-compatible longitude/latitude; CRS not embedded in Parquet,MN,Upper Midwest,Upper Midwest,True,True,True,True,True,True,True,4,True,True,True,both
19332,-91.6231764963,47.8578189279,329939.7905014774,2770078.1955035087,MULTI_HORIZON_CANDIDATE_LEDGER,EPSG:4326-compatible longitude/latitude; CRS not embedded in Parquet,MN,Upper Midwest,Upper Midwest,True,True,True,False,True,False,False,0,False,False,False,neither
193370,-81.5319853558,27.640307332,1428685.6397048538,617224.9555984847,MULTI_HORIZON_CANDIDATE_LEDGER,EPSG:4326-compatible longitude/latitude; CRS not embedded in Parquet,FL,Coastal Plains,Coastal Plains,True,True,True,True,True,True,False,0,True,False,False,multi_horizon_only
193371,-81.521199097,27.762281197,1427700.0180009517,630689.3956952281,MULTI_HORIZON_CANDIDATE_LEDGER,EPSG:4326-compatible longitude/latitude; CRS not embedded in Parquet,FL,Coastal Plains,Coastal Plains,True,True,True,False,True,False,False,0,True,True,True,both
193383,-81.5201537674,28.4321320867,1416572.6411979566,703835.6220969688,MULTI_HORIZON_CANDIDATE_LEDGER,EPSG:4326-compatible longitude/latitude; CRS not embedded in Parquet,FL,Coastal Plains,Coastal Plains,True,True,True,True,True,True,False,0,False,False,False,neither
193386,-81.5264843867,28.4888714227,1415006.41010197,709941.7537998538,MULTI_HORIZON_CANDIDATE_LEDGER,EPSG:4326-compatible longitude/latitude; CRS not embedded in Parquet,FL,Coastal Plains,Coastal Plains,True,True,True,True,True,True,False,0,False,False,False,neither
1934,-92.974494913,45.0703510878,237948.47809977457,2457336.602900762,MULTI_HORIZON_CANDIDATE_LEDGER,EPSG:4326-compatible longitude/latitude; CRS not embedded in Parquet,MN,Upper Midwest,Upper Midwest,True,True,True,True,True,True,False,0,False,False,False,neither
193419,-81.498605411,28.4948750159,1417609.937095956,711013.3536967579,MULTI_HORIZON_CANDIDATE_LEDGER,EPSG:4326-compatible longitude/latitude; CRS not embedded in Parquet,FL,Coastal Plains,Coastal Plains,True,True,True,True,True,True,False,0,True,False,False,multi_horizon_only
193439,-81.4681013817,28.5003191242,1420476.970299221,712063.790103145,MULTI_HORIZON_CANDIDATE_LEDGER,EPSG:4326-compatible longitude/latitude; CRS not embedded in Parquet,FL,Coastal Plains,Coastal Plains,True,True,True,True,True,True,False,0,True,False,False,multi_horizon_only
193500,-81.4265402255,28.5365537202,1423895.6521994693,716645.560703339,MULTI_HORIZON_CANDIDATE_LEDGER,EPSG:4326-compatible longitude/latitude; CRS not embedded in Parquet,FL,Coastal Plains,Coastal Plains,True,True,True,True,True,True,False,0,True,True,True,both
193544,-81.3615571384,28.4524986319,1431620.5600993505,708437.477302229,MULTI_HORIZON_CANDIDATE_LEDGER,EPSG:4326-compatible longitude/latitude; CRS not embedded in Parquet,FL,Coastal Plains,Coastal Plains,True,True,True,True,True,True,False,0,False,False,False,neither
193545,-81.3671171978,28.5076965772,1430145.0915050304,714384.5108962879,MULTI_HORIZON_CANDIDATE_LEDGER,EPSG:4326-compatible longitude/latitude; CRS not embedded in Parquet,FL,Coastal Plains,Coastal Plains,True,True,True,True,True,True,False,0,True,False,False,multi_horizon_only
193546,-81.3730988296,28.5441012116,1428947.9552002645,718272.4913948476,MULTI_HORIZON_CANDIDATE_LEDGER,EPSG:4326-compatible longitude/latitude; CRS not embedded in Parquet,FL,Coastal Plains,Coastal Plains,True,True,True,True,True,True,False,0,True,False,False,multi_horizon_only
193547,-81.36127996,28.5354873993,1430239.5819021408,717509.0174026042,MULTI_HORIZON_CANDIDATE_LEDGER,EPSG:4326-compatible longitude/latitude; CRS not embedded in Parquet,FL,Coastal Plains,Coastal Plains,True,True,True,True,True,True,False,0,True,False,False,multi_horizon_only
193565,-81.3416518389,27.252071506,1453908.8049956148,577807.177803088,MULTI_HORIZON_CANDIDATE_LEDGER,EPSG:4326-compatible longitude/latitude; CRS not embedded in Parquet,FL,Coastal Plains,Coastal Plains,True,True,True,True,True,True,False,0,True,True,True,both
193574,-81.3211963386,28.4604698717,1435400.8132951718,709917.1185000353,MULTI_HORIZON_CANDIDATE_LEDGER,EPSG:4326-compatible longitude/latitude; CRS not embedded in Parquet,FL,Coastal Plains,Coastal Plains,True,True,True,True,True,True,False,0,True,True,True,both
193647,-81.2362193359,28.3889555579,1444866.996498247,703393.6521002073,MULTI_HORIZON_CANDIDATE_LEDGER,EPSG:4326-compatible longitude/latitude; CRS not embedded in Parquet,FL,Coastal Plains,Coastal Plains,True,True,True,True,True,True,False,0,True,True,True,both
193665,-81.1913775386,28.2781960248,1451119.7775041172,691983.2580999751,MULTI_HORIZON_CANDIDATE_LEDGER,EPSG:4326-compatible longitude/latitude; CRS not embedded in Parquet,FL,Coastal Plains,Coastal Plains,True,True,True,True,True,True,False,0,True,True,True,both
1938,-93.3410468892,45.2085178268,208698.13590219436,2471838.2035959065,MULTI_HORIZON_CANDIDATE_LEDGER,EPSG:4326-compatible longitude/latitude; CRS not embedded in Parquet,MN,Upper Midwest,Upper Midwest,True,True,True,True,True,True,False,0,False,True,False,direct_60_day_only
1942,-94.4193533409,45.0667694149,124335.84029983105,2454184.1231043627,MULTI_HORIZON_CANDIDATE_LEDGER,EPSG:4326-compatible longitude/latitude; CRS not embedded in Parquet,MN,Upper Midwest,Upper Midwest,True,True,True,False,True,False,False,0,False,False,False,neither
194329,-81.4937040991,26.4227526064,1452824.4126991641,485275.3073018212,MULTI_HORIZON_CANDIDATE_LEDGER,EPSG:4326-compatible longitude/latitude; CRS not embedded in Parquet,FL,Coastal Plains,Coastal Plains,True,True,True,True,True,True,False,0,True,False,False,multi_horizon_only
194331,-81.5514336571,28.4883413716,1412594.9548013308,709512.6562952772,MULTI_HORIZON_CANDIDATE_LEDGER,EPSG:4326-compatible longitude/latitude; CRS not embedded in Parquet,FL,Coastal Plains,Coastal Plains,True,True,True,True,True,True,False,0,False,False,False,neither
194332,-81.5445537163,27.8282226127,1424312.1836034758,637532.377299983,MULTI_HORIZON_CANDIDATE_LEDGER,EPSG:4326-compatible longitude/latitude; CRS not embedded in Parquet,FL,Coastal Plains,Coastal Plains,True,True,True,True,True,True,False,0,False,False,False,neither
194333,-81.4875065131,28.4335446303,1419717.9506007063,704477.151103368,MULTI_HORIZON_CANDIDATE_LEDGER,EPSG:4326-compatible longitude/latitude; CRS not embedded in Parquet,FL,Coastal Plains,Coastal Plains,True,True,True,True,True,True,False,0,False,False,False,neither
194334,-81.403345351,27.9334264284,1436339.7919970923,651135.7443951219,MULTI_HORIZON_CANDIDATE_LEDGER,EPSG:4326-compatible longitude/latitude; CRS not embedded in Parquet,FL,Coastal Plains,Coastal Plains,True,True,True,True,True,True,False,0,False,False,False,neither
194335,-81.2827286233,28.2966733574,1441925.0857998624,692610.1229040474,MULTI_HORIZON_CANDIDATE_LEDGER,EPSG:4326-compatible longitude/latitude; CRS not embedded in Parquet,FL,Coastal Plains,Coastal Plains,True,True,True,True,True,True,False,0,False,False,False,neither
194336,-81.2665094375,27.9095795767,1450103.706500612,650612.3393985946,MULTI_HORIZON_CANDIDATE_LEDGER,EPSG:4326-compatible longitude/latitude; CRS not embedded in Parquet,FL,Coastal Plains,Coastal Plains,True,True,True,False,True,False,False,0,True,False,False,multi_horizon_only
194337,-81.1630063104,27.9091117146,1460216.1401963844,652146.1645014305,MULTI_HORIZON_CANDIDATE_LEDGER,EPSG:4326-compatible longitude/latitude; CRS not embedded in Parquet,FL,Coastal Plains,Coastal Plains,True,True,True,False,True,False,False,0,True,True,True,both
194341,-80.0820440537,26.5862519201,1589941.5751971132,525623.4705043361,MULTI_HORIZON_CANDIDATE_LEDGER,EPSG:4326-compatible longitude/latitude; CRS not embedded in Parquet,FL,Coastal Plains,Coastal Plains,True,True,True,True,True,True,False,0,True,False,False,multi_horizon_only
194594,-81.6437587914,28.4608433355,1404095.1197003075,705139.0032022838,MULTI_HORIZON_CANDIDATE_LEDGER,EPSG:4326-compatible longitude/latitude; CRS not embedded in Parquet,FL,Coastal Plains,Coastal Plains,True,True,True,True,True,True,False,0,True,True,True,both
194617,-81.5987103443,28.4790734435,1408163.0347961495,707798.0877997931,MULTI_HORIZON_CANDIDATE_LEDGER,EPSG:4326-compatible longitude/latitude; CRS not embedded in Parquet,FL,Coastal Plains,Coastal Plains,True,True,True,True,True,True,False,0,True,True,True,both
194637,-81.5663989029,28.4803444862,1411276.8933027694,708416.3138953187,MULTI_HORIZON_CANDIDATE_LEDGER,EPSG:4326-compatible longitude/latitude; CRS not embedded in Parquet,FL,Coastal Plains,Coastal Plains,True,True,True,True,True,True,True,1,True,True,True,both
194649,-81.5655851108,28.435545302,1412105.2565957299,703532.4669990428,MULTI_HORIZON_CANDIDATE_LEDGER,EPSG:4326-compatible longitude/latitude; CRS not embedded in Parquet,FL,Coastal Plains,Coastal Plains,True,True,True,True,True,True,False,0,True,False,False,multi_horizon_only
194656,-81.5311455711,27.7804013896,1426423.5464989832,632516.5823942665,MULTI_HORIZON_CANDIDATE_LEDGER,EPSG:4326-compatible longitude/latitude; CRS not embedded in Parquet,FL,Coastal Plains,Coastal Plains,True,True,True,False,True,False,False,0,True,True,True,both
194671,-81.5188503153,27.6476569255,1429849.5753032523,618223.9131028671,MULTI_HORIZON_CANDIDATE_LEDGER,EPSG:4326-compatible longitude/latitude; CRS not embedded in Parquet,FL,Coastal Plains,Coastal Plains,True,True,True,True,True,True,False,0,True,False,False,multi_horizon_only
194682,-81.5062346922,27.5637205358,1432492.168199926,609262.508902492,MULTI_HORIZON_CANDIDATE_LEDGER,EPSG:4326-compatible longitude/latitude; CRS not embedded in Parquet,FL,Coastal Plains,Coastal Plains,True,True,True,True,True,True,True,4,True,True,True,both
194683,-81.5043032705,27.5733256548,1432520.609796143,610338.7264969684,MULTI_HORIZON_CANDIDATE_LEDGER,EPSG:4326-compatible longitude/latitude; CRS not embedded in Parquet,FL,Coastal Plains,Coastal Plains,True,True,True,True,True,True,False,0,True,False,False,multi_horizon_only
194686,-81.5129991373,28.4098962581,1417640.426701301,701512.6652054358,MULTI_HORIZON_CANDIDATE_LEDGER,EPSG:4326-compatible longitude/latitude; CRS not embedded in Parquet,FL,Coastal Plains,Coastal Plains,True,True,True,True,True,True,False,0,False,False,False,neither
194688,-81.5124929101,28.4194117554,1417529.8404024462,702559.9237007033,MULTI_HORIZON_CANDIDATE_LEDGER,EPSG:4326-compatible longitude/latitude; CRS not embedded in Parquet,FL,Coastal Plains,Coastal Plains,True,True,True,True,True,True,False,0,False,False,False,neither
194700,-81.4966271163,27.6355176873,1432230.3997988426,617234.922596924,MULTI_HORIZON_CANDIDATE_LEDGER,EPSG:4326-compatible longitude/latitude; CRS not embedded in Parquet,FL,Coastal Plains,Coastal Plains,True,True,True,True,True,True,False,0,True,True,True,both
194718,-81.4714564772,27.5404676706,1436293.2297985198,607252.7049016971,MULTI_HORIZON_CANDIDATE_LEDGER,EPSG:4326-compatible longitude/latitude; CRS not embedded in Parquet,FL,Coastal Plains,Coastal Plains,True,True,True,True,True,True,True,1,True,False,False,multi_horizon_only
194731,-81.479129393,28.3985802803,1421119.3755032164,700782.1616057325,MULTI_HORIZON_CANDIDATE_LEDGER,EPSG:4326-compatible longitude/latitude; CRS not embedded in Parquet,FL,Coastal Plains,Coastal Plains,True,True,True,True,True,True,False,0,False,False,False,neither
194758,-81.4422170247,27.5431562629,1439115.976997243,607988.1049995665,MULTI_HORIZON_CANDIDATE_LEDGER,EPSG:4326-compatible longitude/latitude; CRS not embedded in Parquet,FL,Coastal Plains,Coastal Plains,True,True,True,True,True,True,True,1,True,True,True,both
194790,-81.4342982498,28.5120282775,1423557.6407011768,713849.1703974959,MULTI_HORIZON_CANDIDATE_LEDGER,EPSG:4326-compatible longitude/latitude; CRS not embedded in Parquet,FL,Coastal Plains,Coastal Plains,True,True,True,True,True,True,False,0,True,False,False,multi_horizon_only
194794,-81.4058303623,27.3394778074,1446119.852301006,586347.2305952776,MULTI_HORIZON_CANDIDATE_LEDGER,EPSG:4326-compatible longitude/latitude; CRS not embedded in Parquet,FL,Coastal Plains,Coastal Plains,True,True,True,True,True,True,False,0,True,False,False,multi_horizon_only
194813,-81.3949152803,27.346767124,1447069.8948961936,587307.3891987056,MULTI_HORIZON_CANDIDATE_LEDGER,EPSG:4326-compatible longitude/latitude; CRS not embedded in Parquet,FL,Coastal Plains,Coastal Plains,True,True,True,True,True,True,False,0,True,True,True,both
194814,-81.4057263422,27.3550812871,1445866.985396385,588048.5011036694,MULTI_HORIZON_CANDIDATE_LEDGER,EPSG:4326-compatible longitude/latitude; CRS not embedded in Parquet,FL,Coastal Plains,Coastal Plains,True,True,True,True,True,True,False,0,True,False,False,multi_horizon_only
194818,-81.4030292723,28.5415225565,1426090.6386984666,717541.1062014066,MULTI_HORIZON_CANDIDATE_LEDGER,EPSG:4326-compatible longitude/latitude; CRS not embedded in Parquet,FL,Coastal Plains,Coastal Plains,True,True,True,True,True,True,False,0,False,False,False,neither
194821,-81.3834706052,27.3235191942,1448587.4467987511,584949.505796954,MULTI_HORIZON_CANDIDATE_LEDGER,EPSG:4326-compatible longitude/latitude; CRS not embedded in Parquet,FL,Coastal Plains,Coastal Plains,True,True,True,True,True,True,False,0,True,True,True,both
194834,-81.3792018862,28.5293611673,1428606.2237032559,716570.0193004999,MULTI_HORIZON_CANDIDATE_LEDGER,EPSG:4326-compatible longitude/latitude; CRS not embedded in Parquet,FL,Coastal Plains,Coastal Plains,True,True,True,True,True,True,True,4,True,False,False,multi_horizon_only
194835,-81.3759931816,28.5346616328,1428827.4301967528,717197.460300006,MULTI_HORIZON_CANDIDATE_LEDGER,EPSG:4326-compatible longitude/latitude; CRS not embedded in Parquet,FL,Coastal Plains,Coastal Plains,True,True,True,False,True,False,False,0,False,False,False,neither
194850,-81.3701667939,28.4966895173,1430036.019496916,713135.9467036631,MULTI_HORIZON_CANDIDATE_LEDGER,EPSG:4326-compatible longitude/latitude; CRS not embedded in Parquet,FL,Coastal Plains,Coastal Plains,True,True,True,True,True,True,False,0,False,False,False,neither
194879,-81.3410436919,28.5301738425,1432291.2961044852,717233.1810987666,MULTI_HORIZON_CANDIDATE_LEDGER,EPSG:4326-compatible longitude/latitude; CRS not embedded in Parquet,FL,Coastal Plains,Coastal Plains,True,True,True,True,True,True,False,0,True,False,False,multi_horizon_only
194880,-81.3342151385,28.5301980367,1432952.7826045328,717338.7648991495,MULTI_HORIZON_CANDIDATE_LEDGER,EPSG:4326-compatible longitude/latitude; CRS not embedded in Parquet,FL,Coastal Plains,Coastal Plains,True,True,True,True,True,True,False,0,False,False,False,neither
194882,-81.3310096729,28.5563211168,1432819.3555962897,720241.535600137,MULTI_HORIZON_CANDIDATE_LEDGER,EPSG:4326-compatible longitude/latitude; CRS not embedded in Parquet,FL,Coastal Plains,Coastal Plains,True,True,True,True,True,True,False,0,True,False,False,multi_horizon_only
194896,-81.3210902431,28.5083488469,1434596.665702792,715149.5115976464,MULTI_HORIZON_CANDIDATE_LEDGER,EPSG:4326-compatible longitude/latitude; CRS not embedded in Parquet,FL,Coastal Plains,Coastal Plains,True,True,True,True,True,True,False,0,True,False,False,multi_horizon_only
1949,-96.4560366575,44.4935665795,-36180.224303936164,2389420.0631949184,MULTI_HORIZON_CANDIDATE_LEDGER,EPSG:4326-compatible longitude/latitude; CRS not embedded in Parquet,SD,Temporate Plains,Temperate Plains,True,True,True,False,True,False,False,0,True,True,True,both
1951,-94.6904342647,47.4116596695,99430.14489903026,2713898.8476980384,MULTI_HORIZON_CANDIDATE_LEDGER,EPSG:4326-compatible longitude/latitude; CRS not embedded in Parquet,MN,Upper Midwest,Upper Midwest,True,True,True,False,True,False,False,0,False,False,False,neither
195565,-80.0736734038,26.64971002,1589605.5318960717,532645.786893988,MULTI_HORIZON_CANDIDATE_LEDGER,EPSG:4326-compatible longitude/latitude; CRS not embedded in Parquet,FL,Coastal Plains,Coastal Plains,True,True,True,True,True,True,False,0,True,False,False,multi_horizon_only
195569,-81.612230265,28.4604562596,1407161.614202482,705563.0324950013,MULTI_HORIZON_CANDIDATE_LEDGER,EPSG:4326-compatible longitude/latitude; CRS not embedded in Parquet,FL,Coastal Plains,Coastal Plains,True,True,True,True,True,True,False,0,True,False,False,multi_horizon_only
195570,-81.3635449947,27.2423813382,1451918.321101986,576417.3051969316,MULTI_HORIZON_CANDIDATE_LEDGER,EPSG:4326-compatible longitude/latitude; CRS not embedded in Parquet,FL,Coastal Plains,Coastal Plains,True,True,True,True,True,True,False,0,True,False,False,multi_horizon_only
195571,-81.3600225455,28.4843051994,1431229.856197241,711935.549899878,MULTI_HORIZON_CANDIDATE_LEDGER,EPSG:4326-compatible longitude/latitude; CRS not embedded in Parquet,FL,Coastal Plains,Coastal Plains,True,True,True,True,True,True,False,0,False,False,False,neither
195573,-81.2604930042,27.3409255328,1460381.430601701,588727.4134023543,MULTI_HORIZON_CANDIDATE_LEDGER,EPSG:4326-compatible longitude/latitude; CRS not embedded in Parquet,FL,Coastal Plains,Coastal Plains,True,True,True,True,True,True,True,2,True,True,True,both
195841,-81.5727682399,28.441092554,1411315.201498389,704031.9730045144,MULTI_HORIZON_CANDIDATE_LEDGER,EPSG:4326-compatible longitude/latitude; CRS not embedded in Parquet,FL,Coastal Plains,Coastal Plains,True,True,True,True,True,True,False,0,True,False,False,multi_horizon_only
195963,-81.4660086116,28.4585196606,1421383.9903027574,707527.4507963397,MULTI_HORIZON_CANDIDATE_LEDGER,EPSG:4326-compatible longitude/latitude; CRS not embedded in Parquet,FL,Coastal Plains,Coastal Plains,True,True,True,True,True,True,False,0,True,False,False,multi_horizon_only
195966,-81.4624463776,28.5208519652,1420679.4652030075,714392.2194058187,MULTI_HORIZON_CANDIDATE_LEDGER,EPSG:4326-compatible longitude/latitude; CRS not embedded in Parquet,FL,Coastal Plains,Coastal Plains,True,True,True,True,True,True,False,0,False,False,False,neither
195999,-81.4226073223,28.5246104842,1424478.6863037592,715399.3227013908,MULTI_HORIZON_CANDIDATE_LEDGER,EPSG:4326-compatible longitude/latitude; CRS not embedded in Parquet,FL,Coastal Plains,Coastal Plains,True,True,True,True,True,True,True,10,True,False,False,multi_horizon_only
196005,-81.4038185068,27.43279136,1444743.882403365,596543.5776984971,MULTI_HORIZON_CANDIDATE_LEDGER,EPSG:4326-compatible longitude/latitude; CRS not embedded in Parquet,FL,Coastal Plains,Coastal Plains,True,True,True,True,True,True,False,0,True,False,False,multi_horizon_only
196028,-81.3928786281,28.4803494629,1428110.1139038927,711009.0641963203,MULTI_HORIZON_CANDIDATE_LEDGER,EPSG:4326-compatible longitude/latitude; CRS not embedded in Parquet,FL,Coastal Plains,Coastal Plains,True,True,True,True,True,True,False,0,True,False,False,multi_horizon_only
196029,-81.3852138359,28.4819126299,1428827.095902477,711295.0696039554,MULTI_HORIZON_CANDIDATE_LEDGER,EPSG:4326-compatible longitude/latitude; CRS not embedded in Parquet,FL,Coastal Plains,Coastal Plains,True,True,True,True,True,True,False,0,True,False,False,multi_horizon_only
196030,-81.3986751825,28.4906435768,1427373.6741973327,712046.7541047782,MULTI_HORIZON_CANDIDATE_LEDGER,EPSG:4326-compatible longitude/latitude; CRS not embedded in Parquet,FL,Coastal Plains,Coastal Plains,True,True,True,True,True,True,False,0,False,False,False,neither
196072,-81.345187915,28.5642392176,1431310.9744034435,720893.1296987422,MULTI_HORIZON_CANDIDATE_LEDGER,EPSG:4326-compatible longitude/latitude; CRS not embedded in Parquet,FL,Coastal Plains,Coastal Plains,True,True,True,True,True,True,False,0,True,False,False,multi_horizon_only
196083,-81.3284138046,28.5208882149,1433673.407102773,716409.0367016941,MULTI_HORIZON_CANDIDATE_LEDGER,EPSG:4326-compatible longitude/latitude; CRS not embedded in Parquet,FL,Coastal Plains,Coastal Plains,True,True,True,True,True,True,False,0,True,False,False,multi_horizon_only
1964,-93.5563252354,44.9883932611,192434.72359927313,2446903.3674982777,MULTI_HORIZON_CANDIDATE_LEDGER,EPSG:4326-compatible longitude/latitude; CRS not embedded in Parquet,MN,Upper Midwest,Upper Midwest,True,True,True,False,True,False,False,0,True,False,False,multi_horizon_only
1968,-94.6674833837,45.772707574,103718.68829986626,2532351.6457007816,MULTI_HORIZON_CANDIDATE_LEDGER,EPSG:4326-compatible longitude/latitude; CRS not embedded in Parquet,MN,Upper Midwest,Upper Midwest,True,True,True,False,True,False,False,0,False,False,False,neither
196835,-80.0758542165,26.7396014542,1587740.4771035763,542360.5857009329,MULTI_HORIZON_CANDIDATE_LEDGER,EPSG:4326-compatible longitude/latitude; CRS not embedded in Parquet,FL,Coastal Plains,Coastal Plains,True,True,True,True,True,True,False,0,False,False,False,neither
196849,-80.7968705761,26.950170069,1512787.5903008615,553465.5917052664,MULTI_HORIZON_CANDIDATE_LEDGER,EPSG:4326-compatible longitude/latitude; CRS not embedded in Parquet,FL,Coastal Plains,Coastal Plains,True,True,True,False,True,False,False,0,True,False,False,multi_horizon_only
196850,-81.642702725,28.4255819391,1404784.3269948428,701300.6926032379,MULTI_HORIZON_CANDIDATE_LEDGER,EPSG:4326-compatible longitude/latitude; CRS not embedded in Parquet,FL,Coastal Plains,Coastal Plains,True,True,True,True,True,True,False,0,True,False,False,multi_horizon_only
196851,-81.4102995906,28.5213671403,1425726.7611988012,715229.4609042145,MULTI_HORIZON_CANDIDATE_LEDGER,EPSG:4326-compatible longitude/latitude; CRS not embedded in Parquet,FL,Coastal Plains,Coastal Plains,True,True,True,True,True,True,False,0,False,False,False,neither
196852,-81.4104677712,28.0151567152,1434264.4390982306,659946.4823970832,MULTI_HORIZON_CANDIDATE_LEDGER,EPSG:4326-compatible longitude/latitude; CRS not embedded in Parquet,FL,Coastal Plains,Coastal Plains,True,True,True,False,True,False,False,0,False,False,False,neither
196853,-81.3977853951,28.2217606187,1432008.5491010528,682690.6901949961,MULTI_HORIZON_CANDIDATE_LEDGER,EPSG:4326-compatible longitude/latitude; CRS not embedded in Parquet,FL,Coastal Plains,Coastal Plains,True,True,True,True,True,True,False,0,True,False,False,multi_horizon_only
196854,-81.2719485032,28.4094925313,1441047.9874016372,705094.0786040202,MULTI_HORIZON_CANDIDATE_LEDGER,EPSG:4326-compatible longitude/latitude; CRS not embedded in Parquet,FL,Coastal Plains,Coastal Plains,True,True,True,True,True,True,False,0,False,False,False,neither
196855,-81.2113246061,28.3795929649,1447444.0550040733,702750.047602376,MULTI_HORIZON_CANDIDATE_LEDGER,EPSG:4326-compatible longitude/latitude; CRS not embedded in Parquet,FL,Coastal Plains,Coastal Plains,True,True,True,True,True,True,False,0,True,False,False,multi_horizon_only
196856,-81.2096105482,28.2101097149,1450513.7234977314,684272.5889952853,MULTI_HORIZON_CANDIDATE_LEDGER,EPSG:4326-compatible longitude/latitude; CRS not embedded in Parquet,FL,Coastal Plains,Coastal Plains,True,True,True,True,True,True,False,0,False,False,False,neither
196859,-81.0935110352,27.8787480153,1467523.2442996064,649905.6399008017,MULTI_HORIZON_CANDIDATE_LEDGER,EPSG:4326-compatible longitude/latitude; CRS not embedded in Parquet,FL,Coastal Plains,Coastal Plains,True,True,True,True,True,True,True,1,True,False,False,multi_horizon_only
196871,-81.9346634015,26.6466843422,1405358.4902978183,502991.65349810757,MULTI_HORIZON_CANDIDATE_LEDGER,EPSG:4326-compatible longitude/latitude; CRS not embedded in Parquet,FL,Coastal Plains,Coastal Plains,True,True,True,False,True,False,False,0,True,False,False,multi_horizon_only
197,-93.243905564,45.0758743512,216748.41000180406,2457306.318096569,MULTI_HORIZON_CANDIDATE_LEDGER,EPSG:4326-compatible longitude/latitude; CRS not embedded in Parquet,MN,Upper Midwest,Upper Midwest,True,True,True,False,True,False,False,0,False,False,False,neither
197077,-81.6427313542,28.3629658868,1405823.268101184,694457.4811020344,MULTI_HORIZON_CANDIDATE_LEDGER,EPSG:4326-compatible longitude/latitude; CRS not embedded in Parquet,FL,Coastal Plains,Coastal Plains,True,True,True,True,True,True,False,0,True,False,False,multi_horizon_only
197085,-81.6281973563,28.3531992632,1407398.1678047562,693605.4022983965,MULTI_HORIZON_CANDIDATE_LEDGER,EPSG:4326-compatible longitude/latitude; CRS not embedded in Parquet,FL,Coastal Plains,Coastal Plains,True,True,True,True,True,True,False,0,True,False,False,multi_horizon_only
197149,-81.5477149364,27.6327005324,1427271.5004989738,616159.1420974135,MULTI_HORIZON_CANDIDATE_LEDGER,EPSG:4326-compatible longitude/latitude; CRS not embedded in Parquet,FL,Coastal Plains,Coastal Plains,True,True,True,True,True,True,False,0,True,False,False,multi_horizon_only
197167,-81.5161853955,28.4805928262,1416144.4530988531,709190.4290027712,MULTI_HORIZON_CANDIDATE_LEDGER,EPSG:4326-compatible longitude/latitude; CRS not embedded in Parquet,FL,Coastal Plains,Coastal Plains,True,True,True,True,True,True,False,0,False,False,False,neither
197222,-81.4617931822,27.5603254152,1436907.3439053262,609563.3343956843,MULTI_HORIZON_CANDIDATE_LEDGER,EPSG:4326-compatible longitude/latitude; CRS not embedded in Parquet,FL,Coastal Plains,Coastal Plains,True,True,True,True,True,True,False,0,True,True,True,both
197248,-81.4506194637,27.4331205152,1440142.2535036618,595869.0831968896,MULTI_HORIZON_CANDIDATE_LEDGER,EPSG:4326-compatible longitude/latitude; CRS not embedded in Parquet,FL,Coastal Plains,Coastal Plains,True,True,True,False,True,False,False,0,False,False,False,neither
197264,-81.4452190909,28.5217678706,1422334.3716965907,714749.999302974,MULTI_HORIZON_CANDIDATE_LEDGER,EPSG:4326-compatible longitude/latitude; CRS not embedded in Parquet,FL,Coastal Plains,Coastal Plains,True,True,True,True,True,True,False,0,True,False,False,multi_horizon_only
197273,-81.4278619586,27.3374860325,1443987.4482964228,585795.2604025546,MULTI_HORIZON_CANDIDATE_LEDGER,EPSG:4326-compatible longitude/latitude; CRS not embedded in Parquet,FL,Coastal Plains,Coastal Plains,True,True,True,True,True,True,False,0,True,False,False,multi_horizon_only
197306,-81.4056554468,28.4966444417,1426595.1863992433,712597.6395003386,MULTI_HORIZON_CANDIDATE_LEDGER,EPSG:4326-compatible longitude/latitude; CRS not embedded in Parquet,FL,Coastal Plains,Coastal Plains,True,True,True,True,True,True,True,2,True,False,False,multi_horizon_only
197307,-81.411037151,28.5043612703,1425942.791697498,713360.0909968335,MULTI_HORIZON_CANDIDATE_LEDGER,EPSG:4326-compatible longitude/latitude; CRS not embedded in Parquet,FL,Coastal Plains,Coastal Plains,True,True,True,True,True,True,False,0,False,False,False,neither
197313,-81.3910953623,27.3487949976,1447411.159896059,587586.4540047813,MULTI_HORIZON_CANDIDATE_LEDGER,EPSG:4326-compatible longitude/latitude; CRS not embedded in Parquet,FL,Coastal Plains,Coastal Plains,True,True,True,True,True,True,False,0,True,False,False,multi_horizon_only
197317,-81.4066914173,28.4403620201,1427446.525202399,706432.61190385,MULTI_HORIZON_CANDIDATE_LEDGER,EPSG:4326-compatible longitude/latitude; CRS not embedded in Parquet,FL,Coastal Plains,Coastal Plains,True,True,True,True,True,True,False,0,True,False,False,multi_horizon_only
197318,-81.394137088,28.486186617,1427889.2453011042,711627.9383995254,MULTI_HORIZON_CANDIDATE_LEDGER,EPSG:4326-compatible longitude/latitude; CRS not embedded in Parquet,FL,Coastal Plains,Coastal Plains,True,True,True,True,True,True,True,2,False,False,False,neither
197319,-81.4014723138,28.5469049428,1426150.4786042103,718152.6663973574,MULTI_HORIZON_CANDIDATE_LEDGER,EPSG:4326-compatible longitude/latitude; CRS not embedded in Parquet,FL,Coastal Plains,Coastal Plains,True,True,True,True,True,True,False,0,False,False,False,neither
197332,-81.361105794,27.2835879321,1451461.6375985402,580941.8113953266,MULTI_HORIZON_CANDIDATE_LEDGER,EPSG:4326-compatible longitude/latitude; CRS not embedded in Parquet,FL,Coastal Plains,Coastal Plains,True,True,True,True,True,True,False,0,False,False,False,neither
197346,-81.3636485551,28.5260076724,1430170.8061962996,716437.514794236,MULTI_HORIZON_CANDIDATE_LEDGER,EPSG:4326-compatible longitude/latitude; CRS not embedded in Parquet,FL,Coastal Plains,Coastal Plains,True,True,True,True,True,True,False,0,True,False,False,multi_horizon_only
197347,-81.3597533992,28.5302183151,1430476.955098853,716956.2361042071,MULTI_HORIZON_CANDIDATE_LEDGER,EPSG:4326-compatible longitude/latitude; CRS not embedded in Parquet,FL,Coastal Plains,Coastal Plains,True,True,True,True,True,True,True,2,True,False,False,multi_horizon_only
197360,-81.3461663641,28.5209349256,1431951.653902055,716146.4856985435,MULTI_HORIZON_CANDIDATE_LEDGER,EPSG:4326-compatible longitude/latitude; CRS not embedded in Parquet,FL,Coastal Plains,Coastal Plains,True,True,True,True,True,True,False,0,True,False,False,multi_horizon_only
197364,-81.3326024108,27.2353157459,1455083.0917964866,576121.2154021673,MULTI_HORIZON_CANDIDATE_LEDGER,EPSG:4326-compatible longitude/latitude; CRS not embedded in Parquet,FL,Coastal Plains,Coastal Plains,True,True,True,True,True,True,False,0,True,True,True,both
198081,-80.0811053502,26.4825404946,1591935.9417966383,514393.9969983399,MULTI_HORIZON_CANDIDATE_LEDGER,EPSG:4326-compatible longitude/latitude; CRS not embedded in Parquet,FL,Coastal Plains,Coastal Plains,True,True,True,True,True,True,True,1,True,False,False,multi_horizon_only
198109,-81.4135967743,27.8208918897,1437238.201500221,638704.3143970706,MULTI_HORIZON_CANDIDATE_LEDGER,EPSG:4326-compatible longitude/latitude; CRS not embedded in Parquet,FL,Coastal Plains,Coastal Plains,True,True,True,True,True,True,False,0,True,True,True,both
198110,-81.3989608411,27.3039771418,1447393.9970999877,582585.021700399,MULTI_HORIZON_CANDIDATE_LEDGER,EPSG:4326-compatible longitude/latitude; CRS not embedded in Parquet,FL,Coastal Plains,Coastal Plains,True,True,True,True,True,True,False,0,False,False,False,neither
198112,-81.333003238,27.2534363259,1454736.6887980693,578088.1434952766,MULTI_HORIZON_CANDIDATE_LEDGER,EPSG:4326-compatible longitude/latitude; CRS not embedded in Parquet,FL,Coastal Plains,Coastal Plains,True,True,True,True,True,True,False,0,True,False,False,multi_horizon_only
198113,-81.2439068155,28.1409210274,1448359.4579998485,676197.8946013208,MULTI_HORIZON_CANDIDATE_LEDGER,EPSG:4326-compatible longitude/latitude; CRS not embedded in Parquet,FL,Coastal Plains,Coastal Plains,True,True,True,False,True,False,False,0,True,False,False,multi_horizon_only
198118,-80.0703783747,26.711870374,1588790.3930954093,539443.6180010717,MULTI_HORIZON_CANDIDATE_LEDGER,EPSG:4326-compatible longitude/latitude; CRS not embedded in Parquet,FL,Coastal Plains,Coastal Plains,True,True,True,True,True,True,False,0,True,False,False,multi_horizon_only
1983,-93.8891877649,46.1543754642,163349.57830070634,2575805.3510964625,MULTI_HORIZON_CANDIDATE_LEDGER,EPSG:4326-compatible longitude/latitude; CRS not embedded in Parquet,MN,Upper Midwest,Upper Midwest,True,True,True,False,True,False,False,0,False,False,False,neither
198339,-81.6227084433,28.425109942,1406733.5861993195,701544.8699034788,MULTI_HORIZON_CANDIDATE_LEDGER,EPSG:4326-compatible longitude/latitude; CRS not embedded in Parquet,FL,Coastal Plains,Coastal Plains,True,True,True,True,True,True,False,0,True,False,False,multi_horizon_only
198410,-81.5318477013,28.4776801402,1414673.7781017914,708638.8446953241,MULTI_HORIZON_CANDIDATE_LEDGER,EPSG:4326-compatible longitude/latitude; CRS not embedded in Parquet,FL,Coastal Plains,Coastal Plains,True,True,True,True,True,True,False,0,False,False,False,neither
198426,-81.5095274293,27.6331368411,1431006.259097034,616780.9922962394,MULTI_HORIZON_CANDIDATE_LEDGER,EPSG:4326-compatible longitude/latitude; CRS not embedded in Parquet,FL,Coastal Plains,Coastal Plains,True,True,True,True,True,True,False,0,True,True,True,both
198475,-81.4832378378,28.4548887047,1419773.2364953486,706873.1505045593,MULTI_HORIZON_CANDIDATE_LEDGER,EPSG:4326-compatible longitude/latitude; CRS not embedded in Parquet,FL,Coastal Plains,Coastal Plains,True,True,True,True,True,True,False,0,True,True,True,both
198476,-81.4821640292,28.4777805093,1419492.298297113,709390.6689038593,MULTI_HORIZON_CANDIDATE_LEDGER,EPSG:4326-compatible longitude/latitude; CRS not embedded in Parquet,FL,Coastal Plains,Coastal Plains,True,True,True,True,True,True,False,0,False,False,False,neither
198502,-81.4388856622,27.3499240116,1442694.4045981395,586982.751901485,MULTI_HORIZON_CANDIDATE_LEDGER,EPSG:4326-compatible longitude/latitude; CRS not embedded in Parquet,FL,Coastal Plains,Coastal Plains,True,True,True,True,True,True,False,0,False,False,False,neither
198600,-81.3741380135,28.5227966313,1429208.382297874,715928.8396040443,MULTI_HORIZON_CANDIDATE_LEDGER,EPSG:4326-compatible longitude/latitude; CRS not embedded in Parquet,FL,Coastal Plains,Coastal Plains,True,True,True,True,True,True,False,0,True,False,False,multi_horizon_only
198601,-81.3712015354,28.5334575115,1429312.3070969237,717137.9364041556,MULTI_HORIZON_CANDIDATE_LEDGER,EPSG:4326-compatible longitude/latitude; CRS not embedded in Parquet,FL,Coastal Plains,Coastal Plains,True,True,True,True,True,True,True,1,True,False,False,multi_horizon_only
198607,-81.3574610977,27.3143599235,1451299.6661017137,584348.7564950567,MULTI_HORIZON_CANDIDATE_LEDGER,EPSG:4326-compatible longitude/latitude; CRS not embedded in Parquet,FL,Coastal Plains,Coastal Plains,True,True,True,True,True,True,False,0,True,False,False,multi_horizon_only
198623,-81.3495590823,28.560616873,1430948.9490016098,720431.4646054935,MULTI_HORIZON_CANDIDATE_LEDGER,EPSG:4326-compatible longitude/latitude; CRS not embedded in Parquet,FL,Coastal Plains,Coastal Plains,True,True,True,True,True,True,False,0,True,False,False,multi_horizon_only
198665,-81.2912019441,28.3893586206,1439522.3367970646,702603.2725948561,MULTI_HORIZON_CANDIDATE_LEDGER,EPSG:4326-compatible longitude/latitude; CRS not embedded in Parquet,FL,Coastal Plains,Coastal Plains,True,True,True,False,True,False,False,0,True,False,False,multi_horizon_only
199366,-81.5484358903,27.7428875703,1425359.2463027765,628165.1737029441,MULTI_HORIZON_CANDIDATE_LEDGER,EPSG:4326-compatible longitude/latitude; CRS not embedded in Parquet,FL,Coastal Plains,Coastal Plains,True,True,True,True,True,True,False,0,False,False,False,neither
199367,-81.5238405425,28.4532087683,1415861.1851011026,706083.8178978004,MULTI_HORIZON_CANDIDATE_LEDGER,EPSG:4326-compatible longitude/latitude; CRS not embedded in Parquet,FL,Coastal Plains,Coastal Plains,True,True,True,True,True,True,False,0,False,False,False,neither
199368,-81.3964826887,27.6923979264,1441081.6027981718,624950.7055999748,MULTI_HORIZON_CANDIDATE_LEDGER,EPSG:4326-compatible longitude/latitude; CRS not embedded in Parquet,FL,Coastal Plains,Coastal Plains,True,True,True,True,True,True,False,0,True,True,True,both
199369,-81.3212944178,28.0768868995,1441912.4304968826,668032.6657961067,MULTI_HORIZON_CANDIDATE_LEDGER,EPSG:4326-compatible longitude/latitude; CRS not embedded in Parquet,FL,Coastal Plains,Coastal Plains,True,True,True,False,True,False,False,0,True,True,True,both
1996,-92.8879591454,48.4973833716,232329.6177033372,2836763.310403592,MULTI_HORIZON_CANDIDATE_LEDGER,EPSG:4326-compatible longitude/latitude; CRS not embedded in Parquet,MN,Upper Midwest,Upper Midwest,True,True,True,True,True,True,False,0,False,False,False,neither
199678,-81.5685096517,27.8638107438,1421375.727000611,641056.6351016648,MULTI_HORIZON_CANDIDATE_LEDGER,EPSG:4326-compatible longitude/latitude; CRS not embedded in Parquet,FL,Coastal Plains,Coastal Plains,True,True,True,False,True,False,False,0,True,False,False,multi_horizon_only
199694,-81.5533663116,28.4555415325,1412956.6226965438,705899.3021041155,MULTI_HORIZON_CANDIDATE_LEDGER,EPSG:4326-compatible longitude/latitude; CRS not embedded in Parquet,FL,Coastal Plains,Coastal Plains,True,True,True,True,True,True,False,0,True,False,False,multi_horizon_only
199725,-81.5274934382,28.4724612919,1415183.769297606,708133.3340958096,MULTI_HORIZON_CANDIDATE_LEDGER,EPSG:4326-compatible longitude/latitude; CRS not embedded in Parquet,FL,Coastal Plains,Coastal Plains,True,True,True,True,True,True,False,0,False,False,False,neither
199726,-81.5217482843,28.474743046,1415702.9167958735,708468.2613961212,MULTI_HORIZON_CANDIDATE_LEDGER,EPSG:4326-compatible longitude/latitude; CRS not embedded in Parquet,FL,Coastal Plains,Coastal Plains,True,True,True,True,True,True,False,0,False,False,False,neither
199732,-81.5123569819,27.795738238,1428004.43520078,634471.7558049783,MULTI_HORIZON_CANDIDATE_LEDGER,EPSG:4326-compatible longitude/latitude; CRS not embedded in Parquet,FL,Coastal Plains,Coastal Plains,True,True,True,True,True,True,False,0,True,True,True,both
199754,-81.4838500761,27.5277075795,1435291.6649974426,605674.6101007573,MULTI_HORIZON_CANDIDATE_LEDGER,EPSG:4326-compatible longitude/latitude; CRS not embedded in Parquet,FL,Coastal Plains,Coastal Plains,True,True,True,True,True,True,False,0,True,False,False,multi_horizon_only
199782,-81.4725503653,28.4851443552,1420300.9719989758,710339.0081024654,MULTI_HORIZON_CANDIDATE_LEDGER,EPSG:4326-compatible longitude/latitude; CRS not embedded in Parquet,FL,Coastal Plains,Coastal Plains,True,True,True,True,True,True,False,0,True,False,False,multi_horizon_only
19981,-93.6268122654,45.0290504687,186772.20900289126,2451285.4469973743,MULTI_HORIZON_CANDIDATE_LEDGER,EPSG:4326-compatible longitude/latitude; CRS not embedded in Parquet,MN,Upper Midwest,Upper Midwest,True,True,True,True,True,True,True,2,True,True,True,both
199817,-81.4397949558,28.5260990152,1422787.1894974075,715304.5142998528,MULTI_HORIZON_CANDIDATE_LEDGER,EPSG:4326-compatible longitude/latitude; CRS not embedded in Parquet,FL,Coastal Plains,Coastal Plains,True,True,True,False,True,False,False,0,True,False,False,multi_horizon_only
199861,-81.3949450203,28.5216508249,1427210.6047994655,715490.936001312,MULTI_HORIZON_CANDIDATE_LEDGER,EPSG:4326-compatible longitude/latitude; CRS not embedded in Parquet,FL,Coastal Plains,Coastal Plains,True,True,True,True,True,True,True,1,True,False,False,multi_horizon_only
199877,-81.3776413761,28.4762485785,1429657.5519985377,710790.1032049917,MULTI_HORIZON_CANDIDATE_LEDGER,EPSG:4326-compatible longitude/latitude; CRS not embedded in Parquet,FL,Coastal Plains,Coastal Plains,True,True,True,True,True,True,False,0,True,False,False,multi_horizon_only
199879,-81.3746023015,28.5272943092,1429087.1332999945,716413.3242020253,MULTI_HORIZON_CANDIDATE_LEDGER,EPSG:4326-compatible longitude/latitude; CRS not embedded in Parquet,FL,Coastal Plains,Coastal Plains,True,True,True,True,True,True,False,0,True,True,True,both
199880,-81.3782982346,28.5345365135,1428606.1172027902,717149.1340968125,MULTI_HORIZON_CANDIDATE_LEDGER,EPSG:4326-compatible longitude/latitude; CRS not embedded in Parquet,FL,Coastal Plains,Coastal Plains,True,True,True,True,True,True,False,0,False,False,False,neither
199885,-81.3692575659,27.2853826776,1450629.4474017345,581012.7974058073,MULTI_HORIZON_CANDIDATE_LEDGER,EPSG:4326-compatible longitude/latitude; CRS not embedded in Parquet,FL,Coastal Plains,Coastal Plains,True,True,True,True,True,True,False,0,False,False,False,neither
199892,-81.3682865006,28.4907785155,1430318.5898956615,712518.3987980057,MULTI_HORIZON_CANDIDATE_LEDGER,EPSG:4326-compatible longitude/latitude; CRS not embedded in Parquet,FL,Coastal Plains,Coastal Plains,True,True,True,True,True,True,False,0,False,False,False,neither
199893,-81.3676013007,28.5162067083,1429953.8363947764,715307.0966044012,MULTI_HORIZON_CANDIDATE_LEDGER,EPSG:4326-compatible longitude/latitude; CRS not embedded in Parquet,FL,Coastal Plains,Coastal Plains,True,True,True,True,True,True,False,0,True,False,False,multi_horizon_only
199894,-81.3667841928,28.5314502004,1429774.5332035935,716985.0410000011,MULTI_HORIZON_CANDIDATE_LEDGER,EPSG:4326-compatible longitude/latitude; CRS not embedded in Parquet,FL,Coastal Plains,Coastal Plains,True,True,True,True,True,True,False,0,True,True,True,both
199920,-81.3347337775,28.507743601,1433284.1511014698,714877.5184968337,MULTI_HORIZON_CANDIDATE_LEDGER,EPSG:4326-compatible longitude/latitude; CRS not embedded in Parquet,FL,Coastal Plains,Coastal Plains,True,True,True,True,True,True,True,4,True,False,False,multi_horizon_only
199921,-81.3370271819,28.538893664,1432532.4340003862,718246.5146967173,MULTI_HORIZON_CANDIDATE_LEDGER,EPSG:4326-compatible longitude/latitude; CRS not embedded in Parquet,FL,Coastal Plains,Coastal Plains,True,True,True,True,True,True,False,0,True,False,False,multi_horizon_only
199930,-81.3231740218,28.5120720391,1434331.307802547,715524.8457954954,MULTI_HORIZON_CANDIDATE_LEDGER,EPSG:4326-compatible longitude/latitude; CRS not embedded in Parquet,FL,Coastal Plains,Coastal Plains,True,True,True,True,True,True,False,0,False,False,False,neither
199962,-81.2581122971,28.4041987481,1442481.31709604,704725.8121048231,MULTI_HORIZON_CANDIDATE_LEDGER,EPSG:4326-compatible longitude/latitude; CRS not embedded in Parquet,FL,Coastal Plains,Coastal Plains,True,True,True,False,True,False,False,0,True,False,False,multi_horizon_only
2000,-92.9572764697,45.8323674065,236590.74529748477,2542037.740601968,MULTI_HORIZON_CANDIDATE_LEDGER,EPSG:4326-compatible longitude/latitude; CRS not embedded in Parquet,MN,Upper Midwest,Upper Midwest,True,True,True,False,True,False,False,0,True,False,False,multi_horizon_only
20012,-95.0870507989,46.7835407154,69985.25140261602,2644065.299701933,MULTI_HORIZON_CANDIDATE_LEDGER,EPSG:4326-compatible longitude/latitude; CRS not embedded in Parquet,MN,Upper Midwest,Upper Midwest,True,True,True,False,True,False,False,0,True,False,False,multi_horizon_only
2002,-93.2026041474,45.0754127781,219997.0705996963,2457349.8910040343,MULTI_HORIZON_CANDIDATE_LEDGER,EPSG:4326-compatible longitude/latitude; CRS not embedded in Parquet,MN,Upper Midwest,Upper Midwest,True,True,True,False,True,False,False,0,False,False,False,neither
2003,-94.1572870517,46.7203715765,141388.44170282022,2638104.1681024153,MULTI_HORIZON_CANDIDATE_LEDGER,EPSG:4326-compatible longitude/latitude; CRS not embedded in Parquet,MN,Upper Midwest,Upper Midwest,True,True,True,False,True,False,False,0,False,False,False,neither
2004,-93.389761531,47.6765018858,197363.03920256285,2745177.9022014653,MULTI_HORIZON_CANDIDATE_LEDGER,EPSG:4326-compatible longitude/latitude; CRS not embedded in Parquet,MN,Upper Midwest,Upper Midwest,True,True,True,False,True,False,False,0,False,False,False,neither
20042,-95.0668571928,46.8538287597,71456.7957036627,2651862.5107043255,MULTI_HORIZON_CANDIDATE_LEDGER,EPSG:4326-compatible longitude/latitude; CRS not embedded in Parquet,MN,Upper Midwest,Upper Midwest,True,True,True,False,True,False,False,0,True,False,False,multi_horizon_only
200686,-80.0721029888,26.6817299565,1589173.179995413,536145.205102032,MULTI_HORIZON_CANDIDATE_LEDGER,EPSG:4326-compatible longitude/latitude; CRS not embedded in Parquet,FL,Coastal Plains,Coastal Plains,True,True,True,True,True,True,False,0,True,False,False,multi_horizon_only
200695,-81.4959958211,27.7401770986,1430536.7393982967,628657.4949041065,MULTI_HORIZON_CANDIDATE_LEDGER,EPSG:4326-compatible longitude/latitude; CRS not embedded in Parquet,FL,Coastal Plains,Coastal Plains,True,True,True,True,True,True,False,0,True,False,False,multi_horizon_only
200696,-81.3491702014,28.4683186941,1432553.7998979192,710352.4760042392,MULTI_HORIZON_CANDIDATE_LEDGER,EPSG:4326-compatible longitude/latitude; CRS not embedded in Parquet,FL,Coastal Plains,Coastal Plains,True,True,True,True,True,True,False,0,False,False,False,neither
200697,-81.3426589801,27.2873442049,1453212.5461005156,581632.7867036816,MULTI_HORIZON_CANDIDATE_LEDGER,EPSG:4326-compatible longitude/latitude; CRS not embedded in Parquet,FL,Coastal Plains,Coastal Plains,True,True,True,True,True,True,False,0,True,False,False,multi_horizon_only
200902,-81.6120905271,28.4346681568,1407605.171901566,702746.6829041839,MULTI_HORIZON_CANDIDATE_LEDGER,EPSG:4326-compatible longitude/latitude; CRS not embedded in Parquet,FL,Coastal Plains,Coastal Plains,True,True,True,True,True,True,False,0,False,False,False,neither
200903,-81.6073683349,28.4441248724,1407905.8878016185,703850.1464031134,MULTI_HORIZON_CANDIDATE_LEDGER,EPSG:4326-compatible longitude/latitude; CRS not embedded in Parquet,FL,Coastal Plains,Coastal Plains,True,True,True,True,True,True,False,0,True,False,False,multi_horizon_only
20093,-92.8350927016,45.3015559605,248051.8666990366,2483396.0088034505,MULTI_HORIZON_CANDIDATE_LEDGER,EPSG:4326-compatible longitude/latitude; CRS not embedded in Parquet,MN,Upper Midwest,Upper Midwest,True,True,True,False,True,False,False,0,True,False,False,multi_horizon_only
201013,-81.4764870282,27.6500271272,1433960.0970980292,619120.6607027762,MULTI_HORIZON_CANDIDATE_LEDGER,EPSG:4326-compatible longitude/latitude; CRS not embedded in Parquet,FL,Coastal Plains,Coastal Plains,True,True,True,True,True,True,False,0,True,True,True,both
201099,-81.4114179269,28.5363522439,1425364.960396707,716850.2393022738,MULTI_HORIZON_CANDIDATE_LEDGER,EPSG:4326-compatible longitude/latitude; CRS not embedded in Parquet,FL,Coastal Plains,Coastal Plains,True,True,True,True,True,True,True,1,True,True,True,both
201116,-81.3891397144,28.5006435736,1428129.1475979637,713282.6761973612,MULTI_HORIZON_CANDIDATE_LEDGER,EPSG:4326-compatible longitude/latitude; CRS not embedded in Parquet,FL,Coastal Plains,Coastal Plains,True,True,True,True,True,True,False,0,True,False,False,multi_horizon_only
201130,-81.3689821861,27.3041612086,1450339.1633019103,583062.1204948872,MULTI_HORIZON_CANDIDATE_LEDGER,EPSG:4326-compatible longitude/latitude; CRS not embedded in Parquet,FL,Coastal Plains,Coastal Plains,True,True,True,False,True,False,False,0,False,False,False,neither
201138,-81.3719595576,28.4604904225,1430475.8011023619,709153.9409964513,MULTI_HORIZON_CANDIDATE_LEDGER,EPSG:4326-compatible longitude/latitude; CRS not embedded in Parquet,FL,Coastal Plains,Coastal Plains,True,True,True,True,True,True,False,0,True,False,False,multi_horizon_only
201144,-81.3510765676,27.2074494116,1453736.3423023734,572804.4028007668,MULTI_HORIZON_CANDIDATE_LEDGER,EPSG:4326-compatible longitude/latitude; CRS not embedded in Parquet,FL,Coastal Plains,Coastal Plains,True,True,True,True,True,True,False,0,False,False,False,neither
201145,-81.3489298285,27.3108290414,1452198.2964005098,584094.5336993616,MULTI_HORIZON_CANDIDATE_LEDGER,EPSG:4326-compatible longitude/latitude; CRS not embedded in Parquet,FL,Coastal Plains,Coastal Plains,True,True,True,True,True,True,False,0,True,False,False,multi_horizon_only
201165,-81.3369517648,28.463351157,1433823.4283043223,709994.0430994779,MULTI_HORIZON_CANDIDATE_LEDGER,EPSG:4326-compatible longitude/latitude; CRS not embedded in Parquet,FL,Coastal Plains,Coastal Plains,True,True,True,False,True,False,False,0,False,False,False,neither
201168,-81.341152274,28.5647674227,1431693.0234997594,721011.6397952158,MULTI_HORIZON_CANDIDATE_LEDGER,EPSG:4326-compatible longitude/latitude; CRS not embedded in Parquet,FL,Coastal Plains,Coastal Plains,True,True,True,False,True,False,False,0,False,False,False,neither
2012,-90.6923472138,48.0754882626,398702.2185992274,2797622.1620002603,MULTI_HORIZON_CANDIDATE_LEDGER,EPSG:4326-compatible longitude/latitude; CRS not embedded in Parquet,MN,Upper Midwest,Upper Midwest,True,True,True,False,True,False,False,0,False,False,False,neither
201226,-81.2489352086,28.4092697843,1443285.4030026116,705418.9865037184,MULTI_HORIZON_CANDIDATE_LEDGER,EPSG:4326-compatible longitude/latitude; CRS not embedded in Parquet,FL,Coastal Plains,Coastal Plains,True,True,True,True,True,True,False,0,True,False,False,multi_horizon_only
2015,-92.804378403,45.1566600191,251000.00160303514,2467370.7950026607,MULTI_HORIZON_CANDIDATE_LEDGER,EPSG:4326-compatible longitude/latitude; CRS not embedded in Parquet,MN,Upper Midwest,Upper Midwest,True,True,True,True,True,True,False,0,False,False,False,neither
201697,-80.2398185118,27.2546849895,1562179.9231967607,595576.2568939328,MULTI_HORIZON_CANDIDATE_LEDGER,EPSG:4326-compatible longitude/latitude; CRS not embedded in Parquet,FL,Coastal Plains,Coastal Plains,True,True,True,True,True,True,False,0,True,False,False,multi_horizon_only
2017,-94.1624906761,45.2092749652,144232.17209978838,2470397.0603960035,MULTI_HORIZON_CANDIDATE_LEDGER,EPSG:4326-compatible longitude/latitude; CRS not embedded in Parquet,MN,Upper Midwest,Upper Midwest,True,True,True,True,True,True,False,0,True,False,False,multi_horizon_only
201887,-81.5234121104,27.9784294537,1423862.8994033276,654239.8110991996,MULTI_HORIZON_CANDIDATE_LEDGER,EPSG:4326-compatible longitude/latitude; CRS not embedded in Parquet,FL,Coastal Plains,Coastal Plains,True,True,True,True,True,True,True,3,True,True,True,both
201888,-81.4625389945,27.4900758106,1438014.7113052967,601895.2376955207,MULTI_HORIZON_CANDIDATE_LEDGER,EPSG:4326-compatible longitude/latitude; CRS not embedded in Parquet,FL,Coastal Plains,Coastal Plains,True,True,True,True,True,True,False,0,False,False,False,neither
201889,-81.1793545668,28.3731703104,1450658.014197958,702536.1865018792,MULTI_HORIZON_CANDIDATE_LEDGER,EPSG:4326-compatible longitude/latitude; CRS not embedded in Parquet,FL,Coastal Plains,Coastal Plains,True,True,True,True,True,True,False,0,False,False,False,neither
202163,-81.575012436,28.473257653,1410559.6445953322,707513.8952022456,MULTI_HORIZON_CANDIDATE_LEDGER,EPSG:4326-compatible longitude/latitude; CRS not embedded in Parquet,FL,Coastal Plains,Coastal Plains,True,True,True,True,True,True,False,0,True,False,False,multi_horizon_only
202164,-81.5674674808,28.4688656009,1411365.2188021515,707145.9042018484,MULTI_HORIZON_CANDIDATE_LEDGER,EPSG:4326-compatible longitude/latitude; CRS not embedded in Parquet,FL,Coastal Plains,Coastal Plains,True,True,True,True,True,True,False,0,False,False,False,neither
202183,-81.5442623699,28.4314122521,1414244.3738996135,703397.8941995054,MULTI_HORIZON_CANDIDATE_LEDGER,EPSG:4326-compatible longitude/latitude; CRS not embedded in Parquet,FL,Coastal Plains,Coastal Plains,True,True,True,True,True,True,False,0,True,True,True,both
202184,-81.5601531125,28.5086973004,1411408.3721041826,711607.9226954114,MULTI_HORIZON_CANDIDATE_LEDGER,EPSG:4326-compatible longitude/latitude; CRS not embedded in Parquet,FL,Coastal Plains,Coastal Plains,True,True,True,True,True,True,False,0,False,False,False,neither
202191,-81.5370507406,28.4182420568,1415165.1789966626,702066.1103020199,MULTI_HORIZON_CANDIDATE_LEDGER,EPSG:4326-compatible longitude/latitude; CRS not embedded in Parquet,FL,Coastal Plains,Coastal Plains,True,True,True,True,True,True,False,0,True,True,True,both
2022,-93.1913616097,45.5536439948,219309.61599775535,2510528.765298347,MULTI_HORIZON_CANDIDATE_LEDGER,EPSG:4326-compatible longitude/latitude; CRS not embedded in Parquet,MN,Upper Midwest,Upper Midwest,True,True,True,False,True,False,False,0,False,False,False,neither
202234,-81.4957007736,28.3682230647,1420020.3574975557,697217.8857943024,MULTI_HORIZON_CANDIDATE_LEDGER,EPSG:4326-compatible longitude/latitude; CRS not embedded in Parquet,FL,Coastal Plains,Coastal Plains,True,True,True,True,True,True,False,0,True,False,False,multi_horizon_only
202236,-81.4862044019,28.4454217284,1419644.5847006754,705794.3788993154,MULTI_HORIZON_CANDIDATE_LEDGER,EPSG:4326-compatible longitude/latitude; CRS not embedded in Parquet,FL,Coastal Plains,Coastal Plains,True,True,True,True,True,True,False,0,False,False,False,neither
202237,-81.4972765897,28.4771447421,1418036.836796205,709095.5757035762,MULTI_HORIZON_CANDIDATE_LEDGER,EPSG:4326-compatible longitude/latitude; CRS not embedded in Parquet,FL,Coastal Plains,Coastal Plains,True,True,True,True,True,True,False,0,False,False,False,neither
202248,-81.4735743386,27.4219404283,1438075.5299964375,594303.2382010836,MULTI_HORIZON_CANDIDATE_LEDGER,EPSG:4326-compatible longitude/latitude; CRS not embedded in Parquet,FL,Coastal Plains,Coastal Plains,True,True,True,True,True,True,False,0,True,True,True,both
202250,-81.4758824339,27.5605930871,1435521.1796960118,609379.5847954582,MULTI_HORIZON_CANDIDATE_LEDGER,EPSG:4326-compatible longitude/latitude; CRS not embedded in Parquet,FL,Coastal Plains,Coastal Plains,True,True,True,True,True,True,False,0,True,True,True,both
202262,-81.4633535419,27.4525885252,1438564.5904016653,597797.6138981376,MULTI_HORIZON_CANDIDATE_LEDGER,EPSG:4326-compatible longitude/latitude; CRS not embedded in Parquet,FL,Coastal Plains,Coastal Plains,True,True,True,True,True,True,True,1,True,False,False,multi_horizon_only
202327,-81.4135374083,27.2750437615,1446447.9116980794,579211.885800343,MULTI_HORIZON_CANDIDATE_LEDGER,EPSG:4326-compatible longitude/latitude; CRS not embedded in Parquet,FL,Coastal Plains,Coastal Plains,True,True,True,True,True,True,False,0,True,False,False,multi_horizon_only
202341,-81.4031855571,28.5367069956,1426156.961798034,717012.5150049515,MULTI_HORIZON_CANDIDATE_LEDGER,EPSG:4326-compatible longitude/latitude; CRS not embedded in Parquet,FL,Coastal Plains,Coastal Plains,True,True,True,True,True,True,True,1,True,False,False,multi_horizon_only
202353,-81.3881764942,28.5173533973,1427939.5841958392,715123.0201991741,MULTI_HORIZON_CANDIDATE_LEDGER,EPSG:4326-compatible longitude/latitude; CRS not embedded in Parquet,FL,Coastal Plains,Coastal Plains,True,True,True,False,True,False,False,0,True,False,False,multi_horizon_only
202368,-81.3654694748,28.4954376932,1430512.7688967108,713069.8659003302,MULTI_HORIZON_CANDIDATE_LEDGER,EPSG:4326-compatible longitude/latitude; CRS not embedded in Parquet,FL,Coastal Plains,Coastal Plains,True,True,True,True,True,True,False,0,False,False,False,neither
202371,-81.3673039114,28.5396280632,1429585.4624009144,717870.8407999538,MULTI_HORIZON_CANDIDATE_LEDGER,EPSG:4326-compatible longitude/latitude; CRS not embedded in Parquet,FL,Coastal Plains,Coastal Plains,True,True,True,True,True,True,True,2,True,True,True,both
202372,-81.3641647371,28.5408266214,1429869.3937027329,718049.0393006876,MULTI_HORIZON_CANDIDATE_LEDGER,EPSG:4326-compatible longitude/latitude; CRS not embedded in Parquet,FL,Coastal Plains,Coastal Plains,True,True,True,True,True,True,False,0,True,False,False,multi_horizon_only
202387,-81.3424325922,28.5118403118,1432468.1077960613,715209.047398366,MULTI_HORIZON_CANDIDATE_LEDGER,EPSG:4326-compatible longitude/latitude; CRS not embedded in Parquet,FL,Coastal Plains,Coastal Plains,True,True,True,True,True,True,True,2,True,True,True,both
202408,-81.336827941,28.499070586,1433228.4902046889,713898.3366981205,MULTI_HORIZON_CANDIDATE_LEDGER,EPSG:4326-compatible longitude/latitude; CRS not embedded in Parquet,FL,Coastal Plains,Coastal Plains,True,True,True,True,True,True,False,0,True,False,False,multi_horizon_only
202409,-81.3324036512,28.5103355893,1433466.0110975385,715195.8627006542,MULTI_HORIZON_CANDIDATE_LEDGER,EPSG:4326-compatible longitude/latitude; CRS not embedded in Parquet,FL,Coastal Plains,Coastal Plains,True,True,True,True,True,True,True,1,False,False,False,neither
202440,-81.3019306266,28.4569451879,1437329.7497983647,709823.2661949452,MULTI_HORIZON_CANDIDATE_LEDGER,EPSG:4326-compatible longitude/latitude; CRS not embedded in Parquet,FL,Coastal Plains,Coastal Plains,True,True,True,False,True,False,False,0,True,False,False,multi_horizon_only
2027,-93.3054470499,44.8455316728,212636.63129896938,2431543.4044966744,MULTI_HORIZON_CANDIDATE_LEDGER,EPSG:4326-compatible longitude/latitude; CRS not embedded in Parquet,MN,Upper Midwest,Upper Midwest,True,True,True,True,True,True,False,0,False,True,False,direct_60_day_only
2028,-94.8844016907,47.6614609241,84379.79449826415,2741301.9207996,MULTI_HORIZON_CANDIDATE_LEDGER,EPSG:4326-compatible longitude/latitude; CRS not embedded in Parquet,MN,Upper Midwest,Upper Midwest,True,True,True,True,True,True,False,0,True,False,False,multi_horizon_only
2029,-92.9234113527,45.0155140225,242162.17740072068,2451367.239999839,MULTI_HORIZON_CANDIDATE_LEDGER,EPSG:4326-compatible longitude/latitude; CRS not embedded in Parquet,MN,Upper Midwest,Upper Midwest,True,True,True,True,True,True,False,0,False,True,False,direct_60_day_only
203,-93.1248116993,44.7979715708,227047.14870379076,2426668.9655981306,MULTI_HORIZON_CANDIDATE_LEDGER,EPSG:4326-compatible longitude/latitude; CRS not embedded in Parquet,MN,Upper Midwest,Upper Midwest,True,True,True,True,True,True,False,0,False,False,False,neither
203120,-81.9310174632,28.0670922808,1382625.7363006147,657902.2232042924,MULTI_HORIZON_CANDIDATE_LEDGER,EPSG:4326-compatible longitude/latitude; CRS not embedded in Parquet,FL,Coastal Plains,Coastal Plains,True,True,True,True,True,True,True,1,True,False,False,multi_horizon_only
203121,-81.8383136534,27.9710929465,1393242.818896086,648771.5262986347,MULTI_HORIZON_CANDIDATE_LEDGER,EPSG:4326-compatible longitude/latitude; CRS not embedded in Parquet,FL,Coastal Plains,Coastal Plains,True,True,True,True,True,True,True,17,True,True,True,both
203122,-81.8187723725,28.1686618935,1391906.9225048835,670636.4717993513,MULTI_HORIZON_CANDIDATE_LEDGER,EPSG:4326-compatible longitude/latitude; CRS not embedded in Parquet,FL,Coastal Plains,Coastal Plains,True,True,True,True,True,True,False,0,True,True,True,both
203123,-82.1226809064,28.8021360091,1352101.055697403,735528.1875988506,MULTI_HORIZON_CANDIDATE_LEDGER,EPSG:4326-compatible longitude/latitude; CRS not embedded in Parquet,FL,Coastal Plains,Coastal Plains,True,True,True,True,True,True,False,0,True,True,True,both
203153,-82.7227089707,28.0044628364,1306307.783698016,639856.674796408,MULTI_HORIZON_CANDIDATE_LEDGER,EPSG:4326-compatible longitude/latitude; CRS not embedded in Parquet,FL,Coastal Plains,Coastal Plains,True,True,True,True,True,True,False,0,True,False,False,multi_horizon_only
203195,-82.6532227138,27.7373462161,1317226.957500157,611618.3801003695,MULTI_HORIZON_CANDIDATE_LEDGER,EPSG:4326-compatible longitude/latitude; CRS not embedded in Parquet,FL,Coastal Plains,Coastal Plains,True,True,True,True,True,True,True,5,True,False,False,multi_horizon_only
203199,-82.6687035853,28.2847338603,1307257.3651960578,671257.4350987021,MULTI_HORIZON_CANDIDATE_LEDGER,EPSG:4326-compatible longitude/latitude; CRS not embedded in Parquet,FL,Coastal Plains,Coastal Plains,True,True,True,True,True,True,False,0,True,False,False,multi_horizon_only
203220,-82.6256070774,28.1350084762,1313775.9366965666,655472.0003002807,MULTI_HORIZON_CANDIDATE_LEDGER,EPSG:4326-compatible longitude/latitude; CRS not embedded in Parquet,FL,Coastal Plains,Coastal Plains,True,True,True,True,True,True,False,0,True,False,False,multi_horizon_only
203222,-82.6205939972,28.442374016,1309498.7943002163,689172.2810031809,MULTI_HORIZON_CANDIDATE_LEDGER,EPSG:4326-compatible longitude/latitude; CRS not embedded in Parquet,FL,Coastal Plains,Coastal Plains,True,True,True,True,True,True,False,0,True,False,False,multi_horizon_only
203249,-82.5914501438,28.1631521064,1316671.722900618,659022.9197983481,MULTI_HORIZON_CANDIDATE_LEDGER,EPSG:4326-compatible longitude/latitude; CRS not embedded in Parquet,FL,Coastal Plains,Coastal Plains,True,True,True,True,True,True,False,0,True,False,False,multi_horizon_only
20327,-95.6987556529,46.6740293558,23131.682099446673,2631636.880199423,MULTI_HORIZON_CANDIDATE_LEDGER,EPSG:4326-compatible longitude/latitude; CRS not embedded in Parquet,MN,Upper Midwest,Upper Midwest,True,True,True,False,True,False,False,0,True,True,True,both
2033,-94.1408642727,46.6884838946,142717.4672987279,2634597.4014976667,MULTI_HORIZON_CANDIDATE_LEDGER,EPSG:4326-compatible longitude/latitude; CRS not embedded in Parquet,MN,Upper Midwest,Upper Midwest,True,True,True,False,True,False,False,0,False,False,False,neither
203307,-82.5259635295,28.1197825992,1323736.227300994,655189.5851965174,MULTI_HORIZON_CANDIDATE_LEDGER,EPSG:4326-compatible longitude/latitude; CRS not embedded in Parquet,FL,Coastal Plains,Coastal Plains,True,True,True,False,True,False,False,0,False,False,False,neither
203327,-82.4926050518,28.0117191946,1328682.0765023355,643840.0901043247,MULTI_HORIZON_CANDIDATE_LEDGER,EPSG:4326-compatible longitude/latitude; CRS not embedded in Parquet,FL,Coastal Plains,Coastal Plains,True,True,True,True,True,True,False,0,False,False,False,neither
203330,-82.4966114601,28.061441713,1327513.0081982536,649219.9254976325,MULTI_HORIZON_CANDIDATE_LEDGER,EPSG:4326-compatible longitude/latitude; CRS not embedded in Parquet,FL,Coastal Plains,Coastal Plains,True,True,True,False,True,False,False,0,False,False,False,neither
203332,-82.5052275927,28.1235415092,1325700.9345963174,655889.6768955234,MULTI_HORIZON_CANDIDATE_LEDGER,EPSG:4326-compatible longitude/latitude; CRS not embedded in Parquet,FL,Coastal Plains,Coastal Plains,True,True,True,True,True,True,False,0,True,True,True,both
203359,-82.4821833965,28.0819688447,1328600.4503987213,651665.8378945179,MULTI_HORIZON_CANDIDATE_LEDGER,EPSG:4326-compatible longitude/latitude; CRS not embedded in Parquet,FL,Coastal Plains,Coastal Plains,True,True,True,True,True,True,False,0,False,False,False,neither
203398,-82.4770301231,28.2521051774,1326437.9445980217,670343.7123986036,MULTI_HORIZON_CANDIDATE_LEDGER,EPSG:4326-compatible longitude/latitude; CRS not embedded in Parquet,FL,Coastal Plains,Coastal Plains,True,True,True,False,True,False,False,0,True,False,False,multi_horizon_only
203606,-82.3644329044,28.4652861019,1334037.4949971295,695242.6661979407,MULTI_HORIZON_CANDIDATE_LEDGER,EPSG:4326-compatible longitude/latitude; CRS not embedded in Parquet,FL,Coastal Plains,Coastal Plains,True,True,True,True,True,True,True,1,True,True,True,both
203661,-82.3003891772,28.8314457662,1334441.455099936,736225.6664994899,MULTI_HORIZON_CANDIDATE_LEDGER,EPSG:4326-compatible longitude/latitude; CRS not embedded in Parquet,FL,Coastal Plains,Coastal Plains,True,True,True,True,True,True,False,0,True,False,False,multi_horizon_only
20376,-96.1554318415,41.160824165,-12940.390602521275,2017008.3961944208,MULTI_HORIZON_CANDIDATE_LEDGER,EPSG:4326-compatible longitude/latitude; CRS not embedded in Parquet,NE,Temporate Plains,Temperate Plains,True,True,True,False,True,False,False,0,True,False,False,multi_horizon_only
203993,-82.0030073998,28.9032119014,1362035.4720951049,748303.1146998592,MULTI_HORIZON_CANDIDATE_LEDGER,EPSG:4326-compatible longitude/latitude; CRS not embedded in Parquet,FL,Coastal Plains,Coastal Plains,True,True,True,True,True,True,False,0,True,False,False,multi_horizon_only
204033,-81.9768416926,28.0477341595,1378469.4943035955,655121.8814986162,MULTI_HORIZON_CANDIDATE_LEDGER,EPSG:4326-compatible longitude/latitude; CRS not embedded in Parquet,FL,Coastal Plains,Coastal Plains,True,True,True,True,True,True,True,10,True,False,False,multi_horizon_only
204255,-82.3563150964,28.8913917641,1328082.2100954696,742008.0713989623,MULTI_HORIZON_CANDIDATE_LEDGER,EPSG:4326-compatible longitude/latitude; CRS not embedded in Parquet,FL,Coastal Plains,Coastal Plains,True,True,True,False,True,False,False,0,True,False,False,multi_horizon_only
204397,-82.5839038508,28.1059645341,1318296.6775964824,652873.1012993418,MULTI_HORIZON_CANDIDATE_LEDGER,EPSG:4326-compatible longitude/latitude; CRS not embedded in Parquet,FL,Coastal Plains,Coastal Plains,True,True,True,False,True,False,False,0,False,False,False,neither
204413,-82.5598088216,28.1012744596,1320721.5404966916,652694.7686964832,MULTI_HORIZON_CANDIDATE_LEDGER,EPSG:4326-compatible longitude/latitude; CRS not embedded in Parquet,FL,Coastal Plains,Coastal Plains,True,True,True,True,True,True,False,0,False,False,False,neither
204479,-82.4876668659,28.0512238332,1328546.330298972,648227.8143054321,MULTI_HORIZON_CANDIDATE_LEDGER,EPSG:4326-compatible longitude/latitude; CRS not embedded in Parquet,FL,Coastal Plains,Coastal Plains,True,True,True,True,True,True,False,0,False,False,False,neither
204551,-82.4607121914,28.1999024942,1328846.6787956625,664862.0625973511,MULTI_HORIZON_CANDIDATE_LEDGER,EPSG:4326-compatible longitude/latitude; CRS not embedded in Parquet,FL,Coastal Plains,Coastal Plains,True,True,True,True,True,True,False,0,False,False,False,neither
2046,-95.8023024006,46.0576274754,15322.817698999379,2563271.9441016875,MULTI_HORIZON_CANDIDATE_LEDGER,EPSG:4326-compatible longitude/latitude; CRS not embedded in Parquet,MN,Upper Midwest,Upper Midwest,True,True,True,False,True,False,False,0,True,False,False,multi_horizon_only
204755,-82.3420477657,29.0730367245,1326581.3302973872,762109.3649031408,MULTI_HORIZON_CANDIDATE_LEDGER,EPSG:4326-compatible longitude/latitude; CRS not embedded in Parquet,FL,Coastal Plains,Coastal Plains,True,True,True,True,True,True,False,0,True,False,False,multi_horizon_only
205118,-81.9818741745,28.8348099426,1365189.6433943573,741118.0812047496,MULTI_HORIZON_CANDIDATE_LEDGER,EPSG:4326-compatible longitude/latitude; CRS not embedded in Parquet,FL,Coastal Plains,Coastal Plains,True,True,True,True,True,True,False,0,False,False,False,neither
205154,-81.9530300891,28.0380267278,1380950.994401024,654407.1801950783,MULTI_HORIZON_CANDIDATE_LEDGER,EPSG:4326-compatible longitude/latitude; CRS not embedded in Parquet,FL,Coastal Plains,Coastal Plains,True,True,True,True,True,True,True,7,True,False,False,multi_horizon_only
205292,-81.7775518287,27.9992415463,1398712.6046036326,652737.688997006,MULTI_HORIZON_CANDIDATE_LEDGER,EPSG:4326-compatible longitude/latitude; CRS not embedded in Parquet,FL,Coastal Plains,Coastal Plains,True,True,True,False,True,False,False,0,True,False,False,multi_horizon_only
205322,-81.7112720035,28.0583863347,1404203.4788999243,660173.3798031621,MULTI_HORIZON_CANDIDATE_LEDGER,EPSG:4326-compatible longitude/latitude; CRS not embedded in Parquet,FL,Coastal Plains,Coastal Plains,True,True,True,True,True,True,False,0,True,True,True,both
205355,-82.7812697228,27.8537458341,1302890.5570038764,622574.3371000867,MULTI_HORIZON_CANDIDATE_LEDGER,EPSG:4326-compatible longitude/latitude; CRS not embedded in Parquet,FL,Coastal Plains,Coastal Plains,True,True,True,True,True,True,True,4,True,True,True,both
205356,-82.3324198047,27.4859261507,1352646.7160974036,588670.5085970853,MULTI_HORIZON_CANDIDATE_LEDGER,EPSG:4326-compatible longitude/latitude; CRS not embedded in Parquet,FL,Coastal Plains,Coastal Plains,True,True,True,True,True,True,False,0,True,False,False,multi_horizon_only
205360,-81.7803459561,28.1377663523,1396159.163600747,667825.121404333,MULTI_HORIZON_CANDIDATE_LEDGER,EPSG:4326-compatible longitude/latitude; CRS not embedded in Parquet,FL,Coastal Plains,Coastal Plains,True,True,True,True,True,True,True,1,False,False,False,neither
205363,-82.271422798,28.77332947,1338169.145399187,730268.8982010111,MULTI_HORIZON_CANDIDATE_LEDGER,EPSG:4326-compatible longitude/latitude; CRS not embedded in Parquet,FL,Coastal Plains,Coastal Plains,True,True,True,False,True,False,False,0,False,False,False,neither
205367,-82.7943573403,27.9469359609,1300183.9265997396,632583.6488968376,MULTI_HORIZON_CANDIDATE_LEDGER,EPSG:4326-compatible longitude/latitude; CRS not embedded in Parquet,FL,Coastal Plains,Coastal Plains,True,True,True,True,True,True,False,0,True,False,False,multi_horizon_only
205410,-82.6946837199,28.0522277248,1308310.963999424,645465.56540058,MULTI_HORIZON_CANDIDATE_LEDGER,EPSG:4326-compatible longitude/latitude; CRS not embedded in Parquet,FL,Coastal Plains,Coastal Plains,True,True,True,False,True,False,False,0,True,False,False,multi_horizon_only
205520,-82.5875505237,28.0972675312,1318075.8584973766,651871.4396004695,MULTI_HORIZON_CANDIDATE_LEDGER,EPSG:4326-compatible longitude/latitude; CRS not embedded in Parquet,FL,Coastal Plains,Coastal Plains,True,True,True,True,True,True,False,0,False,False,False,neither
205522,-82.5817154705,28.1423401213,1317944.8222027638,656881.6060000658,MULTI_HORIZON_CANDIDATE_LEDGER,EPSG:4326-compatible longitude/latitude; CRS not embedded in Parquet,FL,Coastal Plains,Coastal Plains,True,True,True,True,True,True,False,0,False,False,False,neither
205552,-82.5567996549,28.1136310825,1320822.8362965705,654087.8406989761,MULTI_HORIZON_CANDIDATE_LEDGER,EPSG:4326-compatible longitude/latitude; CRS not embedded in Parquet,FL,Coastal Plains,Coastal Plains,True,True,True,False,True,False,False,0,False,False,False,neither
205635,-82.4871164353,28.1234829123,1327469.058804744,656136.0861953329,MULTI_HORIZON_CANDIDATE_LEDGER,EPSG:4326-compatible longitude/latitude; CRS not embedded in Parquet,FL,Coastal Plains,Coastal Plains,True,True,True,True,True,True,False,0,True,False,False,multi_horizon_only
205911,-82.3262436079,28.8349850289,1331884.304900741,736250.5868048649,MULTI_HORIZON_CANDIDATE_LEDGER,EPSG:4326-compatible longitude/latitude; CRS not embedded in Parquet,FL,Coastal Plains,Coastal Plains,True,True,True,True,True,True,False,0,False,False,False,neither
205929,-82.3021045272,28.8058179156,1334682.8869013523,733394.9963979125,MULTI_HORIZON_CANDIDATE_LEDGER,EPSG:4326-compatible longitude/latitude; CRS not embedded in Parquet,FL,Coastal Plains,Coastal Plains,True,True,True,True,True,True,False,0,True,True,True,both
2060,-90.1916162113,48.0002085407,436778.4811963128,2791537.1399036525,MULTI_HORIZON_CANDIDATE_LEDGER,EPSG:4326-compatible longitude/latitude; CRS not embedded in Parquet,MN,Upper Midwest,Upper Midwest,True,True,True,True,True,True,False,0,False,False,False,neither
2065,-93.9613978393,45.2346407715,159953.7975010113,2473539.4657948054,MULTI_HORIZON_CANDIDATE_LEDGER,EPSG:4326-compatible longitude/latitude; CRS not embedded in Parquet,MN,Upper Midwest,Upper Midwest,True,True,True,True,True,True,False,0,False,False,False,neither
206550,-82.7218319991,28.103859753,1304864.689098352,650739.316704195,MULTI_HORIZON_CANDIDATE_LEDGER,EPSG:4326-compatible longitude/latitude; CRS not embedded in Parquet,FL,Coastal Plains,Coastal Plains,True,True,True,True,True,True,False,0,True,False,False,multi_horizon_only
206551,-82.5901437235,28.1330993172,1317266.066201071,655754.1056014057,MULTI_HORIZON_CANDIDATE_LEDGER,EPSG:4326-compatible longitude/latitude; CRS not embedded in Parquet,FL,Coastal Plains,Coastal Plains,True,True,True,True,True,True,False,0,True,False,False,multi_horizon_only
206552,-82.5279482346,28.3756651562,1319547.7114023059,683152.9147038851,MULTI_HORIZON_CANDIDATE_LEDGER,EPSG:4326-compatible longitude/latitude; CRS not embedded in Parquet,FL,Coastal Plains,Coastal Plains,True,True,True,False,True,False,False,0,True,False,False,multi_horizon_only
206553,-82.5793697296,29.0247785796,1304437.4094004023,753535.0071973633,MULTI_HORIZON_CANDIDATE_LEDGER,EPSG:4326-compatible longitude/latitude; CRS not embedded in Parquet,FL,Coastal Plains,Coastal Plains,True,True,True,True,True,True,False,0,True,False,False,multi_horizon_only
206557,-81.6608980996,27.7997057103,1413409.2163984082,632683.9720948953,MULTI_HORIZON_CANDIDATE_LEDGER,EPSG:4326-compatible longitude/latitude; CRS not embedded in Parquet,FL,Coastal Plains,Coastal Plains,True,True,True,True,True,True,False,0,True,True,True,both
206558,-81.653172047,28.0509415757,1409993.4679043486,660220.7311971579,MULTI_HORIZON_CANDIDATE_LEDGER,EPSG:4326-compatible longitude/latitude; CRS not embedded in Parquet,FL,Coastal Plains,Coastal Plains,True,True,True,True,True,True,True,1,True,True,True,both
206601,-82.6982020738,27.9815458345,1309056.2320015398,637688.0211020913,MULTI_HORIZON_CANDIDATE_LEDGER,EPSG:4326-compatible longitude/latitude; CRS not embedded in Parquet,FL,Coastal Plains,Coastal Plains,True,True,True,True,True,True,True,2,True,False,False,multi_horizon_only
206667,-82.6297365919,28.1375854403,1313333.0541025507,655696.7749950085,MULTI_HORIZON_CANDIDATE_LEDGER,EPSG:4326-compatible longitude/latitude; CRS not embedded in Parquet,FL,Coastal Plains,Coastal Plains,True,True,True,True,True,True,False,0,True,False,False,multi_horizon_only
2067,-94.0750573307,45.2306155703,151046.11379757716,2472905.918601513,MULTI_HORIZON_CANDIDATE_LEDGER,EPSG:4326-compatible longitude/latitude; CRS not embedded in Parquet,MN,Upper Midwest,Upper Midwest,True,True,True,True,True,True,True,2,True,True,True,both
206706,-82.5789096337,28.1107711904,1318709.422601808,653468.0400008559,MULTI_HORIZON_CANDIDATE_LEDGER,EPSG:4326-compatible longitude/latitude; CRS not embedded in Parquet,FL,Coastal Plains,Coastal Plains,True,True,True,True,True,True,False,0,True,False,False,multi_horizon_only
206708,-82.5742672355,28.1694748106,1318249.4383002282,659952.6779985931,MULTI_HORIZON_CANDIDATE_LEDGER,EPSG:4326-compatible longitude/latitude; CRS not embedded in Parquet,FL,Coastal Plains,Coastal Plains,True,True,True,True,True,True,False,0,False,False,False,neither
206739,-82.5473241862,28.0966837039,1322011.7015020328,652366.3540947773,MULTI_HORIZON_CANDIDATE_LEDGER,EPSG:4326-compatible longitude/latitude; CRS not embedded in Parquet,FL,Coastal Plains,Coastal Plains,True,True,True,True,True,True,False,0,False,False,False,neither
206799,-82.5008327888,28.0709379927,1326952.3253969578,650199.2228971515,MULTI_HORIZON_CANDIDATE_LEDGER,EPSG:4326-compatible longitude/latitude; CRS not embedded in Parquet,FL,Coastal Plains,Coastal Plains,True,True,True,False,True,False,False,0,False,False,False,neither
2068,-92.9955063199,48.5387224589,224159.588500522,2841052.2009049673,MULTI_HORIZON_CANDIDATE_LEDGER,EPSG:4326-compatible longitude/latitude; CRS not embedded in Parquet,MN,Upper Midwest,Upper Midwest,True,True,True,True,True,True,False,0,False,False,False,neither
206829,-82.4722595572,28.1263895139,1328873.1430991394,656661.550694501,MULTI_HORIZON_CANDIDATE_LEDGER,EPSG:4326-compatible longitude/latitude; CRS not embedded in Parquet,FL,Coastal Plains,Coastal Plains,True,True,True,True,True,True,False,0,True,False,False,multi_horizon_only
206863,-82.4659284634,28.1195874484,1329597.501701718,656006.3376014046,MULTI_HORIZON_CANDIDATE_LEDGER,EPSG:4326-compatible longitude/latitude; CRS not embedded in Parquet,FL,Coastal Plains,Coastal Plains,True,True,True,True,True,True,False,0,False,False,False,neither
207094,-82.3316718666,28.4320161617,1337747.773302418,692062.875103157,MULTI_HORIZON_CANDIDATE_LEDGER,EPSG:4326-compatible longitude/latitude; CRS not embedded in Parquet,FL,Coastal Plains,Coastal Plains,True,True,True,False,True,False,False,0,True,False,False,multi_horizon_only
2071,-93.6493574955,46.4444455585,181110.14869695276,2608399.4354053745,MULTI_HORIZON_CANDIDATE_LEDGER,EPSG:4326-compatible longitude/latitude; CRS not embedded in Parquet,MN,Upper Midwest,Upper Midwest,True,True,True,False,True,False,False,0,False,False,False,neither
207134,-82.3170773672,27.9452462444,1346882.6617013547,639046.072904639,MULTI_HORIZON_CANDIDATE_LEDGER,EPSG:4326-compatible longitude/latitude; CRS not embedded in Parquet,FL,Coastal Plains,Coastal Plains,True,True,True,True,True,True,False,0,True,False,False,multi_horizon_only
207168,-82.2717067405,28.7923292326,1337839.017497059,732345.3389020655,MULTI_HORIZON_CANDIDATE_LEDGER,EPSG:4326-compatible longitude/latitude; CRS not embedded in Parquet,FL,Coastal Plains,Coastal Plains,True,True,True,True,True,True,False,0,False,False,False,neither
207183,-82.2582218483,27.9537821329,1352499.9709041463,640814.6170975696,MULTI_HORIZON_CANDIDATE_LEDGER,EPSG:4326-compatible longitude/latitude; CRS not embedded in Parquet,FL,Coastal Plains,Coastal Plains,True,True,True,True,True,True,True,3,True,True,True,both
2073,-94.8668155578,45.3263165923,88795.62429675563,2482547.8063024115,MULTI_HORIZON_CANDIDATE_LEDGER,EPSG:4326-compatible longitude/latitude; CRS not embedded in Parquet,MN,Upper Midwest,Upper Midwest,True,True,True,True,True,True,False,0,False,False,False,neither
207514,-81.9377272041,27.9624990846,1383674.0423955284,646380.6139991749,MULTI_HORIZON_CANDIDATE_LEDGER,EPSG:4326-compatible longitude/latitude; CRS not embedded in Parquet,FL,Coastal Plains,Coastal Plains,True,True,True,True,True,True,True,4,True,False,False,multi_horizon_only
207516,-81.9390235199,28.0330514374,1382398.9157035777,654067.3648999278,MULTI_HORIZON_CANDIDATE_LEDGER,EPSG:4326-compatible longitude/latitude; CRS not embedded in Parquet,FL,Coastal Plains,Coastal Plains,True,True,True,True,True,True,False,0,True,False,False,multi_horizon_only
207559,-81.9098568099,28.0262170866,1385356.901198675,653745.6074052881,MULTI_HORIZON_CANDIDATE_LEDGER,EPSG:4326-compatible longitude/latitude; CRS not embedded in Parquet,FL,Coastal Plains,Coastal Plains,True,True,True,True,True,True,True,1,True,False,False,multi_horizon_only
207734,-81.6061793946,27.9085090453,1416949.5347012663,645371.7881988604,MULTI_HORIZON_CANDIDATE_LEDGER,EPSG:4326-compatible longitude/latitude; CRS not embedded in Parquet,FL,Coastal Plains,Coastal Plains,True,True,True,True,True,True,True,5,True,False,False,multi_horizon_only
207749,-81.7980183448,28.0790833804,1395402.023104078,661155.9120057262,MULTI_HORIZON_CANDIDATE_LEDGER,EPSG:4326-compatible longitude/latitude; CRS not embedded in Parquet,FL,Coastal Plains,Coastal Plains,True,True,True,True,True,True,False,0,True,False,False,multi_horizon_only
207753,-82.8039576945,27.9062343171,1299866.7604988606,628001.9837951642,MULTI_HORIZON_CANDIDATE_LEDGER,EPSG:4326-compatible longitude/latitude; CRS not embedded in Parquet,FL,Coastal Plains,Coastal Plains,True,True,True,False,True,False,False,0,True,False,False,multi_horizon_only
207769,-82.7478556308,27.9968917673,1303965.9682958436,638683.4123985898,MULTI_HORIZON_CANDIDATE_LEDGER,EPSG:4326-compatible longitude/latitude; CRS not embedded in Parquet,FL,Coastal Plains,Coastal Plains,True,True,True,True,True,True,False,0,True,False,False,multi_horizon_only
207904,-82.5775795613,28.1550899938,1318150.0761967297,658333.4199045189,MULTI_HORIZON_CANDIDATE_LEDGER,EPSG:4326-compatible longitude/latitude; CRS not embedded in Parquet,FL,Coastal Plains,Coastal Plains,True,True,True,True,True,True,False,0,False,False,False,neither
207924,-82.5707674195,28.1552498173,1318812.1187983523,658445.4109050445,MULTI_HORIZON_CANDIDATE_LEDGER,EPSG:4326-compatible longitude/latitude; CRS not embedded in Parquet,FL,Coastal Plains,Coastal Plains,True,True,True,True,True,True,True,1,True,False,False,multi_horizon_only
208034,-82.4869630227,27.4305111733,1338321.6647952348,580434.6999982335,MULTI_HORIZON_CANDIDATE_LEDGER,EPSG:4326-compatible longitude/latitude; CRS not embedded in Parquet,FL,Coastal Plains,Coastal Plains,True,True,True,True,True,True,True,1,True,True,True,both
208044,-82.4912750895,28.1472508106,1326691.3220976002,658677.0595001746,MULTI_HORIZON_CANDIDATE_LEDGER,EPSG:4326-compatible longitude/latitude; CRS not embedded in Parquet,FL,Coastal Plains,Coastal Plains,True,True,True,True,True,True,False,0,True,False,False,multi_horizon_only
208045,-82.4888834985,28.1570651253,1326770.991902939,659783.7034010962,MULTI_HORIZON_CANDIDATE_LEDGER,EPSG:4326-compatible longitude/latitude; CRS not embedded in Parquet,FL,Coastal Plains,Coastal Plains,True,True,True,True,True,True,False,0,False,False,False,neither
208080,-82.4693512954,28.2403135153,1327370.9348955827,669161.1499989554,MULTI_HORIZON_CANDIDATE_LEDGER,EPSG:4326-compatible longitude/latitude; CRS not embedded in Parquet,FL,Coastal Plains,Coastal Plains,True,True,True,True,True,True,False,0,True,False,False,multi_horizon_only
208206,-82.3799199499,27.9904940482,1340025.6571037478,643102.3165004198,MULTI_HORIZON_CANDIDATE_LEDGER,EPSG:4326-compatible longitude/latitude; CRS not embedded in Parquet,FL,Coastal Plains,Coastal Plains,True,True,True,True,True,True,True,9,True,True,True,both
2086,-94.039204624,45.3174719623,153659.72890056006,2482620.215503839,MULTI_HORIZON_CANDIDATE_LEDGER,EPSG:4326-compatible longitude/latitude; CRS not embedded in Parquet,MN,Upper Midwest,Upper Midwest,True,True,True,True,True,True,False,0,False,False,False,neither
208737,-81.9660162037,28.0328075268,1379768.442701469,653648.4471952282,MULTI_HORIZON_CANDIDATE_LEDGER,EPSG:4326-compatible longitude/latitude; CRS not embedded in Parquet,FL,Coastal Plains,Coastal Plains,True,True,True,True,True,True,True,17,True,False,False,multi_horizon_only
208738,-81.9685562102,28.0405962074,1379393.9972031284,654462.3690952584,MULTI_HORIZON_CANDIDATE_LEDGER,EPSG:4326-compatible longitude/latitude; CRS not embedded in Parquet,FL,Coastal Plains,Coastal Plains,True,True,True,True,True,True,False,0,True,False,False,multi_horizon_only
208808,-81.898256789,28.9168081042,1371931.5311016308,751298.3685972989,MULTI_HORIZON_CANDIDATE_LEDGER,EPSG:4326-compatible longitude/latitude; CRS not embedded in Parquet,FL,Coastal Plains,Coastal Plains,True,True,True,True,True,True,False,0,True,False,False,multi_horizon_only
208928,-81.7072261876,28.0921031319,1404040.1090030035,663915.0818982143,MULTI_HORIZON_CANDIDATE_LEDGER,EPSG:4326-compatible longitude/latitude; CRS not embedded in Parquet,FL,Coastal Plains,Coastal Plains,True,True,True,True,True,True,True,1,True,False,False,multi_horizon_only
208958,-81.6112430664,27.9752724235,1415343.0718028818,652583.211694859,MULTI_HORIZON_CANDIDATE_LEDGER,EPSG:4326-compatible longitude/latitude; CRS not embedded in Parquet,FL,Coastal Plains,Coastal Plains,True,True,True,True,True,True,False,0,True,False,False,multi_horizon_only
208979,-82.2825028531,28.7350160972,1337706.4170045215,725917.9316005893,MULTI_HORIZON_CANDIDATE_LEDGER,EPSG:4326-compatible longitude/latitude; CRS not embedded in Parquet,FL,Coastal Plains,Coastal Plains,True,True,True,True,True,True,False,0,True,False,False,multi_horizon_only
208985,-82.8091021248,27.8781701219,1299791.918496836,624863.3210951667,MULTI_HORIZON_CANDIDATE_LEDGER,EPSG:4326-compatible longitude/latitude; CRS not embedded in Parquet,FL,Coastal Plains,Coastal Plains,True,True,True,True,True,True,False,0,False,False,False,neither
209014,-82.723901945,27.7750028691,1309718.3688028373,614756.3233030252,MULTI_HORIZON_CANDIDATE_LEDGER,EPSG:4326-compatible longitude/latitude; CRS not embedded in Parquet,FL,Coastal Plains,Coastal Plains,True,True,True,False,True,False,False,0,True,False,False,multi_horizon_only
209069,-82.641531735,27.7880857655,1317588.6733005848,617324.6151969396,MULTI_HORIZON_CANDIDATE_LEDGER,EPSG:4326-compatible longitude/latitude; CRS not embedded in Parquet,FL,Coastal Plains,Coastal Plains,True,True,True,True,True,True,True,1,True,False,False,multi_horizon_only
2091,-93.3703949691,44.3533055924,209029.47950039644,2376597.374000528,MULTI_HORIZON_CANDIDATE_LEDGER,EPSG:4326-compatible longitude/latitude; CRS not embedded in Parquet,MN,Upper Midwest,Upper Midwest,True,True,True,True,True,True,False,0,False,False,False,neither
209119,-82.6012379841,28.1038705247,1316637.196795916,652403.7949996628,MULTI_HORIZON_CANDIDATE_LEDGER,EPSG:4326-compatible longitude/latitude; CRS not embedded in Parquet,FL,Coastal Plains,Coastal Plains,True,True,True,True,True,True,False,0,False,False,False,neither
209120,-82.5886999463,28.1088899282,1317783.0856027596,653126.5010001231,MULTI_HORIZON_CANDIDATE_LEDGER,EPSG:4326-compatible longitude/latitude; CRS not embedded in Parquet,FL,Coastal Plains,Coastal Plains,True,True,True,False,True,False,False,0,False,False,False,neither
209135,-82.5817054852,28.1778542454,1317393.674899476,660766.0479049645,MULTI_HORIZON_CANDIDATE_LEDGER,EPSG:4326-compatible longitude/latitude; CRS not embedded in Parquet,FL,Coastal Plains,Coastal Plains,True,True,True,False,True,False,False,0,True,False,False,multi_horizon_only
209224,-82.5029727618,28.316204041,1322907.7871042015,676994.141102802,MULTI_HORIZON_CANDIDATE_LEDGER,EPSG:4326-compatible longitude/latitude; CRS not embedded in Parquet,FL,Coastal Plains,Coastal Plains,True,True,True,True,True,True,False,0,True,False,False,multi_horizon_only
209251,-82.488820618,28.1613815712,1326709.557995012,660256.6191031244,MULTI_HORIZON_CANDIDATE_LEDGER,EPSG:4326-compatible longitude/latitude; CRS not embedded in Parquet,FL,Coastal Plains,Coastal Plains,True,True,True,True,True,True,False,0,False,False,False,neither
209278,-82.4713034005,28.0558383553,1330072.0208951528,648961.1896036826,MULTI_HORIZON_CANDIDATE_LEDGER,EPSG:4326-compatible longitude/latitude; CRS not embedded in Parquet,FL,Coastal Plains,Coastal Plains,True,True,True,True,True,True,False,0,False,False,False,neither
209279,-82.470391009,28.065641999,1330007.487799895,650045.7557047848,MULTI_HORIZON_CANDIDATE_LEDGER,EPSG:4326-compatible longitude/latitude; CRS not embedded in Parquet,FL,Coastal Plains,Coastal Plains,True,True,True,False,True,False,False,0,True,False,False,multi_horizon_only
209285,-82.4709668742,28.2062423956,1327747.6360975981,665412.1061942745,MULTI_HORIZON_CANDIDATE_LEDGER,EPSG:4326-compatible longitude/latitude; CRS not embedded in Parquet,FL,Coastal Plains,Coastal Plains,True,True,True,True,True,True,False,0,True,False,False,multi_horizon_only
209579,-82.2849255466,28.8215571735,1336094.639101643,735360.0029027592,MULTI_HORIZON_CANDIDATE_LEDGER,EPSG:4326-compatible longitude/latitude; CRS not embedded in Parquet,FL,Coastal Plains,Coastal Plains,True,True,True,True,True,True,False,0,False,False,False,neither
209587,-82.2773263925,28.0609797061,1348929.350099884,652257.3121035919,MULTI_HORIZON_CANDIDATE_LEDGER,EPSG:4326-compatible longitude/latitude; CRS not embedded in Parquet,FL,Coastal Plains,Coastal Plains,True,True,True,True,True,True,True,2,True,True,True,both
209627,-82.2494768823,28.4369648627,1345657.4356015862,693764.7322994862,MULTI_HORIZON_CANDIDATE_LEDGER,EPSG:4326-compatible longitude/latitude; CRS not embedded in Parquet,FL,Coastal Plains,Coastal Plains,True,True,True,True,True,True,True,1,True,True,True,both
2099,-95.2986636477,47.2764877513,53361.15810147344,2698469.7141979495,MULTI_HORIZON_CANDIDATE_LEDGER,EPSG:4326-compatible longitude/latitude; CRS not embedded in Parquet,MN,Upper Midwest,Upper Midwest,True,True,True,True,True,True,False,0,False,False,False,neither
210106,-81.8039873545,28.1028080794,1394429.9255954989,663659.5568036251,MULTI_HORIZON_CANDIDATE_LEDGER,EPSG:4326-compatible longitude/latitude; CRS not embedded in Parquet,FL,Coastal Plains,Coastal Plains,True,True,True,True,True,True,False,0,True,False,False,multi_horizon_only
21017,-94.1704023811,46.6590583987,140512.9923986463,2631294.4242045935,MULTI_HORIZON_CANDIDATE_LEDGER,EPSG:4326-compatible longitude/latitude; CRS not embedded in Parquet,MN,Upper Midwest,Upper Midwest,True,True,True,True,True,True,False,0,False,False,False,neither
210190,-82.3161831999,28.8404503451,1332770.6660042221,736990.1993986312,MULTI_HORIZON_CANDIDATE_LEDGER,EPSG:4326-compatible longitude/latitude; CRS not embedded in Parquet,FL,Coastal Plains,Coastal Plains,True,True,True,True,True,True,True,1,True,False,False,multi_horizon_only
210337,-82.5766019025,28.1907684355,1317690.5433954287,662249.359204404,MULTI_HORIZON_CANDIDATE_LEDGER,EPSG:4326-compatible longitude/latitude; CRS not embedded in Parquet,FL,Coastal Plains,Coastal Plains,True,True,True,True,True,True,False,0,True,False,False,multi_horizon_only
210351,-82.5678264928,28.1077037734,1319838.885098145,653286.4542950299,MULTI_HORIZON_CANDIDATE_LEDGER,EPSG:4326-compatible longitude/latitude; CRS not embedded in Parquet,FL,Coastal Plains,Coastal Plains,True,True,True,True,True,True,False,0,False,False,False,neither
21038,-95.1979982295,45.7040599821,62490.817700474174,2524263.3257045606,MULTI_HORIZON_CANDIDATE_LEDGER,EPSG:4326-compatible longitude/latitude; CRS not embedded in Parquet,MN,Upper Midwest,Upper Midwest,True,True,True,True,True,True,False,0,True,True,True,both
210441,-82.4895056605,28.0327339386,1328656.0824984103,646180.7216981053,MULTI_HORIZON_CANDIDATE_LEDGER,EPSG:4326-compatible longitude/latitude; CRS not embedded in Parquet,FL,Coastal Plains,Coastal Plains,True,True,True,True,True,True,False,0,False,False,False,neither
210478,-82.4639822398,28.1053795735,1330010.1854028527,654480.0754053202,MULTI_HORIZON_CANDIDATE_LEDGER,EPSG:4326-compatible longitude/latitude; CRS not embedded in Parquet,FL,Coastal Plains,Coastal Plains,True,True,True,True,True,True,False,0,True,False,False,multi_horizon_only
2105,-94.8509201731,47.5061047054,87119.54789920578,2724175.632895775,MULTI_HORIZON_CANDIDATE_LEDGER,EPSG:4326-compatible longitude/latitude; CRS not embedded in Parquet,MN,Upper Midwest,Upper Midwest,True,True,True,False,True,False,False,0,False,False,False,neither
210507,-82.4513779393,28.2301002704,1329282.5301004436,668295.2964049336,MULTI_HORIZON_CANDIDATE_LEDGER,EPSG:4326-compatible longitude/latitude; CRS not embedded in Parquet,FL,Coastal Plains,Coastal Plains,True,True,True,True,True,True,True,1,True,False,False,multi_horizon_only
21051,-93.8289653619,46.6665738076,166712.11510020244,2632678.6823959704,MULTI_HORIZON_CANDIDATE_LEDGER,EPSG:4326-compatible longitude/latitude; CRS not embedded in Parquet,MN,Upper Midwest,Upper Midwest,True,True,True,True,True,True,False,0,False,False,False,neither
210703,-82.3250154414,28.5430598271,1336634.1003988893,704307.5212983675,MULTI_HORIZON_CANDIDATE_LEDGER,EPSG:4326-compatible longitude/latitude; CRS not embedded in Parquet,FL,Coastal Plains,Coastal Plains,True,True,True,True,True,True,True,1,True,False,False,multi_horizon_only
210741,-82.2918092776,28.7455862681,1336637.068495791,726944.3023986984,MULTI_HORIZON_CANDIDATE_LEDGER,EPSG:4326-compatible longitude/latitude; CRS not embedded in Parquet,FL,Coastal Plains,Coastal Plains,True,True,True,True,True,True,False,0,True,False,False,multi_horizon_only
210779,-82.2686543938,27.9894357455,1350913.4848982473,644561.9494026545,MULTI_HORIZON_CANDIDATE_LEDGER,EPSG:4326-compatible longitude/latitude; CRS not embedded in Parquet,FL,Coastal Plains,Coastal Plains,True,True,True,True,True,True,True,3,True,True,True,both
211,-73.4201706807,44.1861154547,1782661.8721013789,2567852.4207030013,MULTI_HORIZON_CANDIDATE_LEDGER,EPSG:4326-compatible longitude/latitude; CRS not embedded in Parquet,NY,Northern Appalachians,Northern Appalachians,True,True,True,False,True,False,False,0,False,False,False,neither
211009,-82.0029123524,28.1135189729,1374859.0344990278,661931.3047029562,MULTI_HORIZON_CANDIDATE_LEDGER,EPSG:4326-compatible longitude/latitude; CRS not embedded in Parquet,FL,Coastal Plains,Coastal Plains,True,True,True,False,True,False,False,0,True,False,False,multi_horizon_only
211057,-81.9604598325,28.0468150627,1380083.038798161,655259.2412945703,MULTI_HORIZON_CANDIDATE_LEDGER,EPSG:4326-compatible longitude/latitude; CRS not embedded in Parquet,FL,Coastal Plains,Coastal Plains,True,True,True,True,True,True,False,0,True,False,False,multi_horizon_only
2111,-95.0049501691,47.0172086713,76007.91160078291,2669992.898902864,MULTI_HORIZON_CANDIDATE_LEDGER,EPSG:4326-compatible longitude/latitude; CRS not embedded in Parquet,MN,Upper Midwest,Upper Midwest,True,True,True,True,True,True,False,0,False,False,False,neither
21113,-94.4734213577,43.6071839407,122695.82080169824,2291483.406203918,MULTI_HORIZON_CANDIDATE_LEDGER,EPSG:4326-compatible longitude/latitude; CRS not embedded in Parquet,MN,Temporate Plains,Temperate Plains,True,True,True,True,True,True,True,2,True,True,True,both
211229,-81.7415123552,28.0377361197,1401594.9034961222,657472.0332972761,MULTI_HORIZON_CANDIDATE_LEDGER,EPSG:4326-compatible longitude/latitude; CRS not embedded in Parquet,FL,Coastal Plains,Coastal Plains,True,True,True,True,True,True,False,0,True,False,False,multi_horizon_only
211230,-81.7434827308,28.0995276477,1400382.7043027633,664190.9515017066,MULTI_HORIZON_CANDIDATE_LEDGER,EPSG:4326-compatible longitude/latitude; CRS not embedded in Parquet,FL,Coastal Plains,Coastal Plains,True,True,True,True,True,True,False,0,True,False,False,multi_horizon_only
211263,-81.7440475239,28.0239843482,1401574.534496964,655933.027596293,MULTI_HORIZON_CANDIDATE_LEDGER,EPSG:4326-compatible longitude/latitude; CRS not embedded in Parquet,FL,Coastal Plains,Coastal Plains,True,True,True,True,True,True,False,0,True,False,False,multi_horizon_only
211281,-82.7464274805,27.9912708405,1304191.8631975392,638088.3508036975,MULTI_HORIZON_CANDIDATE_LEDGER,EPSG:4326-compatible longitude/latitude; CRS not embedded in Parquet,FL,Coastal Plains,Coastal Plains,True,True,True,False,True,False,False,0,True,False,False,multi_horizon_only
21138,-92.786581614,45.1400839203,252459.6558025528,2465575.079398988,MULTI_HORIZON_CANDIDATE_LEDGER,EPSG:4326-compatible longitude/latitude; CRS not embedded in Parquet,MN,Upper Midwest,Upper Midwest,True,True,True,True,True,True,False,0,False,False,False,neither
211398,-82.610874267,28.2851348545,1312884.3556006842,672098.5118972976,MULTI_HORIZON_CANDIDATE_LEDGER,EPSG:4326-compatible longitude/latitude; CRS not embedded in Parquet,FL,Coastal Plains,Coastal Plains,True,True,True,False,True,False,False,0,True,False,False,multi_horizon_only
21140,-92.9112958482,45.1506898535,242626.7629996053,2466429.374101896,MULTI_HORIZON_CANDIDATE_LEDGER,EPSG:4326-compatible longitude/latitude; CRS not embedded in Parquet,MN,Upper Midwest,Upper Midwest,True,True,True,True,True,True,False,0,True,True,True,both
211410,-82.6026627584,28.0991152332,1316571.9214041543,651864.0184020977,MULTI_HORIZON_CANDIDATE_LEDGER,EPSG:4326-compatible longitude/latitude; CRS not embedded in Parquet,FL,Coastal Plains,Coastal Plains,True,True,True,True,True,True,False,0,False,False,False,neither
211415,-82.5933696805,28.1597466535,1316537.3808957068,658623.852699304,MULTI_HORIZON_CANDIDATE_LEDGER,EPSG:4326-compatible longitude/latitude; CRS not embedded in Parquet,FL,Coastal Plains,Coastal Plains,True,True,True,False,True,False,False,0,False,False,False,neither
211430,-82.5891610584,28.11726295,1317607.9949015982,654035.7894966379,MULTI_HORIZON_CANDIDATE_LEDGER,EPSG:4326-compatible longitude/latitude; CRS not embedded in Parquet,FL,Coastal Plains,Coastal Plains,True,True,True,False,True,False,False,0,True,False,False,multi_horizon_only
211460,-82.5406010243,28.1328144112,1322104.624301475,656410.9257033598,MULTI_HORIZON_CANDIDATE_LEDGER,EPSG:4326-compatible longitude/latitude; CRS not embedded in Parquet,FL,Coastal Plains,Coastal Plains,True,True,True,False,True,False,False,0,True,False,False,multi_horizon_only
211488,-82.5254872522,28.1231442267,1323730.2306995064,655563.8236993458,MULTI_HORIZON_CANDIDATE_LEDGER,EPSG:4326-compatible longitude/latitude; CRS not embedded in Parquet,FL,Coastal Plains,Coastal Plains,True,True,True,True,True,True,False,0,True,False,False,multi_horizon_only
211494,-82.5113877285,28.3207151267,1322018.0178968282,677370.5839018524,MULTI_HORIZON_CANDIDATE_LEDGER,EPSG:4326-compatible longitude/latitude; CRS not embedded in Parquet,FL,Coastal Plains,Coastal Plains,True,True,True,False,True,False,False,0,True,False,False,multi_horizon_only
211529,-82.4868926006,28.1301454377,1327386.6023952614,656867.7484015208,MULTI_HORIZON_CANDIDATE_LEDGER,EPSG:4326-compatible longitude/latitude; CRS not embedded in Parquet,FL,Coastal Plains,Coastal Plains,True,True,True,False,True,False,False,0,True,False,False,multi_horizon_only
211531,-82.4858999435,28.163893825,1326955.0795001406,660572.1337983496,MULTI_HORIZON_CANDIDATE_LEDGER,EPSG:4326-compatible longitude/latitude; CRS not embedded in Parquet,FL,Coastal Plains,Coastal Plains,True,True,True,True,True,True,False,0,False,False,False,neither
211567,-82.4725775758,28.065423073,1329797.4246973696,649991.221995689,MULTI_HORIZON_CANDIDATE_LEDGER,EPSG:4326-compatible longitude/latitude; CRS not embedded in Parquet,FL,Coastal Plains,Coastal Plains,True,True,True,False,True,False,False,0,False,False,False,neither
211602,-82.4548499094,28.1475402196,1330239.871804994,659217.8931952957,MULTI_HORIZON_CANDIDATE_LEDGER,EPSG:4326-compatible longitude/latitude; CRS not embedded in Parquet,FL,Coastal Plains,Coastal Plains,True,True,True,False,True,False,False,0,False,False,False,neither
211603,-82.4463921976,28.1695700784,1330718.9308981001,661745.3003008626,MULTI_HORIZON_CANDIDATE_LEDGER,EPSG:4326-compatible longitude/latitude; CRS not embedded in Parquet,FL,Coastal Plains,Coastal Plains,True,True,True,True,True,True,False,0,True,False,False,multi_horizon_only
2118,-96.1726611552,46.7823527373,-13236.3682017583,2643609.607897683,MULTI_HORIZON_CANDIDATE_LEDGER,EPSG:4326-compatible longitude/latitude; CRS not embedded in Parquet,MN,Upper Midwest,Upper Midwest,True,True,True,True,True,True,False,0,False,False,False,neither
211847,-82.3293280312,28.8672798384,1331073.5819973645,739744.5023993365,MULTI_HORIZON_CANDIDATE_LEDGER,EPSG:4326-compatible longitude/latitude; CRS not embedded in Parquet,FL,Coastal Plains,Coastal Plains,True,True,True,False,True,False,False,0,True,False,False,multi_horizon_only
211861,-82.3027232991,27.9685610008,1347916.0691050051,641797.1728961747,MULTI_HORIZON_CANDIDATE_LEDGER,EPSG:4326-compatible longitude/latitude; CRS not embedded in Parquet,FL,Coastal Plains,Coastal Plains,True,True,True,True,True,True,True,9,True,False,False,multi_horizon_only
211920,-82.2652090524,27.9671506019,1351604.4806961387,642175.877595501,MULTI_HORIZON_CANDIDATE_LEDGER,EPSG:4326-compatible longitude/latitude; CRS not embedded in Parquet,FL,Coastal Plains,Coastal Plains,True,True,True,True,True,True,False,0,True,False,False,multi_horizon_only
211925,-82.2634095924,28.3415587777,1345822.5519040246,683131.3999973927,MULTI_HORIZON_CANDIDATE_LEDGER,EPSG:4326-compatible longitude/latitude; CRS not embedded in Parquet,FL,Coastal Plains,Coastal Plains,True,True,True,True,True,True,False,0,True,False,False,multi_horizon_only
212258,-81.9517812323,28.0440774852,1380974.4517043584,655086.2731994782,MULTI_HORIZON_CANDIDATE_LEDGER,EPSG:4326-compatible longitude/latitude; CRS not embedded in Parquet,FL,Coastal Plains,Coastal Plains,True,True,True,True,True,True,False,0,True,False,False,multi_horizon_only
2128,-94.7032416137,45.6874895664,101064.71769755878,2522848.45710459,MULTI_HORIZON_CANDIDATE_LEDGER,EPSG:4326-compatible longitude/latitude; CRS not embedded in Parquet,MN,Upper Midwest,Upper Midwest,True,True,True,False,True,False,False,0,False,False,False,neither
213,-91.7474415218,47.9211021798,320266.3164014377,2776627.2923956877,MULTI_HORIZON_CANDIDATE_LEDGER,EPSG:4326-compatible longitude/latitude; CRS not embedded in Parquet,MN,Upper Midwest,Upper Midwest,True,True,True,True,True,True,False,0,False,False,False,neither
213000,-83.4149425188,30.6150002652,1200422.7500012103,917269.4664957337,MULTI_HORIZON_CANDIDATE_LEDGER,EPSG:4326-compatible longitude/latitude; CRS not embedded in Parquet,FL,Coastal Plains,Coastal Plains,True,True,True,True,True,True,False,0,True,False,False,multi_horizon_only
2131,-93.0669185323,47.632219296,221917.11470244604,2741002.7565991534,MULTI_HORIZON_CANDIDATE_LEDGER,EPSG:4326-compatible longitude/latitude; CRS not embedded in Parquet,MN,Upper Midwest,Upper Midwest,True,True,True,True,True,True,False,0,False,False,False,neither
213254,-83.1029938344,31.0266448385,1223805.9898017985,966598.9891018551,MULTI_HORIZON_CANDIDATE_LEDGER,EPSG:4326-compatible longitude/latitude; CRS not embedded in Parquet,GA,Coastal Plains,Coastal Plains,True,True,True,True,True,True,False,0,True,False,False,multi_horizon_only
213319,-82.8976006038,30.235310799,1255258.6486013373,882164.0765003841,MULTI_HORIZON_CANDIDATE_LEDGER,EPSG:4326-compatible longitude/latitude; CRS not embedded in Parquet,FL,Coastal Plains,Coastal Plains,True,True,True,True,True,True,False,0,True,False,False,multi_horizon_only
213492,-82.3371612936,30.0338569105,1311791.9957961654,867592.3664995283,MULTI_HORIZON_CANDIDATE_LEDGER,EPSG:4326-compatible longitude/latitude; CRS not embedded in Parquet,FL,Coastal Plains,Coastal Plains,True,True,True,True,True,True,False,0,True,False,False,multi_horizon_only
2135,-92.5526876076,46.5358418588,265206.8156005581,2621100.1200036462,MULTI_HORIZON_CANDIDATE_LEDGER,EPSG:4326-compatible longitude/latitude; CRS not embedded in Parquet,MN,Upper Midwest,Upper Midwest,True,True,True,True,True,True,False,0,True,False,False,multi_horizon_only
213555,-82.1571525656,29.9427338498,1330421.04430253,860088.661999438,MULTI_HORIZON_CANDIDATE_LEDGER,EPSG:4326-compatible longitude/latitude; CRS not embedded in Parquet,FL,Coastal Plains,Coastal Plains,True,True,True,False,True,False,False,0,False,False,False,neither
214354,-82.6351188788,30.1569310319,1281460.7424004676,877049.8068951648,MULTI_HORIZON_CANDIDATE_LEDGER,EPSG:4326-compatible longitude/latitude; CRS not embedded in Parquet,FL,Coastal Plains,Coastal Plains,True,True,True,True,True,True,False,0,True,False,False,multi_horizon_only
214355,-82.6306042015,30.1645557401,1281772.0785957994,877948.7602012139,MULTI_HORIZON_CANDIDATE_LEDGER,EPSG:4326-compatible longitude/latitude; CRS not embedded in Parquet,FL,Coastal Plains,Coastal Plains,True,True,True,False,True,False,False,0,False,False,False,neither
2145,-93.001429913,45.2603793658,235163.97099915214,2478396.5739034126,MULTI_HORIZON_CANDIDATE_LEDGER,EPSG:4326-compatible longitude/latitude; CRS not embedded in Parquet,MN,Upper Midwest,Upper Midwest,True,True,True,True,True,True,False,0,True,False,False,multi_horizon_only
214509,-82.0930544777,29.7713764186,1339309.4186969243,842181.5983982123,MULTI_HORIZON_CANDIDATE_LEDGER,EPSG:4326-compatible longitude/latitude; CRS not embedded in Parquet,FL,Coastal Plains,Coastal Plains,True,True,True,True,True,True,False,0,False,False,False,neither
2147,-93.8703986612,44.2330927379,169591.41500341374,2362207.6191045567,MULTI_HORIZON_CANDIDATE_LEDGER,EPSG:4326-compatible longitude/latitude; CRS not embedded in Parquet,MN,Upper Midwest,Upper Midwest,True,True,True,True,True,True,True,1,True,True,True,both
2154,-94.4289225713,45.155341094,123420.29099980918,2464023.7827966483,MULTI_HORIZON_CANDIDATE_LEDGER,EPSG:4326-compatible longitude/latitude; CRS not embedded in Parquet,MN,Upper Midwest,Upper Midwest,True,True,True,False,True,False,False,0,True,True,True,both
215550,-82.0752655423,29.7387983183,1341537.8496955722,838857.9442046192,MULTI_HORIZON_CANDIDATE_LEDGER,EPSG:4326-compatible longitude/latitude; CRS not embedded in Parquet,FL,Coastal Plains,Coastal Plains,True,True,True,True,True,True,False,0,False,False,False,neither
2161,-93.0424836975,48.4691562515,220894.07409635227,2833289.4739983054,MULTI_HORIZON_CANDIDATE_LEDGER,EPSG:4326-compatible longitude/latitude; CRS not embedded in Parquet,MN,Upper Midwest,Upper Midwest,True,True,True,False,True,False,False,0,False,False,False,neither
2164,-93.5216109358,44.8357356462,195610.8521992274,2429989.0195039446,MULTI_HORIZON_CANDIDATE_LEDGER,EPSG:4326-compatible longitude/latitude; CRS not embedded in Parquet,MN,Upper Midwest,Upper Midwest,True,True,True,True,True,True,False,0,True,False,False,multi_horizon_only
2165,-95.4954926865,46.6092982703,38777.610299751555,2624531.929799702,MULTI_HORIZON_CANDIDATE_LEDGER,EPSG:4326-compatible longitude/latitude; CRS not embedded in Parquet,MN,Upper Midwest,Upper Midwest,True,True,True,True,True,True,False,0,False,False,False,neither
216506,-82.1694216019,29.8594702225,1330589.9003024676,850776.8028012794,MULTI_HORIZON_CANDIDATE_LEDGER,EPSG:4326-compatible longitude/latitude; CRS not embedded in Parquet,FL,Coastal Plains,Coastal Plains,True,True,True,True,True,True,False,0,False,False,False,neither
216510,-82.1598664418,29.9201314218,1330526.0020961368,857569.382099241,MULTI_HORIZON_CANDIDATE_LEDGER,EPSG:4326-compatible longitude/latitude; CRS not embedded in Parquet,FL,Coastal Plains,Coastal Plains,True,True,True,True,True,True,True,2,True,False,False,multi_horizon_only
217122,-83.3149539163,30.2854285496,1214775.7461984518,882254.0131998882,MULTI_HORIZON_CANDIDATE_LEDGER,EPSG:4326-compatible longitude/latitude; CRS not embedded in Parquet,FL,Coastal Plains,Coastal Plains,True,True,True,False,True,False,False,0,True,False,False,multi_horizon_only
217540,-82.1875393133,29.9274973839,1327766.0721042585,857990.9832980018,MULTI_HORIZON_CANDIDATE_LEDGER,EPSG:4326-compatible longitude/latitude; CRS not embedded in Parquet,FL,Coastal Plains,Coastal Plains,True,True,True,True,True,True,False,0,False,False,False,neither
21775,-92.5244980075,46.7873526797,266355.7996971766,2649022.3065980244,MULTI_HORIZON_CANDIDATE_LEDGER,EPSG:4326-compatible longitude/latitude; CRS not embedded in Parquet,MN,Upper Midwest,Upper Midwest,True,True,True,True,True,True,True,1,True,True,True,both
2185,-93.3242747481,44.9675428277,210768.95850379163,2445076.1598950503,MULTI_HORIZON_CANDIDATE_LEDGER,EPSG:4326-compatible longitude/latitude; CRS not embedded in Parquet,MN,Upper Midwest,Upper Midwest,True,True,True,True,True,True,False,0,False,False,False,neither
2190,-94.9321807442,46.9913088723,81598.45619914417,2667187.3909992455,MULTI_HORIZON_CANDIDATE_LEDGER,EPSG:4326-compatible longitude/latitude; CRS not embedded in Parquet,MN,Upper Midwest,Upper Midwest,True,True,True,True,True,True,False,0,False,False,False,neither
2193,-93.4667364827,45.087455044,199194.23979886205,2458106.6033052215,MULTI_HORIZON_CANDIDATE_LEDGER,EPSG:4326-compatible longitude/latitude; CRS not embedded in Parquet,MN,Upper Midwest,Upper Midwest,True,True,True,True,True,True,True,2,False,False,False,neither
219480,-82.5344208271,29.1525856502,1306778.4177971545,768163.8436942399,MULTI_HORIZON_CANDIDATE_LEDGER,EPSG:4326-compatible longitude/latitude; CRS not embedded in Parquet,FL,Coastal Plains,Coastal Plains,True,True,True,False,True,False,False,0,True,False,False,multi_horizon_only
219561,-82.2977831325,30.1245411361,1314100.356998488,878097.4042955842,MULTI_HORIZON_CANDIDATE_LEDGER,EPSG:4326-compatible longitude/latitude; CRS not embedded in Parquet,FL,Coastal Plains,Coastal Plains,True,True,True,True,True,True,False,0,True,False,False,multi_horizon_only
2196,-95.4213850148,45.8983961672,44953.69849946203,2545718.2045947146,MULTI_HORIZON_CANDIDATE_LEDGER,EPSG:4326-compatible longitude/latitude; CRS not embedded in Parquet,MN,Upper Midwest,Upper Midwest,True,True,True,True,True,True,False,0,False,False,False,neither
220067,-83.4074544025,30.4662925099,1203315.6650958685,900987.1387978178,MULTI_HORIZON_CANDIDATE_LEDGER,EPSG:4326-compatible longitude/latitude; CRS not embedded in Parquet,FL,Coastal Plains,Coastal Plains,True,True,True,True,True,True,True,3,True,False,False,multi_horizon_only
2203,-93.0399094697,45.1238242686,232620.1975959267,2463120.722904793,MULTI_HORIZON_CANDIDATE_LEDGER,EPSG:4326-compatible longitude/latitude; CRS not embedded in Parquet,MN,Upper Midwest,Upper Midwest,True,True,True,True,True,True,False,0,False,True,False,direct_60_day_only
220580,-84.5669106585,30.4341178485,1093511.9236995988,883430.1552973073,MULTI_HORIZON_CANDIDATE_LEDGER,EPSG:4326-compatible longitude/latitude; CRS not embedded in Parquet,FL,Coastal Plains,Coastal Plains,True,True,True,True,True,True,False,0,False,False,False,neither
220725,-84.2145550913,30.5443344293,1125527.9130004097,899696.695298085,MULTI_HORIZON_CANDIDATE_LEDGER,EPSG:4326-compatible longitude/latitude; CRS not embedded in Parquet,FL,Coastal Plains,Coastal Plains,True,True,True,True,True,True,False,0,True,False,False,multi_horizon_only
220741,-84.1751718458,30.4383204276,1130731.3104963617,888477.7900023665,MULTI_HORIZON_CANDIDATE_LEDGER,EPSG:4326-compatible longitude/latitude; CRS not embedded in Parquet,FL,Coastal Plains,Coastal Plains,True,True,True,True,True,True,False,0,True,False,False,multi_horizon_only
220993,-84.4214614057,30.0241251126,1112887.239595114,839931.2836049274,MULTI_HORIZON_CANDIDATE_LEDGER,EPSG:4326-compatible longitude/latitude; CRS not embedded in Parquet,FL,Coastal Plains,Coastal Plains,True,True,True,True,True,True,False,0,True,False,False,multi_horizon_only
221,-93.4265689957,45.2384130835,201897.248300304,2474977.098694952,MULTI_HORIZON_CANDIDATE_LEDGER,EPSG:4326-compatible longitude/latitude; CRS not embedded in Parquet,MN,Upper Midwest,Upper Midwest,True,True,True,True,True,True,False,0,True,True,True,both
221007,-84.403598006,30.3925304637,1109617.0829982008,880737.8349979222,MULTI_HORIZON_CANDIDATE_LEDGER,EPSG:4326-compatible longitude/latitude; CRS not embedded in Parquet,FL,Coastal Plains,Coastal Plains,True,True,True,True,True,True,False,0,True,True,True,both
221063,-84.248342813,30.5221350799,1122621.8318032792,896849.5724948961,MULTI_HORIZON_CANDIDATE_LEDGER,EPSG:4326-compatible longitude/latitude; CRS not embedded in Parquet,FL,Coastal Plains,Coastal Plains,True,True,True,True,True,True,False,0,True,False,False,multi_horizon_only
221065,-84.2356228988,30.5925914521,1122864.149403027,904768.1523013171,MULTI_HORIZON_CANDIDATE_LEDGER,EPSG:4326-compatible longitude/latitude; CRS not embedded in Parquet,FL,Coastal Plains,Coastal Plains,True,True,True,False,True,False,False,0,True,False,False,multi_horizon_only
221080,-84.2173341452,30.5671561773,1124950.2959953935,902179.9517048653,MULTI_HORIZON_CANDIDATE_LEDGER,EPSG:4326-compatible longitude/latitude; CRS not embedded in Parquet,FL,Coastal Plains,Coastal Plains,True,True,True,False,True,False,False,0,True,False,False,multi_horizon_only
221089,-84.1850700712,30.44037485,1129761.393299438,888586.5077952072,MULTI_HORIZON_CANDIDATE_LEDGER,EPSG:4326-compatible longitude/latitude; CRS not embedded in Parquet,FL,Coastal Plains,Coastal Plains,True,True,True,True,True,True,False,0,True,True,True,both
221287,-83.9780270498,30.5709946804,1147623.5529009136,905464.4370961078,MULTI_HORIZON_CANDIDATE_LEDGER,EPSG:4326-compatible longitude/latitude; CRS not embedded in Parquet,FL,Coastal Plains,Coastal Plains,True,True,True,False,True,False,False,0,True,False,False,multi_horizon_only
221339,-84.4671675729,30.5924904179,1100875.1629976293,902047.981899308,MULTI_HORIZON_CANDIDATE_LEDGER,EPSG:4326-compatible longitude/latitude; CRS not embedded in Parquet,FL,Coastal Plains,Coastal Plains,True,True,True,True,True,True,True,3,True,False,False,multi_horizon_only
221406,-84.2719409492,30.3931167177,1122143.1894035852,882348.3768046331,MULTI_HORIZON_CANDIDATE_LEDGER,EPSG:4326-compatible longitude/latitude; CRS not embedded in Parquet,FL,Coastal Plains,Coastal Plains,True,True,True,True,True,True,False,0,True,False,False,multi_horizon_only
221415,-84.2563065687,30.5311946216,1121740.8790979253,897754.3599991184,MULTI_HORIZON_CANDIDATE_LEDGER,EPSG:4326-compatible longitude/latitude; CRS not embedded in Parquet,FL,Coastal Plains,Coastal Plains,True,True,True,True,True,True,False,0,True,False,False,multi_horizon_only
221426,-84.2269823017,30.5894110028,1123728.3067002303,904519.597904589,MULTI_HORIZON_CANDIDATE_LEDGER,EPSG:4326-compatible longitude/latitude; CRS not embedded in Parquet,FL,Coastal Plains,Coastal Plains,True,True,True,True,True,True,True,2,True,False,False,multi_horizon_only
22162,-94.7660854505,47.513736929,93540.14859741315,2725099.332894912,MULTI_HORIZON_CANDIDATE_LEDGER,EPSG:4326-compatible longitude/latitude; CRS not embedded in Parquet,MN,Upper Midwest,Upper Midwest,True,True,True,True,True,True,False,0,False,False,False,neither
22163,-94.9431237171,47.622972027,79985.7248983008,2737001.5359979365,MULTI_HORIZON_CANDIDATE_LEDGER,EPSG:4326-compatible longitude/latitude; CRS not embedded in Parquet,MN,Upper Midwest,Upper Midwest,True,True,True,True,True,True,False,0,False,False,False,neither
221704,-84.3396318447,30.4053766055,1115532.4818002116,882902.8381990958,MULTI_HORIZON_CANDIDATE_LEDGER,EPSG:4326-compatible longitude/latitude; CRS not embedded in Parquet,FL,Coastal Plains,Coastal Plains,True,True,True,True,True,True,False,0,True,True,True,both
221721,-84.3028459514,30.3262869681,1120112.3997968866,874618.0135027207,MULTI_HORIZON_CANDIDATE_LEDGER,EPSG:4326-compatible longitude/latitude; CRS not embedded in Parquet,FL,Coastal Plains,Coastal Plains,True,True,True,True,True,True,False,0,True,False,False,multi_horizon_only
22173,-93.9633381904,46.8037527824,156069.78289970162,2647639.7010037303,MULTI_HORIZON_CANDIDATE_LEDGER,EPSG:4326-compatible longitude/latitude; CRS not embedded in Parquet,MN,Upper Midwest,Upper Midwest,True,True,True,False,True,False,False,0,False,False,False,neither
22182,-95.0057536424,47.4911537052,75398.31230353855,2722391.6469961153,MULTI_HORIZON_CANDIDATE_LEDGER,EPSG:4326-compatible longitude/latitude; CRS not embedded in Parquet,MN,Upper Midwest,Upper Midwest,True,True,True,False,True,False,False,0,False,False,False,neither
221947,-84.2397955587,30.6312152488,1121938.1669998886,908977.877897473,MULTI_HORIZON_CANDIDATE_LEDGER,EPSG:4326-compatible longitude/latitude; CRS not embedded in Parquet,FL,Coastal Plains,Coastal Plains,True,True,True,True,True,True,False,0,False,False,False,neither
22196,-95.5525226797,46.4191808977,34493.398303324,2603439.9354968173,MULTI_HORIZON_CANDIDATE_LEDGER,EPSG:4326-compatible longitude/latitude; CRS not embedded in Parquet,MN,Upper Midwest,Upper Midwest,True,True,True,False,True,False,False,0,False,False,False,neither
222,-96.022279386,45.3364717586,-1745.5753971873082,2483147.7429000894,MULTI_HORIZON_CANDIDATE_LEDGER,EPSG:4326-compatible longitude/latitude; CRS not embedded in Parquet,MN,Temporate Plains,Temperate Plains,True,True,True,False,True,False,False,0,True,True,True,both
2220,-92.9814459471,44.9063533818,237981.5554966682,2439078.58570355,MULTI_HORIZON_CANDIDATE_LEDGER,EPSG:4326-compatible longitude/latitude; CRS not embedded in Parquet,MN,Upper Midwest,Upper Midwest,True,True,True,True,True,True,False,0,True,False,False,multi_horizon_only
222090,-84.2371196727,30.5651565332,1123098.3675041713,901725.459904762,MULTI_HORIZON_CANDIDATE_LEDGER,EPSG:4326-compatible longitude/latitude; CRS not embedded in Parquet,FL,Coastal Plains,Coastal Plains,True,True,True,True,True,True,False,0,True,False,False,multi_horizon_only
222098,-84.2318977333,30.6063635199,1123028.8677996031,906330.7547958251,MULTI_HORIZON_CANDIDATE_LEDGER,EPSG:4326-compatible longitude/latitude; CRS not embedded in Parquet,FL,Coastal Plains,Coastal Plains,True,True,True,True,True,True,False,0,True,False,False,multi_horizon_only
222104,-84.2154390231,30.5075813967,1125948.9710977555,895634.3601010349,MULTI_HORIZON_CANDIDATE_LEDGER,EPSG:4326-compatible longitude/latitude; CRS not embedded in Parquet,FL,Coastal Plains,Coastal Plains,True,True,True,True,True,True,False,0,True,False,False,multi_horizon_only
222105,-84.2192007489,30.5328896777,1125243.7434003612,898379.9095013905,MULTI_HORIZON_CANDIDATE_LEDGER,EPSG:4326-compatible longitude/latitude; CRS not embedded in Parquet,FL,Coastal Plains,Coastal Plains,True,True,True,True,True,True,False,0,True,True,True,both
222106,-84.207525633,30.5312876428,1126375.1954972218,898341.5991949178,MULTI_HORIZON_CANDIDATE_LEDGER,EPSG:4326-compatible longitude/latitude; CRS not embedded in Parquet,FL,Coastal Plains,Coastal Plains,True,True,True,True,True,True,False,0,True,False,False,multi_horizon_only
222115,-84.1933953696,30.5308491863,1127723.9573965676,898460.8399978243,MULTI_HORIZON_CANDIDATE_LEDGER,EPSG:4326-compatible longitude/latitude; CRS not embedded in Parquet,FL,Coastal Plains,Coastal Plains,True,True,True,True,True,True,False,0,True,False,False,multi_horizon_only
22229,-95.8033138704,46.3046110577,15187.71509635462,2590671.1569977608,MULTI_HORIZON_CANDIDATE_LEDGER,EPSG:4326-compatible longitude/latitude; CRS not embedded in Parquet,MN,Upper Midwest,Upper Midwest,True,True,True,True,True,True,False,0,False,False,False,neither
222401,-84.3492369558,30.4127957365,1114517.4102020843,883608.0029023644,MULTI_HORIZON_CANDIDATE_LEDGER,EPSG:4326-compatible longitude/latitude; CRS not embedded in Parquet,FL,Coastal Plains,Coastal Plains,True,True,True,True,True,True,False,0,True,False,False,multi_horizon_only
222429,-84.2480849539,30.4158433825,1124102.744195382,885135.3276043348,MULTI_HORIZON_CANDIDATE_LEDGER,EPSG:4326-compatible longitude/latitude; CRS not embedded in Parquet,FL,Coastal Plains,Coastal Plains,True,True,True,False,True,False,False,0,True,False,False,multi_horizon_only
222430,-84.237476587,30.6002799,1122582.656600664,905594.0213960465,MULTI_HORIZON_CANDIDATE_LEDGER,EPSG:4326-compatible longitude/latitude; CRS not embedded in Parquet,FL,Coastal Plains,Coastal Plains,True,True,True,True,True,True,False,0,True,False,False,multi_horizon_only
222467,-84.1563299597,30.3611770152,1133588.7758011082,880200.3706971481,MULTI_HORIZON_CANDIDATE_LEDGER,EPSG:4326-compatible longitude/latitude; CRS not embedded in Parquet,FL,Coastal Plains,Coastal Plains,True,True,True,False,True,False,False,0,True,False,False,multi_horizon_only
22249,-92.8422224307,45.0967071549,248250.21630130292,2460605.6839019023,MULTI_HORIZON_CANDIDATE_LEDGER,EPSG:4326-compatible longitude/latitude; CRS not embedded in Parquet,MN,Upper Midwest,Upper Midwest,True,True,True,False,True,False,False,0,True,True,True,both
222638,-84.1996999122,30.449585339,1128242.9551992344,889427.915796632,MULTI_HORIZON_CANDIDATE_LEDGER,EPSG:4326-compatible longitude/latitude; CRS not embedded in Parquet,FL,Coastal Plains,Coastal Plains,True,True,True,True,True,True,False,0,True,False,False,multi_horizon_only
222764,-84.3086627686,30.3689921633,1118976.206101173,879256.3137950171,MULTI_HORIZON_CANDIDATE_LEDGER,EPSG:4326-compatible longitude/latitude; CRS not embedded in Parquet,FL,Coastal Plains,Coastal Plains,True,True,True,True,True,True,False,0,True,False,False,multi_horizon_only
222849,-84.1397656337,30.3727434503,1135006.055998771,881672.6833038647,MULTI_HORIZON_CANDIDATE_LEDGER,EPSG:4326-compatible longitude/latitude; CRS not embedded in Parquet,FL,Coastal Plains,Coastal Plains,True,True,True,True,True,True,True,1,True,False,False,multi_horizon_only
2230,-94.1001586371,46.532925262,146186.37459667696,2617427.4869053327,MULTI_HORIZON_CANDIDATE_LEDGER,EPSG:4326-compatible longitude/latitude; CRS not embedded in Parquet,MN,Upper Midwest,Upper Midwest,True,True,True,True,True,True,False,0,False,False,False,neither
223042,-84.3399060722,30.5365665761,1113722.7848018135,897363.4146988336,MULTI_HORIZON_CANDIDATE_LEDGER,EPSG:4326-compatible longitude/latitude; CRS not embedded in Parquet,FL,Coastal Plains,Coastal Plains,True,True,True,True,True,True,False,0,True,False,False,multi_horizon_only
223043,-84.2914806486,30.5752441052,1117796.6890982508,902196.8280052897,MULTI_HORIZON_CANDIDATE_LEDGER,EPSG:4326-compatible longitude/latitude; CRS not embedded in Parquet,FL,Coastal Plains,Coastal Plains,True,True,True,True,True,True,False,0,True,True,True,both
223123,-84.3867662344,30.333660871,1112016.6111010646,874445.1959015261,MULTI_HORIZON_CANDIDATE_LEDGER,EPSG:4326-compatible longitude/latitude; CRS not embedded in Parquet,FL,Coastal Plains,Coastal Plains,True,True,True,False,True,False,False,0,True,False,False,multi_horizon_only
223145,-84.3586216917,30.4222966492,1113495.2101033467,884545.374798743,MULTI_HORIZON_CANDIDATE_LEDGER,EPSG:4326-compatible longitude/latitude; CRS not embedded in Parquet,FL,Coastal Plains,Coastal Plains,True,True,True,True,True,True,False,0,False,False,False,neither
223190,-84.2140191915,30.4420434435,1126984.531604085,888426.6999014635,MULTI_HORIZON_CANDIDATE_LEDGER,EPSG:4326-compatible longitude/latitude; CRS not embedded in Parquet,FL,Coastal Plains,Coastal Plains,True,True,True,True,True,True,True,2,True,False,False,multi_horizon_only
223192,-84.2200941048,30.5838763066,1124458.446504047,903990.8127970658,MULTI_HORIZON_CANDIDATE_LEDGER,EPSG:4326-compatible longitude/latitude; CRS not embedded in Parquet,FL,Coastal Plains,Coastal Plains,True,True,True,True,True,True,False,0,True,False,False,multi_horizon_only
2232,-93.8997069292,46.3574131222,162038.0117030228,2598301.2092047827,MULTI_HORIZON_CANDIDATE_LEDGER,EPSG:4326-compatible longitude/latitude; CRS not embedded in Parquet,MN,Upper Midwest,Upper Midwest,True,True,True,True,True,True,False,0,False,False,False,neither
223605,-84.9707124533,30.6635853836,1052115.0456994495,904188.7309037372,MULTI_HORIZON_CANDIDATE_LEDGER,EPSG:4326-compatible longitude/latitude; CRS not embedded in Parquet,FL,Coastal Plains,Coastal Plains,True,True,True,False,True,False,False,0,True,False,False,multi_horizon_only
2237,-95.2919843446,45.7116199148,55161.443698890296,2525044.888598319,MULTI_HORIZON_CANDIDATE_LEDGER,EPSG:4326-compatible longitude/latitude; CRS not embedded in Parquet,MN,Upper Midwest,Upper Midwest,True,True,True,True,True,True,False,0,True,True,True,both
22456,-95.9682226017,46.7383715349,2437.715499200421,2638727.3376044687,MULTI_HORIZON_CANDIDATE_LEDGER,EPSG:4326-compatible longitude/latitude; CRS not embedded in Parquet,MN,Upper Midwest,Upper Midwest,True,True,True,True,True,True,False,0,False,False,False,neither
225407,-85.0817551345,31.6486011487,1029008.068802581,1011817.5435972679,MULTI_HORIZON_CANDIDATE_LEDGER,EPSG:4326-compatible longitude/latitude; CRS not embedded in Parquet,GA,Coastal Plains,Coastal Plains,True,True,True,False,True,False,False,0,False,False,False,neither
225408,-84.1161655302,31.6094388987,1120100.0860031077,1018406.5342985783,MULTI_HORIZON_CANDIDATE_LEDGER,EPSG:4326-compatible longitude/latitude; CRS not embedded in Parquet,GA,Coastal Plains,Coastal Plains,True,True,True,True,True,True,False,0,True,False,False,multi_horizon_only
225409,-83.9539292646,32.0173282093,1129566.8246976354,1065398.2299015746,MULTI_HORIZON_CANDIDATE_LEDGER,EPSG:4326-compatible longitude/latitude; CRS not embedded in Parquet,GA,Coastal Plains,Coastal Plains,True,True,True,False,True,False,False,0,True,False,False,multi_horizon_only
2255,-95.8102038074,46.521154402,14607.74419803151,2614676.3063029684,MULTI_HORIZON_CANDIDATE_LEDGER,EPSG:4326-compatible longitude/latitude; CRS not embedded in Parquet,MN,Upper Midwest,Upper Midwest,True,True,True,True,True,True,False,0,False,False,False,neither
22594,-94.0521246115,38.006135254,169402.79620087397,1665248.5842033578,MULTI_HORIZON_CANDIDATE_LEDGER,EPSG:4326-compatible longitude/latitude; CRS not embedded in Parquet,MO,Temporate Plains,Temperate Plains,True,True,True,True,True,True,False,0,True,True,True,both
2260,-90.7393444735,47.7809408088,396973.0653031996,2764985.9164000126,MULTI_HORIZON_CANDIDATE_LEDGER,EPSG:4326-compatible longitude/latitude; CRS not embedded in Parquet,MN,Upper Midwest,Upper Midwest,True,True,True,False,True,False,False,0,False,False,False,neither
2261,-94.0301386439,45.020312024,155055.19139835227,2449587.98919472,MULTI_HORIZON_CANDIDATE_LEDGER,EPSG:4326-compatible longitude/latitude; CRS not embedded in Parquet,MN,Upper Midwest,Upper Midwest,True,True,True,False,True,False,False,0,True,True,True,both
226442,-85.2065027482,32.9546459713,1000801.8066996452,1155127.2966958247,MULTI_HORIZON_CANDIDATE_LEDGER,EPSG:4326-compatible longitude/latitude; CRS not embedded in Parquet,AL,Southern Appalachians,Southern Appalachians,True,True,True,False,True,False,False,0,False,False,False,neither
2269,-93.3451946052,44.3277257055,211111.7822977458,2373803.5478051743,MULTI_HORIZON_CANDIDATE_LEDGER,EPSG:4326-compatible longitude/latitude; CRS not embedded in Parquet,MN,Upper Midwest,Upper Midwest,True,True,True,False,True,False,False,0,True,False,False,multi_horizon_only
2270,-93.5524000794,44.9071993916,192976.4573019146,2437878.1202977207,MULTI_HORIZON_CANDIDATE_LEDGER,EPSG:4326-compatible longitude/latitude; CRS not embedded in Parquet,MN,Upper Midwest,Upper Midwest,True,True,True,False,True,False,False,0,False,False,False,neither
2274,-93.182980692,47.3001313426,214225.92829666802,2704062.0294967527,MULTI_HORIZON_CANDIDATE_LEDGER,EPSG:4326-compatible longitude/latitude; CRS not embedded in Parquet,MN,Upper Midwest,Upper Midwest,True,True,True,False,True,False,False,0,False,False,False,neither
227455,-85.1657030463,30.7795629972,1032129.3466988633,914855.5749964733,MULTI_HORIZON_CANDIDATE_LEDGER,EPSG:4326-compatible longitude/latitude; CRS not embedded in Parquet,FL,Coastal Plains,Coastal Plains,True,True,True,False,True,False,False,0,True,False,False,multi_horizon_only
227456,-85.0847091678,32.613039894,1016413.1417968501,1118557.1161019802,MULTI_HORIZON_CANDIDATE_LEDGER,EPSG:4326-compatible longitude/latitude; CRS not embedded in Parquet,AL,Southern Appalachians,Southern Appalachians,True,True,True,False,True,False,False,0,False,False,False,neither
227457,-85.1011132276,32.6609843344,1014280.3798976301,1123694.3207952809,MULTI_HORIZON_CANDIDATE_LEDGER,EPSG:4326-compatible longitude/latitude; CRS not embedded in Parquet,AL,Southern Appalachians,Southern Appalachians,True,True,True,False,True,False,False,0,False,False,False,neither
228,-93.019997637,45.2644424787,233694.10259692473,2478802.3974992028,MULTI_HORIZON_CANDIDATE_LEDGER,EPSG:4326-compatible longitude/latitude; CRS not embedded in Parquet,MN,Upper Midwest,Upper Midwest,True,True,True,False,True,False,False,0,True,False,False,multi_horizon_only
2282,-94.0791656315,43.8192133687,153901.3547981037,2315710.8308966057,MULTI_HORIZON_CANDIDATE_LEDGER,EPSG:4326-compatible longitude/latitude; CRS not embedded in Parquet,MN,Temporate Plains,Temperate Plains,True,True,True,False,True,False,False,0,True,True,True,both
2283,-94.2667481609,47.878790817,130655.15670259793,2765984.338995234,MULTI_HORIZON_CANDIDATE_LEDGER,EPSG:4326-compatible longitude/latitude; CRS not embedded in Parquet,MN,Upper Midwest,Upper Midwest,True,True,True,True,True,True,False,0,False,True,False,direct_60_day_only
228443,-85.0389294895,32.5573330086,1021372.1951002425,1112876.1089985613,MULTI_HORIZON_CANDIDATE_LEDGER,EPSG:4326-compatible longitude/latitude; CRS not embedded in Parquet,GA,Southern Appalachians,Southern Appalachians,True,True,True,False,True,False,False,0,False,False,False,neither
2286,-94.9052171917,45.2523349812,85881.40230171217,2474286.287297519,MULTI_HORIZON_CANDIDATE_LEDGER,EPSG:4326-compatible longitude/latitude; CRS not embedded in Parquet,MN,Upper Midwest,Upper Midwest,True,True,True,False,True,False,False,0,False,False,False,neither
2287,-94.3331648967,44.9995195796,131246.10329707706,2446818.2649991177,MULTI_HORIZON_CANDIDATE_LEDGER,EPSG:4326-compatible longitude/latitude; CRS not embedded in Parquet,MN,Upper Midwest,Upper Midwest,True,True,True,True,True,True,False,0,True,True,True,both
229464,-84.8882096125,30.7312846282,1059071.7160033234,912578.1684952546,MULTI_HORIZON_CANDIDATE_LEDGER,EPSG:4326-compatible longitude/latitude; CRS not embedded in Parquet,FL,Coastal Plains,Coastal Plains,True,True,True,False,True,False,False,0,False,False,False,neither
229465,-84.8152286407,30.7633492175,1065577.0468985375,916933.4807038177,MULTI_HORIZON_CANDIDATE_LEDGER,EPSG:4326-compatible longitude/latitude; CRS not embedded in Parquet,GA,Coastal Plains,Coastal Plains,True,True,True,True,True,True,False,0,True,False,False,multi_horizon_only
230302,-84.1470797986,31.6132209581,1117149.0498967243,1018460.4591956921,MULTI_HORIZON_CANDIDATE_LEDGER,EPSG:4326-compatible longitude/latitude; CRS not embedded in Parquet,GA,Coastal Plains,Coastal Plains,True,True,True,True,True,True,False,0,True,False,False,multi_horizon_only
230494,-85.1475243778,29.8013404128,1046231.108902787,807137.1767971218,MULTI_HORIZON_CANDIDATE_LEDGER,EPSG:4326-compatible longitude/latitude; CRS not embedded in Parquet,FL,Coastal Plains,Coastal Plains,True,True,True,False,True,False,False,0,False,False,False,neither
230497,-83.9155711263,34.2465979763,1101588.5544010664,1312673.6372011974,MULTI_HORIZON_CANDIDATE_LEDGER,EPSG:4326-compatible longitude/latitude; CRS not embedded in Parquet,GA,Southern Appalachians,Southern Appalachians,True,True,True,True,True,True,False,0,False,False,False,neither
23185,-93.4661491975,45.0525207289,199344.02810224728,2454222.435799896,MULTI_HORIZON_CANDIDATE_LEDGER,EPSG:4326-compatible longitude/latitude; CRS not embedded in Parquet,MN,Upper Midwest,Upper Midwest,True,True,True,False,True,False,False,0,False,False,False,neither
2319,-92.9423148363,45.1334818701,240252.55509759678,2464437.3444994073,MULTI_HORIZON_CANDIDATE_LEDGER,EPSG:4326-compatible longitude/latitude; CRS not embedded in Parquet,MN,Upper Midwest,Upper Midwest,True,True,True,True,True,True,False,0,True,True,True,both
232125,-86.7587854657,30.9405253838,879147.060497708,916631.4982972462,MULTI_HORIZON_CANDIDATE_LEDGER,EPSG:4326-compatible longitude/latitude; CRS not embedded in Parquet,FL,Coastal Plains,Coastal Plains,True,True,True,True,True,True,False,0,False,False,False,neither
2322,-94.6339423545,47.7326070754,103209.54360249167,2749402.758495424,MULTI_HORIZON_CANDIDATE_LEDGER,EPSG:4326-compatible longitude/latitude; CRS not embedded in Parquet,MN,Upper Midwest,Upper Midwest,True,True,True,False,True,False,False,0,False,False,False,neither
232429,-86.1849042246,30.3348873245,940492.2901006389,855162.0391947813,MULTI_HORIZON_CANDIDATE_LEDGER,EPSG:4326-compatible longitude/latitude; CRS not embedded in Parquet,FL,Coastal Plains,Coastal Plains,True,True,True,True,True,True,False,0,True,False,False,multi_horizon_only
23249,-94.7606806733,47.4953047141,93976.40250138291,2723068.596500368,MULTI_HORIZON_CANDIDATE_LEDGER,EPSG:4326-compatible longitude/latitude; CRS not embedded in Parquet,MN,Upper Midwest,Upper Midwest,True,True,True,True,True,True,False,0,False,False,False,neither
232780,-87.2901522488,30.9652763602,828490.4598968728,914597.4429978225,MULTI_HORIZON_CANDIDATE_LEDGER,EPSG:4326-compatible longitude/latitude; CRS not embedded in Parquet,FL,Coastal Plains,Coastal Plains,True,True,True,True,True,True,False,0,True,False,False,multi_horizon_only
23286,-93.4600898449,44.6515134708,201013.50949797098,2409612.609102182,MULTI_HORIZON_CANDIDATE_LEDGER,EPSG:4326-compatible longitude/latitude; CRS not embedded in Parquet,MN,Upper Midwest,Upper Midwest,True,True,True,True,True,True,True,1,True,True,True,both
2329,-93.4414496297,44.7156782757,202296.03049824125,2416794.8841976374,MULTI_HORIZON_CANDIDATE_LEDGER,EPSG:4326-compatible longitude/latitude; CRS not embedded in Parquet,MN,Upper Midwest,Upper Midwest,True,True,True,True,True,True,True,1,True,True,True,both
233011,-86.2887691437,30.3650170314,930233.3651007973,857468.223805029,MULTI_HORIZON_CANDIDATE_LEDGER,EPSG:4326-compatible longitude/latitude; CRS not embedded in Parquet,FL,Coastal Plains,Coastal Plains,True,True,True,True,True,True,False,0,True,False,False,multi_horizon_only
233071,-86.1302774919,30.7704178779,940691.3995005229,903833.0241032355,MULTI_HORIZON_CANDIDATE_LEDGER,EPSG:4326-compatible longitude/latitude; CRS not embedded in Parquet,FL,Coastal Plains,Coastal Plains,True,True,True,False,True,False,False,0,True,False,False,multi_horizon_only
233096,-86.060754701,30.7525409925,947501.0254018668,902547.3908995632,MULTI_HORIZON_CANDIDATE_LEDGER,EPSG:4326-compatible longitude/latitude; CRS not embedded in Parquet,FL,Coastal Plains,Coastal Plains,True,True,True,True,True,True,False,0,True,False,False,multi_horizon_only
233118,-86.0302907369,30.8165613244,949649.2881010426,909928.8952011205,MULTI_HORIZON_CANDIDATE_LEDGER,EPSG:4326-compatible longitude/latitude; CRS not embedded in Parquet,FL,Coastal Plains,Coastal Plains,True,True,True,True,True,True,False,0,False,False,False,neither
233339,-86.4341511208,31.4492946028,904240.2866049025,976001.5832976904,MULTI_HORIZON_CANDIDATE_LEDGER,EPSG:4326-compatible longitude/latitude; CRS not embedded in Parquet,AL,Coastal Plains,Coastal Plains,True,True,True,False,True,False,False,0,False,False,False,neither
233495,-86.8294856892,30.8632356418,873270.0573013556,907426.4184015505,MULTI_HORIZON_CANDIDATE_LEDGER,EPSG:4326-compatible longitude/latitude; CRS not embedded in Parquet,FL,Coastal Plains,Coastal Plains,True,True,True,True,True,True,False,0,True,False,False,multi_horizon_only
233838,-85.7030171566,30.4533732006,985067.4946036463,873130.4152992554,MULTI_HORIZON_CANDIDATE_LEDGER,EPSG:4326-compatible longitude/latitude; CRS not embedded in Parquet,FL,Coastal Plains,Coastal Plains,True,True,True,True,True,True,False,0,True,False,False,multi_horizon_only
233944,-86.2715089473,31.3145403432,921093.78000338,962643.7858032081,MULTI_HORIZON_CANDIDATE_LEDGER,EPSG:4326-compatible longitude/latitude; CRS not embedded in Parquet,AL,Coastal Plains,Coastal Plains,True,True,True,False,True,False,False,0,True,False,False,multi_horizon_only
234129,-86.6438150785,30.8962106307,890533.7488039968,912798.2089959122,MULTI_HORIZON_CANDIDATE_LEDGER,EPSG:4326-compatible longitude/latitude; CRS not embedded in Parquet,FL,Coastal Plains,Coastal Plains,True,True,True,True,True,True,False,0,False,False,False,neither
2344,-93.3452790849,45.4743551059,207540.4740984524,2501374.763101806,MULTI_HORIZON_CANDIDATE_LEDGER,EPSG:4326-compatible longitude/latitude; CRS not embedded in Parquet,MN,Upper Midwest,Upper Midwest,True,True,True,False,True,False,False,0,True,True,True,both
234508,-86.5136811551,31.3665750054,897665.0350990972,966087.3993978109,MULTI_HORIZON_CANDIDATE_LEDGER,EPSG:4326-compatible longitude/latitude; CRS not embedded in Parquet,AL,Coastal Plains,Coastal Plains,True,True,True,False,True,False,False,0,True,False,False,multi_horizon_only
2347,-93.0698620879,45.0208705528,230620.22490087416,2451598.6910994574,MULTI_HORIZON_CANDIDATE_LEDGER,EPSG:4326-compatible longitude/latitude; CRS not embedded in Parquet,MN,Upper Midwest,Upper Midwest,True,True,True,True,True,True,False,0,True,False,False,multi_horizon_only
234759,-86.3174705914,30.3734743174,927398.0696966026,858122.1023010015,MULTI_HORIZON_CANDIDATE_LEDGER,EPSG:4326-compatible longitude/latitude; CRS not embedded in Parquet,FL,Coastal Plains,Coastal Plains,True,True,True,True,True,True,False,0,True,False,False,multi_horizon_only
234763,-86.3053604628,30.3690423628,928604.0868006176,857750.6914052945,MULTI_HORIZON_CANDIDATE_LEDGER,EPSG:4326-compatible longitude/latitude; CRS not embedded in Parquet,FL,Coastal Plains,Coastal Plains,True,True,True,True,True,True,False,0,True,False,False,multi_horizon_only
234778,-86.2625778253,30.3564694208,932830.5404042428,856780.6267985031,MULTI_HORIZON_CANDIDATE_LEDGER,EPSG:4326-compatible longitude/latitude; CRS not embedded in Parquet,FL,Coastal Plains,Coastal Plains,True,True,True,True,True,True,False,0,True,False,False,multi_horizon_only
234801,-86.1517924148,30.3275392149,943738.1630956973,854678.6312963888,MULTI_HORIZON_CANDIDATE_LEDGER,EPSG:4326-compatible longitude/latitude; CRS not embedded in Parquet,FL,Coastal Plains,Coastal Plains,True,True,True,True,True,True,False,0,True,True,True,both
234830,-86.0934831118,30.3095830054,949513.1436015451,853276.1831949856,MULTI_HORIZON_CANDIDATE_LEDGER,EPSG:4326-compatible longitude/latitude; CRS not embedded in Parquet,FL,Coastal Plains,Coastal Plains,True,True,True,True,True,True,False,0,True,True,True,both
2351,-95.1029458674,46.7496082162,68802.26719741749,2640296.1162955165,MULTI_HORIZON_CANDIDATE_LEDGER,EPSG:4326-compatible longitude/latitude; CRS not embedded in Parquet,MN,Upper Midwest,Upper Midwest,True,True,True,True,True,True,False,0,False,False,False,neither
235369,-86.2441954214,30.3525409072,934630.072603984,856527.2388046049,MULTI_HORIZON_CANDIDATE_LEDGER,EPSG:4326-compatible longitude/latitude; CRS not embedded in Parquet,FL,Coastal Plains,Coastal Plains,True,True,True,True,True,True,False,0,True,True,True,both
235370,-86.251848521,30.3545570859,933876.5333031844,856674.7373041138,MULTI_HORIZON_CANDIDATE_LEDGER,EPSG:4326-compatible longitude/latitude; CRS not embedded in Parquet,FL,Coastal Plains,Coastal Plains,True,True,True,True,True,True,False,0,True,False,False,multi_horizon_only
235399,-86.1376864763,30.7388510715,940351.2537030064,900269.8738960437,MULTI_HORIZON_CANDIDATE_LEDGER,EPSG:4326-compatible longitude/latitude; CRS not embedded in Parquet,FL,Coastal Plains,Coastal Plains,True,True,True,True,True,True,False,0,True,False,False,multi_horizon_only
2357,-93.0521302097,46.155448045,228105.49419820818,2577648.2971008793,MULTI_HORIZON_CANDIDATE_LEDGER,EPSG:4326-compatible longitude/latitude; CRS not embedded in Parquet,MN,Upper Midwest,Upper Midwest,True,True,True,False,True,False,False,0,False,False,False,neither
235932,-86.2130924771,30.3461674483,937672.0515019702,856129.5488036126,MULTI_HORIZON_CANDIDATE_LEDGER,EPSG:4326-compatible longitude/latitude; CRS not embedded in Parquet,FL,Coastal Plains,Coastal Plains,True,True,True,True,True,True,False,0,True,True,True,both
236,-93.151921116,45.0755493099,223981.3249008489,2457483.4656948578,MULTI_HORIZON_CANDIDATE_LEDGER,EPSG:4326-compatible longitude/latitude; CRS not embedded in Parquet,MN,Upper Midwest,Upper Midwest,True,True,True,True,True,True,False,0,False,False,False,neither
2361,-96.0599238337,47.6038759785,-4536.533902915032,2734449.426502943,MULTI_HORIZON_CANDIDATE_LEDGER,EPSG:4326-compatible longitude/latitude; CRS not embedded in Parquet,MN,Temporate Plains,Temperate Plains,True,True,True,False,True,False,False,0,False,False,False,neither
236196,-86.3930535467,32.7603976395,893367.2506033035,1121752.74460195,MULTI_HORIZON_CANDIDATE_LEDGER,EPSG:4326-compatible longitude/latitude; CRS not embedded in Parquet,AL,Southern Appalachians,Southern Appalachians,True,True,True,False,True,False,False,0,False,False,False,neither
236199,-86.1962580509,33.5393140102,902649.5724029006,1210107.1192978714,MULTI_HORIZON_CANDIDATE_LEDGER,EPSG:4326-compatible longitude/latitude; CRS not embedded in Parquet,AL,Southern Appalachians,Southern Appalachians,True,True,True,False,True,False,False,0,False,False,False,neither
2362,-94.0700218452,46.7028376716,148122.7005994561,2636295.403903925,MULTI_HORIZON_CANDIDATE_LEDGER,EPSG:4326-compatible longitude/latitude; CRS not embedded in Parquet,MN,Upper Midwest,Upper Midwest,True,True,True,True,True,True,False,0,False,False,False,neither
236201,-86.0620449995,33.7934222062,911999.0179998893,1239621.753900392,MULTI_HORIZON_CANDIDATE_LEDGER,EPSG:4326-compatible longitude/latitude; CRS not embedded in Parquet,AL,Southern Appalachians,Southern Appalachians,True,True,True,False,True,False,False,0,False,False,False,neither
236203,-84.6212679939,34.6071465164,1032760.6094964164,1344757.5567987524,MULTI_HORIZON_CANDIDATE_LEDGER,EPSG:4326-compatible longitude/latitude; CRS not embedded in Parquet,GA,Southern Appalachians,Southern Appalachians,True,True,True,False,True,False,False,0,False,False,False,neither
237209,-86.529099909,32.3385940929,885438.5189011662,1073675.7149978075,MULTI_HORIZON_CANDIDATE_LEDGER,EPSG:4326-compatible longitude/latitude; CRS not embedded in Parquet,AL,Coastal Plains,Coastal Plains,True,True,True,False,True,False,False,0,False,False,False,neither
237212,-85.5983218935,33.3288710379,960056.160995984,1192598.78640127,MULTI_HORIZON_CANDIDATE_LEDGER,EPSG:4326-compatible longitude/latitude; CRS not embedded in Parquet,AL,Southern Appalachians,Southern Appalachians,True,True,True,False,True,False,False,0,False,False,False,neither
237213,-85.5349151352,34.180285439,955431.2453003164,1287786.5465052426,MULTI_HORIZON_CANDIDATE_LEDGER,EPSG:4326-compatible longitude/latitude; CRS not embedded in Parquet,AL,Southern Appalachians,Southern Appalachians,True,True,True,False,True,False,False,0,False,False,False,neither
2376,-94.5590403273,44.8025926019,113794.54220037618,2424611.2860046634,MULTI_HORIZON_CANDIDATE_LEDGER,EPSG:4326-compatible longitude/latitude; CRS not embedded in Parquet,MN,Temporate Plains,Temperate Plains,True,True,True,True,True,True,True,1,True,True,True,both
2377,-91.0805570623,47.6678743821,371894.49959919206,2751142.5592050664,MULTI_HORIZON_CANDIDATE_LEDGER,EPSG:4326-compatible longitude/latitude; CRS not embedded in Parquet,MN,Upper Midwest,Upper Midwest,True,True,True,True,True,True,False,0,False,False,False,neither
2380,-90.3514303896,48.0795676641,424255.36619831953,2799547.25729956,MULTI_HORIZON_CANDIDATE_LEDGER,EPSG:4326-compatible longitude/latitude; CRS not embedded in Parquet,MN,Upper Midwest,Upper Midwest,True,True,True,True,True,True,False,0,False,False,False,neither
2388,-95.0839333506,43.6266948968,73608.13240172387,2293030.033002615,MULTI_HORIZON_CANDIDATE_LEDGER,EPSG:4326-compatible longitude/latitude; CRS not embedded in Parquet,MN,Temporate Plains,Temperate Plains,True,True,True,True,True,True,False,0,True,True,True,both
239134,-86.6445832392,33.4684349826,862286.0730991177,1198068.1031945255,MULTI_HORIZON_CANDIDATE_LEDGER,EPSG:4326-compatible longitude/latitude; CRS not embedded in Parquet,AL,Southern Appalachians,Southern Appalachians,True,True,True,False,True,False,False,0,False,False,False,neither
23974,-86.4519822449,46.529168911,733542.919598932,2652430.6017994937,MULTI_HORIZON_CANDIDATE_LEDGER,EPSG:4326-compatible longitude/latitude; CRS not embedded in Parquet,MI,Upper Midwest,Upper Midwest,True,True,True,True,True,True,False,0,False,False,False,neither
240,-92.0876497796,47.7786255643,295306.8406019305,2759819.665795721,MULTI_HORIZON_CANDIDATE_LEDGER,EPSG:4326-compatible longitude/latitude; CRS not embedded in Parquet,MN,Upper Midwest,Upper Midwest,True,True,True,True,True,True,False,0,False,False,False,neither
2402,-93.7734292854,46.4164591678,171625.25900286832,2605067.62669901,MULTI_HORIZON_CANDIDATE_LEDGER,EPSG:4326-compatible longitude/latitude; CRS not embedded in Parquet,MN,Upper Midwest,Upper Midwest,True,True,True,True,True,True,False,0,False,False,False,neither
2405,-96.1068840054,46.7566770475,-8197.03010047621,2640758.8465022547,MULTI_HORIZON_CANDIDATE_LEDGER,EPSG:4326-compatible longitude/latitude; CRS not embedded in Parquet,MN,Upper Midwest,Upper Midwest,True,True,True,True,True,True,False,0,False,False,False,neither
241071,-86.3944593678,32.862588104,892086.5301026036,1133082.677605128,MULTI_HORIZON_CANDIDATE_LEDGER,EPSG:4326-compatible longitude/latitude; CRS not embedded in Parquet,AL,Southern Appalachians,Southern Appalachians,True,True,True,False,True,False,False,0,False,False,False,neither
241072,-85.9114160477,32.6957282151,938755.66170465,1119219.935900012,MULTI_HORIZON_CANDIDATE_LEDGER,EPSG:4326-compatible longitude/latitude; CRS not embedded in Parquet,AL,Southern Appalachians,Southern Appalachians,True,True,True,False,True,False,False,0,False,False,False,neither
241074,-85.854342886,34.0326290495,928139.6802014447,1268213.8951034565,MULTI_HORIZON_CANDIDATE_LEDGER,EPSG:4326-compatible longitude/latitude; CRS not embedded in Parquet,AL,Southern Appalachians,Southern Appalachians,True,True,True,False,True,False,False,0,False,False,False,neither
241075,-85.6318330974,33.2808293821,957559.4911988188,1186928.7021949887,MULTI_HORIZON_CANDIDATE_LEDGER,EPSG:4326-compatible longitude/latitude; CRS not embedded in Parquet,AL,Southern Appalachians,Southern Appalachians,True,True,True,False,True,False,False,0,False,False,False,neither
2416,-93.9138351868,46.3943245133,160858.35850209824,2602368.711797296,MULTI_HORIZON_CANDIDATE_LEDGER,EPSG:4326-compatible longitude/latitude; CRS not embedded in Parquet,MN,Upper Midwest,Upper Midwest,True,True,True,False,True,False,False,0,False,False,False,neither
2419,-95.9310459103,45.0637215806,5424.519203806937,2452812.949895353,MULTI_HORIZON_CANDIDATE_LEDGER,EPSG:4326-compatible longitude/latitude; CRS not embedded in Parquet,MN,Temporate Plains,Temperate Plains,True,True,True,False,True,False,False,0,True,True,True,both
2424,-93.3234694516,44.9818622812,210787.500901572,2446670.8498004377,MULTI_HORIZON_CANDIDATE_LEDGER,EPSG:4326-compatible longitude/latitude; CRS not embedded in Parquet,MN,Upper Midwest,Upper Midwest,True,True,True,True,True,True,False,0,True,False,False,multi_horizon_only
243039,-84.7000302857,34.0616119317,1032881.0969961088,1283342.4560038857,MULTI_HORIZON_CANDIDATE_LEDGER,EPSG:4326-compatible longitude/latitude; CRS not embedded in Parquet,GA,Southern Appalachians,Southern Appalachians,True,True,True,False,True,False,False,0,False,False,False,neither
2431,-94.4675619989,46.9120059738,117241.66800043927,2658897.267396182,MULTI_HORIZON_CANDIDATE_LEDGER,EPSG:4326-compatible longitude/latitude; CRS not embedded in Parquet,MN,Upper Midwest,Upper Midwest,True,True,True,True,True,True,False,0,False,False,False,neither
24324,-94.6005219074,47.5948703969,105958.31360121648,2734233.6596952956,MULTI_HORIZON_CANDIDATE_LEDGER,EPSG:4326-compatible longitude/latitude; CRS not embedded in Parquet,MN,Upper Midwest,Upper Midwest,True,True,True,False,True,False,False,0,False,False,False,neither
24325,-93.6228243874,44.8746610757,187515.74399943397,2434116.585701637,MULTI_HORIZON_CANDIDATE_LEDGER,EPSG:4326-compatible longitude/latitude; CRS not embedded in Parquet,MN,Upper Midwest,Upper Midwest,True,True,True,True,True,True,False,0,False,False,False,neither
244044,-86.514148763,32.9803065129,879698.8899975739,1145036.764894992,MULTI_HORIZON_CANDIDATE_LEDGER,EPSG:4326-compatible longitude/latitude; CRS not embedded in Parquet,AL,Southern Appalachians,Southern Appalachians,True,True,True,False,True,False,False,0,False,False,False,neither
244047,-88.1966689468,32.9151091216,724650.8712999896,1123588.4626980685,MULTI_HORIZON_CANDIDATE_LEDGER,EPSG:4326-compatible longitude/latitude; CRS not embedded in Parquet,AL,Coastal Plains,Coastal Plains,True,True,True,False,True,False,False,0,True,False,False,multi_horizon_only
244048,-88.129712221,31.7561199391,741542.7029971308,995338.2594043799,MULTI_HORIZON_CANDIDATE_LEDGER,EPSG:4326-compatible longitude/latitude; CRS not embedded in Parquet,AL,Coastal Plains,Coastal Plains,True,True,True,False,True,False,False,0,True,False,False,multi_horizon_only
244053,-87.8561644187,32.5154348781,760011.7545984951,1081820.42480422,MULTI_HORIZON_CANDIDATE_LEDGER,EPSG:4326-compatible longitude/latitude; CRS not embedded in Parquet,AL,Coastal Plains,Coastal Plains,True,True,True,False,True,False,False,0,False,False,False,neither
244056,-87.5940430504,33.3513623432,776170.8056023897,1176866.708802525,MULTI_HORIZON_CANDIDATE_LEDGER,EPSG:4326-compatible longitude/latitude; CRS not embedded in Parquet,AL,Coastal Plains,Coastal Plains,True,True,True,False,True,False,False,0,False,False,False,neither
244057,-87.3916331322,33.2924517951,795404.9561022306,1171989.0010016449,MULTI_HORIZON_CANDIDATE_LEDGER,EPSG:4326-compatible longitude/latitude; CRS not embedded in Parquet,AL,Southern Appalachians,Southern Appalachians,True,True,True,False,True,False,False,0,False,False,False,neither
244745,-88.0259672332,32.5995141442,743416.8858992619,1089820.4503014125,MULTI_HORIZON_CANDIDATE_LEDGER,EPSG:4326-compatible longitude/latitude; CRS not embedded in Parquet,AL,Coastal Plains,Coastal Plains,True,True,True,True,True,True,False,0,True,False,False,multi_horizon_only
245407,-88.7843120925,33.2793114881,667105.3584011041,1159810.4482949488,MULTI_HORIZON_CANDIDATE_LEDGER,EPSG:4326-compatible longitude/latitude; CRS not embedded in Parquet,MS,Coastal Plains,Coastal Plains,True,True,True,False,True,False,False,0,True,False,False,multi_horizon_only
246088,-87.3595051411,33.4848723749,796414.4717992367,1193656.5027996693,MULTI_HORIZON_CANDIDATE_LEDGER,EPSG:4326-compatible longitude/latitude; CRS not embedded in Parquet,AL,Southern Appalachians,Southern Appalachians,True,True,True,False,True,False,False,0,False,False,False,neither
24673,-93.0720048137,47.6640258926,221424.22109635928,2744501.181203141,MULTI_HORIZON_CANDIDATE_LEDGER,EPSG:4326-compatible longitude/latitude; CRS not embedded in Parquet,MN,Upper Midwest,Upper Midwest,True,True,True,True,True,True,False,0,False,False,False,neither
2468,-90.8966328747,48.1338816877,383026.1679021949,2803209.0825984143,MULTI_HORIZON_CANDIDATE_LEDGER,EPSG:4326-compatible longitude/latitude; CRS not embedded in Parquet,MN,Upper Midwest,Upper Midwest,True,True,True,False,True,False,False,0,False,False,False,neither
2469,-93.757650419,45.3467474385,175643.3750969788,2486362.3377012424,MULTI_HORIZON_CANDIDATE_LEDGER,EPSG:4326-compatible longitude/latitude; CRS not embedded in Parquet,MN,Upper Midwest,Upper Midwest,True,True,True,False,True,False,False,0,False,False,False,neither
24707,-93.1001890039,40.1966338657,244679.41429673965,1912741.947200723,MULTI_HORIZON_CANDIDATE_LEDGER,EPSG:4326-compatible longitude/latitude; CRS not embedded in Parquet,MO,Temporate Plains,Temperate Plains,True,True,True,True,True,True,False,0,True,True,True,both
247437,-88.375567815,33.3349255567,704318.0364034929,1168950.3207038976,MULTI_HORIZON_CANDIDATE_LEDGER,EPSG:4326-compatible longitude/latitude; CRS not embedded in Parquet,MS,Coastal Plains,Coastal Plains,True,True,True,False,True,False,False,0,False,False,False,neither
247439,-88.3139872832,34.5747919961,698800.5514979436,1307510.6328942552,MULTI_HORIZON_CANDIDATE_LEDGER,EPSG:4326-compatible longitude/latitude; CRS not embedded in Parquet,MS,Coastal Plains,Coastal Plains,True,True,True,False,True,False,False,0,False,False,False,neither
247444,-87.2311735888,33.6031228724,806992.8078965408,1207891.207100328,MULTI_HORIZON_CANDIDATE_LEDGER,EPSG:4326-compatible longitude/latitude; CRS not embedded in Parquet,AL,Southern Appalachians,Southern Appalachians,True,True,True,False,True,False,False,0,False,False,False,neither
247445,-87.1568377578,33.9972688361,809722.3071016165,1252372.160997562,MULTI_HORIZON_CANDIDATE_LEDGER,EPSG:4326-compatible longitude/latitude; CRS not embedded in Parquet,AL,Southern Appalachians,Southern Appalachians,True,True,True,False,True,False,False,0,False,False,False,neither
248116,-88.5080171983,33.5418852305,690288.256396123,1191017.4284049328,MULTI_HORIZON_CANDIDATE_LEDGER,EPSG:4326-compatible longitude/latitude; CRS not embedded in Parquet,MS,Coastal Plains,Coastal Plains,True,True,True,False,True,False,False,0,True,False,False,multi_horizon_only
248121,-87.5218106597,33.2263903091,784065.9626974559,1163561.5408014003,MULTI_HORIZON_CANDIDATE_LEDGER,EPSG:4326-compatible longitude/latitude; CRS not embedded in Parquet,AL,Coastal Plains,Coastal Plains,True,True,True,False,True,False,False,0,False,False,False,neither
2483,-94.2552795357,45.0517629129,137271.3812966432,2452740.548204803,MULTI_HORIZON_CANDIDATE_LEDGER,EPSG:4326-compatible longitude/latitude; CRS not embedded in Parquet,MN,Upper Midwest,Upper Midwest,True,True,True,True,True,True,True,2,True,False,False,multi_horizon_only
2490,-93.614105061,44.1864254711,190127.9591020232,2357492.131404319,MULTI_HORIZON_CANDIDATE_LEDGER,EPSG:4326-compatible longitude/latitude; CRS not embedded in Parquet,MN,Upper Midwest,Upper Midwest,True,True,True,False,True,False,False,0,True,False,False,multi_horizon_only
249460,-88.7121325008,32.0344572142,684403.2366035267,1021876.341303803,MULTI_HORIZON_CANDIDATE_LEDGER,EPSG:4326-compatible longitude/latitude; CRS not embedded in Parquet,MS,Coastal Plains,Coastal Plains,True,True,True,False,True,False,False,0,True,False,False,multi_horizon_only
2498,-93.6460816207,46.2423943448,181917.3778010166,2586008.2935980335,MULTI_HORIZON_CANDIDATE_LEDGER,EPSG:4326-compatible longitude/latitude; CRS not embedded in Parquet,MN,Upper Midwest,Upper Midwest,True,True,True,False,True,False,False,0,False,False,False,neither
2500,-92.4763367798,48.2897621181,263893.4986006527,2814990.983300681,MULTI_HORIZON_CANDIDATE_LEDGER,EPSG:4326-compatible longitude/latitude; CRS not embedded in Parquet,MN,Upper Midwest,Upper Midwest,True,True,True,False,True,False,False,0,False,False,False,neither
250875,-89.1394077646,30.8817946219,653603.7480984703,890925.2306041587,MULTI_HORIZON_CANDIDATE_LEDGER,EPSG:4326-compatible longitude/latitude; CRS not embedded in Parquet,MS,Coastal Plains,Coastal Plains,True,True,True,False,True,False,False,0,True,False,False,multi_horizon_only
251,-92.8789632613,45.3676589863,244373.3878032645,2490628.1930050375,MULTI_HORIZON_CANDIDATE_LEDGER,EPSG:4326-compatible longitude/latitude; CRS not embedded in Parquet,MN,Upper Midwest,Upper Midwest,True,True,True,True,True,True,False,0,True,False,False,multi_horizon_only
2511,-95.5518146112,47.3174346135,34079.00849823117,2702879.874595534,MULTI_HORIZON_CANDIDATE_LEDGER,EPSG:4326-compatible longitude/latitude; CRS not embedded in Parquet,MN,Upper Midwest,Upper Midwest,True,True,True,True,True,True,False,0,False,False,False,neither
251755,-88.3281930932,30.7186186312,732191.2727039288,878753.7000021301,MULTI_HORIZON_CANDIDATE_LEDGER,EPSG:4326-compatible longitude/latitude; CRS not embedded in Parquet,AL,Coastal Plains,Coastal Plains,True,True,True,False,True,False,False,0,False,False,False,neither
252717,-88.7946503146,32.4905099882,672818.2993997211,1071975.0681957118,MULTI_HORIZON_CANDIDATE_LEDGER,EPSG:4326-compatible longitude/latitude; CRS not embedded in Parquet,MS,Coastal Plains,Coastal Plains,True,True,True,False,True,False,False,0,True,False,False,multi_horizon_only
2532,-93.04959127,44.9827960279,232346.67069870146,2447413.2535044663,MULTI_HORIZON_CANDIDATE_LEDGER,EPSG:4326-compatible longitude/latitude; CRS not embedded in Parquet,MN,Upper Midwest,Upper Midwest,True,True,True,False,True,False,False,0,False,False,False,neither
25326,-93.5725623152,45.0053873517,191108.06479686784,2448761.0644042706,MULTI_HORIZON_CANDIDATE_LEDGER,EPSG:4326-compatible longitude/latitude; CRS not embedded in Parquet,MN,Upper Midwest,Upper Midwest,True,True,True,False,True,False,False,0,False,False,False,neither
25348,-93.4303008765,45.0548335964,202156.66000235296,2454555.4086985607,MULTI_HORIZON_CANDIDATE_LEDGER,EPSG:4326-compatible longitude/latitude; CRS not embedded in Parquet,MN,Upper Midwest,Upper Midwest,True,True,True,True,True,True,True,1,True,False,False,multi_horizon_only
25351,-94.9869645491,47.6570811956,76627.77670114783,2740731.4957046425,MULTI_HORIZON_CANDIDATE_LEDGER,EPSG:4326-compatible longitude/latitude; CRS not embedded in Parquet,MN,Upper Midwest,Upper Midwest,True,True,True,False,True,False,False,0,False,False,False,neither
2537,-73.051906937,43.3655252967,1833065.4976000667,2485924.6086055273,MULTI_HORIZON_CANDIDATE_LEDGER,EPSG:4326-compatible longitude/latitude; CRS not embedded in Parquet,VT,Northern Appalachians,Northern Appalachians,True,True,True,True,True,True,False,0,False,False,False,neither
254047,-90.1576241121,32.2882802775,547111.4630034779,1040732.0861980561,MULTI_HORIZON_CANDIDATE_LEDGER,EPSG:4326-compatible longitude/latitude; CRS not embedded in Parquet,MS,Coastal Plains,Coastal Plains,True,True,True,True,True,True,False,0,True,False,False,multi_horizon_only
25449,-92.8480755452,45.1642076324,247541.2378982303,2468095.272805063,MULTI_HORIZON_CANDIDATE_LEDGER,EPSG:4326-compatible longitude/latitude; CRS not embedded in Parquet,MN,Upper Midwest,Upper Midwest,True,True,True,True,True,True,False,0,True,False,False,multi_horizon_only
2545,-93.0156917028,45.1141275909,234556.6091969666,2462102.054003288,MULTI_HORIZON_CANDIDATE_LEDGER,EPSG:4326-compatible longitude/latitude; CRS not embedded in Parquet,MN,Upper Midwest,Upper Midwest,True,True,True,True,True,True,False,0,True,True,True,both
254722,-89.6485152016,30.5650110144,607527.9947978198,852423.2404023483,MULTI_HORIZON_CANDIDATE_LEDGER,EPSG:4326-compatible longitude/latitude; CRS not embedded in Parquet,MS,Coastal Plains,Coastal Plains,True,True,True,True,True,True,False,0,True,False,False,multi_horizon_only
2549,-95.7815010141,46.7055652579,16769.88699965802,2635112.6752945045,MULTI_HORIZON_CANDIDATE_LEDGER,EPSG:4326-compatible longitude/latitude; CRS not embedded in Parquet,MN,Upper Midwest,Upper Midwest,True,True,True,True,True,True,False,0,False,False,False,neither
2554,-92.4204949455,47.8644539926,269839.2513981672,2768293.559498923,MULTI_HORIZON_CANDIDATE_LEDGER,EPSG:4326-compatible longitude/latitude; CRS not embedded in Parquet,MN,Upper Midwest,Upper Midwest,True,True,True,False,True,False,False,0,False,False,False,neither
255758,-90.0026854825,32.4595778162,560397.3040008857,1060695.8534984514,MULTI_HORIZON_CANDIDATE_LEDGER,EPSG:4326-compatible longitude/latitude; CRS not embedded in Parquet,MS,Coastal Plains,Coastal Plains,True,True,True,False,True,False,False,0,False,False,False,neither
256,-92.9366499782,45.3129026698,240054.3821034914,2484396.22799683,MULTI_HORIZON_CANDIDATE_LEDGER,EPSG:4326-compatible longitude/latitude; CRS not embedded in Parquet,MN,Upper Midwest,Upper Midwest,True,True,True,True,True,True,False,0,False,False,False,neither
2565,-94.2876274631,46.9419273023,130946.7694033741,2662443.6026993217,MULTI_HORIZON_CANDIDATE_LEDGER,EPSG:4326-compatible longitude/latitude; CRS not embedded in Parquet,MN,Upper Midwest,Upper Midwest,True,True,True,False,True,False,False,0,False,False,False,neither
2572,-94.1182212062,45.3006062792,147505.47270122316,2480620.01380552,MULTI_HORIZON_CANDIDATE_LEDGER,EPSG:4326-compatible longitude/latitude; CRS not embedded in Parquet,MN,Upper Midwest,Upper Midwest,True,True,True,False,True,False,False,0,False,False,False,neither
2576,-94.0693419979,45.0723407148,151852.17750234224,2455312.486698429,MULTI_HORIZON_CANDIDATE_LEDGER,EPSG:4326-compatible longitude/latitude; CRS not embedded in Parquet,MN,Upper Midwest,Upper Midwest,True,True,True,True,True,True,True,2,True,False,False,multi_horizon_only
25760,-94.0297345968,40.3163502618,165982.33160131125,1924141.2977967914,MULTI_HORIZON_CANDIDATE_LEDGER,EPSG:4326-compatible longitude/latitude; CRS not embedded in Parquet,MO,Temporate Plains,Temperate Plains,True,True,True,False,True,False,False,0,True,True,True,both
2578,-95.6789834293,44.1199492697,25608.943802357462,2347737.6298023444,MULTI_HORIZON_CANDIDATE_LEDGER,EPSG:4326-compatible longitude/latitude; CRS not embedded in Parquet,MN,Temporate Plains,Temperate Plains,True,True,True,True,True,True,False,0,True,True,True,both
257872,-86.3630549926,46.5284560368,740359.581001147,2653041.602800995,MULTI_HORIZON_CANDIDATE_LEDGER,EPSG:4326-compatible longitude/latitude; CRS not embedded in Parquet,MI,Upper Midwest,Upper Midwest,True,True,True,True,True,True,False,0,True,False,False,multi_horizon_only
2583,-93.0984943678,45.1526310051,227919.89599709463,2466181.749794581,MULTI_HORIZON_CANDIDATE_LEDGER,EPSG:4326-compatible longitude/latitude; CRS not embedded in Parquet,MN,Upper Midwest,Upper Midwest,True,True,True,True,True,True,True,1,True,True,True,both
2584,-93.9964212013,45.2083767291,157267.7680967944,2470560.610698171,MULTI_HORIZON_CANDIDATE_LEDGER,EPSG:4326-compatible longitude/latitude; CRS not embedded in Parquet,MN,Upper Midwest,Upper Midwest,True,True,True,True,True,True,True,2,False,False,False,neither
2588,-94.4854399755,45.6542501305,118096.91349840342,2519407.3599032853,MULTI_HORIZON_CANDIDATE_LEDGER,EPSG:4326-compatible longitude/latitude; CRS not embedded in Parquet,MN,Upper Midwest,Upper Midwest,True,True,True,False,True,False,False,0,True,False,False,multi_horizon_only
2589,-94.5014808324,45.4228859059,117251.65489911524,2493679.1242949953,MULTI_HORIZON_CANDIDATE_LEDGER,EPSG:4326-compatible longitude/latitude; CRS not embedded in Parquet,MN,Upper Midwest,Upper Midwest,True,True,True,True,True,True,True,1,True,False,False,multi_horizon_only
259,-91.8381062133,47.7447426308,314294.6000989726,2756883.7025996977,MULTI_HORIZON_CANDIDATE_LEDGER,EPSG:4326-compatible longitude/latitude; CRS not embedded in Parquet,MN,Upper Midwest,Upper Midwest,True,True,True,False,True,False,False,0,False,False,False,neither
259266,-80.8674000954,37.0435923411,1327693.3871995977,1661572.166597818,MULTI_HORIZON_CANDIDATE_LEDGER,EPSG:4326-compatible longitude/latitude; CRS not embedded in Parquet,VA,Southern Appalachians,Southern Appalachians,True,True,True,False,True,False,False,0,False,False,False,neither
259267,-80.6270740183,37.0451806422,1348567.5003029695,1665131.8027043473,MULTI_HORIZON_CANDIDATE_LEDGER,EPSG:4326-compatible longitude/latitude; CRS not embedded in Parquet,VA,Southern Appalachians,Southern Appalachians,True,True,True,False,True,False,False,0,False,False,False,neither
2593,-95.2990367328,47.4908900207,53157.99799658215,2722164.1472965777,MULTI_HORIZON_CANDIDATE_LEDGER,EPSG:4326-compatible longitude/latitude; CRS not embedded in Parquet,MN,Upper Midwest,Upper Midwest,True,True,True,True,True,True,False,0,False,False,False,neither
259398,-81.2828418096,36.8662352545,1294604.8760023252,1636212.657301791,MULTI_HORIZON_CANDIDATE_LEDGER,EPSG:4326-compatible longitude/latitude; CRS not embedded in Parquet,VA,Southern Appalachians,Southern Appalachians,True,True,True,True,True,True,False,0,False,False,False,neither
2596,-94.7231524558,45.8873487791,99214.82120202092,2545021.3313963376,MULTI_HORIZON_CANDIDATE_LEDGER,EPSG:4326-compatible longitude/latitude; CRS not embedded in Parquet,MN,Upper Midwest,Upper Midwest,True,True,True,False,True,False,False,0,False,False,False,neither
259603,-82.370163263,37.2058971142,1194201.2381978785,1659612.122501392,MULTI_HORIZON_CANDIDATE_LEDGER,EPSG:4326-compatible longitude/latitude; CRS not embedded in Parquet,VA,Southern Appalachians,Southern Appalachians,True,True,True,True,True,True,False,0,False,False,False,neither
259618,-82.6376885689,37.1196317965,1172272.508395523,1646711.9186015166,MULTI_HORIZON_CANDIDATE_LEDGER,EPSG:4326-compatible longitude/latitude; CRS not embedded in Parquet,VA,Southern Appalachians,Southern Appalachians,True,True,True,False,True,False,False,0,False,False,False,neither
260,-91.7704767773,47.8915715609,318677.5812008712,2773295.4895955883,MULTI_HORIZON_CANDIDATE_LEDGER,EPSG:4326-compatible longitude/latitude; CRS not embedded in Parquet,MN,Upper Midwest,Upper Midwest,True,True,True,True,True,True,False,0,False,False,False,neither
2604,-93.20844364,45.0675515626,219563.65279854706,2456462.13120252,MULTI_HORIZON_CANDIDATE_LEDGER,EPSG:4326-compatible longitude/latitude; CRS not embedded in Parquet,MN,Upper Midwest,Upper Midwest,True,True,True,True,True,True,True,1,True,True,True,both
2606,-93.7307696394,44.8804529924,178987.0990035937,2434552.9401953816,MULTI_HORIZON_CANDIDATE_LEDGER,EPSG:4326-compatible longitude/latitude; CRS not embedded in Parquet,MN,Upper Midwest,Upper Midwest,True,True,True,True,True,True,True,3,True,True,True,both
2610,-93.3584772917,47.2136821245,201149.13250107734,2694124.1263962537,MULTI_HORIZON_CANDIDATE_LEDGER,EPSG:4326-compatible longitude/latitude; CRS not embedded in Parquet,MN,Upper Midwest,Upper Midwest,True,True,True,False,True,False,False,0,False,False,False,neither
263,-93.4877792373,44.946274714,197955.2432032929,2442358.5226963926,MULTI_HORIZON_CANDIDATE_LEDGER,EPSG:4326-compatible longitude/latitude; CRS not embedded in Parquet,MN,Upper Midwest,Upper Midwest,True,True,True,False,True,False,False,0,False,False,False,neither
26374,-94.184568071,46.6760534467,139389.2389003729,2633155.8592962315,MULTI_HORIZON_CANDIDATE_LEDGER,EPSG:4326-compatible longitude/latitude; CRS not embedded in Parquet,MN,Upper Midwest,Upper Midwest,True,True,True,True,True,True,False,0,False,False,False,neither
26412,-93.0172651574,45.0697470135,234587.92599661314,2457163.093501743,MULTI_HORIZON_CANDIDATE_LEDGER,EPSG:4326-compatible longitude/latitude; CRS not embedded in Parquet,MN,Upper Midwest,Upper Midwest,True,True,True,False,True,False,False,0,True,True,True,both
26427,-94.6012193046,45.0590926367,110043.68509737623,2453105.830296322,MULTI_HORIZON_CANDIDATE_LEDGER,EPSG:4326-compatible longitude/latitude; CRS not embedded in Parquet,MN,Temporate Plains,Temperate Plains,True,True,True,True,True,True,True,1,True,True,True,both
2643,-72.9686402299,43.1045625149,1846579.7587005128,2459243.7840949586,MULTI_HORIZON_CANDIDATE_LEDGER,EPSG:4326-compatible longitude/latitude; CRS not embedded in Parquet,VT,Northern Appalachians,Northern Appalachians,True,True,True,True,True,True,False,0,False,False,False,neither
2648,-93.6981086845,44.8333801995,181689.66239730787,2429376.5269049183,MULTI_HORIZON_CANDIDATE_LEDGER,EPSG:4326-compatible longitude/latitude; CRS not embedded in Parquet,MN,Upper Midwest,Upper Midwest,True,True,True,False,True,False,False,0,True,True,True,both
2654,-94.1238763471,46.67000388,144061.79520175068,2632576.3617007136,MULTI_HORIZON_CANDIDATE_LEDGER,EPSG:4326-compatible longitude/latitude; CRS not embedded in Parquet,MN,Upper Midwest,Upper Midwest,True,True,True,True,True,True,False,0,False,False,False,neither
2655,-92.1822713552,46.8941569413,292095.00529901887,2661844.082000222,MULTI_HORIZON_CANDIDATE_LEDGER,EPSG:4326-compatible longitude/latitude; CRS not embedded in Parquet,MN,Upper Midwest,Upper Midwest,True,True,True,False,True,False,False,0,False,False,False,neither
2660,-94.6009533484,46.2549504921,108108.87670058255,2585943.6314964183,MULTI_HORIZON_CANDIDATE_LEDGER,EPSG:4326-compatible longitude/latitude; CRS not embedded in Parquet,MN,Upper Midwest,Upper Midwest,True,True,True,False,True,False,False,0,False,False,False,neither
2667,-95.3685828344,46.040825626,48950.89870308406,2561553.99239996,MULTI_HORIZON_CANDIDATE_LEDGER,EPSG:4326-compatible longitude/latitude; CRS not embedded in Parquet,MN,Upper Midwest,Upper Midwest,True,True,True,True,True,True,False,0,False,False,False,neither
2670,-94.2906922306,46.5388548059,131515.30890109393,2617806.099601946,MULTI_HORIZON_CANDIDATE_LEDGER,EPSG:4326-compatible longitude/latitude; CRS not embedded in Parquet,MN,Upper Midwest,Upper Midwest,True,True,True,True,True,True,False,0,False,False,False,neither
26713,-95.3168224147,47.3768517272,51899.81939953247,2709553.5446982123,MULTI_HORIZON_CANDIDATE_LEDGER,EPSG:4326-compatible longitude/latitude; CRS not embedded in Parquet,MN,Upper Midwest,Upper Midwest,True,True,True,True,True,True,False,0,True,False,False,multi_horizon_only
2679,-94.7369087889,47.7293816975,95435.34499757162,2748939.150804978,MULTI_HORIZON_CANDIDATE_LEDGER,EPSG:4326-compatible longitude/latitude; CRS not embedded in Parquet,MN,Upper Midwest,Upper Midwest,True,True,True,True,True,True,False,0,False,False,False,neither
2680,-92.9453564261,45.2529614809,239586.5656993595,2477712.114403587,MULTI_HORIZON_CANDIDATE_LEDGER,EPSG:4326-compatible longitude/latitude; CRS not embedded in Parquet,MN,Upper Midwest,Upper Midwest,True,True,True,True,True,True,False,0,False,False,False,neither
2686,-94.9891762334,45.0588545943,79524.32120133028,2452692.4069970828,MULTI_HORIZON_CANDIDATE_LEDGER,EPSG:4326-compatible longitude/latitude; CRS not embedded in Parquet,MN,Temporate Plains,Temperate Plains,True,True,True,False,True,False,False,0,True,True,True,both
2689,-94.3921170677,46.8705698063,123090.77059942432,2654406.38290302,MULTI_HORIZON_CANDIDATE_LEDGER,EPSG:4326-compatible longitude/latitude; CRS not embedded in Parquet,MN,Upper Midwest,Upper Midwest,True,True,True,True,True,True,False,0,False,False,False,neither
268931,-86.5268158608,36.0577671552,844282.9206993011,1487321.7867960818,MULTI_HORIZON_CANDIDATE_LEDGER,EPSG:4326-compatible longitude/latitude; CRS not embedded in Parquet,TN,Southern Appalachians,Southern Appalachians,True,True,True,False,True,False,False,0,False,False,False,neither
2691,-95.6735761394,46.5318923756,25119.230197358655,2615894.8812982,MULTI_HORIZON_CANDIDATE_LEDGER,EPSG:4326-compatible longitude/latitude; CRS not embedded in Parquet,MN,Upper Midwest,Upper Midwest,True,True,True,True,True,True,False,0,False,False,False,neither
269106,-85.8576825212,36.2936584433,900885.124698217,1519744.3656980302,MULTI_HORIZON_CANDIDATE_LEDGER,EPSG:4326-compatible longitude/latitude; CRS not embedded in Parquet,TN,Southern Appalachians,Southern Appalachians,True,True,True,False,True,False,False,0,False,False,False,neither
269108,-84.7583750467,36.9624313784,989255.1187032425,1605125.2621995201,MULTI_HORIZON_CANDIDATE_LEDGER,EPSG:4326-compatible longitude/latitude; CRS not embedded in Parquet,KY,Southern Appalachians,Southern Appalachians,True,True,True,False,True,False,False,0,False,False,False,neither
2694,-94.3263623216,46.8918012261,128082.69590256845,2656843.282898454,MULTI_HORIZON_CANDIDATE_LEDGER,EPSG:4326-compatible longitude/latitude; CRS not embedded in Parquet,MN,Upper Midwest,Upper Midwest,True,True,True,True,True,True,False,0,False,False,False,neither
269459,-85.6883412041,35.8920986301,920738.1934978989,1476656.7449953146,MULTI_HORIZON_CANDIDATE_LEDGER,EPSG:4326-compatible longitude/latitude; CRS not embedded in Parquet,TN,Southern Appalachians,Southern Appalachians,True,True,True,False,True,False,False,0,False,False,False,neither
269664,-84.6036867211,36.8793666248,1003916.1286021065,1597506.3819024432,MULTI_HORIZON_CANDIDATE_LEDGER,EPSG:4326-compatible longitude/latitude; CRS not embedded in Parquet,KY,Southern Appalachians,Southern Appalachians,True,True,True,False,True,False,False,0,False,False,False,neither
269666,-84.2197578892,36.9636214598,1036399.1383012185,1610998.019898667,MULTI_HORIZON_CANDIDATE_LEDGER,EPSG:4326-compatible longitude/latitude; CRS not embedded in Parquet,KY,Southern Appalachians,Southern Appalachians,True,True,True,False,True,False,False,0,False,False,False,neither
270227,-86.2937224863,36.315659542,862040.7035040015,1518150.7957983986,MULTI_HORIZON_CANDIDATE_LEDGER,EPSG:4326-compatible longitude/latitude; CRS not embedded in Parquet,TN,Southern Appalachians,Southern Appalachians,True,True,True,False,True,False,False,0,False,False,False,neither
270228,-85.1984680881,36.5022998208,956544.225902777,1549415.5189989805,MULTI_HORIZON_CANDIDATE_LEDGER,EPSG:4326-compatible longitude/latitude; CRS not embedded in Parquet,TN,Southern Appalachians,Southern Appalachians,True,True,True,False,True,False,False,0,False,False,False,neither
2703,-72.388688586,43.4845359866,1881696.7951008861,2511775.987605186,MULTI_HORIZON_CANDIDATE_LEDGER,EPSG:4326-compatible longitude/latitude; CRS not embedded in Parquet,VT,Northern Appalachians,Northern Appalachians,True,True,True,True,True,True,False,0,False,False,False,neither
2709,-93.059188194,45.1772902674,230921.63920341368,2469018.300001871,MULTI_HORIZON_CANDIDATE_LEDGER,EPSG:4326-compatible longitude/latitude; CRS not embedded in Parquet,MN,Upper Midwest,Upper Midwest,True,True,True,True,True,True,True,1,True,True,True,both
2713,-93.2669972424,44.7219132376,216065.75350373573,2417872.8701055776,MULTI_HORIZON_CANDIDATE_LEDGER,EPSG:4326-compatible longitude/latitude; CRS not embedded in Parquet,MN,Upper Midwest,Upper Midwest,True,True,True,True,True,True,False,0,False,False,False,neither
2716,-92.6773482609,48.0842080724,249637.50650019824,2791811.1822016146,MULTI_HORIZON_CANDIDATE_LEDGER,EPSG:4326-compatible longitude/latitude; CRS not embedded in Parquet,MN,Upper Midwest,Upper Midwest,True,True,True,False,True,False,False,0,True,False,False,multi_horizon_only
2718,-94.5321620834,45.4289566638,114840.76999643636,2494316.417603123,MULTI_HORIZON_CANDIDATE_LEDGER,EPSG:4326-compatible longitude/latitude; CRS not embedded in Parquet,MN,Upper Midwest,Upper Midwest,True,True,True,True,True,True,True,2,False,False,False,neither
272597,-81.804099405,36.961976844,1247503.5164035007,1639844.387800389,MULTI_HORIZON_CANDIDATE_LEDGER,EPSG:4326-compatible longitude/latitude; CRS not embedded in Parquet,VA,Southern Appalachians,Southern Appalachians,True,True,True,False,True,False,False,0,False,False,False,neither
272733,-82.0596209926,36.505607774,1232684.8607042537,1585940.2508013267,MULTI_HORIZON_CANDIDATE_LEDGER,EPSG:4326-compatible longitude/latitude; CRS not embedded in Parquet,TN,Southern Appalachians,Southern Appalachians,True,True,True,False,True,False,False,0,False,False,False,neither
272820,-82.971531561,35.5270931634,1167547.7203003294,1465947.1930015832,MULTI_HORIZON_CANDIDATE_LEDGER,EPSG:4326-compatible longitude/latitude; CRS not embedded in Parquet,NC,Southern Appalachians,Southern Appalachians,True,True,True,False,True,False,False,0,False,False,False,neither
272870,-82.6651225003,36.8450230675,1174184.9137996866,1615906.9028046178,MULTI_HORIZON_CANDIDATE_LEDGER,EPSG:4326-compatible longitude/latitude; CRS not embedded in Parquet,VA,Southern Appalachians,Southern Appalachians,True,True,True,True,True,True,False,0,False,False,False,neither
273093,-82.079836544,36.8451406285,1225358.2939039425,1623309.0590000888,MULTI_HORIZON_CANDIDATE_LEDGER,EPSG:4326-compatible longitude/latitude; CRS not embedded in Parquet,VA,Southern Appalachians,Southern Appalachians,True,True,True,True,True,True,False,0,False,False,False,neither
273270,-82.859884726,36.8482198685,1157096.2658979862,1613872.7273033103,MULTI_HORIZON_CANDIDATE_LEDGER,EPSG:4326-compatible longitude/latitude; CRS not embedded in Parquet,VA,Southern Appalachians,Southern Appalachians,True,True,True,False,True,False,False,0,False,False,False,neither
273707,-84.2823909411,34.8423704116,1060128.2528025089,1374605.6636978798,MULTI_HORIZON_CANDIDATE_LEDGER,EPSG:4326-compatible longitude/latitude; CRS not embedded in Parquet,GA,Southern Appalachians,Southern Appalachians,True,True,True,True,True,True,False,0,False,False,False,neither
273708,-83.7731908497,34.9896328465,1103834.203096407,1396747.69189753,MULTI_HORIZON_CANDIDATE_LEDGER,EPSG:4326-compatible longitude/latitude; CRS not embedded in Parquet,NC,Southern Appalachians,Southern Appalachians,True,True,True,False,True,False,False,0,False,False,False,neither
273758,-84.0816785163,34.9182999832,1077130.321703372,1385291.4258059543,MULTI_HORIZON_CANDIDATE_LEDGER,EPSG:4326-compatible longitude/latitude; CRS not embedded in Parquet,GA,Southern Appalachians,Southern Appalachians,True,True,True,False,True,False,False,0,False,False,False,neither
2738,-94.1095697029,45.1854982236,148438.177096835,2467834.4765985757,MULTI_HORIZON_CANDIDATE_LEDGER,EPSG:4326-compatible longitude/latitude; CRS not embedded in Parquet,MN,Upper Midwest,Upper Midwest,True,True,True,True,True,True,False,0,True,False,False,multi_horizon_only
27410,-95.1720036389,47.293366073,62981.59879837116,2700413.169998668,MULTI_HORIZON_CANDIDATE_LEDGER,EPSG:4326-compatible longitude/latitude; CRS not embedded in Parquet,MN,Upper Midwest,Upper Midwest,True,True,True,True,True,True,False,0,False,False,False,neither
2743,-96.0220747997,46.6997908338,-1694.3999991378819,2634453.995796798,MULTI_HORIZON_CANDIDATE_LEDGER,EPSG:4326-compatible longitude/latitude; CRS not embedded in Parquet,MN,Upper Midwest,Upper Midwest,True,True,True,True,True,True,False,0,False,False,False,neither
27432,-94.1128524257,45.3301448093,147861.03740315657,2483912.1986989435,MULTI_HORIZON_CANDIDATE_LEDGER,EPSG:4326-compatible longitude/latitude; CRS not embedded in Parquet,MN,Upper Midwest,Upper Midwest,True,True,True,False,True,False,False,0,False,False,False,neither
2747,-93.4415613471,44.3700443717,203323.58049949256,2378307.576803825,MULTI_HORIZON_CANDIDATE_LEDGER,EPSG:4326-compatible longitude/latitude; CRS not embedded in Parquet,MN,Upper Midwest,Upper Midwest,True,True,True,False,True,False,False,0,True,False,False,multi_horizon_only
27482,-95.5148091302,45.663933677,37828.413100808175,2519638.640997369,MULTI_HORIZON_CANDIDATE_LEDGER,EPSG:4326-compatible longitude/latitude; CRS not embedded in Parquet,MN,Upper Midwest,Upper Midwest,True,True,True,True,True,True,True,1,True,True,True,both
274828,-88.110317066,34.8986863709,714271.627600883,1345132.4062055536,MULTI_HORIZON_CANDIDATE_LEDGER,EPSG:4326-compatible longitude/latitude; CRS not embedded in Parquet,AL,Coastal Plains,Coastal Plains,True,True,True,False,True,False,False,0,True,False,False,multi_horizon_only
27495,-92.8337483782,44.9954942058,249291.29729724358,2449372.5445990628,MULTI_HORIZON_CANDIDATE_LEDGER,EPSG:4326-compatible longitude/latitude; CRS not embedded in Parquet,MN,Upper Midwest,Upper Midwest,True,True,True,False,True,False,False,0,True,False,False,multi_horizon_only
2755,-94.0159930273,45.3830619105,155326.23160210458,2489948.9098026147,MULTI_HORIZON_CANDIDATE_LEDGER,EPSG:4326-compatible longitude/latitude; CRS not embedded in Parquet,MN,Upper Midwest,Upper Midwest,True,True,True,True,True,True,True,3,True,False,False,multi_horizon_only
275864,-94.8716912647,47.5869368811,85438.82290180748,2733084.5032963026,MULTI_HORIZON_CANDIDATE_LEDGER,EPSG:4326-compatible longitude/latitude; CRS not embedded in Parquet,MN,Upper Midwest,Upper Midwest,True,True,True,True,True,True,False,0,False,False,False,neither
275892,-94.8844519741,47.4595809461,84637.72679784951,2719005.742301778,MULTI_HORIZON_CANDIDATE_LEDGER,EPSG:4326-compatible longitude/latitude; CRS not embedded in Parquet,MN,Upper Midwest,Upper Midwest,True,True,True,True,True,True,False,0,False,False,False,neither
276567,-92.1292964193,41.3776850495,321175.7705994908,2047816.5341952508,MULTI_HORIZON_CANDIDATE_LEDGER,EPSG:4326-compatible longitude/latitude; CRS not embedded in Parquet,IA,Temporate Plains,Temperate Plains,True,True,True,True,True,True,False,0,True,False,False,multi_horizon_only
27690,-95.7494619149,46.3628037224,19329.036603714678,2597133.747304733,MULTI_HORIZON_CANDIDATE_LEDGER,EPSG:4326-compatible longitude/latitude; CRS not embedded in Parquet,MN,Upper Midwest,Upper Midwest,True,True,True,True,True,True,False,0,False,False,False,neither
27757,-94.3995544432,41.0639873208,133420.53979785612,2007279.1314946087,MULTI_HORIZON_CANDIDATE_LEDGER,EPSG:4326-compatible longitude/latitude; CRS not embedded in Parquet,IA,Temporate Plains,Temperate Plains,True,True,True,True,True,True,True,2,True,True,True,both
2777,-94.286376762,45.4943352084,133937.56850342543,2501904.0989046413,MULTI_HORIZON_CANDIDATE_LEDGER,EPSG:4326-compatible longitude/latitude; CRS not embedded in Parquet,MN,Upper Midwest,Upper Midwest,True,True,True,False,True,False,False,0,True,False,False,multi_horizon_only
2780,-95.2848432763,45.6931990927,55733.191802321926,2523002.8737975145,MULTI_HORIZON_CANDIDATE_LEDGER,EPSG:4326-compatible longitude/latitude; CRS not embedded in Parquet,MN,Upper Midwest,Upper Midwest,True,True,True,False,True,False,False,0,False,False,False,neither
2785,-93.1529148943,45.1387277261,223692.65779951008,2464506.5558037097,MULTI_HORIZON_CANDIDATE_LEDGER,EPSG:4326-compatible longitude/latitude; CRS not embedded in Parquet,MN,Upper Midwest,Upper Midwest,True,True,True,True,True,True,False,0,True,False,False,multi_horizon_only
2787,-94.2817244873,45.274847073,134742.32499709207,2477513.276795147,MULTI_HORIZON_CANDIDATE_LEDGER,EPSG:4326-compatible longitude/latitude; CRS not embedded in Parquet,MN,Upper Midwest,Upper Midwest,True,True,True,True,True,True,True,1,True,True,True,both
2788,-94.5126246361,47.5020483727,112773.1878030694,2724083.3496023193,MULTI_HORIZON_CANDIDATE_LEDGER,EPSG:4326-compatible longitude/latitude; CRS not embedded in Parquet,MN,Upper Midwest,Upper Midwest,True,True,True,True,True,True,False,0,False,False,False,neither
28018,-92.4101878332,47.1445294808,273619.3767025196,2688849.0089008305,MULTI_HORIZON_CANDIDATE_LEDGER,EPSG:4326-compatible longitude/latitude; CRS not embedded in Parquet,MN,Upper Midwest,Upper Midwest,True,True,True,True,True,True,False,0,True,False,False,multi_horizon_only
2806,-93.952707871,46.7515918838,157008.687000568,2641882.352400872,MULTI_HORIZON_CANDIDATE_LEDGER,EPSG:4326-compatible longitude/latitude; CRS not embedded in Parquet,MN,Upper Midwest,Upper Midwest,True,True,True,True,True,True,False,0,False,False,False,neither
2814,-92.7708551932,48.525414513,240963.9107998008,2840138.2307041334,MULTI_HORIZON_CANDIDATE_LEDGER,EPSG:4326-compatible longitude/latitude; CRS not embedded in Parquet,MN,Upper Midwest,Upper Midwest,True,True,True,True,True,True,False,0,False,False,False,neither
2815,-93.7473264435,45.1507680597,176968.48740117406,2464592.4166982183,MULTI_HORIZON_CANDIDATE_LEDGER,EPSG:4326-compatible longitude/latitude; CRS not embedded in Parquet,MN,Upper Midwest,Upper Midwest,True,True,True,True,True,True,False,0,False,False,False,neither
2822,-72.4309782263,43.6509456867,1873836.9781003816,2528943.3930004044,MULTI_HORIZON_CANDIDATE_LEDGER,EPSG:4326-compatible longitude/latitude; CRS not embedded in Parquet,VT,Northern Appalachians,Northern Appalachians,True,True,True,False,True,False,False,0,False,False,False,neither
283,-93.0356442704,44.9947840961,233403.0450001598,2448780.8282997245,MULTI_HORIZON_CANDIDATE_LEDGER,EPSG:4326-compatible longitude/latitude; CRS not embedded in Parquet,MN,Upper Midwest,Upper Midwest,True,True,True,True,True,True,True,1,True,False,False,multi_horizon_only
28356,-93.3324131958,44.8924525032,210362.6135002543,2436704.159103673,MULTI_HORIZON_CANDIDATE_LEDGER,EPSG:4326-compatible longitude/latitude; CRS not embedded in Parquet,MN,Upper Midwest,Upper Midwest,True,True,True,False,True,False,False,0,True,True,True,both
2837,-93.4489757034,47.0655938114,194699.10020285242,2677561.88549468,MULTI_HORIZON_CANDIDATE_LEDGER,EPSG:4326-compatible longitude/latitude; CRS not embedded in Parquet,MN,Upper Midwest,Upper Midwest,True,True,True,False,True,False,False,0,False,False,False,neither
28395,-93.2935805525,47.1236824962,206373.06239895956,2684313.4156008894,MULTI_HORIZON_CANDIDATE_LEDGER,EPSG:4326-compatible longitude/latitude; CRS not embedded in Parquet,MN,Upper Midwest,Upper Midwest,True,True,True,True,True,True,False,0,False,False,False,neither
284015,-91.0062838297,32.4992985896,466482.076100119,1059695.5336050186,MULTI_HORIZON_CANDIDATE_LEDGER,EPSG:4326-compatible longitude/latitude; CRS not embedded in Parquet,LA,Coastal Plains,Coastal Plains,True,True,True,False,True,False,False,0,True,False,False,multi_horizon_only
2841,-94.3620854333,46.4997680218,126097.47910068772,2613378.1706952862,MULTI_HORIZON_CANDIDATE_LEDGER,EPSG:4326-compatible longitude/latitude; CRS not embedded in Parquet,MN,Upper Midwest,Upper Midwest,True,True,True,False,True,False,False,0,True,False,False,multi_horizon_only
2842,-94.9269415511,44.9953551626,84500.07430041842,2445680.8960989937,MULTI_HORIZON_CANDIDATE_LEDGER,EPSG:4326-compatible longitude/latitude; CRS not embedded in Parquet,MN,Temporate Plains,Temperate Plains,True,True,True,True,True,True,False,0,True,True,True,both
28440,-92.9130023214,44.927901464,243297.85480156977,2441648.9512980226,MULTI_HORIZON_CANDIDATE_LEDGER,EPSG:4326-compatible longitude/latitude; CRS not embedded in Parquet,MN,Upper Midwest,Upper Midwest,True,True,True,True,True,True,True,1,True,False,False,multi_horizon_only
28452,-93.1734944085,44.8034122484,223185.91570045496,2427159.0790036973,MULTI_HORIZON_CANDIDATE_LEDGER,EPSG:4326-compatible longitude/latitude; CRS not embedded in Parquet,MN,Upper Midwest,Upper Midwest,True,True,True,True,True,True,False,0,False,True,False,direct_60_day_only
2846,-96.0502121051,46.4116960634,-3871.0087990601355,2602529.976495919,MULTI_HORIZON_CANDIDATE_LEDGER,EPSG:4326-compatible longitude/latitude; CRS not embedded in Parquet,MN,Upper Midwest,Upper Midwest,True,True,True,True,True,True,False,0,True,False,False,multi_horizon_only
284642,-89.6447065086,34.479624102,578724.1214987767,1287952.3427986447,MULTI_HORIZON_CANDIDATE_LEDGER,EPSG:4326-compatible longitude/latitude; CRS not embedded in Parquet,MS,Coastal Plains,Coastal Plains,True,True,True,False,True,False,False,0,True,False,False,multi_horizon_only
28465,-93.5598085032,44.8767708903,192479.43859860906,2434477.340297604,MULTI_HORIZON_CANDIDATE_LEDGER,EPSG:4326-compatible longitude/latitude; CRS not embedded in Parquet,MN,Upper Midwest,Upper Midwest,True,True,True,True,True,True,True,2,True,True,True,both
28499,-92.8466338038,45.0844406915,247948.81609894786,2459230.2238964513,MULTI_HORIZON_CANDIDATE_LEDGER,EPSG:4326-compatible longitude/latitude; CRS not embedded in Parquet,MN,Upper Midwest,Upper Midwest,True,True,True,False,True,False,False,0,True,True,True,both
286447,-91.0567423097,33.1001296489,458287.610298582,1126391.3671962917,MULTI_HORIZON_CANDIDATE_LEDGER,EPSG:4326-compatible longitude/latitude; CRS not embedded in Parquet,MS,Coastal Plains,Coastal Plains,True,True,True,False,True,False,False,0,True,False,False,multi_horizon_only
2867,-91.6310655046,47.7080955038,330104.8891031977,2753544.425194796,MULTI_HORIZON_CANDIDATE_LEDGER,EPSG:4326-compatible longitude/latitude; CRS not embedded in Parquet,MN,Upper Midwest,Upper Midwest,True,True,True,True,True,True,False,0,False,False,False,neither
287039,-89.7942909799,34.1506930597,567522.0122001182,1250355.5608042143,MULTI_HORIZON_CANDIDATE_LEDGER,EPSG:4326-compatible longitude/latitude; CRS not embedded in Parquet,MS,Coastal Plains,Coastal Plains,True,True,True,True,True,True,False,0,True,False,False,multi_horizon_only
287040,-90.5157804011,34.4098292678,499947.8196993392,1275219.4612964448,MULTI_HORIZON_CANDIDATE_LEDGER,EPSG:4326-compatible longitude/latitude; CRS not embedded in Parquet,MS,Coastal Plains,Coastal Plains,True,True,True,False,True,False,False,0,True,False,False,multi_horizon_only
287042,-90.064017783,34.7183556284,538925.7239992733,1312130.1556954496,MULTI_HORIZON_CANDIDATE_LEDGER,EPSG:4326-compatible longitude/latitude; CRS not embedded in Parquet,MS,Coastal Plains,Coastal Plains,True,True,True,False,True,False,False,0,True,False,False,multi_horizon_only
28705,-96.1222193581,46.2475307577,-9445.683497388163,2584330.9675998446,MULTI_HORIZON_CANDIDATE_LEDGER,EPSG:4326-compatible longitude/latitude; CRS not embedded in Parquet,MN,Temporate Plains,Temperate Plains,True,True,True,False,True,False,False,0,True,True,True,both
28730,-95.7255480707,46.6151503222,21093.213498479825,2625107.8343053004,MULTI_HORIZON_CANDIDATE_LEDGER,EPSG:4326-compatible longitude/latitude; CRS not embedded in Parquet,MN,Upper Midwest,Upper Midwest,True,True,True,True,True,True,False,0,False,False,False,neither
28733,-96.0121494639,47.6803005659,-918.6963995997754,2742886.735100315,MULTI_HORIZON_CANDIDATE_LEDGER,EPSG:4326-compatible longitude/latitude; CRS not embedded in Parquet,MN,Temporate Plains,Temperate Plains,True,True,True,True,True,True,False,0,True,True,True,both
28740,-95.3981196487,47.6832264265,45509.560396716486,2743353.8144984627,MULTI_HORIZON_CANDIDATE_LEDGER,EPSG:4326-compatible longitude/latitude; CRS not embedded in Parquet,MN,Upper Midwest,Upper Midwest,True,True,True,False,True,False,False,0,False,False,False,neither
2876,-93.7710263116,44.8690840536,175842.0927009289,2433212.6590956217,MULTI_HORIZON_CANDIDATE_LEDGER,EPSG:4326-compatible longitude/latitude; CRS not embedded in Parquet,MN,Upper Midwest,Upper Midwest,True,True,True,True,True,True,True,1,True,True,True,both
288233,-90.3687455119,33.0645727554,522236.4700047982,1125978.052095132,MULTI_HORIZON_CANDIDATE_LEDGER,EPSG:4326-compatible longitude/latitude; CRS not embedded in Parquet,MS,Coastal Plains,Coastal Plains,True,True,True,False,True,False,False,0,True,True,True,both
288235,-89.7211145619,33.8387401225,576506.1692973328,1216008.1663049553,MULTI_HORIZON_CANDIDATE_LEDGER,EPSG:4326-compatible longitude/latitude; CRS not embedded in Parquet,MS,Coastal Plains,Coastal Plains,True,True,True,False,True,False,False,0,False,False,False,neither
28836,-93.671792251,39.0663318315,199562.4903039585,1784789.3491030913,MULTI_HORIZON_CANDIDATE_LEDGER,EPSG:4326-compatible longitude/latitude; CRS not embedded in Parquet,MO,Temporate Plains,Temperate Plains,True,True,True,True,True,True,False,0,True,False,False,multi_horizon_only
2891,-94.0789914272,46.7721102592,147279.32040006807,2643951.959298364,MULTI_HORIZON_CANDIDATE_LEDGER,EPSG:4326-compatible longitude/latitude; CRS not embedded in Parquet,MN,Upper Midwest,Upper Midwest,True,True,True,True,True,True,False,0,False,False,False,neither
2895,-93.4987956192,46.6390397841,192140.4040987565,2630252.726796665,MULTI_HORIZON_CANDIDATE_LEDGER,EPSG:4326-compatible longitude/latitude; CRS not embedded in Parquet,MN,Upper Midwest,Upper Midwest,True,True,True,False,True,False,False,0,False,False,False,neither
2897,-95.0033406093,45.9061804635,77422.3587966126,2546851.5758976275,MULTI_HORIZON_CANDIDATE_LEDGER,EPSG:4326-compatible longitude/latitude; CRS not embedded in Parquet,MN,Upper Midwest,Upper Midwest,True,True,True,False,True,False,False,0,True,True,True,both
290083,-92.8583159056,34.8042850013,285048.2603016747,1309617.4181960057,MULTI_HORIZON_CANDIDATE_LEDGER,EPSG:4326-compatible longitude/latitude; CRS not embedded in Parquet,AR,Southern Appalachians,Southern Appalachians,True,True,True,True,True,True,False,0,False,False,False,neither
2913,-94.0275229616,45.3080246741,154596.8451039135,2481588.9038990727,MULTI_HORIZON_CANDIDATE_LEDGER,EPSG:4326-compatible longitude/latitude; CRS not embedded in Parquet,MN,Upper Midwest,Upper Midwest,True,True,True,False,True,False,False,0,True,False,False,multi_horizon_only
2919,-94.7515427912,45.8843907797,97013.25109699143,2544663.628696312,MULTI_HORIZON_CANDIDATE_LEDGER,EPSG:4326-compatible longitude/latitude; CRS not embedded in Parquet,MN,Upper Midwest,Upper Midwest,True,True,True,False,True,False,False,0,True,False,False,multi_horizon_only
292666,-93.126377836,34.4342029743,261985.84899775204,1267476.4831971247,MULTI_HORIZON_CANDIDATE_LEDGER,EPSG:4326-compatible longitude/latitude; CRS not embedded in Parquet,AR,Southern Appalachians,Southern Appalachians,True,True,True,False,True,False,False,0,False,False,False,neither
293295,-92.9586913059,34.452668343,277202.55460280605,1270015.9505972173,MULTI_HORIZON_CANDIDATE_LEDGER,EPSG:4326-compatible longitude/latitude; CRS not embedded in Parquet,AR,Southern Appalachians,Southern Appalachians,True,True,True,False,True,False,False,0,False,False,False,neither
2934,-94.0718630752,46.2884703159,148913.13799938554,2590376.149804323,MULTI_HORIZON_CANDIDATE_LEDGER,EPSG:4326-compatible longitude/latitude; CRS not embedded in Parquet,MN,Upper Midwest,Upper Midwest,True,True,True,False,True,False,False,0,False,False,False,neither
2936,-93.6361785055,44.836608706,186567.91499864278,2429855.80879982,MULTI_HORIZON_CANDIDATE_LEDGER,EPSG:4326-compatible longitude/latitude; CRS not embedded in Parquet,MN,Upper Midwest,Upper Midwest,True,True,True,True,True,True,True,1,True,True,True,both
2939,-95.5271560215,45.8743290843,36749.51849679656,2543000.6594015583,MULTI_HORIZON_CANDIDATE_LEDGER,EPSG:4326-compatible longitude/latitude; CRS not embedded in Parquet,MN,Upper Midwest,Upper Midwest,True,True,True,False,True,False,False,0,False,False,False,neither
2948,-95.5142672511,43.8021885343,38930.13379949618,2312355.68879751,MULTI_HORIZON_CANDIDATE_LEDGER,EPSG:4326-compatible longitude/latitude; CRS not embedded in Parquet,MN,Temporate Plains,Temperate Plains,True,True,True,True,True,True,True,1,True,True,True,both
29483,-94.3652253652,45.5508713132,127667.27029777099,2508077.743496352,MULTI_HORIZON_CANDIDATE_LEDGER,EPSG:4326-compatible longitude/latitude; CRS not embedded in Parquet,MN,Upper Midwest,Upper Midwest,True,True,True,True,True,True,False,0,True,False,False,multi_horizon_only
29505,-94.240067445,46.4783268085,135534.2003987212,2611170.048797883,MULTI_HORIZON_CANDIDATE_LEDGER,EPSG:4326-compatible longitude/latitude; CRS not embedded in Parquet,MN,Upper Midwest,Upper Midwest,True,True,True,True,True,True,False,0,False,False,False,neither
29507,-93.1391565419,44.8710764019,225669.76319739193,2434769.170798013,MULTI_HORIZON_CANDIDATE_LEDGER,EPSG:4326-compatible longitude/latitude; CRS not embedded in Parquet,MN,Upper Midwest,Upper Midwest,True,True,True,True,True,True,False,0,False,False,False,neither
2952,-93.3048659121,44.92182117,212441.68860065733,2440032.9326045867,MULTI_HORIZON_CANDIDATE_LEDGER,EPSG:4326-compatible longitude/latitude; CRS not embedded in Parquet,MN,Upper Midwest,Upper Midwest,True,True,True,True,True,True,False,0,True,False,False,multi_horizon_only
2960,-93.6074285507,44.2304972948,190536.21659727456,2362416.6609020503,MULTI_HORIZON_CANDIDATE_LEDGER,EPSG:4326-compatible longitude/latitude; CRS not embedded in Parquet,MN,Upper Midwest,Upper Midwest,True,True,True,True,True,True,True,2,True,False,False,multi_horizon_only
2961,-94.1761012029,46.5762014002,140251.55029700682,2622107.7315030927,MULTI_HORIZON_CANDIDATE_LEDGER,EPSG:4326-compatible longitude/latitude; CRS not embedded in Parquet,MN,Upper Midwest,Upper Midwest,True,True,True,False,True,False,False,0,False,False,False,neither
2968,-93.0343255808,45.5806337994,231474.1570990846,2513898.997100345,MULTI_HORIZON_CANDIDATE_LEDGER,EPSG:4326-compatible longitude/latitude; CRS not embedded in Parquet,MN,Upper Midwest,Upper Midwest,True,True,True,True,True,True,False,0,False,False,False,neither
2978,-94.1603088171,46.5097220568,141608.38619742522,2614765.4014976015,MULTI_HORIZON_CANDIDATE_LEDGER,EPSG:4326-compatible longitude/latitude; CRS not embedded in Parquet,MN,Upper Midwest,Upper Midwest,True,True,True,True,True,True,False,0,False,False,False,neither
297899,-90.6021225447,31.5067373403,510475.29939673666,951349.0416954551,MULTI_HORIZON_CANDIDATE_LEDGER,EPSG:4326-compatible longitude/latitude; CRS not embedded in Parquet,MS,Coastal Plains,Coastal Plains,True,True,True,False,True,False,False,0,True,False,False,multi_horizon_only
2979,-92.102839889,47.8263853249,293944.8498975979,2765038.6436047405,MULTI_HORIZON_CANDIDATE_LEDGER,EPSG:4326-compatible longitude/latitude; CRS not embedded in Parquet,MN,Upper Midwest,Upper Midwest,True,True,True,False,True,False,False,0,False,False,False,neither
2981,-93.3605574477,45.751173686,205492.21920381786,2532086.6592000993,MULTI_HORIZON_CANDIDATE_LEDGER,EPSG:4326-compatible longitude/latitude; CRS not embedded in Parquet,MN,Upper Midwest,Upper Midwest,True,True,True,False,True,False,False,0,False,False,False,neither
2983,-94.6610001299,47.4562309603,101595.42490367578,2718854.5792053062,MULTI_HORIZON_CANDIDATE_LEDGER,EPSG:4326-compatible longitude/latitude; CRS not embedded in Parquet,MN,Upper Midwest,Upper Midwest,True,True,True,True,True,True,False,0,False,False,False,neither
2987,-94.5487377087,46.9398513732,110984.61909960903,2661881.5075039864,MULTI_HORIZON_CANDIDATE_LEDGER,EPSG:4326-compatible longitude/latitude; CRS not embedded in Parquet,MN,Upper Midwest,Upper Midwest,True,True,True,False,True,False,False,0,False,False,False,neither
299,-94.7803547334,47.5361130724,92426.76629782228,2727556.9236020353,MULTI_HORIZON_CANDIDATE_LEDGER,EPSG:4326-compatible longitude/latitude; CRS not embedded in Parquet,MN,Upper Midwest,Upper Midwest,True,True,True,True,True,True,False,0,False,False,False,neither
299391,-90.1255247224,30.184097263,564575.3300045779,807263.6304030959,MULTI_HORIZON_CANDIDATE_LEDGER,EPSG:4326-compatible longitude/latitude; CRS not embedded in Parquet,LA,Coastal Plains,Coastal Plains,True,True,True,False,True,False,False,0,True,False,False,multi_horizon_only
2995,-95.5565182935,46.6347678765,34073.90779713174,2627330.3187992238,MULTI_HORIZON_CANDIDATE_LEDGER,EPSG:4326-compatible longitude/latitude; CRS not embedded in Parquet,MN,Upper Midwest,Upper Midwest,True,True,True,True,True,True,False,0,False,False,False,neither
3006,-93.5506445193,44.9411836117,193017.36579627712,2441662.797299587,MULTI_HORIZON_CANDIDATE_LEDGER,EPSG:4326-compatible longitude/latitude; CRS not embedded in Parquet,MN,Upper Midwest,Upper Midwest,True,True,True,False,True,False,False,0,False,False,False,neither
3012,-93.5480809552,47.2447811237,186625.63039826936,2697174.8609997975,MULTI_HORIZON_CANDIDATE_LEDGER,EPSG:4326-compatible longitude/latitude; CRS not embedded in Parquet,MN,Upper Midwest,Upper Midwest,True,True,True,False,True,False,False,0,False,False,False,neither
3013,-94.8428758771,45.1810637003,90868.11240367888,2466418.000994999,MULTI_HORIZON_CANDIDATE_LEDGER,EPSG:4326-compatible longitude/latitude; CRS not embedded in Parquet,MN,Upper Midwest,Upper Midwest,True,True,True,True,True,True,False,0,True,True,True,both
3014,-94.4666022818,43.64004989,123184.66680147492,2295159.417998001,MULTI_HORIZON_CANDIDATE_LEDGER,EPSG:4326-compatible longitude/latitude; CRS not embedded in Parquet,MN,Temporate Plains,Temperate Plains,True,True,True,True,True,True,True,3,True,True,True,both
3015,-94.8517954849,46.9914975234,87740.63399624193,2667279.885203194,MULTI_HORIZON_CANDIDATE_LEDGER,EPSG:4326-compatible longitude/latitude; CRS not embedded in Parquet,MN,Upper Midwest,Upper Midwest,True,True,True,False,True,False,False,0,False,False,False,neither
3017,-95.3960807001,45.9185881004,46905.36719652708,2547972.1234050635,MULTI_HORIZON_CANDIDATE_LEDGER,EPSG:4326-compatible longitude/latitude; CRS not embedded in Parquet,MN,Upper Midwest,Upper Midwest,True,True,True,True,True,True,False,0,False,False,False,neither
3024,-92.8959950806,45.2474248611,243476.89350236006,2477222.1577041196,MULTI_HORIZON_CANDIDATE_LEDGER,EPSG:4326-compatible longitude/latitude; CRS not embedded in Parquet,MN,Upper Midwest,Upper Midwest,True,True,True,True,True,True,False,0,True,False,False,multi_horizon_only
3028,-95.4909406713,46.8655710085,38975.45029962141,2652916.0516053606,MULTI_HORIZON_CANDIDATE_LEDGER,EPSG:4326-compatible longitude/latitude; CRS not embedded in Parquet,MN,Upper Midwest,Upper Midwest,True,True,True,True,True,True,False,0,False,False,False,neither
3039,-93.0515042325,47.6825316181,222910.6635034899,2746591.276599898,MULTI_HORIZON_CANDIDATE_LEDGER,EPSG:4326-compatible longitude/latitude; CRS not embedded in Parquet,MN,Upper Midwest,Upper Midwest,True,True,True,False,True,False,False,0,False,False,False,neither
3041,-93.6033239134,45.313174204,187823.43249713207,2482925.5850013737,MULTI_HORIZON_CANDIDATE_LEDGER,EPSG:4326-compatible longitude/latitude; CRS not embedded in Parquet,MN,Upper Midwest,Upper Midwest,True,True,True,False,True,False,False,0,True,False,False,multi_horizon_only
3044,-95.5467595753,45.9890780173,35165.18410113013,2555731.8395029716,MULTI_HORIZON_CANDIDATE_LEDGER,EPSG:4326-compatible longitude/latitude; CRS not embedded in Parquet,MN,Upper Midwest,Upper Midwest,True,True,True,True,True,True,False,0,False,False,False,neither
30484,-93.9343673322,46.8207630673,158248.54219914114,2649570.6519051827,MULTI_HORIZON_CANDIDATE_LEDGER,EPSG:4326-compatible longitude/latitude; CRS not embedded in Parquet,MN,Upper Midwest,Upper Midwest,True,True,True,True,True,True,False,0,False,False,False,neither
305,-95.4035447962,45.8742853754,46356.522397837274,2543049.8551046886,MULTI_HORIZON_CANDIDATE_LEDGER,EPSG:4326-compatible longitude/latitude; CRS not embedded in Parquet,MN,Upper Midwest,Upper Midwest,True,True,True,True,True,True,True,2,True,True,True,both
3053,-93.1703014934,45.043244942,222643.2730036247,2453847.6149005434,MULTI_HORIZON_CANDIDATE_LEDGER,EPSG:4326-compatible longitude/latitude; CRS not embedded in Parquet,MN,Upper Midwest,Upper Midwest,True,True,True,True,True,True,False,0,False,False,False,neither
30544,-94.5334235037,47.5765509438,111069.34459704424,2732287.2977046436,MULTI_HORIZON_CANDIDATE_LEDGER,EPSG:4326-compatible longitude/latitude; CRS not embedded in Parquet,MN,Upper Midwest,Upper Midwest,True,True,True,True,True,True,False,0,False,False,False,neither
3057,-93.9415340476,45.4951376409,160884.83739946023,2502528.1712945364,MULTI_HORIZON_CANDIDATE_LEDGER,EPSG:4326-compatible longitude/latitude; CRS not embedded in Parquet,MN,Upper Midwest,Upper Midwest,True,True,True,True,True,True,True,1,True,False,False,multi_horizon_only
30606,-92.8994687909,45.1845645874,243432.57160217574,2470225.63080169,MULTI_HORIZON_CANDIDATE_LEDGER,EPSG:4326-compatible longitude/latitude; CRS not embedded in Parquet,MN,Upper Midwest,Upper Midwest,True,True,True,False,True,False,False,0,True,False,False,multi_horizon_only
3061,-86.0401340901,46.6381829733,763806.703496401,2667690.8616027134,MULTI_HORIZON_CANDIDATE_LEDGER,EPSG:4326-compatible longitude/latitude; CRS not embedded in Parquet,MI,Upper Midwest,Upper Midwest,True,True,True,False,True,False,False,0,False,False,False,neither
3064,-93.5234624774,44.590069322,196177.53750097097,2402639.2882989245,MULTI_HORIZON_CANDIDATE_LEDGER,EPSG:4326-compatible longitude/latitude; CRS not embedded in Parquet,MN,Upper Midwest,Upper Midwest,True,True,True,True,True,True,True,2,True,True,True,both
3069,-94.1021893304,45.3219883147,148714.5072992645,2483022.09329632,MULTI_HORIZON_CANDIDATE_LEDGER,EPSG:4326-compatible longitude/latitude; CRS not embedded in Parquet,MN,Upper Midwest,Upper Midwest,True,True,True,True,True,True,False,0,False,False,False,neither
307,-93.7845825538,44.7746983654,175017.7712960282,2422683.127505402,MULTI_HORIZON_CANDIDATE_LEDGER,EPSG:4326-compatible longitude/latitude; CRS not embedded in Parquet,MN,Upper Midwest,Upper Midwest,True,True,True,True,True,True,True,4,True,True,True,both
3071,-92.7570787729,46.378675097,250083.3733013427,2603135.3584981468,MULTI_HORIZON_CANDIDATE_LEDGER,EPSG:4326-compatible longitude/latitude; CRS not embedded in Parquet,MN,Upper Midwest,Upper Midwest,True,True,True,False,True,False,False,0,False,False,False,neither
3075,-92.1451877908,48.1361275509,289367.2983966762,2799039.3018969456,MULTI_HORIZON_CANDIDATE_LEDGER,EPSG:4326-compatible longitude/latitude; CRS not embedded in Parquet,MN,Upper Midwest,Upper Midwest,True,True,True,True,True,True,False,0,False,False,False,neither
3076,-93.3218405029,45.0401596319,210732.9639003422,2453158.9364990974,MULTI_HORIZON_CANDIDATE_LEDGER,EPSG:4326-compatible longitude/latitude; CRS not embedded in Parquet,MN,Upper Midwest,Upper Midwest,True,True,True,False,True,False,False,0,False,False,False,neither
3077,-94.2788305236,45.1332737597,135254.40639662734,2461773.6537040705,MULTI_HORIZON_CANDIDATE_LEDGER,EPSG:4326-compatible longitude/latitude; CRS not embedded in Parquet,MN,Upper Midwest,Upper Midwest,True,True,True,True,True,True,False,0,True,False,False,multi_horizon_only
3078,-94.164814619,45.3020935696,143850.45879712113,2480713.9408945423,MULTI_HORIZON_CANDIDATE_LEDGER,EPSG:4326-compatible longitude/latitude; CRS not embedded in Parquet,MN,Upper Midwest,Upper Midwest,True,True,True,True,True,True,False,0,False,False,False,neither
3089,-92.319685156,47.5303901819,278862.86000007304,2731732.0465000365,MULTI_HORIZON_CANDIDATE_LEDGER,EPSG:4326-compatible longitude/latitude; CRS not embedded in Parquet,MN,Upper Midwest,Upper Midwest,True,True,True,False,True,False,False,0,False,False,False,neither
30918,-94.0666011953,39.9266009568,163765.3143030814,1880419.2266045883,MULTI_HORIZON_CANDIDATE_LEDGER,EPSG:4326-compatible longitude/latitude; CRS not embedded in Parquet,MO,Temporate Plains,Temperate Plains,True,True,True,False,True,False,False,0,False,False,False,neither
3092,-93.4124145528,44.7329110422,204538.93269850823,2418775.1704980163,MULTI_HORIZON_CANDIDATE_LEDGER,EPSG:4326-compatible longitude/latitude; CRS not embedded in Parquet,MN,Upper Midwest,Upper Midwest,True,True,True,True,True,True,True,1,False,False,False,neither
3103,-90.5915561217,47.7656923519,408209.1337040249,2763931.726995079,MULTI_HORIZON_CANDIDATE_LEDGER,EPSG:4326-compatible longitude/latitude; CRS not embedded in Parquet,MN,Upper Midwest,Upper Midwest,True,True,True,True,True,True,False,0,False,False,False,neither
310696,-102.770476564,48.9863144806,-501286.38659650105,2904583.088602176,MULTI_HORIZON_CANDIDATE_LEDGER,EPSG:4326-compatible longitude/latitude; CRS not embedded in Parquet,ND,Temporate Plains,Temperate Plains,True,True,True,False,True,False,False,0,True,False,False,multi_horizon_only
3110,-96.1318877646,46.7785829664,-10111.223001102015,2643187.146702932,MULTI_HORIZON_CANDIDATE_LEDGER,EPSG:4326-compatible longitude/latitude; CRS not embedded in Parquet,MN,Upper Midwest,Upper Midwest,True,True,True,True,True,True,False,0,False,False,False,neither
311086,-102.088939243,48.8403550995,-451925.1213892006,2885164.1815991253,MULTI_HORIZON_CANDIDATE_LEDGER,EPSG:4326-compatible longitude/latitude; CRS not embedded in Parquet,ND,Temporate Plains,Temperate Plains,True,True,True,False,True,False,False,0,True,True,True,both
3113,-95.3409545635,45.8760793316,51219.582199070865,2543281.1685968805,MULTI_HORIZON_CANDIDATE_LEDGER,EPSG:4326-compatible longitude/latitude; CRS not embedded in Parquet,MN,Upper Midwest,Upper Midwest,True,True,True,True,True,True,False,0,False,False,False,neither
3116,-92.9918519674,46.6613535979,230993.24199623216,2633852.2447002437,MULTI_HORIZON_CANDIDATE_LEDGER,EPSG:4326-compatible longitude/latitude; CRS not embedded in Parquet,MN,Upper Midwest,Upper Midwest,True,True,True,False,True,False,False,0,False,False,False,neither
3117,-94.0506672377,46.7569324228,149485.04370010697,2642315.7001043567,MULTI_HORIZON_CANDIDATE_LEDGER,EPSG:4326-compatible longitude/latitude; CRS not embedded in Parquet,MN,Upper Midwest,Upper Midwest,True,True,True,True,True,True,False,0,False,False,False,neither
3118,-93.1088188327,47.5972664827,218865.32899958213,2737047.589697575,MULTI_HORIZON_CANDIDATE_LEDGER,EPSG:4326-compatible longitude/latitude; CRS not embedded in Parquet,MN,Upper Midwest,Upper Midwest,True,True,True,False,True,False,False,0,True,False,False,multi_horizon_only
3119,-94.5637538839,47.3553514794,109141.83130195116,2707815.4384953994,MULTI_HORIZON_CANDIDATE_LEDGER,EPSG:4326-compatible longitude/latitude; CRS not embedded in Parquet,MN,Upper Midwest,Upper Midwest,True,True,True,True,True,True,False,0,False,False,False,neither
311910,-102.274623479,48.9201365089,-465108.5479295151,2894808.835103633,MULTI_HORIZON_CANDIDATE_LEDGER,EPSG:4326-compatible longitude/latitude; CRS not embedded in Parquet,ND,Temporate Plains,Temperate Plains,True,True,True,True,True,True,False,0,True,True,True,both
31198,-92.6709636724,46.6878554019,255521.58229773573,2637607.6973012118,MULTI_HORIZON_CANDIDATE_LEDGER,EPSG:4326-compatible longitude/latitude; CRS not embedded in Parquet,MN,Upper Midwest,Upper Midwest,True,True,True,False,True,False,False,0,True,False,False,multi_horizon_only
3122,-93.5434936435,44.894327155,193715.5429038236,2436463.9889034545,MULTI_HORIZON_CANDIDATE_LEDGER,EPSG:4326-compatible longitude/latitude; CRS not embedded in Parquet,MN,Upper Midwest,Upper Midwest,True,True,True,False,True,False,False,0,False,False,False,neither
312676,-101.576841272,48.4670655303,-416370.63572751347,2841842.3131994177,MULTI_HORIZON_CANDIDATE_LEDGER,EPSG:4326-compatible longitude/latitude; CRS not embedded in Parquet,ND,Temporate Plains,Temperate Plains,True,True,True,True,True,True,False,0,True,True,True,both
312677,-100.932777544,48.8570563448,-366104.9225689708,2882020.611699541,MULTI_HORIZON_CANDIDATE_LEDGER,EPSG:4326-compatible longitude/latitude; CRS not embedded in Parquet,ND,Temporate Plains,Temperate Plains,True,True,True,False,True,False,False,0,True,True,True,both
313874,-99.8363558938,48.9678558837,-284289.00959902286,2890430.224395533,MULTI_HORIZON_CANDIDATE_LEDGER,EPSG:4326-compatible longitude/latitude; CRS not embedded in Parquet,ND,Temporate Plains,Temperate Plains,True,True,True,True,True,True,False,0,False,False,False,neither
3140,-92.981344989,44.952657609,237825.84319602043,2444229.7314027064,MULTI_HORIZON_CANDIDATE_LEDGER,EPSG:4326-compatible longitude/latitude; CRS not embedded in Parquet,MN,Upper Midwest,Upper Midwest,True,True,True,True,True,True,False,0,False,False,False,neither
314255,-98.9730662931,48.2811275907,-222702.75180172868,2812630.7899015574,MULTI_HORIZON_CANDIDATE_LEDGER,EPSG:4326-compatible longitude/latitude; CRS not embedded in Parquet,ND,Temporate Plains,Temperate Plains,True,True,True,False,True,False,False,0,True,True,True,both
314256,-98.9975048405,48.0463243041,-225348.82259706213,2786824.3267023154,MULTI_HORIZON_CANDIDATE_LEDGER,EPSG:4326-compatible longitude/latitude; CRS not embedded in Parquet,ND,Temporate Plains,Temperate Plains,True,True,True,False,True,False,False,0,True,False,False,multi_horizon_only
314257,-98.6404446254,47.9699639321,-198746.76329662756,2777610.950395804,MULTI_HORIZON_CANDIDATE_LEDGER,EPSG:4326-compatible longitude/latitude; CRS not embedded in Parquet,ND,Temporate Plains,Temperate Plains,True,True,True,False,True,False,False,0,True,False,False,multi_horizon_only
314507,-98.0378573251,46.683108387,-156447.87530134586,2634283.3916994715,MULTI_HORIZON_CANDIDATE_LEDGER,EPSG:4326-compatible longitude/latitude; CRS not embedded in Parquet,ND,Temporate Plains,Temperate Plains,True,True,True,False,True,False,False,0,True,False,False,multi_horizon_only
314560,-97.6380451248,47.5678987464,-124070.55930021075,2731543.958798616,MULTI_HORIZON_CANDIDATE_LEDGER,EPSG:4326-compatible longitude/latitude; CRS not embedded in Parquet,ND,Temporate Plains,Temperate Plains,True,True,True,False,True,False,False,0,True,True,True,both
314644,-97.755531451,48.7760525641,-130509.0543970815,2864818.466202235,MULTI_HORIZON_CANDIDATE_LEDGER,EPSG:4326-compatible longitude/latitude; CRS not embedded in Parquet,ND,Temporate Plains,Temperate Plains,True,True,True,True,True,True,False,0,True,True,True,both
3148,-93.2574893717,46.7031082288,210467.64139621603,2637858.343498826,MULTI_HORIZON_CANDIDATE_LEDGER,EPSG:4326-compatible longitude/latitude; CRS not embedded in Parquet,MN,Upper Midwest,Upper Midwest,True,True,True,False,True,False,False,0,False,False,False,neither
3149,-94.5848099704,44.1305937038,112874.47999899425,2349721.5682957144,MULTI_HORIZON_CANDIDATE_LEDGER,EPSG:4326-compatible longitude/latitude; CRS not embedded in Parquet,MN,Temporate Plains,Temperate Plains,True,True,True,False,True,False,False,0,True,True,True,both
314992,-99.1122441885,48.3474040148,-232885.45180059798,2820260.525395629,MULTI_HORIZON_CANDIDATE_LEDGER,EPSG:4326-compatible longitude/latitude; CRS not embedded in Parquet,ND,Temporate Plains,Temperate Plains,True,True,True,False,True,False,False,0,True,True,True,both
314996,-98.3612819856,47.8773896131,-177992.4168964248,2766849.644801638,MULTI_HORIZON_CANDIDATE_LEDGER,EPSG:4326-compatible longitude/latitude; CRS not embedded in Parquet,ND,Temporate Plains,Temperate Plains,True,True,True,False,True,False,False,0,False,False,False,neither
315,-93.9880028864,46.861998827,154043.483301744,2654046.9220023677,MULTI_HORIZON_CANDIDATE_LEDGER,EPSG:4326-compatible longitude/latitude; CRS not embedded in Parquet,MN,Upper Midwest,Upper Midwest,True,True,True,False,True,False,False,0,False,False,False,neither
3150,-95.0641971379,46.9569528384,71548.08249877242,2663279.0902997144,MULTI_HORIZON_CANDIDATE_LEDGER,EPSG:4326-compatible longitude/latitude; CRS not embedded in Parquet,MN,Upper Midwest,Upper Midwest,True,True,True,False,True,False,False,0,False,False,False,neither
315317,-97.4210528475,47.0990865946,-108411.0773034945,2679464.3859019186,MULTI_HORIZON_CANDIDATE_LEDGER,EPSG:4326-compatible longitude/latitude; CRS not embedded in Parquet,ND,Temporate Plains,Temperate Plains,True,True,True,False,True,False,False,0,True,True,True,both
315375,-97.9895196506,47.1706786499,-151607.79260175963,2688159.674398993,MULTI_HORIZON_CANDIDATE_LEDGER,EPSG:4326-compatible longitude/latitude; CRS not embedded in Parquet,ND,Temporate Plains,Temperate Plains,True,True,True,False,True,False,False,0,True,False,False,multi_horizon_only
31567,-93.4332080456,45.0392847838,201974.73240086372,2452819.809196026,MULTI_HORIZON_CANDIDATE_LEDGER,EPSG:4326-compatible longitude/latitude; CRS not embedded in Parquet,MN,Upper Midwest,Upper Midwest,True,True,True,True,True,True,True,1,False,False,False,neither
315713,-96.8384454966,46.2670028974,-64779.11179915581,2586770.3522996632,MULTI_HORIZON_CANDIDATE_LEDGER,EPSG:4326-compatible longitude/latitude; CRS not embedded in Parquet,ND,Temporate Plains,Temperate Plains,True,True,True,False,True,False,False,0,True,True,True,both
315747,-98.4398467758,47.9068401052,-183829.9137002626,2770247.109197122,MULTI_HORIZON_CANDIDATE_LEDGER,EPSG:4326-compatible longitude/latitude; CRS not embedded in Parquet,ND,Temporate Plains,Temperate Plains,True,True,True,True,True,True,False,0,True,True,True,both
316,-91.7462138543,47.9467490507,320232.1301024897,2779457.4900971362,MULTI_HORIZON_CANDIDATE_LEDGER,EPSG:4326-compatible longitude/latitude; CRS not embedded in Parquet,MN,Upper Midwest,Upper Midwest,True,True,True,False,True,False,False,0,False,False,False,neither
3160,-95.3761556823,45.902162458,48464.85779970911,2546158.5742046135,MULTI_HORIZON_CANDIDATE_LEDGER,EPSG:4326-compatible longitude/latitude; CRS not embedded in Parquet,MN,Upper Midwest,Upper Midwest,True,True,True,True,True,True,False,0,False,False,False,neither
31602,-94.9672329052,46.9255791142,78999.07280266023,2659883.621398408,MULTI_HORIZON_CANDIDATE_LEDGER,EPSG:4326-compatible longitude/latitude; CRS not embedded in Parquet,MN,Upper Midwest,Upper Midwest,True,True,True,False,True,False,False,0,True,True,True,both
316078,-96.9315901953,46.0454086338,-72216.33619744549,2562253.957299608,MULTI_HORIZON_CANDIDATE_LEDGER,EPSG:4326-compatible longitude/latitude; CRS not embedded in Parquet,ND,Temporate Plains,Temperate Plains,True,True,True,False,True,False,False,0,True,True,True,both
3163,-93.4168019327,43.9030026575,206705.93280061785,2326311.3189946525,MULTI_HORIZON_CANDIDATE_LEDGER,EPSG:4326-compatible longitude/latitude; CRS not embedded in Parquet,MN,Temporate Plains,Temperate Plains,True,True,True,False,True,False,False,0,True,True,True,both
31636,-95.0095672415,45.2285377495,77723.44569649518,2471550.041397107,MULTI_HORIZON_CANDIDATE_LEDGER,EPSG:4326-compatible longitude/latitude; CRS not embedded in Parquet,MN,Upper Midwest,Upper Midwest,True,True,True,False,True,False,False,0,True,True,True,both
316492,-98.8319946263,48.2473954655,-212249.45969821134,2808593.6218955787,MULTI_HORIZON_CANDIDATE_LEDGER,EPSG:4326-compatible longitude/latitude; CRS not embedded in Parquet,ND,Temporate Plains,Temperate Plains,True,True,True,False,True,False,False,0,True,True,True,both
316495,-98.2609540962,48.1051890869,-169833.59309673714,2791779.911298151,MULTI_HORIZON_CANDIDATE_LEDGER,EPSG:4326-compatible longitude/latitude; CRS not embedded in Parquet,ND,Temporate Plains,Temperate Plains,True,True,True,False,True,False,False,0,True,True,True,both
316501,-97.942572057,48.2237132901,-145654.66120165124,2804310.3652982367,MULTI_HORIZON_CANDIDATE_LEDGER,EPSG:4326-compatible longitude/latitude; CRS not embedded in Parquet,ND,Temporate Plains,Temperate Plains,True,True,True,False,True,False,False,0,True,False,False,multi_horizon_only
316709,-98.159330775,46.8573950184,-165333.41830098734,2653784.931400623,MULTI_HORIZON_CANDIDATE_LEDGER,EPSG:4326-compatible longitude/latitude; CRS not embedded in Parquet,ND,Temporate Plains,Temperate Plains,True,True,True,False,True,False,False,0,True,True,True,both
316751,-97.796345337,48.4047729157,-134314.96049796543,2824033.5098033315,MULTI_HORIZON_CANDIDATE_LEDGER,EPSG:4326-compatible longitude/latitude; CRS not embedded in Parquet,ND,Temporate Plains,Temperate Plains,True,True,True,True,True,True,False,0,True,True,True,both
317,-95.6918504261,46.1708190778,23842.796999242575,2575854.11950053,MULTI_HORIZON_CANDIDATE_LEDGER,EPSG:4326-compatible longitude/latitude; CRS not embedded in Parquet,MN,Upper Midwest,Upper Midwest,True,True,True,False,True,False,False,0,False,False,False,neither
3173,-95.0007841008,45.1846909987,78463.94590066023,2466680.7556992685,MULTI_HORIZON_CANDIDATE_LEDGER,EPSG:4326-compatible longitude/latitude; CRS not embedded in Parquet,MN,Upper Midwest,Upper Midwest,True,True,True,False,True,False,False,0,False,False,False,neither
3177,-93.3301198918,45.8239960491,207634.11569757698,2540237.143105205,MULTI_HORIZON_CANDIDATE_LEDGER,EPSG:4326-compatible longitude/latitude; CRS not embedded in Parquet,MN,Upper Midwest,Upper Midwest,True,True,True,False,True,False,False,0,True,True,True,both
3186,-95.8052014071,46.4270433193,15014.137696461998,2604245.727400806,MULTI_HORIZON_CANDIDATE_LEDGER,EPSG:4326-compatible longitude/latitude; CRS not embedded in Parquet,MN,Upper Midwest,Upper Midwest,True,True,True,True,True,True,False,0,False,False,False,neither
3196,-94.1848991104,46.3902972498,139968.63310258932,2601493.284204957,MULTI_HORIZON_CANDIDATE_LEDGER,EPSG:4326-compatible longitude/latitude; CRS not embedded in Parquet,MN,Upper Midwest,Upper Midwest,True,True,True,True,True,True,False,0,False,False,False,neither
31964,-96.1303981745,41.3149478346,-10832.553001254995,2034259.527395893,MULTI_HORIZON_CANDIDATE_LEDGER,EPSG:4326-compatible longitude/latitude; CRS not embedded in Parquet,NE,Temporate Plains,Temperate Plains,True,True,True,False,True,False,False,0,True,False,False,multi_horizon_only
3197,-95.9482226601,46.708198832,3973.776500470261,2635386.180401128,MULTI_HORIZON_CANDIDATE_LEDGER,EPSG:4326-compatible longitude/latitude; CRS not embedded in Parquet,MN,Upper Midwest,Upper Midwest,True,True,True,True,True,True,False,0,False,False,False,neither
3198,-94.4669408385,43.6510495233,123137.67120083731,2296386.271998615,MULTI_HORIZON_CANDIDATE_LEDGER,EPSG:4326-compatible longitude/latitude; CRS not embedded in Parquet,MN,Temporate Plains,Temperate Plains,True,True,True,True,True,True,True,3,True,True,True,both
320269,-106.744039764,47.7353949267,-810007.8455262858,2794805.4927993594,MULTI_HORIZON_CANDIDATE_LEDGER,EPSG:4326-compatible longitude/latitude; CRS not embedded in Parquet,MT,Northern Plains,Northern Plains,True,True,True,False,True,False,False,0,False,False,False,neither
3205,-93.4048787859,47.2597510551,197477.50769996102,2699118.858700794,MULTI_HORIZON_CANDIDATE_LEDGER,EPSG:4326-compatible longitude/latitude; CRS not embedded in Parquet,MN,Upper Midwest,Upper Midwest,True,True,True,False,True,False,False,0,False,False,False,neither
3208,-93.6326025096,44.8860406665,186713.03799655597,2435363.5895001628,MULTI_HORIZON_CANDIDATE_LEDGER,EPSG:4326-compatible longitude/latitude; CRS not embedded in Parquet,MN,Upper Midwest,Upper Midwest,True,True,True,False,True,False,False,0,False,False,False,neither
3209,-92.9436208357,45.0169609368,240566.83659857395,2451476.8319989787,MULTI_HORIZON_CANDIDATE_LEDGER,EPSG:4326-compatible longitude/latitude; CRS not embedded in Parquet,MN,Upper Midwest,Upper Midwest,True,True,True,True,True,True,False,0,True,False,False,multi_horizon_only
3214,-94.7578080254,47.1596555296,94679.17580371893,2685972.3017018847,MULTI_HORIZON_CANDIDATE_LEDGER,EPSG:4326-compatible longitude/latitude; CRS not embedded in Parquet,MN,Upper Midwest,Upper Midwest,True,True,True,True,True,True,False,0,False,False,False,neither
3215,-95.9512690775,46.4324891122,3755.637797324597,2604835.0003046263,MULTI_HORIZON_CANDIDATE_LEDGER,EPSG:4326-compatible longitude/latitude; CRS not embedded in Parquet,MN,Upper Midwest,Upper Midwest,True,True,True,False,True,False,False,0,False,False,False,neither
3216,-95.3479839516,45.4530928721,50995.68220177401,2496287.3903963603,MULTI_HORIZON_CANDIDATE_LEDGER,EPSG:4326-compatible longitude/latitude; CRS not embedded in Parquet,MN,Upper Midwest,Upper Midwest,True,True,True,False,True,False,False,0,False,False,False,neither
3238,-95.4428696316,45.7016916895,43412.60120044139,2523863.815302181,MULTI_HORIZON_CANDIDATE_LEDGER,EPSG:4326-compatible longitude/latitude; CRS not embedded in Parquet,MN,Upper Midwest,Upper Midwest,True,True,True,True,True,True,True,3,True,True,True,both
3244,-95.3743622041,45.8944446445,48609.82749953715,2545302.6438974384,MULTI_HORIZON_CANDIDATE_LEDGER,EPSG:4326-compatible longitude/latitude; CRS not embedded in Parquet,MN,Upper Midwest,Upper Midwest,True,True,True,True,True,True,False,0,False,False,False,neither
3260,-90.4284871616,48.0662013026,418560.77050194226,2797734.561098839,MULTI_HORIZON_CANDIDATE_LEDGER,EPSG:4326-compatible longitude/latitude; CRS not embedded in Parquet,MN,Upper Midwest,Upper Midwest,True,True,True,True,True,True,False,0,False,False,False,neither
32606,-93.8572168651,46.2623784806,165553.18570165106,2587838.1994989756,MULTI_HORIZON_CANDIDATE_LEDGER,EPSG:4326-compatible longitude/latitude; CRS not embedded in Parquet,MN,Upper Midwest,Upper Midwest,True,True,True,False,True,False,False,0,False,False,False,neither
32609,-94.9436109465,45.2113075468,82920.40999830925,2469689.5645959685,MULTI_HORIZON_CANDIDATE_LEDGER,EPSG:4326-compatible longitude/latitude; CRS not embedded in Parquet,MN,Upper Midwest,Upper Midwest,True,True,True,True,True,True,False,0,True,False,False,multi_horizon_only
32612,-94.1653811061,46.4549244975,141335.24560319787,2608685.3106029443,MULTI_HORIZON_CANDIDATE_LEDGER,EPSG:4326-compatible longitude/latitude; CRS not embedded in Parquet,MN,Upper Midwest,Upper Midwest,True,True,True,True,True,True,False,0,True,True,True,both
32638,-93.387485657,45.0608744457,205505.59089999643,2455319.112996255,MULTI_HORIZON_CANDIDATE_LEDGER,EPSG:4326-compatible longitude/latitude; CRS not embedded in Parquet,MN,Upper Midwest,Upper Midwest,True,True,True,True,True,True,False,0,True,True,True,both
3264,-92.9685690954,45.1793557966,238027.62610227018,2469471.520703735,MULTI_HORIZON_CANDIDATE_LEDGER,EPSG:4326-compatible longitude/latitude; CRS not embedded in Parquet,MN,Upper Midwest,Upper Midwest,True,True,True,False,True,False,False,0,True,True,True,both
32704,-92.9049577846,44.961435308,243810.1265967956,2445399.6580002448,MULTI_HORIZON_CANDIDATE_LEDGER,EPSG:4326-compatible longitude/latitude; CRS not embedded in Parquet,MN,Upper Midwest,Upper Midwest,True,True,True,True,True,True,True,1,True,True,True,both
3277,-93.6710320717,47.1570119732,177507.08059965124,2687236.3099006414,MULTI_HORIZON_CANDIDATE_LEDGER,EPSG:4326-compatible longitude/latitude; CRS not embedded in Parquet,MN,Upper Midwest,Upper Midwest,True,True,True,True,True,True,False,0,False,False,False,neither
328,-93.9006148564,44.195459596,167278.19700028552,2357960.1652014162,MULTI_HORIZON_CANDIDATE_LEDGER,EPSG:4326-compatible longitude/latitude; CRS not embedded in Parquet,MN,Upper Midwest,Upper Midwest,True,True,True,False,True,False,False,0,True,False,False,multi_horizon_only
3289,-93.9086951689,46.3664340456,161322.6702981242,2599285.8972949786,MULTI_HORIZON_CANDIDATE_LEDGER,EPSG:4326-compatible longitude/latitude; CRS not embedded in Parquet,MN,Upper Midwest,Upper Midwest,True,True,True,True,True,True,False,0,False,False,False,neither
3295,-94.5248575199,45.3874597316,115483.82260149457,2489712.7124982076,MULTI_HORIZON_CANDIDATE_LEDGER,EPSG:4326-compatible longitude/latitude; CRS not embedded in Parquet,MN,Upper Midwest,Upper Midwest,True,True,True,True,True,True,True,1,True,True,True,both
3299,-93.1286885564,44.7844966494,226786.41459614522,2425160.2093999907,MULTI_HORIZON_CANDIDATE_LEDGER,EPSG:4326-compatible longitude/latitude; CRS not embedded in Parquet,MN,Upper Midwest,Upper Midwest,True,True,True,True,True,True,False,0,False,False,False,neither
329969,-102.640918232,48.5512814719,-495049.1809047606,2856194.56119823,MULTI_HORIZON_CANDIDATE_LEDGER,EPSG:4326-compatible longitude/latitude; CRS not embedded in Parquet,ND,Northern Plains,Northern Plains,True,True,True,False,True,False,False,0,True,True,True,both
3300,-94.5281965656,45.3515246952,115284.3133007484,2485713.941800668,MULTI_HORIZON_CANDIDATE_LEDGER,EPSG:4326-compatible longitude/latitude; CRS not embedded in Parquet,MN,Upper Midwest,Upper Midwest,True,True,True,True,True,True,False,0,False,False,False,neither
3301,-93.3588913721,47.825909853,199238.32100099933,2761726.9649957297,MULTI_HORIZON_CANDIDATE_LEDGER,EPSG:4326-compatible longitude/latitude; CRS not embedded in Parquet,MN,Upper Midwest,Upper Midwest,True,True,True,True,True,True,False,0,False,False,False,neither
3302,-94.6813863858,43.6764738112,105874.90700178145,2298964.57839677,MULTI_HORIZON_CANDIDATE_LEDGER,EPSG:4326-compatible longitude/latitude; CRS not embedded in Parquet,MN,Temporate Plains,Temperate Plains,True,True,True,True,True,True,True,2,True,True,True,both
330626,-103.734800991,48.4333444289,-577480.9704095894,2849423.413701757,MULTI_HORIZON_CANDIDATE_LEDGER,EPSG:4326-compatible longitude/latitude; CRS not embedded in Parquet,ND,Northern Plains,Northern Plains,True,True,True,True,True,True,False,0,True,True,True,both
3307,-93.6190751489,45.036132875,187361.25889753143,2452088.486503318,MULTI_HORIZON_CANDIDATE_LEDGER,EPSG:4326-compatible longitude/latitude; CRS not embedded in Parquet,MN,Upper Midwest,Upper Midwest,True,True,True,True,True,True,True,2,True,True,True,both
3312,-95.5331320798,46.9270955432,35711.69049664532,2659709.9259024197,MULTI_HORIZON_CANDIDATE_LEDGER,EPSG:4326-compatible longitude/latitude; CRS not embedded in Parquet,MN,Upper Midwest,Upper Midwest,True,True,True,True,True,True,False,0,False,False,False,neither
3313,-93.0474054033,46.2083429198,228288.69849849484,2583524.767800958,MULTI_HORIZON_CANDIDATE_LEDGER,EPSG:4326-compatible longitude/latitude; CRS not embedded in Parquet,MN,Upper Midwest,Upper Midwest,True,True,True,True,True,True,True,1,True,False,False,multi_horizon_only
3316,-94.4453953073,45.274755892,121909.09139917984,2477282.1296993494,MULTI_HORIZON_CANDIDATE_LEDGER,EPSG:4326-compatible longitude/latitude; CRS not embedded in Parquet,MN,Upper Midwest,Upper Midwest,True,True,True,True,True,True,True,3,True,True,True,both
3324,-95.8972319995,46.7424907292,7883.069098793831,2639187.3968039555,MULTI_HORIZON_CANDIDATE_LEDGER,EPSG:4326-compatible longitude/latitude; CRS not embedded in Parquet,MN,Upper Midwest,Upper Midwest,True,True,True,True,True,True,False,0,False,True,False,direct_60_day_only
33244,-90.693801852,47.8247278007,400136.52830311644,2770001.548895142,MULTI_HORIZON_CANDIDATE_LEDGER,EPSG:4326-compatible longitude/latitude; CRS not embedded in Parquet,MN,Upper Midwest,Upper Midwest,True,True,True,False,True,False,False,0,False,False,False,neither
332619,-102.329006925,47.7875621072,-477433.9005408907,2770630.3491978617,MULTI_HORIZON_CANDIDATE_LEDGER,EPSG:4326-compatible longitude/latitude; CRS not embedded in Parquet,ND,Northern Plains,Northern Plains,True,True,True,False,True,False,False,0,False,False,False,neither
332622,-101.221925557,47.5983356807,-395160.6029769798,2744695.617294864,MULTI_HORIZON_CANDIDATE_LEDGER,EPSG:4326-compatible longitude/latitude; CRS not embedded in Parquet,ND,Northern Plains,Northern Plains,True,True,True,False,True,False,False,0,True,False,False,multi_horizon_only
3331,-94.2606707752,45.2210864709,136502.53470155367,2471565.497099054,MULTI_HORIZON_CANDIDATE_LEDGER,EPSG:4326-compatible longitude/latitude; CRS not embedded in Parquet,MN,Upper Midwest,Upper Midwest,True,True,True,True,True,True,False,0,False,True,False,direct_60_day_only
333889,-102.934919642,48.5839876304,-516665.13167198666,2861349.085394755,MULTI_HORIZON_CANDIDATE_LEDGER,EPSG:4326-compatible longitude/latitude; CRS not embedded in Parquet,ND,Northern Plains,Northern Plains,True,True,True,False,True,False,False,0,True,False,False,multi_horizon_only
334,-95.8575079106,46.8711378419,10908.841302780354,2653436.124100296,MULTI_HORIZON_CANDIDATE_LEDGER,EPSG:4326-compatible longitude/latitude; CRS not embedded in Parquet,MN,Upper Midwest,Upper Midwest,True,True,True,True,True,True,False,0,False,True,False,direct_60_day_only
334169,-101.534398995,48.0083295393,-416147.14160079433,2791201.5610973146,MULTI_HORIZON_CANDIDATE_LEDGER,EPSG:4326-compatible longitude/latitude; CRS not embedded in Parquet,ND,Northern Plains,Northern Plains,True,True,True,False,True,False,False,0,True,False,False,multi_horizon_only
334231,-103.478268389,43.971906528,-597258.5945029259,2354698.2504978217,MULTI_HORIZON_CANDIDATE_LEDGER,EPSG:4326-compatible longitude/latitude; CRS not embedded in Parquet,SD,Western Mountains,Western Mountains,True,True,True,False,True,False,False,0,False,False,False,neither
3345,-94.2029671773,44.1094345357,143371.33199738612,2347877.656201981,MULTI_HORIZON_CANDIDATE_LEDGER,EPSG:4326-compatible longitude/latitude; CRS not embedded in Parquet,MN,Temporate Plains,Temperate Plains,True,True,True,True,True,True,True,1,True,True,True,both
3349,-94.6682211028,45.103116166,104704.29409748399,2457927.5360048106,MULTI_HORIZON_CANDIDATE_LEDGER,EPSG:4326-compatible longitude/latitude; CRS not embedded in Parquet,MN,Temporate Plains,Temperate Plains,True,True,True,False,True,False,False,0,True,True,True,both
335,-93.1846895707,44.8209230029,222244.4430995161,2429081.391997462,MULTI_HORIZON_CANDIDATE_LEDGER,EPSG:4326-compatible longitude/latitude; CRS not embedded in Parquet,MN,Upper Midwest,Upper Midwest,True,True,True,True,True,True,False,0,True,True,True,both
335876,-103.564918233,43.8467203024,-605274.72504198,2341327.4258015445,MULTI_HORIZON_CANDIDATE_LEDGER,EPSG:4326-compatible longitude/latitude; CRS not embedded in Parquet,SD,Western Mountains,Western Mountains,True,True,True,False,True,False,False,0,True,True,True,both
335894,-103.398323804,44.8421833845,-583345.2962991565,2450874.1052039936,MULTI_HORIZON_CANDIDATE_LEDGER,EPSG:4326-compatible longitude/latitude; CRS not embedded in Parquet,SD,Northern Plains,Northern Plains,True,True,True,False,True,False,False,0,True,False,False,multi_horizon_only
33602,-93.6928230201,45.0685493251,181471.44710181144,2455551.0729038,MULTI_HORIZON_CANDIDATE_LEDGER,EPSG:4326-compatible longitude/latitude; CRS not embedded in Parquet,MN,Upper Midwest,Upper Midwest,True,True,True,True,True,True,True,1,True,True,True,both
336089,-103.705218799,44.7341887789,-608465.2297762483,2440813.121695888,MULTI_HORIZON_CANDIDATE_LEDGER,EPSG:4326-compatible longitude/latitude; CRS not embedded in Parquet,SD,Northern Plains,Northern Plains,True,True,True,False,True,False,False,0,False,False,False,neither
3363,-93.9413600889,46.1360677244,159356.75159704385,2573686.0557009075,MULTI_HORIZON_CANDIDATE_LEDGER,EPSG:4326-compatible longitude/latitude; CRS not embedded in Parquet,MN,Upper Midwest,Upper Midwest,True,True,True,True,True,True,False,0,False,False,False,neither
33640,-93.1930437447,45.275871491,220090.22580395278,2479659.6325951284,MULTI_HORIZON_CANDIDATE_LEDGER,EPSG:4326-compatible longitude/latitude; CRS not embedded in Parquet,MN,Upper Midwest,Upper Midwest,True,True,True,True,True,True,False,0,False,False,False,neither
336493,-103.520834158,44.0797847753,-599700.0502965949,2366958.476301632,MULTI_HORIZON_CANDIDATE_LEDGER,EPSG:4326-compatible longitude/latitude; CRS not embedded in Parquet,SD,Western Mountains,Western Mountains,True,True,True,False,True,False,False,0,True,False,False,multi_horizon_only
33651,-93.6665978387,44.8556605966,184115.44400356844,2431916.648094628,MULTI_HORIZON_CANDIDATE_LEDGER,EPSG:4326-compatible longitude/latitude; CRS not embedded in Parquet,MN,Upper Midwest,Upper Midwest,True,True,True,False,True,False,False,0,False,False,False,neither
33659,-93.4155969691,45.0305692633,203386.5348012265,2451887.958595833,MULTI_HORIZON_CANDIDATE_LEDGER,EPSG:4326-compatible longitude/latitude; CRS not embedded in Parquet,MN,Upper Midwest,Upper Midwest,True,True,True,True,True,True,False,0,True,False,False,multi_horizon_only
3368,-94.2013123334,46.6532473389,138151.5791961725,2630605.474800934,MULTI_HORIZON_CANDIDATE_LEDGER,EPSG:4326-compatible longitude/latitude; CRS not embedded in Parquet,MN,Upper Midwest,Upper Midwest,True,True,True,True,True,True,False,0,False,False,False,neither
336872,-103.802045677,44.0167311806,-622650.5172885319,2361758.968901203,MULTI_HORIZON_CANDIDATE_LEDGER,EPSG:4326-compatible longitude/latitude; CRS not embedded in Parquet,SD,Western Mountains,Western Mountains,True,True,True,False,True,False,False,0,False,False,False,neither
33689,-95.329631468,45.4431402298,52438.85269695999,2495191.1061017755,MULTI_HORIZON_CANDIDATE_LEDGER,EPSG:4326-compatible longitude/latitude; CRS not embedded in Parquet,MN,Upper Midwest,Upper Midwest,True,True,True,False,True,False,False,0,True,False,False,multi_horizon_only
33700,-96.4781479285,44.708170262,-37814.17369839728,2413330.6427983297,MULTI_HORIZON_CANDIDATE_LEDGER,EPSG:4326-compatible longitude/latitude; CRS not embedded in Parquet,SD,Temporate Plains,Temperate Plains,True,True,True,False,True,False,False,0,True,True,True,both
337055,-103.516849477,43.7682968859,-602128.0335100745,2332300.892898131,MULTI_HORIZON_CANDIDATE_LEDGER,EPSG:4326-compatible longitude/latitude; CRS not embedded in Parquet,SD,Western Mountains,Western Mountains,True,True,True,False,True,False,False,0,True,True,True,both
337057,-103.488970872,43.4570626721,-602633.7204645355,2297499.660502391,MULTI_HORIZON_CANDIDATE_LEDGER,EPSG:4326-compatible longitude/latitude; CRS not embedded in Parquet,SD,Western Mountains,Western Mountains,True,True,True,False,True,False,False,0,True,True,True,both
33706,-93.3480482534,44.8690191453,209202.75079888574,2434062.3252965305,MULTI_HORIZON_CANDIDATE_LEDGER,EPSG:4326-compatible longitude/latitude; CRS not embedded in Parquet,MN,Upper Midwest,Upper Midwest,True,True,True,False,True,False,False,0,False,True,False,direct_60_day_only
337264,-100.493108302,45.3701430202,-351724.04601767147,2495207.3961034967,MULTI_HORIZON_CANDIDATE_LEDGER,EPSG:4326-compatible longitude/latitude; CRS not embedded in Parquet,SD,Northern Plains,Northern Plains,True,True,True,False,True,False,False,0,False,False,False,neither
3375,-94.5218822773,46.2031456804,114307.84730073602,2580290.5726010287,MULTI_HORIZON_CANDIDATE_LEDGER,EPSG:4326-compatible longitude/latitude; CRS not embedded in Parquet,MN,Upper Midwest,Upper Midwest,True,True,True,False,True,False,False,0,False,False,False,neither
3378,-74.5324560091,41.1216538442,1773089.7879000918,2213734.501096715,MULTI_HORIZON_CANDIDATE_LEDGER,EPSG:4326-compatible longitude/latitude; CRS not embedded in Parquet,NJ,Northern Appalachians,Northern Appalachians,True,True,True,True,True,True,False,0,False,False,False,neither
338176,-99.4513808598,46.040394046,-267514.739503273,2566201.76069595,MULTI_HORIZON_CANDIDATE_LEDGER,EPSG:4326-compatible longitude/latitude; CRS not embedded in Parquet,ND,Northern Plains,Northern Plains,True,True,True,False,True,False,False,0,True,True,True,both
3382,-96.0821581935,45.5301114483,-6418.431399376093,2504675.3723017983,MULTI_HORIZON_CANDIDATE_LEDGER,EPSG:4326-compatible longitude/latitude; CRS not embedded in Parquet,MN,Temporate Plains,Temperate Plains,True,True,True,False,True,False,False,0,True,True,True,both
3384,-94.0481744704,45.0269307788,153620.5991979216,2450295.0228040367,MULTI_HORIZON_CANDIDATE_LEDGER,EPSG:4326-compatible longitude/latitude; CRS not embedded in Parquet,MN,Upper Midwest,Upper Midwest,True,True,True,True,True,True,True,2,True,True,True,both
338600,-101.090707486,46.8662135818,-389574.92346594535,2663319.607000013,MULTI_HORIZON_CANDIDATE_LEDGER,EPSG:4326-compatible longitude/latitude; CRS not embedded in Parquet,ND,Northern Plains,Northern Plains,True,True,True,False,True,False,False,0,True,False,False,multi_horizon_only
3387,-94.0390424205,46.3077153832,151403.53749862243,2592561.818002982,MULTI_HORIZON_CANDIDATE_LEDGER,EPSG:4326-compatible longitude/latitude; CRS not embedded in Parquet,MN,Upper Midwest,Upper Midwest,True,True,True,False,True,False,False,0,False,False,False,neither
339,-94.7255498387,47.0158429579,97351.08250341954,2670096.6288996246,MULTI_HORIZON_CANDIDATE_LEDGER,EPSG:4326-compatible longitude/latitude; CRS not embedded in Parquet,MN,Upper Midwest,Upper Midwest,True,True,True,False,True,False,False,0,False,False,False,neither
339022,-103.258736941,45.9825298199,-562687.6780291407,2576420.9447068926,MULTI_HORIZON_CANDIDATE_LEDGER,EPSG:4326-compatible longitude/latitude; CRS not embedded in Parquet,ND,Northern Plains,Northern Plains,True,True,True,True,True,True,True,2,True,True,True,both
339024,-102.257275449,45.7314608468,-487011.1665894801,2543082.2269964833,MULTI_HORIZON_CANDIDATE_LEDGER,EPSG:4326-compatible longitude/latitude; CRS not embedded in Parquet,SD,Northern Plains,Northern Plains,True,True,True,False,True,False,False,0,True,False,False,multi_horizon_only
33918,-95.457176828,47.5186793828,41147.95689744253,2725155.557301468,MULTI_HORIZON_CANDIDATE_LEDGER,EPSG:4326-compatible longitude/latitude; CRS not embedded in Parquet,MN,Upper Midwest,Upper Midwest,True,True,True,True,True,True,False,0,False,False,False,neither
3392,-95.7282749323,46.3060672223,20981.59859871982,2590846.919901685,MULTI_HORIZON_CANDIDATE_LEDGER,EPSG:4326-compatible longitude/latitude; CRS not embedded in Parquet,MN,Upper Midwest,Upper Midwest,True,True,True,True,True,True,False,0,True,False,False,multi_horizon_only
3400,-93.0584948448,45.6953166463,229194.00840287085,2526575.731395115,MULTI_HORIZON_CANDIDATE_LEDGER,EPSG:4326-compatible longitude/latitude; CRS not embedded in Parquet,MN,Upper Midwest,Upper Midwest,True,True,True,True,True,True,True,1,True,False,False,multi_horizon_only
340441,-100.72692355,47.5294379464,-358113.00588285597,2735134.532002298,MULTI_HORIZON_CANDIDATE_LEDGER,EPSG:4326-compatible longitude/latitude; CRS not embedded in Parquet,ND,Northern Plains,Northern Plains,True,True,True,False,True,False,False,0,True,True,True,both
3407,-93.8343961188,45.1206798572,170205.82749911668,2461087.2026967416,MULTI_HORIZON_CANDIDATE_LEDGER,EPSG:4326-compatible longitude/latitude; CRS not embedded in Parquet,MN,Upper Midwest,Upper Midwest,True,True,True,True,True,True,True,3,True,True,True,both
341114,-101.85039856,46.3364239552,-451254.23139921954,2608077.584599538,MULTI_HORIZON_CANDIDATE_LEDGER,EPSG:4326-compatible longitude/latitude; CRS not embedded in Parquet,ND,Northern Plains,Northern Plains,True,True,True,True,True,True,False,0,True,False,False,multi_horizon_only
341446,-100.129832159,45.7406949916,-321516.30916704185,2535056.0699000545,MULTI_HORIZON_CANDIDATE_LEDGER,EPSG:4326-compatible longitude/latitude; CRS not embedded in Parquet,SD,Northern Plains,Northern Plains,True,True,True,False,True,False,False,0,True,True,True,both
341692,-101.853409781,46.610046025,-449619.3403094373,2638362.999202355,MULTI_HORIZON_CANDIDATE_LEDGER,EPSG:4326-compatible longitude/latitude; CRS not embedded in Parquet,ND,Northern Plains,Northern Plains,True,True,True,True,True,True,True,1,True,False,False,multi_horizon_only
341700,-100.886643712,47.665848041,-369428.67276995425,2750791.203199163,MULTI_HORIZON_CANDIDATE_LEDGER,EPSG:4326-compatible longitude/latitude; CRS not embedded in Parquet,ND,Northern Plains,Northern Plains,True,True,True,False,True,False,False,0,True,True,True,both
3418,-94.8906271432,47.6353930805,83942.54459885354,2738418.299898166,MULTI_HORIZON_CANDIDATE_LEDGER,EPSG:4326-compatible longitude/latitude; CRS not embedded in Parquet,MN,Upper Midwest,Upper Midwest,True,True,True,True,True,True,False,0,True,False,False,multi_horizon_only
342175,-100.967815474,46.9371923612,-379768.5485076147,2670668.130105802,MULTI_HORIZON_CANDIDATE_LEDGER,EPSG:4326-compatible longitude/latitude; CRS not embedded in Parquet,ND,Northern Plains,Northern Plains,True,True,True,True,True,True,False,0,False,False,False,neither
3422,-93.5526646609,47.4214412837,185773.99840294718,2716686.878900366,MULTI_HORIZON_CANDIDATE_LEDGER,EPSG:4326-compatible longitude/latitude; CRS not embedded in Parquet,MN,Upper Midwest,Upper Midwest,True,True,True,False,True,False,False,0,False,False,False,neither
342330,-100.192899009,44.7112474972,-331472.77227379655,2420891.7055982174,MULTI_HORIZON_CANDIDATE_LEDGER,EPSG:4326-compatible longitude/latitude; CRS not embedded in Parquet,SD,Northern Plains,Northern Plains,True,True,True,False,True,False,False,0,True,True,True,both
342596,-101.270755878,46.8684424206,-403325.86126389034,2664317.096601044,MULTI_HORIZON_CANDIDATE_LEDGER,EPSG:4326-compatible longitude/latitude; CRS not embedded in Parquet,ND,Northern Plains,Northern Plains,True,True,True,True,True,True,False,0,True,True,True,both
342597,-100.281835321,45.9103527648,-332493.6501686368,2554400.52180387,MULTI_HORIZON_CANDIDATE_LEDGER,EPSG:4326-compatible longitude/latitude; CRS not embedded in Parquet,SD,Northern Plains,Northern Plains,True,True,True,False,True,False,False,0,True,True,True,both
342601,-99.7499435998,46.8188449478,-287240.3966983064,2653306.2540005064,MULTI_HORIZON_CANDIDATE_LEDGER,EPSG:4326-compatible longitude/latitude; CRS not embedded in Parquet,ND,Northern Plains,Northern Plains,True,True,True,False,True,False,False,0,True,True,True,both
343,-94.1300834566,46.9724897195,142926.27019822394,2666052.501997417,MULTI_HORIZON_CANDIDATE_LEDGER,EPSG:4326-compatible longitude/latitude; CRS not embedded in Parquet,MN,Upper Midwest,Upper Midwest,True,True,True,False,True,False,False,0,False,False,False,neither
343127,-100.63395448,46.826112241,-354866.6129058994,2657096.6338024866,MULTI_HORIZON_CANDIDATE_LEDGER,EPSG:4326-compatible longitude/latitude; CRS not embedded in Parquet,ND,Northern Plains,Northern Plains,True,True,True,True,True,True,False,0,True,False,False,multi_horizon_only
3434,-94.0266678367,45.2638693793,154765.8074994216,2476681.221896829,MULTI_HORIZON_CANDIDATE_LEDGER,EPSG:4326-compatible longitude/latitude; CRS not embedded in Parquet,MN,Upper Midwest,Upper Midwest,True,True,True,True,True,True,True,1,True,False,False,multi_horizon_only
343492,-100.700866638,44.6470959087,-371952.77909801813,2415635.5746998256,MULTI_HORIZON_CANDIDATE_LEDGER,EPSG:4326-compatible longitude/latitude; CRS not embedded in Parquet,SD,Northern Plains,Northern Plains,True,True,True,False,True,False,False,0,False,False,False,neither
3441,-94.5383036542,44.7827163938,115466.05139664304,2422423.7136047073,MULTI_HORIZON_CANDIDATE_LEDGER,EPSG:4326-compatible longitude/latitude; CRS not embedded in Parquet,MN,Temporate Plains,Temperate Plains,True,True,True,True,True,True,True,1,True,True,True,both
344134,-99.9117321054,44.8322939025,-308703.3433009381,2433409.331702885,MULTI_HORIZON_CANDIDATE_LEDGER,EPSG:4326-compatible longitude/latitude; CRS not embedded in Parquet,SD,Northern Plains,Northern Plains,True,True,True,False,True,False,False,0,True,True,True,both
344386,-98.4208662466,43.1986271258,-195721.53449830195,2247380.743396039,MULTI_HORIZON_CANDIDATE_LEDGER,EPSG:4326-compatible longitude/latitude; CRS not embedded in Parquet,SD,Northern Plains,Northern Plains,True,True,True,False,True,False,False,0,True,True,True,both
3444,-93.0847453828,46.1389155678,225638.79399831634,2575737.0766958883,MULTI_HORIZON_CANDIDATE_LEDGER,EPSG:4326-compatible longitude/latitude; CRS not embedded in Parquet,MN,Upper Midwest,Upper Midwest,True,True,True,False,True,False,False,0,False,False,False,neither
344794,-99.6843495098,44.1064168296,-293902.6391994967,2351883.5015965113,MULTI_HORIZON_CANDIDATE_LEDGER,EPSG:4326-compatible longitude/latitude; CRS not embedded in Parquet,SD,Northern Plains,Northern Plains,True,True,True,False,True,False,False,0,True,True,True,both
345199,-99.2380597447,43.4409828739,-260845.60199735535,2276391.8193947403,MULTI_HORIZON_CANDIDATE_LEDGER,EPSG:4326-compatible longitude/latitude; CRS not embedded in Parquet,SD,Northern Plains,Northern Plains,True,True,True,False,True,False,False,0,True,False,False,multi_horizon_only
34613,-94.8505072346,45.9208820152,89274.45799783066,2548617.675494711,MULTI_HORIZON_CANDIDATE_LEDGER,EPSG:4326-compatible longitude/latitude; CRS not embedded in Parquet,MN,Upper Midwest,Upper Midwest,True,True,True,True,True,True,True,1,True,True,True,both
346238,-101.149476528,43.8880798287,-411997.2251883857,2333002.3134979233,MULTI_HORIZON_CANDIDATE_LEDGER,EPSG:4326-compatible longitude/latitude; CRS not embedded in Parquet,SD,Northern Plains,Northern Plains,True,True,True,False,True,False,False,0,True,True,True,both
346442,-99.2595968755,43.1755237606,-263596.30880145496,2246828.646003697,MULTI_HORIZON_CANDIDATE_LEDGER,EPSG:4326-compatible longitude/latitude; CRS not embedded in Parquet,SD,Northern Plains,Northern Plains,True,True,True,False,True,False,False,0,True,False,False,multi_horizon_only
34659,-93.5476401357,44.9182895274,193319.8140023515,2439121.7242018534,MULTI_HORIZON_CANDIDATE_LEDGER,EPSG:4326-compatible longitude/latitude; CRS not embedded in Parquet,MN,Upper Midwest,Upper Midwest,True,True,True,False,True,False,False,0,True,False,False,multi_horizon_only
34663,-94.6158541828,45.7430325583,107785.05839895224,2529113.5343027115,MULTI_HORIZON_CANDIDATE_LEDGER,EPSG:4326-compatible longitude/latitude; CRS not embedded in Parquet,MN,Upper Midwest,Upper Midwest,True,True,True,False,True,False,False,0,False,False,False,neither
3467,-94.1929704497,45.2533086031,141746.89040173107,2475247.560996717,MULTI_HORIZON_CANDIDATE_LEDGER,EPSG:4326-compatible longitude/latitude; CRS not embedded in Parquet,MN,Upper Midwest,Upper Midwest,True,True,True,True,True,True,False,0,False,False,False,neither
3469,-94.6729067534,45.832427504,103203.96770326512,2538977.179600872,MULTI_HORIZON_CANDIDATE_LEDGER,EPSG:4326-compatible longitude/latitude; CRS not embedded in Parquet,MN,Upper Midwest,Upper Midwest,True,True,True,False,True,False,False,0,False,False,False,neither
34726,-92.8708802363,45.1815649479,245687.32640070724,2469965.731995498,MULTI_HORIZON_CANDIDATE_LEDGER,EPSG:4326-compatible longitude/latitude; CRS not embedded in Parquet,MN,Upper Midwest,Upper Midwest,True,True,True,False,True,False,False,0,True,False,False,multi_horizon_only
347309,-98.7137846746,43.192531043,-219416.67179795422,2247339.989797986,MULTI_HORIZON_CANDIDATE_LEDGER,EPSG:4326-compatible longitude/latitude; CRS not embedded in Parquet,SD,Northern Plains,Northern Plains,True,True,True,False,True,False,False,0,True,True,True,both
347313,-101.654147701,44.0781957489,-451068.5399035061,2356461.542600042,MULTI_HORIZON_CANDIDATE_LEDGER,EPSG:4326-compatible longitude/latitude; CRS not embedded in Parquet,SD,Northern Plains,Northern Plains,True,True,True,False,True,False,False,0,True,True,True,both
347314,-103.520437771,42.6833355559,-611992.5277170537,2211546.787496657,MULTI_HORIZON_CANDIDATE_LEDGER,EPSG:4326-compatible longitude/latitude; CRS not embedded in Parquet,NE,Southern Plains,Southern Plains,True,True,True,False,True,False,False,0,True,True,True,both
3474,-93.4287153584,44.2945474328,204571.8402976072,2369924.656400239,MULTI_HORIZON_CANDIDATE_LEDGER,EPSG:4326-compatible longitude/latitude; CRS not embedded in Parquet,MN,Upper Midwest,Upper Midwest,True,True,True,False,True,False,False,0,True,False,False,multi_horizon_only
3476,-93.7715323894,46.3557740522,171929.20279757303,2598344.7329992913,MULTI_HORIZON_CANDIDATE_LEDGER,EPSG:4326-compatible longitude/latitude; CRS not embedded in Parquet,MN,Upper Midwest,Upper Midwest,True,True,True,True,True,True,False,0,False,False,False,neither
3477,-94.397541532,46.7384849263,122922.14860000454,2639775.8751008157,MULTI_HORIZON_CANDIDATE_LEDGER,EPSG:4326-compatible longitude/latitude; CRS not embedded in Parquet,MN,Upper Midwest,Upper Midwest,True,True,True,True,True,True,False,0,False,False,False,neither
3480,-94.2310333291,46.6457996513,135884.42539797534,2629737.698196861,MULTI_HORIZON_CANDIDATE_LEDGER,EPSG:4326-compatible longitude/latitude; CRS not embedded in Parquet,MN,Upper Midwest,Upper Midwest,True,True,True,True,True,True,False,0,False,False,False,neither
3482,-93.1404517528,44.9795762092,225204.32050284458,2446836.379403509,MULTI_HORIZON_CANDIDATE_LEDGER,EPSG:4326-compatible longitude/latitude; CRS not embedded in Parquet,MN,Upper Midwest,Upper Midwest,True,True,True,True,True,True,True,2,True,True,True,both
3484,-94.2538746356,46.6927348746,134034.52789919838,2634903.637404915,MULTI_HORIZON_CANDIDATE_LEDGER,EPSG:4326-compatible longitude/latitude; CRS not embedded in Parquet,MN,Upper Midwest,Upper Midwest,True,True,True,True,True,True,False,0,False,False,False,neither
3487,-94.1627209544,47.0323851981,140303.82030325773,2672630.5546948835,MULTI_HORIZON_CANDIDATE_LEDGER,EPSG:4326-compatible longitude/latitude; CRS not embedded in Parquet,MN,Upper Midwest,Upper Midwest,True,True,True,False,True,False,False,0,False,False,False,neither
348700,-103.092217857,42.4592169237,-579079.7243073512,2183885.088905801,MULTI_HORIZON_CANDIDATE_LEDGER,EPSG:4326-compatible longitude/latitude; CRS not embedded in Parquet,NE,Southern Plains,Southern Plains,True,True,True,False,True,False,False,0,True,True,True,both
348931,-100.931812692,42.5975623928,-402073.5191004036,2188167.589498073,MULTI_HORIZON_CANDIDATE_LEDGER,EPSG:4326-compatible longitude/latitude; CRS not embedded in Parquet,NE,Southern Plains,Southern Plains,True,True,True,False,True,False,False,0,False,False,False,neither
3495,-95.1902416289,47.7342049163,61179.41369875865,2749097.975001985,MULTI_HORIZON_CANDIDATE_LEDGER,EPSG:4326-compatible longitude/latitude; CRS not embedded in Parquet,MN,Upper Midwest,Upper Midwest,True,True,True,False,True,False,False,0,False,False,False,neither
349623,-97.7021305036,44.1819404157,-135655.87189714692,2355820.2543993173,MULTI_HORIZON_CANDIDATE_LEDGER,EPSG:4326-compatible longitude/latitude; CRS not embedded in Parquet,SD,Temporate Plains,Temperate Plains,True,True,True,False,True,False,False,0,True,True,True,both
349624,-97.3183935111,45.6716883149,-102775.12599731037,2521116.47109541,MULTI_HORIZON_CANDIDATE_LEDGER,EPSG:4326-compatible longitude/latitude; CRS not embedded in Parquet,SD,Temporate Plains,Temperate Plains,True,True,True,False,True,False,False,0,True,False,False,multi_horizon_only
3497,-93.9368478309,46.1646623125,159637.11700080743,2576865.3417019034,MULTI_HORIZON_CANDIDATE_LEDGER,EPSG:4326-compatible longitude/latitude; CRS not embedded in Parquet,MN,Upper Midwest,Upper Midwest,True,True,True,False,True,False,False,0,False,False,False,neither
34974,-95.6775735733,46.4352944287,24847.943097997508,2605187.1711043613,MULTI_HORIZON_CANDIDATE_LEDGER,EPSG:4326-compatible longitude/latitude; CRS not embedded in Parquet,MN,Upper Midwest,Upper Midwest,True,True,True,True,True,True,False,0,False,False,False,neither
349812,-99.0356520204,45.5582130301,-237013.72010372326,2511581.29100491,MULTI_HORIZON_CANDIDATE_LEDGER,EPSG:4326-compatible longitude/latitude; CRS not embedded in Parquet,SD,Northern Plains,Northern Plains,True,True,True,False,True,False,False,0,True,True,True,both
3501,-95.1031157067,45.3079372615,70299.20139842843,2480306.476395325,MULTI_HORIZON_CANDIDATE_LEDGER,EPSG:4326-compatible longitude/latitude; CRS not embedded in Parquet,MN,Upper Midwest,Upper Midwest,True,True,True,True,True,True,False,0,True,False,False,multi_horizon_only
350285,-97.2942680151,45.630861318,-100956.31630214467,2516555.2455033613,MULTI_HORIZON_CANDIDATE_LEDGER,EPSG:4326-compatible longitude/latitude; CRS not embedded in Parquet,SD,Temporate Plains,Temperate Plains,True,True,True,False,True,False,False,0,True,True,True,both
350312,-98.7073403539,45.8550942241,-210448.21890296324,2543771.3671032824,MULTI_HORIZON_CANDIDATE_LEDGER,EPSG:4326-compatible longitude/latitude; CRS not embedded in Parquet,SD,Temporate Plains,Temperate Plains,True,True,True,False,True,False,False,0,True,True,True,both
350316,-98.0485491654,43.7567733529,-164282.7477970115,2308960.2611010643,MULTI_HORIZON_CANDIDATE_LEDGER,EPSG:4326-compatible longitude/latitude; CRS not embedded in Parquet,SD,Temporate Plains,Temperate Plains,True,True,True,False,True,False,False,0,True,True,True,both
350982,-99.1456679171,44.6221533439,-249046.76659993886,2407778.605296592,MULTI_HORIZON_CANDIDATE_LEDGER,EPSG:4326-compatible longitude/latitude; CRS not embedded in Parquet,SD,Temporate Plains,Temperate Plains,True,True,True,False,True,False,False,0,True,False,False,multi_horizon_only
350983,-98.6187972066,45.5380193209,-204537.79430266784,2508369.781295405,MULTI_HORIZON_CANDIDATE_LEDGER,EPSG:4326-compatible longitude/latitude; CRS not embedded in Parquet,SD,Temporate Plains,Temperate Plains,True,True,True,False,True,False,False,0,True,True,True,both
350988,-98.5874870324,47.0743482709,-197454.95630231293,2678605.3060962437,MULTI_HORIZON_CANDIDATE_LEDGER,EPSG:4326-compatible longitude/latitude; CRS not embedded in Parquet,ND,Temporate Plains,Temperate Plains,True,True,True,True,True,True,False,0,True,True,True,both
351099,-99.1722158033,45.0302703392,-249631.55920125215,2453255.7525951117,MULTI_HORIZON_CANDIDATE_LEDGER,EPSG:4326-compatible longitude/latitude; CRS not embedded in Parquet,SD,Temporate Plains,Temperate Plains,True,True,True,False,True,False,False,0,True,False,False,multi_horizon_only
351341,-98.3255092988,43.9640247171,-185923.65329621316,2332582.573297684,MULTI_HORIZON_CANDIDATE_LEDGER,EPSG:4326-compatible longitude/latitude; CRS not embedded in Parquet,SD,Temporate Plains,Temperate Plains,True,True,True,False,True,False,False,0,True,True,True,both
351717,-98.7376516884,47.0162078181,-209096.44720024307,2672496.187394944,MULTI_HORIZON_CANDIDATE_LEDGER,EPSG:4326-compatible longitude/latitude; CRS not embedded in Parquet,ND,Temporate Plains,Temperate Plains,True,True,True,True,True,True,False,0,True,True,True,both
351721,-97.3594123914,45.6935091128,-105937.85670289087,2523585.3186035864,MULTI_HORIZON_CANDIDATE_LEDGER,EPSG:4326-compatible longitude/latitude; CRS not embedded in Parquet,SD,Temporate Plains,Temperate Plains,True,True,True,False,True,False,False,0,True,False,False,multi_horizon_only
352,-91.0698745747,47.6074149291,373047.51710303186,2744517.448703589,MULTI_HORIZON_CANDIDATE_LEDGER,EPSG:4326-compatible longitude/latitude; CRS not embedded in Parquet,MN,Upper Midwest,Upper Midwest,True,True,True,True,True,True,False,0,False,False,False,neither
352117,-97.9667444927,45.3580110051,-154032.59509745662,2487136.304203742,MULTI_HORIZON_CANDIDATE_LEDGER,EPSG:4326-compatible longitude/latitude; CRS not embedded in Parquet,SD,Temporate Plains,Temperate Plains,True,True,True,False,True,False,False,0,True,False,False,multi_horizon_only
3523,-92.1983200762,44.4340084802,301797.0038989111,2388735.096503487,MULTI_HORIZON_CANDIDATE_LEDGER,EPSG:4326-compatible longitude/latitude; CRS not embedded in Parquet,MN,Upper Midwest,Upper Midwest,True,True,True,False,True,False,False,0,True,False,False,multi_horizon_only
352431,-97.4407901602,45.6977290649,-112271.97840007412,2524147.4683052497,MULTI_HORIZON_CANDIDATE_LEDGER,EPSG:4326-compatible longitude/latitude; CRS not embedded in Parquet,SD,Temporate Plains,Temperate Plains,True,True,True,False,True,False,False,0,True,False,False,multi_horizon_only
352433,-97.2872528736,45.6095505941,-100441.22149742677,2514180.2607038775,MULTI_HORIZON_CANDIDATE_LEDGER,EPSG:4326-compatible longitude/latitude; CRS not embedded in Parquet,SD,Temporate Plains,Temperate Plains,True,True,True,False,True,False,False,0,False,False,False,neither
3528,-93.9714058941,45.0742485183,159549.48030171983,2455685.157496826,MULTI_HORIZON_CANDIDATE_LEDGER,EPSG:4326-compatible longitude/latitude; CRS not embedded in Parquet,MN,Upper Midwest,Upper Midwest,True,True,True,True,True,True,False,0,True,False,False,multi_horizon_only
3529,-92.4493320882,46.415563737,273652.4498027727,2608070.4787994875,MULTI_HORIZON_CANDIDATE_LEDGER,EPSG:4326-compatible longitude/latitude; CRS not embedded in Parquet,MN,Upper Midwest,Upper Midwest,True,True,True,False,True,False,False,0,True,True,True,both
3530,-92.8221660053,45.1780435369,249523.87459804612,2469701.183098074,MULTI_HORIZON_CANDIDATE_LEDGER,EPSG:4326-compatible longitude/latitude; CRS not embedded in Parquet,MN,Upper Midwest,Upper Midwest,True,True,True,False,True,False,False,0,True,True,True,both
3535,-94.4622494825,45.5152927432,120154.85739815395,2503997.8657033704,MULTI_HORIZON_CANDIDATE_LEDGER,EPSG:4326-compatible longitude/latitude; CRS not embedded in Parquet,MN,Upper Midwest,Upper Midwest,True,True,True,True,True,True,False,0,False,False,False,neither
353800,-98.8433783575,46.9693444378,-217324.41820214203,2667549.6262025284,MULTI_HORIZON_CANDIDATE_LEDGER,EPSG:4326-compatible longitude/latitude; CRS not embedded in Parquet,ND,Temporate Plains,Temperate Plains,True,True,True,False,True,False,False,0,True,False,False,multi_horizon_only
3542,-93.2360495013,44.92091971,217867.4917014563,2440088.4428013647,MULTI_HORIZON_CANDIDATE_LEDGER,EPSG:4326-compatible longitude/latitude; CRS not embedded in Parquet,MN,Upper Midwest,Upper Midwest,True,True,True,True,True,True,True,1,True,False,False,multi_horizon_only
354491,-98.2855234317,46.2943911302,-176493.98120156585,2591644.4857007554,MULTI_HORIZON_CANDIDATE_LEDGER,EPSG:4326-compatible longitude/latitude; CRS not embedded in Parquet,ND,Temporate Plains,Temperate Plains,True,True,True,False,True,False,False,0,True,True,True,both
3548,-93.9559641497,45.3602054611,160079.77969656212,2487507.9673945224,MULTI_HORIZON_CANDIDATE_LEDGER,EPSG:4326-compatible longitude/latitude; CRS not embedded in Parquet,MN,Upper Midwest,Upper Midwest,True,True,True,True,True,True,True,1,True,False,False,multi_horizon_only
354805,-98.5840802245,43.8593834091,-206908.78479976227,2321449.6638045497,MULTI_HORIZON_CANDIDATE_LEDGER,EPSG:4326-compatible longitude/latitude; CRS not embedded in Parquet,SD,Northern Plains,Northern Plains,True,True,True,False,True,False,False,0,True,True,True,both
355172,-97.2755169194,45.5066482934,-99679.02249606622,2502733.9357042415,MULTI_HORIZON_CANDIDATE_LEDGER,EPSG:4326-compatible longitude/latitude; CRS not embedded in Parquet,SD,Temporate Plains,Temperate Plains,True,True,True,False,True,False,False,0,False,False,False,neither
355174,-96.9679573275,44.4363157841,-76858.00749718686,2383346.2891001003,MULTI_HORIZON_CANDIDATE_LEDGER,EPSG:4326-compatible longitude/latitude; CRS not embedded in Parquet,SD,Temporate Plains,Temperate Plains,True,True,True,False,True,False,False,0,True,True,True,both
355281,-97.4729114055,42.8548163024,-119684.87430048725,2207409.5505004115,MULTI_HORIZON_CANDIDATE_LEDGER,EPSG:4326-compatible longitude/latitude; CRS not embedded in Parquet,SD,Temporate Plains,Temperate Plains,True,True,True,False,True,False,False,0,True,True,True,both
355320,-97.4133129343,43.450034924,-113853.8459994345,2273804.598597887,MULTI_HORIZON_CANDIDATE_LEDGER,EPSG:4326-compatible longitude/latitude; CRS not embedded in Parquet,SD,Temporate Plains,Temperate Plains,True,True,True,False,True,False,False,0,True,True,True,both
355465,-97.2642837356,45.4417003001,-98897.2588036401,2495503.947301644,MULTI_HORIZON_CANDIDATE_LEDGER,EPSG:4326-compatible longitude/latitude; CRS not embedded in Parquet,SD,Temporate Plains,Temperate Plains,True,True,True,False,True,False,False,0,False,False,False,neither
355468,-97.0834539084,44.5609996493,-85869.96610045666,2397334.5562963933,MULTI_HORIZON_CANDIDATE_LEDGER,EPSG:4326-compatible longitude/latitude; CRS not embedded in Parquet,SD,Temporate Plains,Temperate Plains,True,True,True,False,True,False,False,0,True,True,True,both
3555,-94.7494529539,45.8566115894,97216.22229859888,2541581.6316023925,MULTI_HORIZON_CANDIDATE_LEDGER,EPSG:4326-compatible longitude/latitude; CRS not embedded in Parquet,MN,Upper Midwest,Upper Midwest,True,True,True,False,True,False,False,0,False,False,False,neither
355715,-96.656988854,44.7511895035,-51924.4409003718,2418205.0624040356,MULTI_HORIZON_CANDIDATE_LEDGER,EPSG:4326-compatible longitude/latitude; CRS not embedded in Parquet,SD,Temporate Plains,Temperate Plains,True,True,True,False,True,False,False,0,True,True,True,both
355722,-97.681236565,42.8419581163,-136636.58350342084,2206253.965699642,MULTI_HORIZON_CANDIDATE_LEDGER,EPSG:4326-compatible longitude/latitude; CRS not embedded in Parquet,NE,Temporate Plains,Temperate Plains,True,True,True,False,True,False,False,0,True,True,True,both
355723,-97.3687240953,45.3910814767,-107147.49349674936,2489990.6554973265,MULTI_HORIZON_CANDIDATE_LEDGER,EPSG:4326-compatible longitude/latitude; CRS not embedded in Parquet,SD,Temporate Plains,Temperate Plains,True,True,True,False,True,False,False,0,True,True,True,both
355997,-97.4854227542,44.3282313439,-118131.4185960821,2371834.1927036503,MULTI_HORIZON_CANDIDATE_LEDGER,EPSG:4326-compatible longitude/latitude; CRS not embedded in Parquet,SD,Temporate Plains,Temperate Plains,True,True,True,False,True,False,False,0,True,True,True,both
356,-93.2478842253,45.0765597132,216433.39450294717,2457373.4702965505,MULTI_HORIZON_CANDIDATE_LEDGER,EPSG:4326-compatible longitude/latitude; CRS not embedded in Parquet,MN,Upper Midwest,Upper Midwest,True,True,True,False,True,False,False,0,False,True,False,direct_60_day_only
3560,-93.4637566834,46.5100857997,195212.73179712324,2616040.0863011526,MULTI_HORIZON_CANDIDATE_LEDGER,EPSG:4326-compatible longitude/latitude; CRS not embedded in Parquet,MN,Upper Midwest,Upper Midwest,True,True,True,False,True,False,False,0,False,False,False,neither
356001,-97.1795363608,44.8690074735,-93059.00349924117,2431719.403803112,MULTI_HORIZON_CANDIDATE_LEDGER,EPSG:4326-compatible longitude/latitude; CRS not embedded in Parquet,SD,Temporate Plains,Temperate Plains,True,True,True,False,True,False,False,0,True,True,True,both
356003,-98.2953781222,43.4118469274,-185003.16080037135,2270929.303402072,MULTI_HORIZON_CANDIDATE_LEDGER,EPSG:4326-compatible longitude/latitude; CRS not embedded in Parquet,SD,Northern Plains,Northern Plains,True,True,True,False,True,False,False,0,True,True,True,both
3561,-93.6086921035,44.8792797336,188617.3535991578,2434658.493297046,MULTI_HORIZON_CANDIDATE_LEDGER,EPSG:4326-compatible longitude/latitude; CRS not embedded in Parquet,MN,Upper Midwest,Upper Midwest,True,True,True,True,True,True,False,0,False,False,False,neither
3562,-94.7554456477,45.8314079083,96787.03309885209,2538777.12079952,MULTI_HORIZON_CANDIDATE_LEDGER,EPSG:4326-compatible longitude/latitude; CRS not embedded in Parquet,MN,Upper Midwest,Upper Midwest,True,True,True,False,True,False,False,0,True,True,True,both
356289,-97.4099770401,45.4081930656,-110348.43150385714,2491939.9522013776,MULTI_HORIZON_CANDIDATE_LEDGER,EPSG:4326-compatible longitude/latitude; CRS not embedded in Parquet,SD,Temporate Plains,Temperate Plains,True,True,True,False,True,False,False,0,True,False,False,multi_horizon_only
356292,-97.3007094348,45.3520170272,-101882.90130058584,2485573.1854031486,MULTI_HORIZON_CANDIDATE_LEDGER,EPSG:4326-compatible longitude/latitude; CRS not embedded in Parquet,SD,Temporate Plains,Temperate Plains,True,True,True,False,True,False,False,0,True,True,True,both
356580,-96.8045190467,44.9492971031,-63397.39729634855,2440346.5967945233,MULTI_HORIZON_CANDIDATE_LEDGER,EPSG:4326-compatible longitude/latitude; CRS not embedded in Parquet,SD,Temporate Plains,Temperate Plains,True,True,True,False,True,False,False,0,True,True,True,both
356594,-96.9924174587,44.4341657875,-78802.62919710283,2383126.785203862,MULTI_HORIZON_CANDIDATE_LEDGER,EPSG:4326-compatible longitude/latitude; CRS not embedded in Parquet,SD,Temporate Plains,Temperate Plains,True,True,True,False,True,False,False,0,True,True,True,both
35683,-93.1191233278,45.1003611402,226476.18580305236,2460320.380395025,MULTI_HORIZON_CANDIDATE_LEDGER,EPSG:4326-compatible longitude/latitude; CRS not embedded in Parquet,MN,Upper Midwest,Upper Midwest,True,True,True,True,True,True,False,0,True,False,False,multi_horizon_only
35686,-94.8131819441,47.6666623559,89759.15339710486,2741941.419198609,MULTI_HORIZON_CANDIDATE_LEDGER,EPSG:4326-compatible longitude/latitude; CRS not embedded in Parquet,MN,Upper Midwest,Upper Midwest,True,True,True,True,True,True,False,0,False,False,False,neither
356876,-97.454803303,44.268757047,-115797.99979936815,2365168.8845980465,MULTI_HORIZON_CANDIDATE_LEDGER,EPSG:4326-compatible longitude/latitude; CRS not embedded in Parquet,SD,Temporate Plains,Temperate Plains,True,True,True,False,True,False,False,0,True,True,True,both
357171,-96.8544636817,44.2007970283,-68082.60700008311,2357013.4663974727,MULTI_HORIZON_CANDIDATE_LEDGER,EPSG:4326-compatible longitude/latitude; CRS not embedded in Parquet,SD,Temporate Plains,Temperate Plains,True,True,True,False,True,False,False,0,True,True,True,both
357176,-97.1414974455,44.5303426877,-90511.05310381294,2393973.7128988756,MULTI_HORIZON_CANDIDATE_LEDGER,EPSG:4326-compatible longitude/latitude; CRS not embedded in Parquet,SD,Temporate Plains,Temperate Plains,True,True,True,False,True,False,False,0,True,True,True,both
3573,-95.3697681102,45.956317611,48921.214900736704,2552173.7432045154,MULTI_HORIZON_CANDIDATE_LEDGER,EPSG:4326-compatible longitude/latitude; CRS not embedded in Parquet,MN,Upper Midwest,Upper Midwest,True,True,True,True,True,True,False,0,False,False,False,neither
3574,-94.2721936008,45.3302321721,135377.66340321,2483684.4590054676,MULTI_HORIZON_CANDIDATE_LEDGER,EPSG:4326-compatible longitude/latitude; CRS not embedded in Parquet,MN,Upper Midwest,Upper Midwest,True,True,True,True,True,True,False,0,True,True,True,both
35744,-95.6749722619,45.9395669332,25236.497403297308,2550195.204994469,MULTI_HORIZON_CANDIDATE_LEDGER,EPSG:4326-compatible longitude/latitude; CRS not embedded in Parquet,MN,Upper Midwest,Upper Midwest,True,True,True,False,True,False,False,0,True,True,True,both
357451,-96.5152646149,42.5491095022,-42055.75139944858,2172430.231604268,MULTI_HORIZON_CANDIDATE_LEDGER,EPSG:4326-compatible longitude/latitude; CRS not embedded in Parquet,SD,Temporate Plains,Temperate Plains,True,True,True,False,True,False,False,0,True,False,False,multi_horizon_only
35759,-95.7945480106,46.2817150967,15870.08589898834,2588133.422294505,MULTI_HORIZON_CANDIDATE_LEDGER,EPSG:4326-compatible longitude/latitude; CRS not embedded in Parquet,MN,Upper Midwest,Upper Midwest,True,True,True,True,True,True,False,0,False,False,False,neither
35778,-93.1654729482,44.7947221337,223847.9690035632,2426210.90709617,MULTI_HORIZON_CANDIDATE_LEDGER,EPSG:4326-compatible longitude/latitude; CRS not embedded in Parquet,MN,Upper Midwest,Upper Midwest,True,True,True,True,True,True,False,0,True,True,True,both
3579,-94.035366475,46.9746649522,150159.93930352875,2666439.2392028514,MULTI_HORIZON_CANDIDATE_LEDGER,EPSG:4326-compatible longitude/latitude; CRS not embedded in Parquet,MN,Upper Midwest,Upper Midwest,True,True,True,True,True,True,False,0,False,False,False,neither
35794,-92.8464593387,45.05677594,248064.64839750758,2456154.4071968766,MULTI_HORIZON_CANDIDATE_LEDGER,EPSG:4326-compatible longitude/latitude; CRS not embedded in Parquet,MN,Upper Midwest,Upper Midwest,True,True,True,True,True,True,False,0,True,False,False,multi_horizon_only
35808,-92.8979273684,45.3860217937,242822.42320347758,2492619.996695197,MULTI_HORIZON_CANDIDATE_LEDGER,EPSG:4326-compatible longitude/latitude; CRS not embedded in Parquet,MN,Upper Midwest,Upper Midwest,True,True,True,True,True,True,False,0,True,True,True,both
3583,-95.4782628804,45.8266949434,40578.50380094785,2537731.3874967145,MULTI_HORIZON_CANDIDATE_LEDGER,EPSG:4326-compatible longitude/latitude; CRS not embedded in Parquet,MN,Upper Midwest,Upper Midwest,True,True,True,False,True,False,False,0,False,False,False,neither
358471,-103.49352461,41.9334197407,-616412.2062845641,2127779.42269894,MULTI_HORIZON_CANDIDATE_LEDGER,EPSG:4326-compatible longitude/latitude; CRS not embedded in Parquet,NE,Southern Plains,Southern Plains,True,True,True,True,True,True,False,0,True,False,False,multi_horizon_only
3586,-93.4766826044,46.4156437591,194495.99210080132,2605548.8761980226,MULTI_HORIZON_CANDIDATE_LEDGER,EPSG:4326-compatible longitude/latitude; CRS not embedded in Parquet,MN,Upper Midwest,Upper Midwest,True,True,True,False,True,False,False,0,False,False,False,neither
3592,-93.6214682161,46.4507585579,183240.97730022128,2609152.4772973424,MULTI_HORIZON_CANDIDATE_LEDGER,EPSG:4326-compatible longitude/latitude; CRS not embedded in Parquet,MN,Upper Midwest,Upper Midwest,True,True,True,False,True,False,False,0,True,False,False,multi_horizon_only
359228,-101.809708879,41.2493365937,-482777.6254044249,2041668.6849056594,MULTI_HORIZON_CANDIDATE_LEDGER,EPSG:4326-compatible longitude/latitude; CRS not embedded in Parquet,NE,Southern Plains,Southern Plains,True,True,True,False,True,False,False,0,False,False,False,neither
359516,-104.764427887,39.9432409302,-741203.7216197309,1914820.7876069173,MULTI_HORIZON_CANDIDATE_LEDGER,EPSG:4326-compatible longitude/latitude; CRS not embedded in Parquet,CO,Southern Plains,Southern Plains,True,True,True,True,True,True,False,0,True,True,True,both
359517,-105.217861504,40.3352401122,-775179.737526647,1962161.0609012507,MULTI_HORIZON_CANDIDATE_LEDGER,EPSG:4326-compatible longitude/latitude; CRS not embedded in Parquet,CO,Western Mountains,Western Mountains,True,True,True,False,True,False,False,0,False,False,False,neither
359564,-105.493048526,40.3755881567,-797795.0367324475,1968936.600599329,MULTI_HORIZON_CANDIDATE_LEDGER,EPSG:4326-compatible longitude/latitude; CRS not embedded in Parquet,CO,Western Mountains,Western Mountains,True,True,True,False,True,False,False,0,False,False,False,neither
3598,-94.2958321148,45.1060228448,133972.8769980773,2458718.495401771,MULTI_HORIZON_CANDIDATE_LEDGER,EPSG:4326-compatible longitude/latitude; CRS not embedded in Parquet,MN,Upper Midwest,Upper Midwest,True,True,True,False,True,False,False,0,True,False,False,multi_horizon_only
360013,-100.77542085,41.0374935545,-398101.4532860796,2013193.568503486,MULTI_HORIZON_CANDIDATE_LEDGER,EPSG:4326-compatible longitude/latitude; CRS not embedded in Parquet,NE,Southern Plains,Southern Plains,True,True,True,False,True,False,False,0,True,True,True,both
360338,-105.143620324,39.6507794883,-776323.2198371803,1885221.3870071946,MULTI_HORIZON_CANDIDATE_LEDGER,EPSG:4326-compatible longitude/latitude; CRS not embedded in Parquet,CO,Southern Plains,Southern Plains,True,True,True,False,True,False,False,0,True,True,True,both
36034,-95.1114386517,47.6284738051,67242.16519648842,2737478.6582951155,MULTI_HORIZON_CANDIDATE_LEDGER,EPSG:4326-compatible longitude/latitude; CRS not embedded in Parquet,MN,Upper Midwest,Upper Midwest,True,True,True,False,True,False,False,0,False,False,False,neither
3607,-93.272579896,46.7435890073,209181.21499796756,2642306.6892045196,MULTI_HORIZON_CANDIDATE_LEDGER,EPSG:4326-compatible longitude/latitude; CRS not embedded in Parquet,MN,Upper Midwest,Upper Midwest,True,True,True,True,True,True,False,0,False,False,False,neither
360793,-105.159481535,40.5582776791,-767881.19600888,1986554.7785987752,MULTI_HORIZON_CANDIDATE_LEDGER,EPSG:4326-compatible longitude/latitude; CRS not embedded in Parquet,CO,Western Mountains,Western Mountains,True,True,True,False,True,False,False,0,False,False,False,neither
361,-93.795671158,44.7710858226,174151.25859888253,2422260.6586001385,MULTI_HORIZON_CANDIDATE_LEDGER,EPSG:4326-compatible longitude/latitude; CRS not embedded in Parquet,MN,Upper Midwest,Upper Midwest,True,True,True,True,True,True,False,0,True,True,True,both
36107,-91.4808140942,38.4290566201,390650.53490164125,1720205.8607009053,MULTI_HORIZON_CANDIDATE_LEDGER,EPSG:4326-compatible longitude/latitude; CRS not embedded in Parquet,MO,Southern Appalachians,Southern Appalachians,True,True,True,False,True,False,False,0,False,False,False,neither
36121,-93.7807789612,38.8477342156,190794.52510013126,1760071.452503548,MULTI_HORIZON_CANDIDATE_LEDGER,EPSG:4326-compatible longitude/latitude; CRS not embedded in Parquet,MO,Temporate Plains,Temperate Plains,True,True,True,True,True,True,False,0,True,False,False,multi_horizon_only
361261,-103.814832325,41.2238082424,-649307.5365119876,2050761.4223024147,MULTI_HORIZON_CANDIDATE_LEDGER,EPSG:4326-compatible longitude/latitude; CRS not embedded in Parquet,NE,Southern Plains,Southern Plains,True,True,True,True,True,True,False,0,True,True,True,both
361694,-96.8495185913,40.7662390372,-71120.24959718797,1973131.2658999097,MULTI_HORIZON_CANDIDATE_LEDGER,EPSG:4326-compatible longitude/latitude; CRS not embedded in Parquet,NE,Temporate Plains,Temperate Plains,True,True,True,False,True,False,False,0,True,True,True,both
361755,-96.8686548242,40.8414726402,-72645.24580072831,1981570.8902036557,MULTI_HORIZON_CANDIDATE_LEDGER,EPSG:4326-compatible longitude/latitude; CRS not embedded in Parquet,NE,Temporate Plains,Temperate Plains,True,True,True,False,True,False,False,0,True,True,True,both
3618,-93.4057180907,44.8438634557,204730.96399781297,2431137.587995723,MULTI_HORIZON_CANDIDATE_LEDGER,EPSG:4326-compatible longitude/latitude; CRS not embedded in Parquet,MN,Upper Midwest,Upper Midwest,True,True,True,False,True,False,False,0,False,True,False,direct_60_day_only
361919,-96.611295518,41.2440884777,-50832.77489934297,2026483.1157951942,MULTI_HORIZON_CANDIDATE_LEDGER,EPSG:4326-compatible longitude/latitude; CRS not embedded in Parquet,NE,Temporate Plains,Temperate Plains,True,True,True,True,True,True,True,1,True,True,True,both
3621,-92.6786230059,46.4976524955,255670.33109627,2616525.2661982095,MULTI_HORIZON_CANDIDATE_LEDGER,EPSG:4326-compatible longitude/latitude; CRS not embedded in Parquet,MN,Upper Midwest,Upper Midwest,True,True,True,False,True,False,False,0,False,False,False,neither
362582,-96.6413127825,40.6010399644,-53814.78060157567,1954492.5184957804,MULTI_HORIZON_CANDIDATE_LEDGER,EPSG:4326-compatible longitude/latitude; CRS not embedded in Parquet,NE,Temporate Plains,Temperate Plains,True,True,True,False,True,False,False,0,True,True,True,both
362584,-96.6331778355,40.7819034321,-52997.195403333535,1974744.2504048198,MULTI_HORIZON_CANDIDATE_LEDGER,EPSG:4326-compatible longitude/latitude; CRS not embedded in Parquet,NE,Temporate Plains,Temperate Plains,True,True,True,False,True,False,False,0,True,True,True,both
3626,-93.88805537,46.4206570047,162780.97210329265,2605331.2006003605,MULTI_HORIZON_CANDIDATE_LEDGER,EPSG:4326-compatible longitude/latitude; CRS not embedded in Parquet,MN,Upper Midwest,Upper Midwest,True,True,True,True,True,True,False,0,False,False,False,neither
362640,-99.853221075,40.6943480571,-322827.3913999333,1971307.3825034928,MULTI_HORIZON_CANDIDATE_LEDGER,EPSG:4326-compatible longitude/latitude; CRS not embedded in Parquet,NE,Southern Plains,Southern Plains,True,True,True,False,True,False,False,0,True,True,True,both
362778,-96.7960049834,40.6341332396,-66764.21900295583,1958297.2008972578,MULTI_HORIZON_CANDIDATE_LEDGER,EPSG:4326-compatible longitude/latitude; CRS not embedded in Parquet,NE,Temporate Plains,Temperate Plains,True,True,True,False,True,False,False,0,True,True,True,both
362855,-96.8628630984,40.9747198236,-72025.42200118685,1996487.161197083,MULTI_HORIZON_CANDIDATE_LEDGER,EPSG:4326-compatible longitude/latitude; CRS not embedded in Parquet,NE,Temporate Plains,Temperate Plains,True,True,True,False,True,False,False,0,True,False,False,multi_horizon_only
363,-93.5004015016,43.5468840778,201062.8818966146,2286412.580499162,MULTI_HORIZON_CANDIDATE_LEDGER,EPSG:4326-compatible longitude/latitude; CRS not embedded in Parquet,MN,Temporate Plains,Temperate Plains,True,True,True,False,True,False,False,0,True,True,True,both
3630,-93.3405157828,45.0436760825,209252.92259684135,2453508.781002803,MULTI_HORIZON_CANDIDATE_LEDGER,EPSG:4326-compatible longitude/latitude; CRS not embedded in Parquet,MN,Upper Midwest,Upper Midwest,True,True,True,True,True,True,True,2,True,False,False,multi_horizon_only
363003,-96.844940689,40.5802076868,-70922.25459933243,1952292.8399046278,MULTI_HORIZON_CANDIDATE_LEDGER,EPSG:4326-compatible longitude/latitude; CRS not embedded in Parquet,NE,Temporate Plains,Temperate Plains,True,True,True,False,True,False,False,0,True,True,True,both
363083,-96.5851957863,40.6312358153,-49085.04480415078,1957844.1908983048,MULTI_HORIZON_CANDIDATE_LEDGER,EPSG:4326-compatible longitude/latitude; CRS not embedded in Parquet,NE,Temporate Plains,Temperate Plains,True,True,True,False,True,False,False,0,True,True,True,both
363219,-96.9484591725,40.8275177388,-79334.63519735463,1980071.9855959285,MULTI_HORIZON_CANDIDATE_LEDGER,EPSG:4326-compatible longitude/latitude; CRS not embedded in Parquet,NE,Temporate Plains,Temperate Plains,True,True,True,False,True,False,False,0,True,True,True,both
363323,-98.7629415112,41.426856105,-229129.1277029141,2050109.8055980392,MULTI_HORIZON_CANDIDATE_LEDGER,EPSG:4326-compatible longitude/latitude; CRS not embedded in Parquet,NE,Southern Plains,Southern Plains,True,True,True,False,True,False,False,0,False,False,False,neither
3634,-93.333784302,45.8152246899,207376.53650367938,2539255.4832016183,MULTI_HORIZON_CANDIDATE_LEDGER,EPSG:4326-compatible longitude/latitude; CRS not embedded in Parquet,MN,Upper Midwest,Upper Midwest,True,True,True,False,True,False,False,0,False,False,False,neither
3637,-93.4123281355,45.0016948836,203731.19629813504,2448683.18660257,MULTI_HORIZON_CANDIDATE_LEDGER,EPSG:4326-compatible longitude/latitude; CRS not embedded in Parquet,MN,Upper Midwest,Upper Midwest,True,True,True,True,True,True,True,2,True,True,True,both
3643,-93.6650523256,44.8812188312,184167.47449892698,2434763.7240957273,MULTI_HORIZON_CANDIDATE_LEDGER,EPSG:4326-compatible longitude/latitude; CRS not embedded in Parquet,MN,Upper Midwest,Upper Midwest,True,True,True,True,True,True,True,2,False,False,False,neither
3646,-93.9458990503,46.7250846373,157594.22980331513,2638958.5857959017,MULTI_HORIZON_CANDIDATE_LEDGER,EPSG:4326-compatible longitude/latitude; CRS not embedded in Parquet,MN,Upper Midwest,Upper Midwest,True,True,True,True,True,True,True,2,True,False,False,multi_horizon_only
364854,-98.5309071845,41.7575317714,-208905.9741002262,2086567.4623976229,MULTI_HORIZON_CANDIDATE_LEDGER,EPSG:4326-compatible longitude/latitude; CRS not embedded in Parquet,NE,Southern Plains,Southern Plains,True,True,True,True,True,True,True,2,True,True,True,both
364887,-98.8992709563,41.3204948163,-240794.58770239592,2038546.4029991943,MULTI_HORIZON_CANDIDATE_LEDGER,EPSG:4326-compatible longitude/latitude; CRS not embedded in Parquet,NE,Southern Plains,Southern Plains,True,True,True,False,True,False,False,0,True,False,False,multi_horizon_only
3652,-94.6110500856,46.2441622392,107346.2125993072,2584735.740902886,MULTI_HORIZON_CANDIDATE_LEDGER,EPSG:4326-compatible longitude/latitude; CRS not embedded in Parquet,MN,Upper Midwest,Upper Midwest,True,True,True,True,True,True,False,0,False,False,False,neither
365518,-99.2588434058,41.8699126373,-268539.22190087923,2100964.16939763,MULTI_HORIZON_CANDIDATE_LEDGER,EPSG:4326-compatible longitude/latitude; CRS not embedded in Parquet,NE,Southern Plains,Southern Plains,True,True,True,False,True,False,False,0,True,False,False,multi_horizon_only
3658,-92.8560481174,45.3832169343,246109.75150324195,2492416.0687055048,MULTI_HORIZON_CANDIDATE_LEDGER,EPSG:4326-compatible longitude/latitude; CRS not embedded in Parquet,MN,Upper Midwest,Upper Midwest,True,True,True,True,True,True,False,0,False,False,False,neither
365958,-97.5665273516,42.1789212195,-128536.61829851511,2131984.238795421,MULTI_HORIZON_CANDIDATE_LEDGER,EPSG:4326-compatible longitude/latitude; CRS not embedded in Parquet,NE,Temporate Plains,Temperate Plains,True,True,True,False,True,False,False,0,True,False,False,multi_horizon_only
366189,-97.2346458467,41.9783934889,-101598.22169883712,2109155.3742973814,MULTI_HORIZON_CANDIDATE_LEDGER,EPSG:4326-compatible longitude/latitude; CRS not embedded in Parquet,NE,Temporate Plains,Temperate Plains,True,True,True,False,True,False,False,0,True,True,True,both
3666,-96.0143470047,46.8005204541,-1099.5518987340376,2645609.4359042216,MULTI_HORIZON_CANDIDATE_LEDGER,EPSG:4326-compatible longitude/latitude; CRS not embedded in Parquet,MN,Upper Midwest,Upper Midwest,True,True,True,False,True,False,False,0,False,False,False,neither
3667,-93.7038493494,46.4709073557,176841.67319980895,2611229.1350002615,MULTI_HORIZON_CANDIDATE_LEDGER,EPSG:4326-compatible longitude/latitude; CRS not embedded in Parquet,MN,Upper Midwest,Upper Midwest,True,True,True,False,True,False,False,0,False,False,False,neither
366991,-95.9932777243,40.1885535141,567.362302044693,1908103.358902974,MULTI_HORIZON_CANDIDATE_LEDGER,EPSG:4326-compatible longitude/latitude; CRS not embedded in Parquet,NE,Temporate Plains,Temperate Plains,True,True,True,True,True,True,True,2,True,True,True,both
36724,-94.2926050041,45.1313136421,134176.00270381034,2461536.1134985276,MULTI_HORIZON_CANDIDATE_LEDGER,EPSG:4326-compatible longitude/latitude; CRS not embedded in Parquet,MN,Upper Midwest,Upper Midwest,True,True,True,False,True,False,False,0,True,False,False,multi_horizon_only
3673,-95.0569554759,45.252250245,73978.6468035944,2474149.241002322,MULTI_HORIZON_CANDIDATE_LEDGER,EPSG:4326-compatible longitude/latitude; CRS not embedded in Parquet,MN,Upper Midwest,Upper Midwest,True,True,True,True,True,True,False,0,True,False,False,multi_horizon_only
36735,-94.9065663556,46.8087458252,83788.23310238429,2647002.1675998876,MULTI_HORIZON_CANDIDATE_LEDGER,EPSG:4326-compatible longitude/latitude; CRS not embedded in Parquet,MN,Upper Midwest,Upper Midwest,True,True,True,True,True,True,False,0,False,False,False,neither
36738,-94.92452275,47.3900114126,81684.64740019293,2711283.5894017816,MULTI_HORIZON_CANDIDATE_LEDGER,EPSG:4326-compatible longitude/latitude; CRS not embedded in Parquet,MN,Upper Midwest,Upper Midwest,True,True,True,True,True,True,False,0,False,False,False,neither
367519,-96.3053069353,40.1651433749,-25776.38849775193,1905521.955104134,MULTI_HORIZON_CANDIDATE_LEDGER,EPSG:4326-compatible longitude/latitude; CRS not embedded in Parquet,NE,Temporate Plains,Temperate Plains,True,True,True,True,True,True,True,2,True,False,False,multi_horizon_only
36752,-94.1269709421,46.5524645484,144080.85359670102,2619551.4223997546,MULTI_HORIZON_CANDIDATE_LEDGER,EPSG:4326-compatible longitude/latitude; CRS not embedded in Parquet,MN,Upper Midwest,Upper Midwest,True,True,True,False,True,False,False,0,False,False,False,neither
367586,-99.2556026753,40.0581382753,-275220.66769793996,1898206.3180051371,MULTI_HORIZON_CANDIDATE_LEDGER,EPSG:4326-compatible longitude/latitude; CRS not embedded in Parquet,NE,Southern Plains,Southern Plains,True,True,True,False,True,False,False,0,True,True,True,both
36762,-93.1501053206,44.9042110098,224695.77410034806,2438429.681197197,MULTI_HORIZON_CANDIDATE_LEDGER,EPSG:4326-compatible longitude/latitude; CRS not embedded in Parquet,MN,Upper Midwest,Upper Midwest,True,True,True,True,True,True,False,0,True,False,False,multi_horizon_only
367842,-101.109518959,40.1575724083,-431223.88971055683,1916227.6220989153,MULTI_HORIZON_CANDIDATE_LEDGER,EPSG:4326-compatible longitude/latitude; CRS not embedded in Parquet,NE,Southern Plains,Southern Plains,True,True,True,False,True,False,False,0,True,False,False,multi_horizon_only
3679,-94.4132907348,46.9553681838,121313.27039922506,2663764.2034958703,MULTI_HORIZON_CANDIDATE_LEDGER,EPSG:4326-compatible longitude/latitude; CRS not embedded in Parquet,MN,Upper Midwest,Upper Midwest,True,True,True,False,True,False,False,0,False,False,False,neither
36803,-95.402231009,46.6852158634,45892.93169688422,2632983.70369801,MULTI_HORIZON_CANDIDATE_LEDGER,EPSG:4326-compatible longitude/latitude; CRS not embedded in Parquet,MN,Upper Midwest,Upper Midwest,True,True,True,False,True,False,False,0,False,False,False,neither
36810,-93.4324321684,44.7508071778,202903.17229670484,2420724.153296317,MULTI_HORIZON_CANDIDATE_LEDGER,EPSG:4326-compatible longitude/latitude; CRS not embedded in Parquet,MN,Upper Midwest,Upper Midwest,True,True,True,True,True,True,True,3,True,True,True,both
368101,-101.534936105,40.4370613892,-465265.85205447365,1949495.992697075,MULTI_HORIZON_CANDIDATE_LEDGER,EPSG:4326-compatible longitude/latitude; CRS not embedded in Parquet,NE,Southern Plains,Southern Plains,True,True,True,False,True,False,False,0,True,False,False,multi_horizon_only
36845,-93.3390007352,44.8825556529,209874.10549819295,2435588.4365015086,MULTI_HORIZON_CANDIDATE_LEDGER,EPSG:4326-compatible longitude/latitude; CRS not embedded in Parquet,MN,Upper Midwest,Upper Midwest,True,True,True,False,True,False,False,0,True,True,True,both
3686,-93.2257923292,45.0437289743,218276.88389873237,2453772.7193053877,MULTI_HORIZON_CANDIDATE_LEDGER,EPSG:4326-compatible longitude/latitude; CRS not embedded in Parquet,MN,Upper Midwest,Upper Midwest,True,True,True,True,True,True,True,2,True,False,False,multi_horizon_only
368832,-100.226359792,40.386185153,-355604.2791656562,1938152.5080040712,MULTI_HORIZON_CANDIDATE_LEDGER,EPSG:4326-compatible longitude/latitude; CRS not embedded in Parquet,NE,Southern Plains,Southern Plains,True,True,True,True,True,True,False,0,True,True,True,both
3692,-94.3328495287,46.2364932261,128860.08670058812,2584230.958199162,MULTI_HORIZON_CANDIDATE_LEDGER,EPSG:4326-compatible longitude/latitude; CRS not embedded in Parquet,MN,Upper Midwest,Upper Midwest,True,True,True,False,True,False,False,0,False,False,False,neither
369331,-96.9881231329,39.2008535359,-84547.22619782889,1797861.384794576,MULTI_HORIZON_CANDIDATE_LEDGER,EPSG:4326-compatible longitude/latitude; CRS not embedded in Parquet,KS,Temporate Plains,Temperate Plains,True,True,True,True,True,True,True,1,True,False,False,multi_horizon_only
3697,-94.616126618,45.3715667501,108364.92990261762,2487838.510404682,MULTI_HORIZON_CANDIDATE_LEDGER,EPSG:4326-compatible longitude/latitude; CRS not embedded in Parquet,MN,Upper Midwest,Upper Midwest,True,True,True,True,True,True,False,0,True,False,False,multi_horizon_only
3711,-95.4219744727,45.9670185283,44861.56769760803,2553335.814199523,MULTI_HORIZON_CANDIDATE_LEDGER,EPSG:4326-compatible longitude/latitude; CRS not embedded in Parquet,MN,Upper Midwest,Upper Midwest,True,True,True,True,True,True,False,0,False,False,False,neither
371305,-97.3792436523,40.413347314,-116039.05599594302,1934128.735600097,MULTI_HORIZON_CANDIDATE_LEDGER,EPSG:4326-compatible longitude/latitude; CRS not embedded in Parquet,NE,Southern Plains,Southern Plains,True,True,True,True,True,True,False,0,True,True,True,both
371784,-97.2619862859,40.4572422334,-106109.22690049939,1938908.3014949774,MULTI_HORIZON_CANDIDATE_LEDGER,EPSG:4326-compatible longitude/latitude; CRS not embedded in Parquet,NE,Southern Plains,Southern Plains,True,True,True,False,True,False,False,0,True,True,True,both
3718,-94.1976295623,46.6289404667,138485.47589637397,2627918.482105069,MULTI_HORIZON_CANDIDATE_LEDGER,EPSG:4326-compatible longitude/latitude; CRS not embedded in Parquet,MN,Upper Midwest,Upper Midwest,True,True,True,False,True,False,False,0,False,False,False,neither
372145,-98.3005508137,40.2660528736,-193938.12469624283,1919133.3793029003,MULTI_HORIZON_CANDIDATE_LEDGER,EPSG:4326-compatible longitude/latitude; CRS not embedded in Parquet,NE,Southern Plains,Southern Plains,True,True,True,False,True,False,False,0,True,True,True,both
3724,-93.9110075268,46.5311992875,160742.8795985257,2617541.7045985563,MULTI_HORIZON_CANDIDATE_LEDGER,EPSG:4326-compatible longitude/latitude; CRS not embedded in Parquet,MN,Upper Midwest,Upper Midwest,True,True,True,False,True,False,False,0,False,False,False,neither
373,-93.3943142918,44.9531702917,205297.1409962753,2443323.960300113,MULTI_HORIZON_CANDIDATE_LEDGER,EPSG:4326-compatible longitude/latitude; CRS not embedded in Parquet,MN,Upper Midwest,Upper Midwest,True,True,True,True,True,True,False,0,False,False,False,neither
373121,-94.8685221235,38.8703288533,97253.67060352326,1760955.1006946294,MULTI_HORIZON_CANDIDATE_LEDGER,EPSG:4326-compatible longitude/latitude; CRS not embedded in Parquet,KS,Temporate Plains,Temperate Plains,True,True,True,False,True,False,False,0,False,False,False,neither
3734,-96.0719719621,46.6010375563,-5532.651700991797,2623515.8305008775,MULTI_HORIZON_CANDIDATE_LEDGER,EPSG:4326-compatible longitude/latitude; CRS not embedded in Parquet,MN,Upper Midwest,Upper Midwest,True,True,True,True,True,True,False,0,True,False,False,multi_horizon_only
373647,-95.627796742,39.003775347,31933.999002271852,1775395.7989016837,MULTI_HORIZON_CANDIDATE_LEDGER,EPSG:4326-compatible longitude/latitude; CRS not embedded in Parquet,KS,Temporate Plains,Temperate Plains,True,True,True,False,True,False,False,0,True,False,False,multi_horizon_only
3738,-94.5401607291,45.1068143672,114765.30800334942,2458486.789304994,MULTI_HORIZON_CANDIDATE_LEDGER,EPSG:4326-compatible longitude/latitude; CRS not embedded in Parquet,MN,Temporate Plains,Temperate Plains,True,True,True,True,True,True,False,0,True,True,True,both
373899,-96.5815728645,40.2227658693,-49061.18020245465,1912086.4292013356,MULTI_HORIZON_CANDIDATE_LEDGER,EPSG:4326-compatible longitude/latitude; CRS not embedded in Parquet,NE,Temporate Plains,Temperate Plains,True,True,True,True,True,True,True,2,True,True,True,both
374604,-95.6089478304,38.6638897176,33707.93459803833,1737306.6708975956,MULTI_HORIZON_CANDIDATE_LEDGER,EPSG:4326-compatible longitude/latitude; CRS not embedded in Parquet,KS,Temporate Plains,Temperate Plains,True,True,True,False,True,False,False,0,True,False,False,multi_horizon_only
375,-93.0611346947,45.0079450976,231351.37769679716,2450182.318400723,MULTI_HORIZON_CANDIDATE_LEDGER,EPSG:4326-compatible longitude/latitude; CRS not embedded in Parquet,MN,Upper Midwest,Upper Midwest,True,True,True,True,True,True,False,0,True,True,True,both
3753,-93.5301522114,44.8769789482,194817.56670092166,2434560.921897224,MULTI_HORIZON_CANDIDATE_LEDGER,EPSG:4326-compatible longitude/latitude; CRS not embedded in Parquet,MN,Upper Midwest,Upper Midwest,True,True,True,False,True,False,False,0,False,False,False,neither
375374,-92.8048806794,38.588325905,275646.6555034786,1733401.843096435,MULTI_HORIZON_CANDIDATE_LEDGER,EPSG:4326-compatible longitude/latitude; CRS not embedded in Parquet,MO,Southern Appalachians,Southern Appalachians,True,True,True,False,True,False,False,0,False,False,False,neither
375451,-91.7324704203,36.2020171471,380114.3680997236,1469897.7302044816,MULTI_HORIZON_CANDIDATE_LEDGER,EPSG:4326-compatible longitude/latitude; CRS not embedded in Parquet,AR,Southern Appalachians,Southern Appalachians,True,True,True,False,True,False,False,0,False,False,False,neither
3758,-93.7541953554,45.3387195308,175935.05160256685,2485476.3886052044,MULTI_HORIZON_CANDIDATE_LEDGER,EPSG:4326-compatible longitude/latitude; CRS not embedded in Parquet,MN,Upper Midwest,Upper Midwest,True,True,True,False,True,False,False,0,False,False,False,neither
375816,-92.2056139262,35.5306798309,340995.18580395536,1392999.6442007013,MULTI_HORIZON_CANDIDATE_LEDGER,EPSG:4326-compatible longitude/latitude; CRS not embedded in Parquet,AR,Southern Appalachians,Southern Appalachians,True,True,True,False,True,False,False,0,False,False,False,neither
3765,-94.1618815994,45.7340018924,143151.97170317848,2528709.9820960276,MULTI_HORIZON_CANDIDATE_LEDGER,EPSG:4326-compatible longitude/latitude; CRS not embedded in Parquet,MN,Upper Midwest,Upper Midwest,True,True,True,True,True,True,True,3,True,True,True,both
376907,-97.8351272162,37.7598278911,-160131.62450171998,1637452.3545034518,MULTI_HORIZON_CANDIDATE_LEDGER,EPSG:4326-compatible longitude/latitude; CRS not embedded in Parquet,KS,Southern Plains,Southern Plains,True,True,True,False,True,False,False,0,True,False,False,multi_horizon_only
3771,-94.0731948266,46.5530924255,148215.55699798404,2619703.687005383,MULTI_HORIZON_CANDIDATE_LEDGER,EPSG:4326-compatible longitude/latitude; CRS not embedded in Parquet,MN,Upper Midwest,Upper Midwest,True,True,True,True,True,True,False,0,False,False,False,neither
3773,-94.1640765121,45.2595640992,143999.66830106152,2475986.5432009837,MULTI_HORIZON_CANDIDATE_LEDGER,EPSG:4326-compatible longitude/latitude; CRS not embedded in Parquet,MN,Upper Midwest,Upper Midwest,True,True,True,True,True,True,False,0,True,False,False,multi_horizon_only
3777,-95.9685211132,46.5803752285,2420.613598674942,2621224.707604876,MULTI_HORIZON_CANDIDATE_LEDGER,EPSG:4326-compatible longitude/latitude; CRS not embedded in Parquet,MN,Upper Midwest,Upper Midwest,True,True,True,True,True,True,False,0,False,False,False,neither
3780,-92.8915854061,46.7230546319,238466.42120130543,2640930.831796469,MULTI_HORIZON_CANDIDATE_LEDGER,EPSG:4326-compatible longitude/latitude; CRS not embedded in Parquet,MN,Upper Midwest,Upper Midwest,True,True,True,False,True,False,False,0,False,False,False,neither
3782,-95.7669286512,46.5810954823,17922.138203211096,2621326.092004938,MULTI_HORIZON_CANDIDATE_LEDGER,EPSG:4326-compatible longitude/latitude; CRS not embedded in Parquet,MN,Upper Midwest,Upper Midwest,True,True,True,True,True,True,False,0,False,False,False,neither
3784,-94.9926487072,45.2307289898,79048.48209952707,2471807.685599588,MULTI_HORIZON_CANDIDATE_LEDGER,EPSG:4326-compatible longitude/latitude; CRS not embedded in Parquet,MN,Upper Midwest,Upper Midwest,True,True,True,False,True,False,False,0,False,False,False,neither
37862,-93.9917496988,46.3404969753,154977.61030082995,2596272.4249987993,MULTI_HORIZON_CANDIDATE_LEDGER,EPSG:4326-compatible longitude/latitude; CRS not embedded in Parquet,MN,Upper Midwest,Upper Midwest,True,True,True,True,True,True,False,0,True,True,True,both
37873,-93.3853618839,44.9526667608,206003.8484995428,2443287.3162031677,MULTI_HORIZON_CANDIDATE_LEDGER,EPSG:4326-compatible longitude/latitude; CRS not embedded in Parquet,MN,Upper Midwest,Upper Midwest,True,True,True,True,True,True,False,0,False,False,False,neither
37886,-93.3358178676,44.9404567613,209944.4322993579,2442037.389295987,MULTI_HORIZON_CANDIDATE_LEDGER,EPSG:4326-compatible longitude/latitude; CRS not embedded in Parquet,MN,Upper Midwest,Upper Midwest,True,True,True,False,True,False,False,0,False,False,False,neither
37919,-93.4427376981,44.9090306024,201615.05740243974,2438309.533904151,MULTI_HORIZON_CANDIDATE_LEDGER,EPSG:4326-compatible longitude/latitude; CRS not embedded in Parquet,MN,Upper Midwest,Upper Midwest,True,True,True,True,True,True,False,0,False,False,False,neither
3792,-95.4220155131,45.8209184784,44957.035801321384,2537115.2531945044,MULTI_HORIZON_CANDIDATE_LEDGER,EPSG:4326-compatible longitude/latitude; CRS not embedded in Parquet,MN,Upper Midwest,Upper Midwest,True,True,True,True,True,True,False,0,False,False,False,neither
3801,-93.0932835662,45.1766440612,228247.40310134264,2468864.087003313,MULTI_HORIZON_CANDIDATE_LEDGER,EPSG:4326-compatible longitude/latitude; CRS not embedded in Parquet,MN,Upper Midwest,Upper Midwest,True,True,True,True,True,True,False,0,True,True,True,both
3802,-94.4204777848,44.9537813317,124456.35759769026,2441611.599796202,MULTI_HORIZON_CANDIDATE_LEDGER,EPSG:4326-compatible longitude/latitude; CRS not embedded in Parquet,MN,Upper Midwest,Upper Midwest,True,True,True,True,True,True,False,0,True,False,False,multi_horizon_only
381,-96.1713332697,47.6542031013,-12960.7600986604,2740016.977296686,MULTI_HORIZON_CANDIDATE_LEDGER,EPSG:4326-compatible longitude/latitude; CRS not embedded in Parquet,MN,Temporate Plains,Temperate Plains,True,True,True,True,True,True,False,0,True,True,True,both
3810,-93.1668379091,45.0589867555,222863.50150201205,2455606.4634029185,MULTI_HORIZON_CANDIDATE_LEDGER,EPSG:4326-compatible longitude/latitude; CRS not embedded in Parquet,MN,Upper Midwest,Upper Midwest,True,True,True,True,True,True,False,0,False,False,False,neither
3811,-93.9150209034,46.3520508811,160869.76939692855,2597680.7683051657,MULTI_HORIZON_CANDIDATE_LEDGER,EPSG:4326-compatible longitude/latitude; CRS not embedded in Parquet,MN,Upper Midwest,Upper Midwest,True,True,True,True,True,True,False,0,False,False,False,neither
381133,-96.8609503737,36.749404283,-76155.19749632676,1523023.7860959712,MULTI_HORIZON_CANDIDATE_LEDGER,EPSG:4326-compatible longitude/latitude; CRS not embedded in Parquet,OK,Temporate Plains,Temperate Plains,True,True,True,False,True,False,False,0,True,False,False,multi_horizon_only
38156,-95.5740434572,46.2467697397,32920.19060183611,2584314.262503097,MULTI_HORIZON_CANDIDATE_LEDGER,EPSG:4326-compatible longitude/latitude; CRS not embedded in Parquet,MN,Upper Midwest,Upper Midwest,True,True,True,False,True,False,False,0,True,False,False,multi_horizon_only
38157,-95.6873312497,46.871789043,23936.873400067176,2653539.4144953554,MULTI_HORIZON_CANDIDATE_LEDGER,EPSG:4326-compatible longitude/latitude; CRS not embedded in Parquet,MN,Upper Midwest,Upper Midwest,True,True,True,False,True,False,False,0,False,False,False,neither
3819,-94.5275135394,45.0359047048,115881.72430067942,2450613.7167954016,MULTI_HORIZON_CANDIDATE_LEDGER,EPSG:4326-compatible longitude/latitude; CRS not embedded in Parquet,MN,Temporate Plains,Temperate Plains,True,True,True,True,True,True,False,0,False,False,False,neither
3829,-94.6327663964,45.8309383446,106327.72680356595,2538856.084595423,MULTI_HORIZON_CANDIDATE_LEDGER,EPSG:4326-compatible longitude/latitude; CRS not embedded in Parquet,MN,Upper Midwest,Upper Midwest,True,True,True,True,True,True,False,0,False,False,False,neither
3835,-94.1246965711,45.2749202161,147054.3198968844,2477754.2222951464,MULTI_HORIZON_CANDIDATE_LEDGER,EPSG:4326-compatible longitude/latitude; CRS not embedded in Parquet,MN,Upper Midwest,Upper Midwest,True,True,True,True,True,True,False,0,False,False,False,neither
3848,-95.046942498,43.9209148616,76251.15789774056,2325881.9964004178,MULTI_HORIZON_CANDIDATE_LEDGER,EPSG:4326-compatible longitude/latitude; CRS not embedded in Parquet,MN,Temporate Plains,Temperate Plains,True,True,True,True,True,True,False,0,True,True,True,both
3850,-95.7157617522,45.8576676563,22096.63880243802,2541092.292696722,MULTI_HORIZON_CANDIDATE_LEDGER,EPSG:4326-compatible longitude/latitude; CRS not embedded in Parquet,MN,Upper Midwest,Upper Midwest,True,True,True,False,True,False,False,0,True,False,False,multi_horizon_only
3851,-92.6305116561,46.6906093609,258614.38680279435,2638021.9838949153,MULTI_HORIZON_CANDIDATE_LEDGER,EPSG:4326-compatible longitude/latitude; CRS not embedded in Parquet,MN,Upper Midwest,Upper Midwest,True,True,True,False,True,False,False,0,False,False,False,neither
38513,-92.4175044478,47.1018062329,273240.0696038666,2684105.4952964466,MULTI_HORIZON_CANDIDATE_LEDGER,EPSG:4326-compatible longitude/latitude; CRS not embedded in Parquet,MN,Upper Midwest,Upper Midwest,True,True,True,True,True,True,False,0,False,False,False,neither
3859,-92.8629503296,45.2897129539,245912.76580280394,2482007.4055020623,MULTI_HORIZON_CANDIDATE_LEDGER,EPSG:4326-compatible longitude/latitude; CRS not embedded in Parquet,MN,Upper Midwest,Upper Midwest,True,True,True,True,True,True,False,0,True,True,True,both
386,-94.7517646017,45.7742853943,97156.60530368357,2532437.7910042405,MULTI_HORIZON_CANDIDATE_LEDGER,EPSG:4326-compatible longitude/latitude; CRS not embedded in Parquet,MN,Upper Midwest,Upper Midwest,True,True,True,False,True,False,False,0,False,False,False,neither
3863,-93.0794984363,45.0841099443,229645.82229766372,2458608.307705095,MULTI_HORIZON_CANDIDATE_LEDGER,EPSG:4326-compatible longitude/latitude; CRS not embedded in Parquet,MN,Upper Midwest,Upper Midwest,True,True,True,True,True,True,False,0,True,True,True,both
387457,-101.659830658,35.6390156345,-507752.1921046302,1413443.4739006609,MULTI_HORIZON_CANDIDATE_LEDGER,EPSG:4326-compatible longitude/latitude; CRS not embedded in Parquet,TX,Southern Plains,Southern Plains,True,True,True,False,True,False,False,0,True,False,False,multi_horizon_only
38846,-93.4718501968,44.9935062043,199070.29409606583,2447646.147905262,MULTI_HORIZON_CANDIDATE_LEDGER,EPSG:4326-compatible longitude/latitude; CRS not embedded in Parquet,MN,Upper Midwest,Upper Midwest,True,True,True,True,True,True,True,1,False,False,False,neither
38853,-92.9378815153,44.9624904546,241213.69860193983,2445433.0046002558,MULTI_HORIZON_CANDIDATE_LEDGER,EPSG:4326-compatible longitude/latitude; CRS not embedded in Parquet,MN,Upper Midwest,Upper Midwest,True,True,True,True,True,True,False,0,True,False,False,multi_horizon_only
38887,-93.8961401451,46.4802169357,162011.78150339573,2611917.919901249,MULTI_HORIZON_CANDIDATE_LEDGER,EPSG:4326-compatible longitude/latitude; CRS not embedded in Parquet,MN,Upper Midwest,Upper Midwest,True,True,True,True,True,True,False,0,False,False,False,neither
38904,-93.8828731996,46.2399953847,163626.5883008858,2585311.7897022376,MULTI_HORIZON_CANDIDATE_LEDGER,EPSG:4326-compatible longitude/latitude; CRS not embedded in Parquet,MN,Upper Midwest,Upper Midwest,True,True,True,False,True,False,False,0,False,False,False,neither
3892,-94.4845981672,45.4353236577,118550.48189847209,2495082.4962966386,MULTI_HORIZON_CANDIDATE_LEDGER,EPSG:4326-compatible longitude/latitude; CRS not embedded in Parquet,MN,Upper Midwest,Upper Midwest,True,True,True,False,True,False,False,0,True,False,False,multi_horizon_only
38927,-94.4587990887,46.9576631564,117830.07920255861,2663960.9061951544,MULTI_HORIZON_CANDIDATE_LEDGER,EPSG:4326-compatible longitude/latitude; CRS not embedded in Parquet,MN,Upper Midwest,Upper Midwest,True,True,True,False,True,False,False,0,False,False,False,neither
3900,-93.3693225436,44.8220226855,207669.72989678447,2428786.1385054654,MULTI_HORIZON_CANDIDATE_LEDGER,EPSG:4326-compatible longitude/latitude; CRS not embedded in Parquet,MN,Upper Midwest,Upper Midwest,True,True,True,True,True,True,True,1,True,True,True,both
39040,-93.4133412119,43.6622193113,207713.8511960667,2299466.4496013876,MULTI_HORIZON_CANDIDATE_LEDGER,EPSG:4326-compatible longitude/latitude; CRS not embedded in Parquet,MN,Temporate Plains,Temperate Plains,True,True,True,False,True,False,False,0,True,True,True,both
390649,-93.702695068,35.1007821919,207652.71429809742,1340587.4227991272,MULTI_HORIZON_CANDIDATE_LEDGER,EPSG:4326-compatible longitude/latitude; CRS not embedded in Parquet,AR,Southern Appalachians,Southern Appalachians,True,True,True,False,True,False,False,0,False,False,False,neither
390651,-92.5952870643,35.2424577801,307147.2574966307,1359434.1556009892,MULTI_HORIZON_CANDIDATE_LEDGER,EPSG:4326-compatible longitude/latitude; CRS not embedded in Parquet,AR,Southern Appalachians,Southern Appalachians,True,True,True,False,True,False,False,0,True,False,False,multi_horizon_only
3924,-93.3482846475,44.2696926838,211046.57139893775,2367331.422797215,MULTI_HORIZON_CANDIDATE_LEDGER,EPSG:4326-compatible longitude/latitude; CRS not embedded in Parquet,MN,Upper Midwest,Upper Midwest,True,True,True,True,True,True,False,0,True,True,True,both
393135,-92.5742993024,34.8866683366,310474.5396031379,1319717.8599053994,MULTI_HORIZON_CANDIDATE_LEDGER,EPSG:4326-compatible longitude/latitude; CRS not embedded in Parquet,AR,Southern Appalachians,Southern Appalachians,True,True,True,False,True,False,False,0,False,False,False,neither
3932,-74.5206885743,41.1614062003,1773047.7067027253,2218291.6070059445,MULTI_HORIZON_CANDIDATE_LEDGER,EPSG:4326-compatible longitude/latitude; CRS not embedded in Parquet,NJ,Northern Appalachians,Northern Appalachians,True,True,True,False,True,False,False,0,False,False,False,neither
393298,-94.359325246,35.9705265248,146626.42819615727,1436702.7957054302,MULTI_HORIZON_CANDIDATE_LEDGER,EPSG:4326-compatible longitude/latitude; CRS not embedded in Parquet,AR,Southern Appalachians,Southern Appalachians,True,True,True,True,True,True,False,0,False,False,False,neither
39362,-91.2620376916,37.3884297113,415359.26730442984,1604638.9908969644,MULTI_HORIZON_CANDIDATE_LEDGER,EPSG:4326-compatible longitude/latitude; CRS not embedded in Parquet,MO,Southern Appalachians,Southern Appalachians,True,True,True,False,True,False,False,0,False,False,False,neither
3942,-95.4590747355,45.6072116695,42209.62920015935,2513360.246502612,MULTI_HORIZON_CANDIDATE_LEDGER,EPSG:4326-compatible longitude/latitude; CRS not embedded in Parquet,MN,Upper Midwest,Upper Midwest,True,True,True,False,True,False,False,0,False,False,False,neither
3943,-93.9343786516,44.8084371508,163104.1875004283,2426171.884099582,MULTI_HORIZON_CANDIDATE_LEDGER,EPSG:4326-compatible longitude/latitude; CRS not embedded in Parquet,MN,Upper Midwest,Upper Midwest,True,True,True,True,True,True,True,3,True,True,True,both
3944,-93.5303304365,47.5595713729,187072.4503983678,2731985.811695236,MULTI_HORIZON_CANDIDATE_LEDGER,EPSG:4326-compatible longitude/latitude; CRS not embedded in Parquet,MN,Upper Midwest,Upper Midwest,True,True,True,False,True,False,False,0,False,False,False,neither
3946,-93.621390995,45.4918466599,185910.74279673523,2502746.6339026047,MULTI_HORIZON_CANDIDATE_LEDGER,EPSG:4326-compatible longitude/latitude; CRS not embedded in Parquet,MN,Upper Midwest,Upper Midwest,True,True,True,True,True,True,True,1,True,True,True,both
3950,-95.1792760188,45.602512394,64047.01870249888,2512994.537797924,MULTI_HORIZON_CANDIDATE_LEDGER,EPSG:4326-compatible longitude/latitude; CRS not embedded in Parquet,MN,Upper Midwest,Upper Midwest,True,True,True,True,True,True,False,0,True,True,True,both
3955,-94.6282509139,46.2122349782,106068.04090171588,2581175.3852991983,MULTI_HORIZON_CANDIDATE_LEDGER,EPSG:4326-compatible longitude/latitude; CRS not embedded in Parquet,MN,Upper Midwest,Upper Midwest,True,True,True,True,True,True,False,0,False,False,False,neither
3960,-93.0451948275,45.2615578297,231728.73150179247,2478420.057298081,MULTI_HORIZON_CANDIDATE_LEDGER,EPSG:4326-compatible longitude/latitude; CRS not embedded in Parquet,MN,Upper Midwest,Upper Midwest,True,True,True,True,True,True,False,0,True,True,True,both
3962,-93.8202388014,47.5848934203,165052.44620033732,2734244.5920993164,MULTI_HORIZON_CANDIDATE_LEDGER,EPSG:4326-compatible longitude/latitude; CRS not embedded in Parquet,MN,Upper Midwest,Upper Midwest,True,True,True,False,True,False,False,0,False,False,False,neither
3973,-94.3728832424,45.067237935,127989.9976033319,2454297.935601361,MULTI_HORIZON_CANDIDATE_LEDGER,EPSG:4326-compatible longitude/latitude; CRS not embedded in Parquet,MN,Upper Midwest,Upper Midwest,True,True,True,True,True,True,False,0,True,True,True,both
3978,-93.4925441004,46.4874386984,193063.72320074,2613472.116696908,MULTI_HORIZON_CANDIDATE_LEDGER,EPSG:4326-compatible longitude/latitude; CRS not embedded in Parquet,MN,Upper Midwest,Upper Midwest,True,True,True,False,True,False,False,0,False,False,False,neither
3985,-94.9842745852,45.24248375,79691.615697974,2473121.9102996103,MULTI_HORIZON_CANDIDATE_LEDGER,EPSG:4326-compatible longitude/latitude; CRS not embedded in Parquet,MN,Upper Midwest,Upper Midwest,True,True,True,True,True,True,False,0,False,False,False,neither
3989,-92.7386182183,46.4120923259,251379.31279832768,2606886.768096516,MULTI_HORIZON_CANDIDATE_LEDGER,EPSG:4326-compatible longitude/latitude; CRS not embedded in Parquet,MN,Upper Midwest,Upper Midwest,True,True,True,False,True,False,False,0,False,False,False,neither
3990,-95.1807183806,47.0625979075,62538.74810147565,2674886.644499056,MULTI_HORIZON_CANDIDATE_LEDGER,EPSG:4326-compatible longitude/latitude; CRS not embedded in Parquet,MN,Upper Midwest,Upper Midwest,True,True,True,False,True,False,False,0,False,False,False,neither
3993,-94.8640761761,46.9288791153,86885.07789746352,2660338.8917964697,MULTI_HORIZON_CANDIDATE_LEDGER,EPSG:4326-compatible longitude/latitude; CRS not embedded in Parquet,MN,Upper Midwest,Upper Midwest,True,True,True,True,True,True,False,0,False,False,False,neither
39951,-95.3417658133,45.8170763824,51201.91359729165,2536729.2042999463,MULTI_HORIZON_CANDIDATE_LEDGER,EPSG:4326-compatible longitude/latitude; CRS not embedded in Parquet,MN,Upper Midwest,Upper Midwest,True,True,True,False,True,False,False,0,False,False,False,neither
39957,-93.5318051731,45.0154801774,194286.92480201647,2449966.417194722,MULTI_HORIZON_CANDIDATE_LEDGER,EPSG:4326-compatible longitude/latitude; CRS not embedded in Parquet,MN,Upper Midwest,Upper Midwest,True,True,True,False,True,False,False,0,True,True,True,both
3996,-94.1964884122,45.3177001804,141335.08720140083,2482401.4724977063,MULTI_HORIZON_CANDIDATE_LEDGER,EPSG:4326-compatible longitude/latitude; CRS not embedded in Parquet,MN,Upper Midwest,Upper Midwest,True,True,True,True,True,True,False,0,False,False,False,neither
4002,-88.409611926,44.0167950102,605794.8272001704,2360398.068300222,MULTI_HORIZON_CANDIDATE_LEDGER,EPSG:4326-compatible longitude/latitude; CRS not embedded in Parquet,WI,Temporate Plains,Temperate Plains,True,True,True,False,True,False,False,0,True,True,True,both
40044,-93.2930773037,44.739872978,213947.5227971284,2419812.804796409,MULTI_HORIZON_CANDIDATE_LEDGER,EPSG:4326-compatible longitude/latitude; CRS not embedded in Parquet,MN,Upper Midwest,Upper Midwest,True,True,True,True,True,True,False,0,False,False,False,neither
4005,-91.0743966745,47.7329243781,371987.75020053686,2758338.2610016577,MULTI_HORIZON_CANDIDATE_LEDGER,EPSG:4326-compatible longitude/latitude; CRS not embedded in Parquet,MN,Upper Midwest,Upper Midwest,True,True,True,True,True,True,False,0,False,False,False,neither
40062,-92.9111718839,45.0509831256,242996.96980303532,2455343.030099055,MULTI_HORIZON_CANDIDATE_LEDGER,EPSG:4326-compatible longitude/latitude; CRS not embedded in Parquet,MN,Upper Midwest,Upper Midwest,True,True,True,True,True,True,False,0,False,False,False,neither
40075,-93.1658738133,44.7211723311,224060.50240047005,2418024.5722051915,MULTI_HORIZON_CANDIDATE_LEDGER,EPSG:4326-compatible longitude/latitude; CRS not embedded in Parquet,MN,Temporate Plains,Temperate Plains,True,True,True,True,True,True,True,1,True,False,False,multi_horizon_only
4010,-93.1926025151,46.6965038365,215467.4086991792,2637272.530696743,MULTI_HORIZON_CANDIDATE_LEDGER,EPSG:4326-compatible longitude/latitude; CRS not embedded in Parquet,MN,Upper Midwest,Upper Midwest,True,True,True,False,True,False,False,0,False,False,False,neither
4011,-94.0614025233,45.2652607071,152038.83760252447,2476779.846298313,MULTI_HORIZON_CANDIDATE_LEDGER,EPSG:4326-compatible longitude/latitude; CRS not embedded in Parquet,MN,Upper Midwest,Upper Midwest,True,True,True,True,True,True,False,0,False,False,False,neither
4020,-93.3962485649,44.3727258074,206915.58740138597,2378704.07080526,MULTI_HORIZON_CANDIDATE_LEDGER,EPSG:4326-compatible longitude/latitude; CRS not embedded in Parquet,MN,Upper Midwest,Upper Midwest,True,True,True,False,True,False,False,0,True,False,False,multi_horizon_only
4025,-93.1721549632,45.0355255891,222523.03779656455,2452984.7393023307,MULTI_HORIZON_CANDIDATE_LEDGER,EPSG:4326-compatible longitude/latitude; CRS not embedded in Parquet,MN,Upper Midwest,Upper Midwest,True,True,True,True,True,True,False,0,False,False,False,neither
4035,-93.9965754735,45.070965252,157577.8814010121,2455277.951201168,MULTI_HORIZON_CANDIDATE_LEDGER,EPSG:4326-compatible longitude/latitude; CRS not embedded in Parquet,MN,Upper Midwest,Upper Midwest,True,True,True,True,True,True,True,3,True,True,True,both
4036,-90.9808748311,47.528351174,380236.62999877275,2736149.7566045644,MULTI_HORIZON_CANDIDATE_LEDGER,EPSG:4326-compatible longitude/latitude; CRS not embedded in Parquet,MN,Upper Midwest,Upper Midwest,True,True,True,True,True,True,False,0,False,False,False,neither
40387,-93.0261016393,39.7977362444,252327.147402099,1868261.9434963055,MULTI_HORIZON_CANDIDATE_LEDGER,EPSG:4326-compatible longitude/latitude; CRS not embedded in Parquet,MO,Temporate Plains,Temperate Plains,True,True,True,True,True,True,False,0,True,True,True,both
4040,-95.2627271815,47.0677247251,56274.44999758943,2675402.5711050723,MULTI_HORIZON_CANDIDATE_LEDGER,EPSG:4326-compatible longitude/latitude; CRS not embedded in Parquet,MN,Upper Midwest,Upper Midwest,True,True,True,False,True,False,False,0,False,False,False,neither
4042,-94.0822910586,46.7424795251,147092.59280153786,2640666.0609978717,MULTI_HORIZON_CANDIDATE_LEDGER,EPSG:4326-compatible longitude/latitude; CRS not embedded in Parquet,MN,Upper Midwest,Upper Midwest,True,True,True,True,True,True,False,0,False,False,False,neither
4045,-93.6032326872,47.4416469825,181879.96460303283,2718821.063804171,MULTI_HORIZON_CANDIDATE_LEDGER,EPSG:4326-compatible longitude/latitude; CRS not embedded in Parquet,MN,Upper Midwest,Upper Midwest,True,True,True,True,True,True,False,0,False,False,False,neither
404579,-94.2288153396,34.2152964083,161948.8735992813,1240550.065594796,MULTI_HORIZON_CANDIDATE_LEDGER,EPSG:4326-compatible longitude/latitude; CRS not embedded in Parquet,AR,Southern Appalachians,Southern Appalachians,True,True,True,False,True,False,False,0,False,False,False,neither
4052,-93.4193264393,45.0660431298,202985.93639936988,2455825.540994794,MULTI_HORIZON_CANDIDATE_LEDGER,EPSG:4326-compatible longitude/latitude; CRS not embedded in Parquet,MN,Upper Midwest,Upper Midwest,True,True,True,True,True,True,True,1,True,False,False,multi_horizon_only
4055,-93.1375355596,45.0992616576,225032.85629812433,2460154.3780004354,MULTI_HORIZON_CANDIDATE_LEDGER,EPSG:4326-compatible longitude/latitude; CRS not embedded in Parquet,MN,Upper Midwest,Upper Midwest,True,True,True,True,True,True,False,0,False,False,False,neither
405744,-94.3851556199,34.1039345148,147866.8022032599,1227849.110199863,MULTI_HORIZON_CANDIDATE_LEDGER,EPSG:4326-compatible longitude/latitude; CRS not embedded in Parquet,AR,Southern Appalachians,Southern Appalachians,True,True,True,False,True,False,False,0,True,False,False,multi_horizon_only
4059,-93.8523779431,46.3637394876,165672.98659645708,2599084.096602911,MULTI_HORIZON_CANDIDATE_LEDGER,EPSG:4326-compatible longitude/latitude; CRS not embedded in Parquet,MN,Upper Midwest,Upper Midwest,True,True,True,False,True,False,False,0,False,False,False,neither
4061,-94.4452065567,45.0570319934,122320.09800105171,2453067.3167954776,MULTI_HORIZON_CANDIDATE_LEDGER,EPSG:4326-compatible longitude/latitude; CRS not embedded in Parquet,MN,Upper Midwest,Upper Midwest,True,True,True,False,True,False,False,0,True,False,False,multi_horizon_only
4065,-94.0026675396,47.6113693418,151179.54399818231,2736864.2469000537,MULTI_HORIZON_CANDIDATE_LEDGER,EPSG:4326-compatible longitude/latitude; CRS not embedded in Parquet,MN,Upper Midwest,Upper Midwest,True,True,True,False,True,False,False,0,False,False,False,neither
4067,-95.9996740881,46.6168446041,25.047600068352587,2625265.091599336,MULTI_HORIZON_CANDIDATE_LEDGER,EPSG:4326-compatible longitude/latitude; CRS not embedded in Parquet,MN,Upper Midwest,Upper Midwest,True,True,True,False,True,False,False,0,False,False,False,neither
407,-92.8295301654,45.4069501968,248096.81289709106,2495122.018800105,MULTI_HORIZON_CANDIDATE_LEDGER,EPSG:4326-compatible longitude/latitude; CRS not embedded in Parquet,MN,Upper Midwest,Upper Midwest,True,True,True,False,True,False,False,0,True,False,False,multi_horizon_only
40713,-87.2720253967,41.615483171,720954.4139004482,2101020.0486989403,MULTI_HORIZON_CANDIDATE_LEDGER,EPSG:4326-compatible longitude/latitude; CRS not embedded in Parquet,IN,Upper Midwest,Upper Midwest,True,True,True,True,True,True,False,0,False,False,False,neither
4072,-93.8394703841,44.2106409293,172110.86740139368,2359761.212002309,MULTI_HORIZON_CANDIDATE_LEDGER,EPSG:4326-compatible longitude/latitude; CRS not embedded in Parquet,MN,Upper Midwest,Upper Midwest,True,True,True,True,True,True,False,0,True,False,False,multi_horizon_only
40766,-85.884704465,44.9237582571,795908.7974964115,2479634.0522020888,MULTI_HORIZON_CANDIDATE_LEDGER,EPSG:4326-compatible longitude/latitude; CRS not embedded in Parquet,MI,Upper Midwest,Upper Midwest,True,True,True,True,True,True,False,0,True,True,True,both
408132,-93.9954141236,33.7488670767,184386.4523018155,1188859.6149995774,MULTI_HORIZON_CANDIDATE_LEDGER,EPSG:4326-compatible longitude/latitude; CRS not embedded in Parquet,AR,Coastal Plains,Coastal Plains,True,True,True,False,True,False,False,0,True,False,False,multi_horizon_only
409269,-94.0925425568,34.1525301056,174548.22570321636,1233776.3809949216,MULTI_HORIZON_CANDIDATE_LEDGER,EPSG:4326-compatible longitude/latitude; CRS not embedded in Parquet,AR,Southern Appalachians,Southern Appalachians,True,True,True,False,True,False,False,0,True,False,False,multi_horizon_only
4098,-93.1361056452,45.0537029444,225297.96299962487,2455091.2976032477,MULTI_HORIZON_CANDIDATE_LEDGER,EPSG:4326-compatible longitude/latitude; CRS not embedded in Parquet,MN,Upper Midwest,Upper Midwest,True,True,True,True,True,True,True,2,True,True,True,both
41002,-94.3436642359,46.9718680988,126604.27340152688,2665680.843300147,MULTI_HORIZON_CANDIDATE_LEDGER,EPSG:4326-compatible longitude/latitude; CRS not embedded in Parquet,MN,Upper Midwest,Upper Midwest,True,True,True,True,True,True,False,0,False,False,False,neither
41014,-94.1196622061,46.7096457081,144298.46769891883,2636972.955998116,MULTI_HORIZON_CANDIDATE_LEDGER,EPSG:4326-compatible longitude/latitude; CRS not embedded in Parquet,MN,Upper Midwest,Upper Midwest,True,True,True,True,True,True,False,0,False,False,False,neither
41046,-94.0182243124,46.8003750038,151872.26609967303,2647176.8394031096,MULTI_HORIZON_CANDIDATE_LEDGER,EPSG:4326-compatible longitude/latitude; CRS not embedded in Parquet,MN,Upper Midwest,Upper Midwest,True,True,True,False,True,False,False,0,False,False,False,neither
41048,-94.7888229154,45.1838319943,95108.70309919406,2466778.7833030215,MULTI_HORIZON_CANDIDATE_LEDGER,EPSG:4326-compatible longitude/latitude; CRS not embedded in Parquet,MN,Upper Midwest,Upper Midwest,True,True,True,True,True,True,True,3,True,True,True,both
41053,-95.5181686878,45.7928981162,37493.85579615133,2533961.8760959795,MULTI_HORIZON_CANDIDATE_LEDGER,EPSG:4326-compatible longitude/latitude; CRS not embedded in Parquet,MN,Upper Midwest,Upper Midwest,True,True,True,True,True,True,False,0,False,False,False,neither
41066,-94.1020287841,46.6367425389,145812.7660015703,2628925.690800339,MULTI_HORIZON_CANDIDATE_LEDGER,EPSG:4326-compatible longitude/latitude; CRS not embedded in Parquet,MN,Upper Midwest,Upper Midwest,True,True,True,True,True,True,False,0,True,False,False,multi_horizon_only
41071,-94.1320274585,46.5672381623,143659.7596014998,2621180.5510958256,MULTI_HORIZON_CANDIDATE_LEDGER,EPSG:4326-compatible longitude/latitude; CRS not embedded in Parquet,MN,Upper Midwest,Upper Midwest,True,True,True,True,True,True,False,0,False,True,False,direct_60_day_only
4111,-93.8613584202,44.2508309487,170266.7255013123,2364200.4392969543,MULTI_HORIZON_CANDIDATE_LEDGER,EPSG:4326-compatible longitude/latitude; CRS not embedded in Parquet,MN,Upper Midwest,Upper Midwest,True,True,True,True,True,True,False,0,True,True,True,both
41137,-92.9121952662,44.9767364725,243184.8815006265,2447083.0203013318,MULTI_HORIZON_CANDIDATE_LEDGER,EPSG:4326-compatible longitude/latitude; CRS not embedded in Parquet,MN,Upper Midwest,Upper Midwest,True,True,True,True,True,True,False,0,True,True,True,both
41146,-92.864203942,44.969185251,246990.87529851036,2446366.9004010977,MULTI_HORIZON_CANDIDATE_LEDGER,EPSG:4326-compatible longitude/latitude; CRS not embedded in Parquet,MN,Upper Midwest,Upper Midwest,True,True,True,True,True,True,False,0,False,False,False,neither
4115,-92.9476360811,45.3207286937,239165.82579800463,2485238.2765003024,MULTI_HORIZON_CANDIDATE_LEDGER,EPSG:4326-compatible longitude/latitude; CRS not embedded in Parquet,MN,Upper Midwest,Upper Midwest,True,True,True,True,True,True,False,0,True,False,False,multi_horizon_only
41151,-92.8381475519,45.1626946529,248326.2592028717,2467952.9710963937,MULTI_HORIZON_CANDIDATE_LEDGER,EPSG:4326-compatible longitude/latitude; CRS not embedded in Parquet,MN,Upper Midwest,Upper Midwest,True,True,True,True,True,True,False,0,False,False,False,neither
413,-95.0461892081,43.8455757321,76395.76479859592,2317479.589504985,MULTI_HORIZON_CANDIDATE_LEDGER,EPSG:4326-compatible longitude/latitude; CRS not embedded in Parquet,MN,Temporate Plains,Temperate Plains,True,True,True,False,True,False,False,0,True,True,True,both
4130,-94.2837124181,46.6674666754,131794.94449872104,2632063.3702047123,MULTI_HORIZON_CANDIDATE_LEDGER,EPSG:4326-compatible longitude/latitude; CRS not embedded in Parquet,MN,Upper Midwest,Upper Midwest,True,True,True,True,True,True,False,0,False,False,False,neither
4134,-86.3013654597,44.2404907504,770994.0599027892,2400508.131505836,MULTI_HORIZON_CANDIDATE_LEDGER,EPSG:4326-compatible longitude/latitude; CRS not embedded in Parquet,MI,Upper Midwest,Upper Midwest,True,True,True,False,True,False,False,0,False,False,False,neither
41352,-96.1727806681,46.864972734,-13228.89839777411,2652757.4548959816,MULTI_HORIZON_CANDIDATE_LEDGER,EPSG:4326-compatible longitude/latitude; CRS not embedded in Parquet,MN,Upper Midwest,Upper Midwest,True,True,True,False,True,False,False,0,True,False,False,multi_horizon_only
414,-91.6694048504,47.5824101956,327842.2691008079,2739548.4301008107,MULTI_HORIZON_CANDIDATE_LEDGER,EPSG:4326-compatible longitude/latitude; CRS not embedded in Parquet,MN,Upper Midwest,Upper Midwest,True,True,True,True,True,True,False,0,False,False,False,neither
4141,-93.499848278,45.4723066479,195465.44449840998,2500819.4226954477,MULTI_HORIZON_CANDIDATE_LEDGER,EPSG:4326-compatible longitude/latitude; CRS not embedded in Parquet,MN,Upper Midwest,Upper Midwest,True,True,True,True,True,True,False,0,True,False,False,multi_horizon_only
4149,-94.2215879234,46.9843744156,135908.39140169974,2667233.2652028147,MULTI_HORIZON_CANDIDATE_LEDGER,EPSG:4326-compatible longitude/latitude; CRS not embedded in Parquet,MN,Upper Midwest,Upper Midwest,True,True,True,True,True,True,False,0,False,False,False,neither
41495,-94.03702283,38.7583525709,168974.56439754565,1749570.4832953466,MULTI_HORIZON_CANDIDATE_LEDGER,EPSG:4326-compatible longitude/latitude; CRS not embedded in Parquet,MO,Temporate Plains,Temperate Plains,True,True,True,False,True,False,False,0,True,False,False,multi_horizon_only
4150,-95.8643206267,44.2454486983,10803.800302540934,2361692.3024977455,MULTI_HORIZON_CANDIDATE_LEDGER,EPSG:4326-compatible longitude/latitude; CRS not embedded in Parquet,MN,Temporate Plains,Temperate Plains,True,True,True,True,True,True,False,0,True,True,True,both
4152,-95.5982412616,43.8643855109,32170.562296965,2319262.3924987605,MULTI_HORIZON_CANDIDATE_LEDGER,EPSG:4326-compatible longitude/latitude; CRS not embedded in Parquet,MN,Temporate Plains,Temperate Plains,True,True,True,False,True,False,False,0,True,True,True,both
4153,-93.0671524713,47.7085866939,221639.25430091753,2749429.7112054294,MULTI_HORIZON_CANDIDATE_LEDGER,EPSG:4326-compatible longitude/latitude; CRS not embedded in Parquet,MN,Upper Midwest,Upper Midwest,True,True,True,True,True,True,False,0,False,False,False,neither
4154,-94.4072700922,46.8602337326,121950.0235016021,2653242.730500971,MULTI_HORIZON_CANDIDATE_LEDGER,EPSG:4326-compatible longitude/latitude; CRS not embedded in Parquet,MN,Upper Midwest,Upper Midwest,True,True,True,True,True,True,False,0,False,False,False,neither
4155,-95.0664149361,46.7630385864,71589.41740047485,2641810.382299103,MULTI_HORIZON_CANDIDATE_LEDGER,EPSG:4326-compatible longitude/latitude; CRS not embedded in Parquet,MN,Upper Midwest,Upper Midwest,True,True,True,True,True,True,False,0,False,False,False,neither
4162,-94.463129942,47.5460501185,116446.96430174066,2729003.048401688,MULTI_HORIZON_CANDIDATE_LEDGER,EPSG:4326-compatible longitude/latitude; CRS not embedded in Parquet,MN,Upper Midwest,Upper Midwest,True,True,True,True,True,True,False,0,False,False,False,neither
4164,-94.3397917707,44.9535136467,130813.79439924809,2441690.179405067,MULTI_HORIZON_CANDIDATE_LEDGER,EPSG:4326-compatible longitude/latitude; CRS not embedded in Parquet,MN,Upper Midwest,Upper Midwest,True,True,True,False,True,False,False,0,True,True,True,both
4166,-94.7389935602,47.6686241243,95366.83379648921,2742230.2568994174,MULTI_HORIZON_CANDIDATE_LEDGER,EPSG:4326-compatible longitude/latitude; CRS not embedded in Parquet,MN,Upper Midwest,Upper Midwest,True,True,True,True,True,True,False,0,False,False,False,neither
4176,-94.2579853647,45.2753072196,136602.7350994002,2477598.3294042647,MULTI_HORIZON_CANDIDATE_LEDGER,EPSG:4326-compatible longitude/latitude; CRS not embedded in Parquet,MN,Upper Midwest,Upper Midwest,True,True,True,True,True,True,True,1,True,False,False,multi_horizon_only
41777,-86.3410026239,46.5674790289,741609.1593986702,2657515.6720035905,MULTI_HORIZON_CANDIDATE_LEDGER,EPSG:4326-compatible longitude/latitude; CRS not embedded in Parquet,MI,Upper Midwest,Upper Midwest,True,True,True,True,True,True,False,0,True,False,False,multi_horizon_only
4178,-92.9447184484,45.0266045155,240445.98089681217,2452546.5633042967,MULTI_HORIZON_CANDIDATE_LEDGER,EPSG:4326-compatible longitude/latitude; CRS not embedded in Parquet,MN,Upper Midwest,Upper Midwest,True,True,True,False,True,False,False,0,False,False,False,neither
4181,-94.3025566603,46.6428286883,130396.78530192957,2629308.4146027407,MULTI_HORIZON_CANDIDATE_LEDGER,EPSG:4326-compatible longitude/latitude; CRS not embedded in Parquet,MN,Upper Midwest,Upper Midwest,True,True,True,True,True,True,False,0,False,False,False,neither
4188,-94.3755932811,45.3872838723,127168.45400320327,2489883.725604289,MULTI_HORIZON_CANDIDATE_LEDGER,EPSG:4326-compatible longitude/latitude; CRS not embedded in Parquet,MN,Upper Midwest,Upper Midwest,True,True,True,True,True,True,False,0,True,True,True,both
4190,-95.886037382,46.3122271626,8798.959996636113,2591505.308102836,MULTI_HORIZON_CANDIDATE_LEDGER,EPSG:4326-compatible longitude/latitude; CRS not embedded in Parquet,MN,Upper Midwest,Upper Midwest,True,True,True,False,True,False,False,0,True,True,True,both
4195,-95.8174052503,46.7879710628,13996.690702463866,2644233.177503038,MULTI_HORIZON_CANDIDATE_LEDGER,EPSG:4326-compatible longitude/latitude; CRS not embedded in Parquet,MN,Upper Midwest,Upper Midwest,True,True,True,False,True,False,False,0,False,False,False,neither
4196,-90.5194650655,48.0667182416,411730.39810127375,2797394.0255042193,MULTI_HORIZON_CANDIDATE_LEDGER,EPSG:4326-compatible longitude/latitude; CRS not embedded in Parquet,MN,Upper Midwest,Upper Midwest,True,True,True,False,True,False,False,0,False,False,False,neither
4200,-93.6497460081,45.0302280961,184964.4303971938,2451371.5871041697,MULTI_HORIZON_CANDIDATE_LEDGER,EPSG:4326-compatible longitude/latitude; CRS not embedded in Parquet,MN,Upper Midwest,Upper Midwest,True,True,True,True,True,True,True,1,True,True,True,both
4207,-93.9050420154,47.5371833535,158748.32770192935,2728831.8742958494,MULTI_HORIZON_CANDIDATE_LEDGER,EPSG:4326-compatible longitude/latitude; CRS not embedded in Parquet,MN,Upper Midwest,Upper Midwest,True,True,True,False,True,False,False,0,False,False,False,neither
4211,-95.3599400322,45.4713877405,50046.88790371084,2498314.50350051,MULTI_HORIZON_CANDIDATE_LEDGER,EPSG:4326-compatible longitude/latitude; CRS not embedded in Parquet,MN,Upper Midwest,Upper Midwest,True,True,True,True,True,True,True,1,True,False,False,multi_horizon_only
4218,-74.770593168,40.9281478095,1758551.3029989267,2188186.8862053705,MULTI_HORIZON_CANDIDATE_LEDGER,EPSG:4326-compatible longitude/latitude; CRS not embedded in Parquet,NJ,Northern Appalachians,Northern Appalachians,True,True,True,True,True,True,False,0,False,False,False,neither
42204,-93.3906923026,44.7272272976,206272.93979802856,2418189.490302059,MULTI_HORIZON_CANDIDATE_LEDGER,EPSG:4326-compatible longitude/latitude; CRS not embedded in Parquet,MN,Upper Midwest,Upper Midwest,True,True,True,True,True,True,False,0,False,False,False,neither
42225,-93.6038279005,44.7908510421,189249.12140318775,2424827.3577962536,MULTI_HORIZON_CANDIDATE_LEDGER,EPSG:4326-compatible longitude/latitude; CRS not embedded in Parquet,MN,Upper Midwest,Upper Midwest,True,True,True,True,True,True,True,1,True,True,True,both
4229,-95.652403006,47.5858244607,26322.065599932797,2732502.5813986985,MULTI_HORIZON_CANDIDATE_LEDGER,EPSG:4326-compatible longitude/latitude; CRS not embedded in Parquet,MN,Upper Midwest,Upper Midwest,True,True,True,True,True,True,True,1,True,True,True,both
4233,-91.2922968767,47.8116058004,355115.42960037576,2766177.3568977397,MULTI_HORIZON_CANDIDATE_LEDGER,EPSG:4326-compatible longitude/latitude; CRS not embedded in Parquet,MN,Upper Midwest,Upper Midwest,True,True,True,True,True,True,False,0,False,False,False,neither
423800,-95.0686331332,29.7760432564,90009.77669991124,744969.2656999025,MULTI_HORIZON_CANDIDATE_LEDGER,EPSG:4326-compatible longitude/latitude; CRS not embedded in Parquet,TX,Coastal Plains,Coastal Plains,True,True,True,True,True,True,False,0,True,True,True,both
424032,-95.1874340281,30.0202671144,78297.1675970777,771958.5856038611,MULTI_HORIZON_CANDIDATE_LEDGER,EPSG:4326-compatible longitude/latitude; CRS not embedded in Parquet,TX,Coastal Plains,Coastal Plains,True,True,True,False,True,False,False,0,False,False,False,neither
425,-93.5843913643,46.9960723054,184561.71369649697,2669601.858803143,MULTI_HORIZON_CANDIDATE_LEDGER,EPSG:4326-compatible longitude/latitude; CRS not embedded in Parquet,MN,Upper Midwest,Upper Midwest,True,True,True,False,True,False,False,0,False,False,False,neither
4251,-88.4542948239,43.0993655403,610357.5315989818,2258045.8913045255,MULTI_HORIZON_CANDIDATE_LEDGER,EPSG:4326-compatible longitude/latitude; CRS not embedded in Parquet,WI,Temporate Plains,Temperate Plains,True,True,True,True,True,True,False,0,False,False,False,neither
4274,-92.742887218,44.9905223544,256461.34600044988,2449061.3682047045,MULTI_HORIZON_CANDIDATE_LEDGER,EPSG:4326-compatible longitude/latitude; CRS not embedded in Parquet,WI,Temporate Plains,Temperate Plains,True,True,True,False,True,False,False,0,True,True,True,both
4280,-93.5639170139,42.9420056486,197686.2024996312,2218757.4132038485,MULTI_HORIZON_CANDIDATE_LEDGER,EPSG:4326-compatible longitude/latitude; CRS not embedded in Parquet,IA,Temporate Plains,Temperate Plains,True,True,True,True,True,True,True,2,True,True,True,both
4285,-94.1873840904,42.5866257022,147856.96790224363,2177919.9486018447,MULTI_HORIZON_CANDIDATE_LEDGER,EPSG:4326-compatible longitude/latitude; CRS not embedded in Parquet,IA,Temporate Plains,Temperate Plains,True,True,True,True,True,True,True,2,True,True,True,both
429,-96.0305047169,46.7949910747,-2338.0726020305306,2644997.4544955296,MULTI_HORIZON_CANDIDATE_LEDGER,EPSG:4326-compatible longitude/latitude; CRS not embedded in Parquet,MN,Upper Midwest,Upper Midwest,True,True,True,False,True,False,False,0,False,False,False,neither
4292,-95.801562631,42.4473930895,16220.212997454226,2160962.073704927,MULTI_HORIZON_CANDIDATE_LEDGER,EPSG:4326-compatible longitude/latitude; CRS not embedded in Parquet,IA,Temporate Plains,Temperate Plains,True,True,True,True,True,True,False,0,False,False,False,neither
431,-94.0318345851,44.9419346729,155102.3402025545,2440865.028404613,MULTI_HORIZON_CANDIDATE_LEDGER,EPSG:4326-compatible longitude/latitude; CRS not embedded in Parquet,MN,Upper Midwest,Upper Midwest,True,True,True,False,True,False,False,0,True,True,True,both
4312,-93.214674198,41.0910037986,232086.72139693456,2012581.9426994817,MULTI_HORIZON_CANDIDATE_LEDGER,EPSG:4326-compatible longitude/latitude; CRS not embedded in Parquet,IA,Temporate Plains,Temperate Plains,True,True,True,True,True,True,True,3,True,True,True,both
4314,-92.8390851695,41.7450903402,260937.05259922636,2086733.3398050182,MULTI_HORIZON_CANDIDATE_LEDGER,EPSG:4326-compatible longitude/latitude; CRS not embedded in Parquet,IA,Temporate Plains,Temperate Plains,True,True,True,False,True,False,False,0,True,True,True,both
43198,-95.479868995,46.4083785453,40100.34649778001,2602270.9038999695,MULTI_HORIZON_CANDIDATE_LEDGER,EPSG:4326-compatible longitude/latitude; CRS not embedded in Parquet,MN,Upper Midwest,Upper Midwest,True,True,True,True,True,True,False,0,True,False,False,multi_horizon_only
43201,-94.1627705852,46.5412543458,141351.36379635046,2618255.617597174,MULTI_HORIZON_CANDIDATE_LEDGER,EPSG:4326-compatible longitude/latitude; CRS not embedded in Parquet,MN,Upper Midwest,Upper Midwest,True,True,True,False,True,False,False,0,False,False,False,neither
43210,-94.1991452148,46.9655642241,137662.73139884052,2665184.242804786,MULTI_HORIZON_CANDIDATE_LEDGER,EPSG:4326-compatible longitude/latitude; CRS not embedded in Parquet,MN,Upper Midwest,Upper Midwest,True,True,True,True,True,True,False,0,False,False,False,neither
4322,-92.5202048439,42.0458774637,286017.84970377886,2121281.3024968775,MULTI_HORIZON_CANDIDATE_LEDGER,EPSG:4326-compatible longitude/latitude; CRS not embedded in Parquet,IA,Temporate Plains,Temperate Plains,True,True,True,False,True,False,False,0,True,True,True,both
43220,-94.9065974768,47.4294081685,82995.9582994473,2715652.498497444,MULTI_HORIZON_CANDIDATE_LEDGER,EPSG:4326-compatible longitude/latitude; CRS not embedded in Parquet,MN,Upper Midwest,Upper Midwest,True,True,True,True,True,True,False,0,False,False,False,neither
43237,-93.1146116407,44.7941899983,227865.1578038676,2426272.5681955423,MULTI_HORIZON_CANDIDATE_LEDGER,EPSG:4326-compatible longitude/latitude; CRS not embedded in Parquet,MN,Upper Midwest,Upper Midwest,True,True,True,True,True,True,True,1,True,False,False,multi_horizon_only
43260,-93.127208271,44.8388199534,226720.50939960306,2431208.6010967027,MULTI_HORIZON_CANDIDATE_LEDGER,EPSG:4326-compatible longitude/latitude; CRS not embedded in Parquet,MN,Upper Midwest,Upper Midwest,True,True,True,True,True,True,False,0,False,False,False,neither
43263,-93.1146252848,44.7837405077,227899.39699762603,2425109.706999908,MULTI_HORIZON_CANDIDATE_LEDGER,EPSG:4326-compatible longitude/latitude; CRS not embedded in Parquet,MN,Upper Midwest,Upper Midwest,True,True,True,True,True,True,False,0,False,True,False,direct_60_day_only
4328,-96.0222135356,41.5448743096,-1839.3275035726567,2059988.1470998777,MULTI_HORIZON_CANDIDATE_LEDGER,EPSG:4326-compatible longitude/latitude; CRS not embedded in Parquet,IA,Temporate Plains,Temperate Plains,True,True,True,False,True,False,False,0,True,True,True,both
43282,-92.8523186283,45.0194602096,247741.4108001428,2451989.35490543,MULTI_HORIZON_CANDIDATE_LEDGER,EPSG:4326-compatible longitude/latitude; CRS not embedded in Parquet,MN,Upper Midwest,Upper Midwest,True,True,True,True,True,True,False,0,False,False,False,neither
43496,-95.9091723312,46.7800355287,6963.183400315911,2643344.310996797,MULTI_HORIZON_CANDIDATE_LEDGER,EPSG:4326-compatible longitude/latitude; CRS not embedded in Parquet,MN,Upper Midwest,Upper Midwest,True,True,True,True,True,True,False,0,False,False,False,neither
435,-95.0233058759,47.6579250478,73877.99609949901,2740795.885105217,MULTI_HORIZON_CANDIDATE_LEDGER,EPSG:4326-compatible longitude/latitude; CRS not embedded in Parquet,MN,Upper Midwest,Upper Midwest,True,True,True,True,True,True,False,0,False,False,False,neither
4351,-93.5925307039,41.2899061848,200045.10770030302,2033982.8247019267,MULTI_HORIZON_CANDIDATE_LEDGER,EPSG:4326-compatible longitude/latitude; CRS not embedded in Parquet,IA,Temporate Plains,Temperate Plains,True,True,True,True,True,True,False,0,True,True,True,both
436,-95.5226875614,45.5416234816,37282.42549787938,2506045.572403691,MULTI_HORIZON_CANDIDATE_LEDGER,EPSG:4326-compatible longitude/latitude; CRS not embedded in Parquet,MN,Upper Midwest,Upper Midwest,True,True,True,True,True,True,False,0,True,True,True,both
43619,-91.5472105526,36.2978785321,396100.9925000248,1481379.7264992036,MULTI_HORIZON_CANDIDATE_LEDGER,EPSG:4326-compatible longitude/latitude; CRS not embedded in Parquet,AR,Southern Appalachians,Southern Appalachians,True,True,True,False,True,False,False,0,False,False,False,neither
4363,-93.7323171469,41.7554602672,187188.82239580856,2085787.1938029472,MULTI_HORIZON_CANDIDATE_LEDGER,EPSG:4326-compatible longitude/latitude; CRS not embedded in Parquet,IA,Temporate Plains,Temperate Plains,True,True,True,False,True,False,False,0,True,True,True,both
4378,-88.2625868237,43.3842834355,623243.0275999886,2291003.440605093,MULTI_HORIZON_CANDIDATE_LEDGER,EPSG:4326-compatible longitude/latitude; CRS not embedded in Parquet,WI,Temporate Plains,Temperate Plains,True,True,True,False,True,False,False,0,False,False,False,neither
438780,-97.7506467932,30.2637403171,-168183.3501970162,800200.0929963123,MULTI_HORIZON_CANDIDATE_LEDGER,EPSG:4326-compatible longitude/latitude; CRS not embedded in Parquet,TX,Southern Plains,Southern Plains,True,True,True,False,True,False,False,0,True,False,False,multi_horizon_only
4389,-93.0737493487,42.3688029318,239423.7771966729,2155844.772105422,MULTI_HORIZON_CANDIDATE_LEDGER,EPSG:4326-compatible longitude/latitude; CRS not embedded in Parquet,IA,Temporate Plains,Temperate Plains,True,True,True,True,True,True,True,3,True,True,True,both
4393,-93.2436274665,42.7701624651,224227.41099967636,2200274.6344994856,MULTI_HORIZON_CANDIDATE_LEDGER,EPSG:4326-compatible longitude/latitude; CRS not embedded in Parquet,IA,Temporate Plains,Temperate Plains,True,True,True,True,True,True,True,2,True,True,True,both
4394,-88.5042724652,42.5671426608,611009.1533972358,2198441.1392942593,MULTI_HORIZON_CANDIDATE_LEDGER,EPSG:4326-compatible longitude/latitude; CRS not embedded in Parquet,WI,Temporate Plains,Temperate Plains,True,True,True,False,True,False,False,0,False,False,False,neither
4395,-92.5446539926,43.3747649232,278610.5957979931,2269620.757702986,MULTI_HORIZON_CANDIDATE_LEDGER,EPSG:4326-compatible longitude/latitude; CRS not embedded in Parquet,IA,Temporate Plains,Temperate Plains,True,True,True,True,True,True,True,2,True,True,True,both
440,-93.9457540736,45.4712079236,160612.54939633003,2499861.9554006336,MULTI_HORIZON_CANDIDATE_LEDGER,EPSG:4326-compatible longitude/latitude; CRS not embedded in Parquet,MN,Upper Midwest,Upper Midwest,True,True,True,False,True,False,False,0,True,True,True,both
4401,-91.7737845388,42.8994837456,343089.7526024746,2219102.8209986677,MULTI_HORIZON_CANDIDATE_LEDGER,EPSG:4326-compatible longitude/latitude; CRS not embedded in Parquet,IA,Upper Midwest,Upper Midwest,True,True,True,True,True,True,True,2,True,True,True,both
441,-94.3920520115,46.067117875,124602.49100121293,2565363.34470219,MULTI_HORIZON_CANDIDATE_LEDGER,EPSG:4326-compatible longitude/latitude; CRS not embedded in Parquet,MN,Upper Midwest,Upper Midwest,True,True,True,False,True,False,False,0,False,False,False,neither
44197,-93.8140472649,46.6424325423,167918.97380067912,2630031.2708044844,MULTI_HORIZON_CANDIDATE_LEDGER,EPSG:4326-compatible longitude/latitude; CRS not embedded in Parquet,MN,Upper Midwest,Upper Midwest,True,True,True,False,True,False,False,0,False,False,False,neither
442,-92.8844493975,44.9851786886,245338.477202397,2448093.3100015204,MULTI_HORIZON_CANDIDATE_LEDGER,EPSG:4326-compatible longitude/latitude; CRS not embedded in Parquet,MN,Upper Midwest,Upper Midwest,True,True,True,True,True,True,False,0,True,False,False,multi_horizon_only
4420,-91.3229629529,42.4260112652,382263.2218997248,2167963.021398194,MULTI_HORIZON_CANDIDATE_LEDGER,EPSG:4326-compatible longitude/latitude; CRS not embedded in Parquet,IA,Temporate Plains,Temperate Plains,True,True,True,True,True,True,True,1,True,True,True,both
44272,-95.8565032528,46.1735262802,11102.493900320846,2576124.180895648,MULTI_HORIZON_CANDIDATE_LEDGER,EPSG:4326-compatible longitude/latitude; CRS not embedded in Parquet,MN,Upper Midwest,Upper Midwest,True,True,True,False,True,False,False,0,True,False,False,multi_horizon_only
44274,-93.85934795,44.8711256372,168870.54799718762,2433279.66709946,MULTI_HORIZON_CANDIDATE_LEDGER,EPSG:4326-compatible longitude/latitude; CRS not embedded in Parquet,MN,Upper Midwest,Upper Midwest,True,True,True,False,True,False,False,0,True,True,True,both
4438,-73.1333857433,44.2503919935,1803160.1319968838,2580223.9186987467,MULTI_HORIZON_CANDIDATE_LEDGER,EPSG:4326-compatible longitude/latitude; CRS not embedded in Parquet,VT,Northern Appalachians,Northern Appalachians,True,True,True,True,True,True,False,0,False,False,False,neither
4440,-93.742989297,41.0338289912,188226.24189996664,2005014.0998958303,MULTI_HORIZON_CANDIDATE_LEDGER,EPSG:4326-compatible longitude/latitude; CRS not embedded in Parquet,IA,Temporate Plains,Temperate Plains,True,True,True,True,True,True,True,2,True,True,True,both
4448,-93.637302007,42.2693581908,193601.3568028771,2143445.3297016434,MULTI_HORIZON_CANDIDATE_LEDGER,EPSG:4326-compatible longitude/latitude; CRS not embedded in Parquet,IA,Temporate Plains,Temperate Plains,True,True,True,True,True,True,True,4,True,True,True,both
44531,-96.1407079208,46.8597080176,-10774.12339799509,2652170.557096347,MULTI_HORIZON_CANDIDATE_LEDGER,EPSG:4326-compatible longitude/latitude; CRS not embedded in Parquet,MN,Upper Midwest,Upper Midwest,True,True,True,False,True,False,False,0,False,False,False,neither
4465,-73.1564753992,44.380242501,1797929.4696032093,2593841.3113999506,MULTI_HORIZON_CANDIDATE_LEDGER,EPSG:4326-compatible longitude/latitude; CRS not embedded in Parquet,VT,Northern Appalachians,Northern Appalachians,True,True,True,False,True,False,False,0,True,False,False,multi_horizon_only
4468,-88.1327012122,42.8278821799,638820.3169009846,2229929.8856944973,MULTI_HORIZON_CANDIDATE_LEDGER,EPSG:4326-compatible longitude/latitude; CRS not embedded in Parquet,WI,Temporate Plains,Temperate Plains,True,True,True,False,True,False,False,0,True,False,False,multi_horizon_only
4473,-94.7840785509,41.5589144878,100658.00500040171,2062203.2239975203,MULTI_HORIZON_CANDIDATE_LEDGER,EPSG:4326-compatible longitude/latitude; CRS not embedded in Parquet,IA,Temporate Plains,Temperate Plains,True,True,True,True,True,True,True,2,True,True,True,both
4478,-91.4396955234,40.7139606936,381920.3544983266,1976123.6564053139,MULTI_HORIZON_CANDIDATE_LEDGER,EPSG:4326-compatible longitude/latitude; CRS not embedded in Parquet,IA,Temporate Plains,Temperate Plains,True,True,True,True,True,True,False,0,True,False,False,multi_horizon_only
4481,-94.2891333557,42.0626180937,140612.88220337094,2119182.490297097,MULTI_HORIZON_CANDIDATE_LEDGER,EPSG:4326-compatible longitude/latitude; CRS not embedded in Parquet,IA,Temporate Plains,Temperate Plains,True,True,True,True,True,True,True,2,True,True,True,both
4482,-93.5660178781,41.5441080411,201519.00769934972,2062482.9576037135,MULTI_HORIZON_CANDIDATE_LEDGER,EPSG:4326-compatible longitude/latitude; CRS not embedded in Parquet,IA,Temporate Plains,Temperate Plains,True,True,True,True,True,True,False,0,False,False,False,neither
4494,-93.7455624452,41.8163801368,185933.99229808323,2092575.565702063,MULTI_HORIZON_CANDIDATE_LEDGER,EPSG:4326-compatible longitude/latitude; CRS not embedded in Parquet,IA,Temporate Plains,Temperate Plains,True,True,True,False,True,False,False,0,True,False,False,multi_horizon_only
449440,-106.40400313,40.1442925235,-876890.1164316752,1951192.3621009365,MULTI_HORIZON_CANDIDATE_LEDGER,EPSG:4326-compatible longitude/latitude; CRS not embedded in Parquet,CO,Western Mountains,Western Mountains,True,True,True,False,True,False,False,0,False,False,False,neither
449544,-105.8425627,40.2273613901,-828781.7222788015,1955407.9159001587,MULTI_HORIZON_CANDIDATE_LEDGER,EPSG:4326-compatible longitude/latitude; CRS not embedded in Parquet,CO,Western Mountains,Western Mountains,True,True,True,True,True,True,False,0,False,True,False,direct_60_day_only
449642,-105.864479907,40.161452276,-831385.7120236742,1948254.8597018654,MULTI_HORIZON_CANDIDATE_LEDGER,EPSG:4326-compatible longitude/latitude; CRS not embedded in Parquet,CO,Western Mountains,Western Mountains,True,True,True,False,True,False,False,0,False,False,False,neither
449847,-108.839744705,39.2746499109,-1094179.2207981346,1879721.5386050027,MULTI_HORIZON_CANDIDATE_LEDGER,EPSG:4326-compatible longitude/latitude; CRS not embedded in Parquet,CO,Xeric,Xeric,True,True,True,False,True,False,False,0,True,False,False,multi_horizon_only
4500,-72.8163037003,43.4188787289,1850073.6154018838,2496271.9497040045,MULTI_HORIZON_CANDIDATE_LEDGER,EPSG:4326-compatible longitude/latitude; CRS not embedded in Parquet,VT,Northern Appalachians,Northern Appalachians,True,True,True,True,True,True,False,0,False,False,False,neither
450461,-109.46280172,41.3291500981,-1114432.6636412342,2114911.812408873,MULTI_HORIZON_CANDIDATE_LEDGER,EPSG:4326-compatible longitude/latitude; CRS not embedded in Parquet,WY,Xeric,Xeric,True,True,True,False,True,False,False,0,False,False,False,neither
450479,-110.386592835,40.9625032521,-1196527.3649026589,2085533.6653961446,MULTI_HORIZON_CANDIDATE_LEDGER,EPSG:4326-compatible longitude/latitude; CRS not embedded in Parquet,UT,Western Mountains,Western Mountains,True,True,True,True,True,True,False,0,False,False,False,neither
450954,-109.208521597,40.7310767754,-1102798.373619368,2045637.119598532,MULTI_HORIZON_CANDIDATE_LEDGER,EPSG:4326-compatible longitude/latitude; CRS not embedded in Parquet,UT,Xeric,Xeric,True,True,True,True,True,True,False,0,True,False,False,multi_horizon_only
4510,-93.0585316642,42.3816041952,240624.18590327288,2157313.8390050326,MULTI_HORIZON_CANDIDATE_LEDGER,EPSG:4326-compatible longitude/latitude; CRS not embedded in Parquet,IA,Temporate Plains,Temperate Plains,True,True,True,False,True,False,False,0,True,True,True,both
451136,-109.564138673,41.3125194807,-1123029.1905231508,2114261.869404193,MULTI_HORIZON_CANDIDATE_LEDGER,EPSG:4326-compatible longitude/latitude; CRS not embedded in Parquet,WY,Xeric,Xeric,True,True,True,False,True,False,False,0,True,False,False,multi_horizon_only
451138,-109.298906586,40.7719312165,-1109657.3825345205,2051220.3276079157,MULTI_HORIZON_CANDIDATE_LEDGER,EPSG:4326-compatible longitude/latitude; CRS not embedded in Parquet,UT,Xeric,Xeric,True,True,True,True,True,True,False,0,True,False,False,multi_horizon_only
451300,-110.612035914,40.939068446,-1215532.4413912229,2085800.970003902,MULTI_HORIZON_CANDIDATE_LEDGER,EPSG:4326-compatible longitude/latitude; CRS not embedded in Parquet,UT,Western Mountains,Western Mountains,True,True,True,True,True,True,False,0,False,False,False,neither
451829,-106.855087228,40.2782316796,-913036.9196132252,1970352.4549970683,MULTI_HORIZON_CANDIDATE_LEDGER,EPSG:4326-compatible longitude/latitude; CRS not embedded in Parquet,CO,Western Mountains,Western Mountains,True,True,True,True,True,True,True,1,True,True,True,both
451890,-107.359168915,40.5870576951,-951113.1584924725,2009655.1161009418,MULTI_HORIZON_CANDIDATE_LEDGER,EPSG:4326-compatible longitude/latitude; CRS not embedded in Parquet,CO,Xeric,Xeric,True,True,True,False,True,False,False,0,False,False,False,neither
452,-94.8916416855,46.9223586155,84785.14820294341,2659592.3164995667,MULTI_HORIZON_CANDIDATE_LEDGER,EPSG:4326-compatible longitude/latitude; CRS not embedded in Parquet,MN,Upper Midwest,Upper Midwest,True,True,True,True,True,True,False,0,False,False,False,neither
452450,-109.533206066,40.5159424562,-1133145.313779603,2025598.5385992117,MULTI_HORIZON_CANDIDATE_LEDGER,EPSG:4326-compatible longitude/latitude; CRS not embedded in Parquet,UT,Xeric,Xeric,True,True,True,False,True,False,False,0,False,False,False,neither
452712,-111.12576265,40.1726036419,-1271519.3697843463,2007719.9104941646,MULTI_HORIZON_CANDIDATE_LEDGER,EPSG:4326-compatible longitude/latitude; CRS not embedded in Parquet,UT,Western Mountains,Western Mountains,True,True,True,False,True,False,False,0,False,False,False,neither
452793,-109.703118119,40.2557546501,-1151462.2979694074,1998792.6414932031,MULTI_HORIZON_CANDIDATE_LEDGER,EPSG:4326-compatible longitude/latitude; CRS not embedded in Parquet,UT,Xeric,Xeric,True,True,True,True,True,True,False,0,False,False,False,neither
452797,-110.506747471,40.1660815693,-1220007.6538326894,1998883.5318009378,MULTI_HORIZON_CANDIDATE_LEDGER,EPSG:4326-compatible longitude/latitude; CRS not embedded in Parquet,UT,Xeric,Xeric,True,True,True,False,True,False,False,0,False,False,False,neither
452798,-109.682023298,40.1925913491,-1150717.2718228037,1991534.0472046612,MULTI_HORIZON_CANDIDATE_LEDGER,EPSG:4326-compatible longitude/latitude; CRS not embedded in Parquet,UT,Xeric,Xeric,True,True,True,False,True,False,False,0,True,True,True,both
452897,-111.14777053,39.774231765,-1280438.4900705274,1963943.745196876,MULTI_HORIZON_CANDIDATE_LEDGER,EPSG:4326-compatible longitude/latitude; CRS not embedded in Parquet,UT,Western Mountains,Western Mountains,True,True,True,False,True,False,False,0,True,False,False,multi_horizon_only
45290,-93.1293864043,44.8156539021,226626.55120061207,2428625.679805248,MULTI_HORIZON_CANDIDATE_LEDGER,EPSG:4326-compatible longitude/latitude; CRS not embedded in Parquet,MN,Upper Midwest,Upper Midwest,True,True,True,True,True,True,False,0,True,True,True,both
452900,-109.430607634,40.5794201395,-1123610.6478275885,2031419.131898282,MULTI_HORIZON_CANDIDATE_LEDGER,EPSG:4326-compatible longitude/latitude; CRS not embedded in Parquet,UT,Xeric,Xeric,True,True,True,False,True,False,False,0,False,False,False,neither
452903,-111.29261024,39.7077281945,-1293770.4636150943,1958548.443002697,MULTI_HORIZON_CANDIDATE_LEDGER,EPSG:4326-compatible longitude/latitude; CRS not embedded in Parquet,UT,Western Mountains,Western Mountains,True,True,True,True,True,True,False,0,False,True,False,direct_60_day_only
452982,-111.709859368,38.5480923699,-1350139.771263998,1836108.0624996275,MULTI_HORIZON_CANDIDATE_LEDGER,EPSG:4326-compatible longitude/latitude; CRS not embedded in Parquet,UT,Western Mountains,Western Mountains,True,True,True,False,True,False,False,0,False,False,False,neither
453019,-111.566321717,38.5034632715,-1338730.5858918282,1829142.6749946931,MULTI_HORIZON_CANDIDATE_LEDGER,EPSG:4326-compatible longitude/latitude; CRS not embedded in Parquet,UT,Western Mountains,Western Mountains,True,True,True,True,True,True,False,0,False,False,False,neither
45308,-92.8138366101,45.233520716,249970.82109683158,2475889.969095857,MULTI_HORIZON_CANDIDATE_LEDGER,EPSG:4326-compatible longitude/latitude; CRS not embedded in Parquet,MN,Upper Midwest,Upper Midwest,True,True,True,True,True,True,False,0,True,True,True,both
453097,-111.271059415,38.1077402156,-1320655.4548696973,1781238.8526938949,MULTI_HORIZON_CANDIDATE_LEDGER,EPSG:4326-compatible longitude/latitude; CRS not embedded in Parquet,UT,Xeric,Xeric,True,True,True,True,True,True,False,0,True,False,False,multi_horizon_only
453120,-110.482382437,37.6548159571,-1260699.4421958965,1720384.0085048256,MULTI_HORIZON_CANDIDATE_LEDGER,EPSG:4326-compatible longitude/latitude; CRS not embedded in Parquet,UT,Xeric,Xeric,True,True,True,False,True,False,False,0,False,False,False,neither
453125,-111.63781104,37.7873380904,-1357971.6843003447,1750970.10119656,MULTI_HORIZON_CANDIDATE_LEDGER,EPSG:4326-compatible longitude/latitude; CRS not embedded in Parquet,UT,Xeric,Xeric,True,True,True,True,True,True,False,0,True,False,False,multi_horizon_only
4532,-93.4171044145,43.4819693868,207958.41679831798,2279348.893402568,MULTI_HORIZON_CANDIDATE_LEDGER,EPSG:4326-compatible longitude/latitude; CRS not embedded in Parquet,IA,Temporate Plains,Temperate Plains,True,True,True,False,True,False,False,0,True,True,True,both
453443,-109.44289854,37.6687151867,-1170620.1173789033,1708627.8475961676,MULTI_HORIZON_CANDIDATE_LEDGER,EPSG:4326-compatible longitude/latitude; CRS not embedded in Parquet,UT,Xeric,Xeric,True,True,True,False,True,False,False,0,False,False,False,neither
453667,-113.774962736,37.2591608533,-1552529.8048177583,1725413.4467002712,MULTI_HORIZON_CANDIDATE_LEDGER,EPSG:4326-compatible longitude/latitude; CRS not embedded in Parquet,UT,Xeric,Xeric,True,True,True,True,True,True,False,0,True,False,False,multi_horizon_only
453758,-113.637862514,37.378607028,-1538223.2552862028,1736337.8729968239,MULTI_HORIZON_CANDIDATE_LEDGER,EPSG:4326-compatible longitude/latitude; CRS not embedded in Parquet,UT,Xeric,Xeric,True,True,True,True,True,True,False,0,True,False,False,multi_horizon_only
454,-95.6593766096,46.3478903087,26285.02739871975,2595501.771397097,MULTI_HORIZON_CANDIDATE_LEDGER,EPSG:4326-compatible longitude/latitude; CRS not embedded in Parquet,MN,Upper Midwest,Upper Midwest,True,True,True,True,True,True,False,0,False,False,False,neither
454129,-114.213019368,34.3613573525,-1652123.4817764114,1414170.4354927447,MULTI_HORIZON_CANDIDATE_LEDGER,EPSG:4326-compatible longitude/latitude; CRS not embedded in Parquet,CA,Xeric,Xeric,True,True,True,False,True,False,False,0,True,False,False,multi_horizon_only
454185,-113.568922637,34.2700121609,-1596253.5913056019,1393130.147599401,MULTI_HORIZON_CANDIDATE_LEDGER,EPSG:4326-compatible longitude/latitude; CRS not embedded in Parquet,AZ,Xeric,Xeric,True,True,True,False,True,False,False,0,True,False,False,multi_horizon_only
4542,-95.0867475899,41.2919700381,75890.08999824805,2032044.5121047404,MULTI_HORIZON_CANDIDATE_LEDGER,EPSG:4326-compatible longitude/latitude; CRS not embedded in Parquet,IA,Temporate Plains,Temperate Plains,True,True,True,True,True,True,False,0,False,False,False,neither
454392,-109.085313191,33.8306201098,-1198653.0316007896,1278702.0473022126,MULTI_HORIZON_CANDIDATE_LEDGER,EPSG:4326-compatible longitude/latitude; CRS not embedded in Parquet,AZ,Western Mountains,Western Mountains,True,True,True,False,True,False,False,0,False,False,False,neither
454431,-111.086212925,31.4048719939,-1423269.5173351732,1038716.9069109503,MULTI_HORIZON_CANDIDATE_LEDGER,EPSG:4326-compatible longitude/latitude; CRS not embedded in Parquet,AZ,Xeric,Xeric,True,True,True,False,True,False,False,0,True,False,False,multi_horizon_only
454700,-111.525392389,33.5693372378,-1425084.9564749575,1283526.217098603,MULTI_HORIZON_CANDIDATE_LEDGER,EPSG:4326-compatible longitude/latitude; CRS not embedded in Parquet,AZ,Xeric,Xeric,True,True,True,False,True,False,False,0,True,False,False,multi_horizon_only
454729,-111.432441186,33.5411892657,-1417136.5686329978,1279033.9404009432,MULTI_HORIZON_CANDIDATE_LEDGER,EPSG:4326-compatible longitude/latitude; CRS not embedded in Parquet,AZ,Xeric,Xeric,True,True,True,False,True,False,False,0,True,True,True,both
454753,-111.248209305,33.5832238816,-1399615.0779582446,1280937.607692387,MULTI_HORIZON_CANDIDATE_LEDGER,EPSG:4326-compatible longitude/latitude; CRS not embedded in Parquet,AZ,Xeric,Xeric,True,True,True,False,True,False,False,0,False,False,False,neither
454779,-111.122997612,33.6836213439,-1386442.4961630073,1290174.1635940298,MULTI_HORIZON_CANDIDATE_LEDGER,EPSG:4326-compatible longitude/latitude; CRS not embedded in Parquet,AZ,Xeric,Xeric,True,True,True,False,True,False,False,0,False,False,False,neither
454841,-112.013315472,35.1166063541,-1440442.4046711475,1461495.0307966247,MULTI_HORIZON_CANDIDATE_LEDGER,EPSG:4326-compatible longitude/latitude; CRS not embedded in Parquet,AZ,Western Mountains,Western Mountains,True,True,True,False,True,False,False,0,True,False,False,multi_horizon_only
454863,-111.61890414,33.8446935283,-1428558.2772378523,1315279.6593114752,MULTI_HORIZON_CANDIDATE_LEDGER,EPSG:4326-compatible longitude/latitude; CRS not embedded in Parquet,AZ,Xeric,Xeric,True,True,True,False,True,False,False,0,False,False,False,neither
454864,-111.187759012,33.72316799,-1391626.098086139,1295482.6238931157,MULTI_HORIZON_CANDIDATE_LEDGER,EPSG:4326-compatible longitude/latitude; CRS not embedded in Parquet,AZ,Xeric,Xeric,True,True,True,False,True,False,False,0,False,False,False,neither
455025,-111.736510331,41.5189455999,-1297547.918782111,2164762.3807923254,MULTI_HORIZON_CANDIDATE_LEDGER,EPSG:4326-compatible longitude/latitude; CRS not embedded in Parquet,UT,Western Mountains,Western Mountains,True,True,True,True,True,True,False,0,False,False,False,neither
4556,-88.3473348231,42.8174657413,621524.0297990199,2227346.571900959,MULTI_HORIZON_CANDIDATE_LEDGER,EPSG:4326-compatible longitude/latitude; CRS not embedded in Parquet,WI,Temporate Plains,Temperate Plains,True,True,True,False,True,False,False,0,True,True,True,both
455748,-111.676357791,40.0517621361,-1319614.2874087743,2001864.3073043562,MULTI_HORIZON_CANDIDATE_LEDGER,EPSG:4326-compatible longitude/latitude; CRS not embedded in Parquet,UT,Xeric,Xeric,True,True,True,True,True,True,False,0,False,True,False,direct_60_day_only
455788,-111.389966769,40.7638354416,-1282858.0782060109,2076646.7864973946,MULTI_HORIZON_CANDIDATE_LEDGER,EPSG:4326-compatible longitude/latitude; CRS not embedded in Parquet,UT,Western Mountains,Western Mountains,True,True,True,False,True,False,False,0,False,False,False,neither
456077,-111.800662653,41.2687090342,-1307424.5094300695,2138016.196400312,MULTI_HORIZON_CANDIDATE_LEDGER,EPSG:4326-compatible longitude/latitude; CRS not embedded in Parquet,UT,Western Mountains,Western Mountains,True,True,True,False,True,False,False,0,False,False,False,neither
456169,-111.824265817,40.2097353173,-1329016.6984730358,2021382.112196005,MULTI_HORIZON_CANDIDATE_LEDGER,EPSG:4326-compatible longitude/latitude; CRS not embedded in Parquet,UT,Xeric,Xeric,True,True,True,False,True,False,False,0,True,True,True,both
456172,-111.589685332,40.9082568832,-1296716.0461086954,2095316.5218007043,MULTI_HORIZON_CANDIDATE_LEDGER,EPSG:4326-compatible longitude/latitude; CRS not embedded in Parquet,UT,Western Mountains,Western Mountains,True,True,True,False,True,False,False,0,False,False,False,neither
456264,-111.493366161,40.4433654381,-1297226.9744371118,2042628.3020075206,MULTI_HORIZON_CANDIDATE_LEDGER,EPSG:4326-compatible longitude/latitude; CRS not embedded in Parquet,UT,Western Mountains,Western Mountains,True,True,True,False,True,False,False,0,False,False,False,neither
456265,-111.408584838,40.6188981883,-1287016.8927976566,2060878.1548971022,MULTI_HORIZON_CANDIDATE_LEDGER,EPSG:4326-compatible longitude/latitude; CRS not embedded in Parquet,UT,Western Mountains,Western Mountains,True,True,True,True,True,True,False,0,False,False,False,neither
456333,-111.640497899,39.9342500384,-1318780.2113016972,1988377.9773957562,MULTI_HORIZON_CANDIDATE_LEDGER,EPSG:4326-compatible longitude/latitude; CRS not embedded in Parquet,UT,Western Mountains,Western Mountains,True,True,True,True,True,True,False,0,True,True,True,both
456356,-111.40483408,40.9425652173,-1280856.2071753878,2096600.5734954886,MULTI_HORIZON_CANDIDATE_LEDGER,EPSG:4326-compatible longitude/latitude; CRS not embedded in Parquet,UT,Western Mountains,Western Mountains,True,True,True,True,True,True,False,0,False,False,False,neither
456503,-112.678782603,37.8627415524,-1445992.3565583471,1774656.6549878335,MULTI_HORIZON_CANDIDATE_LEDGER,EPSG:4326-compatible longitude/latitude; CRS not embedded in Parquet,UT,Western Mountains,Western Mountains,True,True,True,False,True,False,False,0,False,False,False,neither
456547,-112.775377444,37.5230545917,-1460965.3164335634,1738651.567703179,MULTI_HORIZON_CANDIDATE_LEDGER,EPSG:4326-compatible longitude/latitude; CRS not embedded in Parquet,UT,Western Mountains,Western Mountains,True,True,True,False,True,False,False,0,True,True,True,both
4566,-95.015703223,42.2984926249,80627.18680124775,2144714.0289990706,MULTI_HORIZON_CANDIDATE_LEDGER,EPSG:4326-compatible longitude/latitude; CRS not embedded in Parquet,IA,Temporate Plains,Temperate Plains,True,True,True,False,True,False,False,0,True,True,True,both
456619,-111.963090103,39.3603118383,-1356479.8182780687,1929488.4447948867,MULTI_HORIZON_CANDIDATE_LEDGER,EPSG:4326-compatible longitude/latitude; CRS not embedded in Parquet,UT,Xeric,Xeric,True,True,True,False,True,False,False,0,True,False,False,multi_horizon_only
456650,-111.841269895,38.6004624397,-1360355.1685160992,1843771.376104367,MULTI_HORIZON_CANDIDATE_LEDGER,EPSG:4326-compatible longitude/latitude; CRS not embedded in Parquet,UT,Western Mountains,Western Mountains,True,True,True,False,True,False,False,0,True,True,True,both
456651,-113.868809657,37.517234466,-1555224.1756152697,1755362.1128072683,MULTI_HORIZON_CANDIDATE_LEDGER,EPSG:4326-compatible longitude/latitude; CRS not embedded in Parquet,UT,Xeric,Xeric,True,True,True,True,True,True,False,0,True,False,False,multi_horizon_only
456685,-113.522436717,37.6492663867,-1522710.313586552,1764294.3500925265,MULTI_HORIZON_CANDIDATE_LEDGER,EPSG:4326-compatible longitude/latitude; CRS not embedded in Parquet,UT,Xeric,Xeric,True,True,True,False,True,False,False,0,True,True,True,both
4568,-72.7563680285,43.4699542665,1853380.2434022166,2502972.0941992803,MULTI_HORIZON_CANDIDATE_LEDGER,EPSG:4326-compatible longitude/latitude; CRS not embedded in Parquet,VT,Northern Appalachians,Northern Appalachians,True,True,True,True,True,True,False,0,False,False,False,neither
4572,-92.3136981545,42.4766792072,301114.9365988042,2170060.0525980107,MULTI_HORIZON_CANDIDATE_LEDGER,EPSG:4326-compatible longitude/latitude; CRS not embedded in Parquet,IA,Temporate Plains,Temperate Plains,True,True,True,True,True,True,False,0,False,False,False,neither
4576,-88.3883029781,42.8224372025,618159.4232022876,2227633.0882996386,MULTI_HORIZON_CANDIDATE_LEDGER,EPSG:4326-compatible longitude/latitude; CRS not embedded in Parquet,WI,Temporate Plains,Temperate Plains,True,True,True,True,True,True,False,0,False,False,False,neither
459064,-116.802275565,47.5503361965,-1563574.1734274998,2900350.6006021444,MULTI_HORIZON_CANDIDATE_LEDGER,EPSG:4326-compatible longitude/latitude; CRS not embedded in Parquet,ID,Western Mountains,Western Mountains,True,True,True,False,True,False,False,0,False,False,False,neither
4594,-94.6299115334,42.4853640331,111925.63760181342,2165996.9966962794,MULTI_HORIZON_CANDIDATE_LEDGER,EPSG:4326-compatible longitude/latitude; CRS not embedded in Parquet,IA,Temporate Plains,Temperate Plains,True,True,True,False,True,False,False,0,True,True,True,both
459440,-118.580557286,47.9309672604,-1684924.0966047873,2971670.6380048897,MULTI_HORIZON_CANDIDATE_LEDGER,EPSG:4326-compatible longitude/latitude; CRS not embedded in Parquet,WA,Xeric,Xeric,True,True,True,False,True,False,False,0,True,False,False,multi_horizon_only
459445,-115.19479102,48.9101291704,-1414413.6327031788,3021678.2837999295,MULTI_HORIZON_CANDIDATE_LEDGER,EPSG:4326-compatible longitude/latitude; CRS not embedded in Parquet,MT,Western Mountains,Western Mountains,True,True,True,False,True,False,False,0,False,False,False,neither
460,-94.3468739477,46.9461979843,126408.37719845885,2662835.983996528,MULTI_HORIZON_CANDIDATE_LEDGER,EPSG:4326-compatible longitude/latitude; CRS not embedded in Parquet,MN,Upper Midwest,Upper Midwest,True,True,True,True,True,True,False,0,False,False,False,neither
4606,-94.779804756,41.4249574981,101204.28440263557,2047215.9960973263,MULTI_HORIZON_CANDIDATE_LEDGER,EPSG:4326-compatible longitude/latitude; CRS not embedded in Parquet,IA,Temporate Plains,Temperate Plains,True,True,True,True,True,True,True,2,True,True,True,both
4607,-93.7958597548,42.4326006811,180188.11679618582,2161381.014994432,MULTI_HORIZON_CANDIDATE_LEDGER,EPSG:4326-compatible longitude/latitude; CRS not embedded in Parquet,IA,Temporate Plains,Temperate Plains,True,True,True,True,True,True,True,3,True,True,True,both
461,-95.9836449046,46.7471528089,1254.4686985839603,2639699.5647994354,MULTI_HORIZON_CANDIDATE_LEDGER,EPSG:4326-compatible longitude/latitude; CRS not embedded in Parquet,MN,Upper Midwest,Upper Midwest,True,True,True,True,True,True,False,0,False,False,False,neither
4619,-73.0302823904,43.4074907488,1833637.6936013214,2490890.779994718,MULTI_HORIZON_CANDIDATE_LEDGER,EPSG:4326-compatible longitude/latitude; CRS not embedded in Parquet,VT,Northern Appalachians,Northern Appalachians,True,True,True,True,True,True,False,0,False,False,False,neither
462,-94.0441495077,46.6600133341,150205.7040036501,2631593.301594738,MULTI_HORIZON_CANDIDATE_LEDGER,EPSG:4326-compatible longitude/latitude; CRS not embedded in Parquet,MN,Upper Midwest,Upper Midwest,True,True,True,True,True,True,False,0,False,False,False,neither
4621,-94.9059011822,43.1712073676,88498.26979698887,2242334.966294891,MULTI_HORIZON_CANDIDATE_LEDGER,EPSG:4326-compatible longitude/latitude; CRS not embedded in Parquet,IA,Temporate Plains,Temperate Plains,True,True,True,True,True,True,True,1,True,True,True,both
46230,-93.6786210044,44.8887977052,183076.86300216062,2435580.8415944874,MULTI_HORIZON_CANDIDATE_LEDGER,EPSG:4326-compatible longitude/latitude; CRS not embedded in Parquet,MN,Upper Midwest,Upper Midwest,True,True,True,False,True,False,False,0,False,False,False,neither
4624,-91.7529274157,40.6300439916,356125.5460004959,1965518.5948964376,MULTI_HORIZON_CANDIDATE_LEDGER,EPSG:4326-compatible longitude/latitude; CRS not embedded in Parquet,IA,Temporate Plains,Temperate Plains,True,True,True,True,True,True,True,3,True,True,True,both
46243,-93.8545121434,46.3048665135,165655.7475964724,2592553.7870048424,MULTI_HORIZON_CANDIDATE_LEDGER,EPSG:4326-compatible longitude/latitude; CRS not embedded in Parquet,MN,Upper Midwest,Upper Midwest,True,True,True,True,True,True,False,0,False,False,False,neither
46246,-94.3839993167,46.9533442558,123556.36680348864,2663577.972697939,MULTI_HORIZON_CANDIDATE_LEDGER,EPSG:4326-compatible longitude/latitude; CRS not embedded in Parquet,MN,Upper Midwest,Upper Midwest,True,True,True,True,True,True,False,0,False,False,False,neither
462860,-111.082966351,43.1977088289,-1214458.0627968495,2341362.876002997,MULTI_HORIZON_CANDIDATE_LEDGER,EPSG:4326-compatible longitude/latitude; CRS not embedded in Parquet,ID,Western Mountains,Western Mountains,True,True,True,True,True,True,False,0,False,False,False,neither
4631,-94.9502162828,43.1933286856,84886.61769673912,2244764.859005416,MULTI_HORIZON_CANDIDATE_LEDGER,EPSG:4326-compatible longitude/latitude; CRS not embedded in Parquet,IA,Temporate Plains,Temperate Plains,True,True,True,False,True,False,False,0,True,True,True,both
463180,-112.672645659,42.9567792513,-1345901.4108887364,2336240.4047959857,MULTI_HORIZON_CANDIDATE_LEDGER,EPSG:4326-compatible longitude/latitude; CRS not embedded in Parquet,ID,Xeric,Xeric,True,True,True,False,True,False,False,0,False,False,False,neither
4632,-92.5763966586,40.8177224921,286352.39669843885,1983737.6550034834,MULTI_HORIZON_CANDIDATE_LEDGER,EPSG:4326-compatible longitude/latitude; CRS not embedded in Parquet,IA,Temporate Plains,Temperate Plains,True,True,True,True,True,True,False,0,True,False,False,multi_horizon_only
463337,-112.762536992,42.8969018222,-1354256.5544071293,2330930.98010616,MULTI_HORIZON_CANDIDATE_LEDGER,EPSG:4326-compatible longitude/latitude; CRS not embedded in Parquet,ID,Xeric,Xeric,True,True,True,False,True,False,False,0,True,True,True,both
4637,-93.405983168,43.1258784099,209938.7493032582,2239628.3961966876,MULTI_HORIZON_CANDIDATE_LEDGER,EPSG:4326-compatible longitude/latitude; CRS not embedded in Parquet,IA,Temporate Plains,Temperate Plains,True,True,True,False,True,False,False,0,True,True,True,both
463944,-110.673378386,43.8990322089,-1169707.1329782638,2413541.7200925583,MULTI_HORIZON_CANDIDATE_LEDGER,EPSG:4326-compatible longitude/latitude; CRS not embedded in Parquet,WY,Western Mountains,Western Mountains,True,True,True,False,True,False,False,0,False,False,False,neither
464102,-115.364904489,43.397561743,-1550469.605778926,2425618.595091616,MULTI_HORIZON_CANDIDATE_LEDGER,EPSG:4326-compatible longitude/latitude; CRS not embedded in Parquet,ID,Western Mountains,Western Mountains,True,True,True,False,True,False,False,0,False,True,False,direct_60_day_only
464222,-117.306955166,43.3625682573,-1704337.833015234,2455058.7206054023,MULTI_HORIZON_CANDIDATE_LEDGER,EPSG:4326-compatible longitude/latitude; CRS not embedded in Parquet,OR,Xeric,Xeric,True,True,True,False,True,False,False,0,True,True,True,both
464341,-118.189399859,44.5034073903,-1744223.8711913668,2594990.066897247,MULTI_HORIZON_CANDIDATE_LEDGER,EPSG:4326-compatible longitude/latitude; CRS not embedded in Parquet,OR,Western Mountains,Western Mountains,True,True,True,True,True,True,False,0,True,False,False,multi_horizon_only
464344,-116.114276213,44.567561404,-1582177.0632323606,2565641.8872117884,MULTI_HORIZON_CANDIDATE_LEDGER,EPSG:4326-compatible longitude/latitude; CRS not embedded in Parquet,ID,Western Mountains,Western Mountains,True,True,True,False,True,False,False,0,False,False,False,neither
464462,-115.834268118,43.6069899641,-1582665.5639313892,2456236.5456055105,MULTI_HORIZON_CANDIDATE_LEDGER,EPSG:4326-compatible longitude/latitude; CRS not embedded in Parquet,ID,Western Mountains,Western Mountains,True,True,True,False,True,False,False,0,False,False,False,neither
464740,-118.154779226,43.9314700731,-1756280.186310311,2532327.055900938,MULTI_HORIZON_CANDIDATE_LEDGER,EPSG:4326-compatible longitude/latitude; CRS not embedded in Parquet,OR,Western Mountains,Western Mountains,True,True,True,False,True,False,False,0,True,False,False,multi_horizon_only
4648,-93.3571140082,41.9882414596,217428.8599031633,2112620.5942022735,MULTI_HORIZON_CANDIDATE_LEDGER,EPSG:4326-compatible longitude/latitude; CRS not embedded in Parquet,IA,Temporate Plains,Temperate Plains,True,True,True,True,True,True,False,0,True,True,True,both
464869,-117.428778183,44.0323351226,-1697208.5238858345,2530089.7736954587,MULTI_HORIZON_CANDIDATE_LEDGER,EPSG:4326-compatible longitude/latitude; CRS not embedded in Parquet,OR,Xeric,Xeric,True,True,True,False,True,False,False,0,True,False,False,multi_horizon_only
4649,-93.689285272,42.7868604692,187936.18140247345,2201173.521497203,MULTI_HORIZON_CANDIDATE_LEDGER,EPSG:4326-compatible longitude/latitude; CRS not embedded in Parquet,IA,Temporate Plains,Temperate Plains,True,True,True,True,True,True,True,1,True,True,True,both
464995,-115.659871644,44.2902113021,-1553298.6208296902,2527917.5017056763,MULTI_HORIZON_CANDIDATE_LEDGER,EPSG:4326-compatible longitude/latitude; CRS not embedded in Parquet,ID,Western Mountains,Western Mountains,True,True,True,False,True,False,False,0,False,False,False,neither
465,-94.0474518766,46.7784288552,149682.67259996335,2644700.805604527,MULTI_HORIZON_CANDIDATE_LEDGER,EPSG:4326-compatible longitude/latitude; CRS not embedded in Parquet,MN,Upper Midwest,Upper Midwest,True,True,True,True,True,True,False,0,False,False,False,neither
4652,-93.7781636461,40.7509089446,186034.02399862552,1973271.2914009038,MULTI_HORIZON_CANDIDATE_LEDGER,EPSG:4326-compatible longitude/latitude; CRS not embedded in Parquet,IA,Temporate Plains,Temperate Plains,True,True,True,True,True,True,True,1,True,False,False,multi_horizon_only
4653,-93.8062162184,41.0334480922,182955.28799791887,2004847.985897826,MULTI_HORIZON_CANDIDATE_LEDGER,EPSG:4326-compatible longitude/latitude; CRS not embedded in Parquet,IA,Temporate Plains,Temperate Plains,True,True,True,False,True,False,False,0,True,False,False,multi_horizon_only
46662,-94.2606489655,39.3979631459,148414.94970172475,1820871.1833987273,MULTI_HORIZON_CANDIDATE_LEDGER,EPSG:4326-compatible longitude/latitude; CRS not embedded in Parquet,MO,Temporate Plains,Temperate Plains,True,True,True,True,True,True,False,0,True,True,True,both
4667,-94.2411631299,43.1238322295,142359.81570282098,2237851.856395513,MULTI_HORIZON_CANDIDATE_LEDGER,EPSG:4326-compatible longitude/latitude; CRS not embedded in Parquet,IA,Temporate Plains,Temperate Plains,True,True,True,True,True,True,True,2,True,True,True,both
467172,-120.718792185,44.1259067107,-1949602.488785168,2603350.370200065,MULTI_HORIZON_CANDIDATE_LEDGER,EPSG:4326-compatible longitude/latitude; CRS not embedded in Parquet,OR,Western Mountains,Western Mountains,True,True,True,True,True,True,False,0,True,True,True,both
4686,-95.1556771438,43.3773031357,68090.81859749676,2265141.0001969477,MULTI_HORIZON_CANDIDATE_LEDGER,EPSG:4326-compatible longitude/latitude; CRS not embedded in Parquet,IA,Temporate Plains,Temperate Plains,True,True,True,True,True,True,False,0,False,False,False,neither
469,-94.6896388074,45.888488235,101817.02329777728,2545183.277704986,MULTI_HORIZON_CANDIDATE_LEDGER,EPSG:4326-compatible longitude/latitude; CRS not embedded in Parquet,MN,Upper Midwest,Upper Midwest,True,True,True,False,True,False,False,0,True,True,True,both
4691,-92.8597496529,41.9288999946,258552.37140101107,2107230.7874960247,MULTI_HORIZON_CANDIDATE_LEDGER,EPSG:4326-compatible longitude/latitude; CRS not embedded in Parquet,IA,Temporate Plains,Temperate Plains,True,True,True,True,True,True,False,0,True,True,True,both
4701,-92.3152413411,42.2656968902,301903.38430068915,2146482.777903403,MULTI_HORIZON_CANDIDATE_LEDGER,EPSG:4326-compatible longitude/latitude; CRS not embedded in Parquet,IA,Temporate Plains,Temperate Plains,True,True,True,True,True,True,True,1,True,False,False,multi_horizon_only
4709,-92.3975680965,42.534846,294020.92229994986,2176295.174904355,MULTI_HORIZON_CANDIDATE_LEDGER,EPSG:4326-compatible longitude/latitude; CRS not embedded in Parquet,IA,Temporate Plains,Temperate Plains,True,True,True,True,True,True,True,2,True,True,True,both
471,-95.5990351258,43.8549253926,32111.446803223094,2318206.8912029676,MULTI_HORIZON_CANDIDATE_LEDGER,EPSG:4326-compatible longitude/latitude; CRS not embedded in Parquet,MN,Temporate Plains,Temperate Plains,True,True,True,True,True,True,False,0,True,True,True,both
4717,-91.5607984514,41.7923031899,366148.669699488,2096229.477997832,MULTI_HORIZON_CANDIDATE_LEDGER,EPSG:4326-compatible longitude/latitude; CRS not embedded in Parquet,IA,Temporate Plains,Temperate Plains,True,True,True,False,True,False,False,0,True,False,False,multi_horizon_only
4720,-88.1251998872,42.7033021566,640580.3189972966,2216106.291300294,MULTI_HORIZON_CANDIDATE_LEDGER,EPSG:4326-compatible longitude/latitude; CRS not embedded in Parquet,WI,Temporate Plains,Temperate Plains,True,True,True,False,True,False,False,0,True,True,True,both
47231,-94.1009566364,46.7414284848,145663.41839643422,2640520.931104592,MULTI_HORIZON_CANDIDATE_LEDGER,EPSG:4326-compatible longitude/latitude; CRS not embedded in Parquet,MN,Upper Midwest,Upper Midwest,True,True,True,True,True,True,False,0,False,False,False,neither
47232,-93.6045789612,45.0597902305,188435.41950203315,2454748.5640990194,MULTI_HORIZON_CANDIDATE_LEDGER,EPSG:4326-compatible longitude/latitude; CRS not embedded in Parquet,MN,Upper Midwest,Upper Midwest,True,True,True,True,True,True,True,1,False,False,False,neither
47250,-94.7478369339,47.2270233209,95340.9622972996,2693431.7733021127,MULTI_HORIZON_CANDIDATE_LEDGER,EPSG:4326-compatible longitude/latitude; CRS not embedded in Parquet,MN,Upper Midwest,Upper Midwest,True,True,True,True,True,True,False,0,False,False,False,neither
47258,-93.6931560153,46.7394986561,176942.7715002004,2640999.427697746,MULTI_HORIZON_CANDIDATE_LEDGER,EPSG:4326-compatible longitude/latitude; CRS not embedded in Parquet,MN,Upper Midwest,Upper Midwest,True,True,True,False,True,False,False,0,True,False,False,multi_horizon_only
47284,-95.0150211613,47.0864500049,75159.25540203335,2677645.388802779,MULTI_HORIZON_CANDIDATE_LEDGER,EPSG:4326-compatible longitude/latitude; CRS not embedded in Parquet,MN,Upper Midwest,Upper Midwest,True,True,True,True,True,True,False,0,False,False,False,neither
47286,-95.4421279699,45.9034381361,43338.871696233,2546268.335805216,MULTI_HORIZON_CANDIDATE_LEDGER,EPSG:4326-compatible longitude/latitude; CRS not embedded in Parquet,MN,Upper Midwest,Upper Midwest,True,True,True,True,True,True,False,0,False,False,False,neither
473433,-122.403518558,41.9716064787,-2145152.1009716876,2407666.827692206,MULTI_HORIZON_CANDIDATE_LEDGER,EPSG:4326-compatible longitude/latitude; CRS not embedded in Parquet,CA,Western Mountains,Western Mountains,True,True,True,False,True,False,False,0,True,False,False,multi_horizon_only
473584,-121.862437661,42.350418928,-2090906.5670345924,2436382.574713093,MULTI_HORIZON_CANDIDATE_LEDGER,EPSG:4326-compatible longitude/latitude; CRS not embedded in Parquet,OR,Western Mountains,Western Mountains,True,True,True,False,True,False,False,0,True,False,False,multi_horizon_only
47359,-93.1644105552,44.7588103607,224051.1247963572,2422216.943403017,MULTI_HORIZON_CANDIDATE_LEDGER,EPSG:4326-compatible longitude/latitude; CRS not embedded in Parquet,MN,Upper Midwest,Upper Midwest,True,True,True,True,True,True,True,1,False,True,False,direct_60_day_only
473720,-122.317333598,41.9843462424,-2137940.595885124,2407095.3374980036,MULTI_HORIZON_CANDIDATE_LEDGER,EPSG:4326-compatible longitude/latitude; CRS not embedded in Parquet,CA,Western Mountains,Western Mountains,True,True,True,False,True,False,False,0,True,True,True,both
474,-96.3581068612,44.4047795975,-28448.1623016298,2379494.6504026167,MULTI_HORIZON_CANDIDATE_LEDGER,EPSG:4326-compatible longitude/latitude; CRS not embedded in Parquet,MN,Temporate Plains,Temperate Plains,True,True,True,True,True,True,False,0,True,True,True,both
4742,-72.0991677274,44.1882171507,1884750.3388994434,2593569.468100952,MULTI_HORIZON_CANDIDATE_LEDGER,EPSG:4326-compatible longitude/latitude; CRS not embedded in Parquet,VT,Northern Appalachians,Northern Appalachians,True,True,True,True,True,True,False,0,False,False,False,neither
474253,-122.025053793,42.1490201258,-2109815.3135214555,2418288.559102268,MULTI_HORIZON_CANDIDATE_LEDGER,EPSG:4326-compatible longitude/latitude; CRS not embedded in Parquet,OR,Western Mountains,Western Mountains,True,True,True,False,True,False,False,0,True,True,True,both
474375,-121.965530647,42.5365145367,-2093419.1912280398,2458688.973305041,MULTI_HORIZON_CANDIDATE_LEDGER,EPSG:4326-compatible longitude/latitude; CRS not embedded in Parquet,OR,Western Mountains,Western Mountains,True,True,True,False,True,False,False,0,True,True,True,both
477,-92.5045459451,46.0718738357,270800.832497177,2569817.746100343,MULTI_HORIZON_CANDIDATE_LEDGER,EPSG:4326-compatible longitude/latitude; CRS not embedded in Parquet,MN,Upper Midwest,Upper Midwest,True,True,True,False,True,False,False,0,False,False,False,neither
4771,-95.5888799421,41.9380624783,33851.172403458746,2104056.871501943,MULTI_HORIZON_CANDIDATE_LEDGER,EPSG:4326-compatible longitude/latitude; CRS not embedded in Parquet,IA,Temporate Plains,Temperate Plains,True,True,True,True,True,True,True,1,True,True,True,both
4774,-95.0325099646,40.9754778619,80757.75440328338,1996656.142901956,MULTI_HORIZON_CANDIDATE_LEDGER,EPSG:4326-compatible longitude/latitude; CRS not embedded in Parquet,IA,Temporate Plains,Temperate Plains,True,True,True,True,True,True,False,0,True,True,True,both
4781,-72.2106030198,44.3285099638,1872274.0472033639,2606514.012402544,MULTI_HORIZON_CANDIDATE_LEDGER,EPSG:4326-compatible longitude/latitude; CRS not embedded in Parquet,VT,Northern Appalachians,Northern Appalachians,True,True,True,True,True,True,False,0,False,False,False,neither
4797,-91.7304667352,41.7258669874,352497.7680992213,2088162.0147984028,MULTI_HORIZON_CANDIDATE_LEDGER,EPSG:4326-compatible longitude/latitude; CRS not embedded in Parquet,IA,Temporate Plains,Temperate Plains,True,True,True,True,True,True,False,0,True,False,False,multi_horizon_only
4798,-95.465116011,41.8546059903,44094.21360246263,2094770.9738994092,MULTI_HORIZON_CANDIDATE_LEDGER,EPSG:4326-compatible longitude/latitude; CRS not embedded in Parquet,IA,Temporate Plains,Temperate Plains,True,True,True,True,True,True,False,0,True,True,True,both
4799,-94.6903919521,40.7135989718,109717.38590362591,1967673.8810986541,MULTI_HORIZON_CANDIDATE_LEDGER,EPSG:4326-compatible longitude/latitude; CRS not embedded in Parquet,IA,Temporate Plains,Temperate Plains,True,True,True,True,True,True,True,1,True,True,True,both
481099,-122.47093558,37.7880343376,-2279350.5059245,1958585.867608388,MULTI_HORIZON_CANDIDATE_LEDGER,EPSG:4326-compatible longitude/latitude; CRS not embedded in Parquet,CA,Xeric,Xeric,True,True,True,False,True,False,False,0,True,True,True,both
4816,-94.4667537493,41.7765311083,126532.28449804048,2086932.143103063,MULTI_HORIZON_CANDIDATE_LEDGER,EPSG:4326-compatible longitude/latitude; CRS not embedded in Parquet,IA,Temporate Plains,Temperate Plains,True,True,True,True,True,True,False,0,True,True,True,both
4819,-91.584240243,41.7838841147,364260.3235015023,2095198.410095293,MULTI_HORIZON_CANDIDATE_LEDGER,EPSG:4326-compatible longitude/latitude; CRS not embedded in Parquet,IA,Temporate Plains,Temperate Plains,True,True,True,False,True,False,False,0,True,True,True,both
482,-95.6616596356,46.3991292105,26088.627001877237,2601182.1848020153,MULTI_HORIZON_CANDIDATE_LEDGER,EPSG:4326-compatible longitude/latitude; CRS not embedded in Parquet,MN,Upper Midwest,Upper Midwest,True,True,True,False,True,False,False,0,False,False,False,neither
4821,-93.9146905115,41.4693200804,172839.6996000822,2053428.1118050478,MULTI_HORIZON_CANDIDATE_LEDGER,EPSG:4326-compatible longitude/latitude; CRS not embedded in Parquet,IA,Temporate Plains,Temperate Plains,True,True,True,True,True,True,True,3,True,True,True,both
4828,-91.8227971349,42.1209879935,342937.4967040287,2131983.5850009853,MULTI_HORIZON_CANDIDATE_LEDGER,EPSG:4326-compatible longitude/latitude; CRS not embedded in Parquet,IA,Temporate Plains,Temperate Plains,True,True,True,False,True,False,False,0,False,False,False,neither
48314,-93.2411179474,44.8930477104,217558.13230105164,2436975.9268046375,MULTI_HORIZON_CANDIDATE_LEDGER,EPSG:4326-compatible longitude/latitude; CRS not embedded in Parquet,MN,Upper Midwest,Upper Midwest,True,True,True,False,True,False,False,0,True,False,False,multi_horizon_only
48362,-94.851769163,47.0288604295,87692.6926963368,2671414.030103243,MULTI_HORIZON_CANDIDATE_LEDGER,EPSG:4326-compatible longitude/latitude; CRS not embedded in Parquet,MN,Upper Midwest,Upper Midwest,True,True,True,False,True,False,False,0,False,False,False,neither
4837,-72.9636555863,44.353802495,1813515.6950000008,2594644.173905747,MULTI_HORIZON_CANDIDATE_LEDGER,EPSG:4326-compatible longitude/latitude; CRS not embedded in Parquet,VT,Northern Appalachians,Northern Appalachians,True,True,True,True,True,True,False,0,False,False,False,neither
4848,-88.2278183282,43.3760315767,626112.631700109,2290313.7947011255,MULTI_HORIZON_CANDIDATE_LEDGER,EPSG:4326-compatible longitude/latitude; CRS not embedded in Parquet,WI,Temporate Plains,Temperate Plains,True,True,True,False,True,False,False,0,False,False,False,neither
485,-93.7389205131,45.1420276424,177651.8579028059,2463636.096397737,MULTI_HORIZON_CANDIDATE_LEDGER,EPSG:4326-compatible longitude/latitude; CRS not embedded in Parquet,MN,Upper Midwest,Upper Midwest,True,True,True,True,True,True,True,3,True,True,True,both
4863,-95.9164821555,41.3020859822,6939.335201173789,2032815.3415004956,MULTI_HORIZON_CANDIDATE_LEDGER,EPSG:4326-compatible longitude/latitude; CRS not embedded in Parquet,NE,Temporate Plains,Temperate Plains,True,True,True,False,True,False,False,0,True,False,False,multi_horizon_only
48631,-95.4787165397,47.5330310478,39506.48970206609,2726731.729199974,MULTI_HORIZON_CANDIDATE_LEDGER,EPSG:4326-compatible longitude/latitude; CRS not embedded in Parquet,MN,Upper Midwest,Upper Midwest,True,True,True,True,True,True,False,0,False,False,False,neither
48660,-95.8350804012,46.6190047816,12674.292402970226,2625515.4212031644,MULTI_HORIZON_CANDIDATE_LEDGER,EPSG:4326-compatible longitude/latitude; CRS not embedded in Parquet,MN,Upper Midwest,Upper Midwest,True,True,True,False,True,False,False,0,False,False,False,neither
4867,-94.635248757,41.2424860282,113486.45519650869,2026955.122199418,MULTI_HORIZON_CANDIDATE_LEDGER,EPSG:4326-compatible longitude/latitude; CRS not embedded in Parquet,IA,Temporate Plains,Temperate Plains,True,True,True,True,True,True,False,0,True,False,False,multi_horizon_only
4870,-95.3367746081,43.4438346195,53434.56290396772,2272452.30039676,MULTI_HORIZON_CANDIDATE_LEDGER,EPSG:4326-compatible longitude/latitude; CRS not embedded in Parquet,IA,Temporate Plains,Temperate Plains,True,True,True,True,True,True,True,2,True,True,True,both
4882,-95.1359473984,43.4126293295,69646.03310349946,2269098.925096429,MULTI_HORIZON_CANDIDATE_LEDGER,EPSG:4326-compatible longitude/latitude; CRS not embedded in Parquet,IA,Temporate Plains,Temperate Plains,True,True,True,True,True,True,True,2,True,True,True,both
4884,-95.6064304629,42.2747465324,32250.136501244462,2141707.8980025426,MULTI_HORIZON_CANDIDATE_LEDGER,EPSG:4326-compatible longitude/latitude; CRS not embedded in Parquet,IA,Temporate Plains,Temperate Plains,True,True,True,True,True,True,False,0,True,True,True,both
4886,-93.396039054,40.7087096196,218151.3232017301,1969359.204797525,MULTI_HORIZON_CANDIDATE_LEDGER,EPSG:4326-compatible longitude/latitude; CRS not embedded in Parquet,IA,Temporate Plains,Temperate Plains,True,True,True,False,True,False,False,0,True,True,True,both
4890,-94.3885431514,41.1030274021,134264.28700081387,2011665.1791988397,MULTI_HORIZON_CANDIDATE_LEDGER,EPSG:4326-compatible longitude/latitude; CRS not embedded in Parquet,IA,Temporate Plains,Temperate Plains,True,True,True,True,True,True,True,2,True,True,True,both
48981,-92.5446402053,46.7607418462,264919.94550049835,2646021.10049659,MULTI_HORIZON_CANDIDATE_LEDGER,EPSG:4326-compatible longitude/latitude; CRS not embedded in Parquet,MN,Upper Midwest,Upper Midwest,True,True,True,True,True,True,False,0,False,False,False,neither
4899,-92.1734786022,41.6352609821,316351.23140125885,2076473.1851958,MULTI_HORIZON_CANDIDATE_LEDGER,EPSG:4326-compatible longitude/latitude; CRS not embedded in Parquet,IA,Temporate Plains,Temperate Plains,True,True,True,True,True,True,True,1,True,True,True,both
48990,-92.1737777314,47.0632618563,291991.2307027683,2680569.389401854,MULTI_HORIZON_CANDIDATE_LEDGER,EPSG:4326-compatible longitude/latitude; CRS not embedded in Parquet,MN,Upper Midwest,Upper Midwest,True,True,True,False,True,False,False,0,False,False,False,neither
4900,-90.0925002664,43.6066617449,474522.22240212536,2305193.1296039317,MULTI_HORIZON_CANDIDATE_LEDGER,EPSG:4326-compatible longitude/latitude; CRS not embedded in Parquet,WI,Upper Midwest,Upper Midwest,True,True,True,False,True,False,False,0,True,False,False,multi_horizon_only
493,-95.5523825941,46.289401288,34571.9750994248,2589050.107800492,MULTI_HORIZON_CANDIDATE_LEDGER,EPSG:4326-compatible longitude/latitude; CRS not embedded in Parquet,MN,Upper Midwest,Upper Midwest,True,True,True,True,True,True,False,0,False,False,False,neither
4933,-94.4388432161,41.3847961283,129555.57399813032,2043135.029301701,MULTI_HORIZON_CANDIDATE_LEDGER,EPSG:4326-compatible longitude/latitude; CRS not embedded in Parquet,IA,Temporate Plains,Temperate Plains,True,True,True,True,True,True,True,2,True,True,True,both
4935,-95.0512781787,42.2962645146,77715.70379848471,2144435.2537015257,MULTI_HORIZON_CANDIDATE_LEDGER,EPSG:4326-compatible longitude/latitude; CRS not embedded in Parquet,IA,Temporate Plains,Temperate Plains,True,True,True,True,True,True,False,0,False,False,False,neither
4936,-91.8970283383,41.1946852336,341321.01950228034,2028158.0514988294,MULTI_HORIZON_CANDIDATE_LEDGER,EPSG:4326-compatible longitude/latitude; CRS not embedded in Parquet,IA,Temporate Plains,Temperate Plains,True,True,True,False,True,False,False,0,True,True,True,both
4942,-95.3583606326,40.8350283504,53665.24859626501,1980698.3626989285,MULTI_HORIZON_CANDIDATE_LEDGER,EPSG:4326-compatible longitude/latitude; CRS not embedded in Parquet,IA,Temporate Plains,Temperate Plains,True,True,True,True,True,True,True,1,True,True,True,both
49438,-92.83770589,45.1128001941,248545.59100177724,2462406.857195774,MULTI_HORIZON_CANDIDATE_LEDGER,EPSG:4326-compatible longitude/latitude; CRS not embedded in Parquet,MN,Upper Midwest,Upper Midwest,True,True,True,False,True,False,False,0,False,False,False,neither
4944,-92.8453916958,41.1152965463,262756.201401793,2016261.9752978934,MULTI_HORIZON_CANDIDATE_LEDGER,EPSG:4326-compatible longitude/latitude; CRS not embedded in Parquet,IA,Temporate Plains,Temperate Plains,True,True,True,True,True,True,True,2,True,True,True,both
4947,-91.4345626577,45.8951611135,354580.52980098414,2553740.9234049255,MULTI_HORIZON_CANDIDATE_LEDGER,EPSG:4326-compatible longitude/latitude; CRS not embedded in Parquet,WI,Upper Midwest,Upper Midwest,True,True,True,True,True,True,False,0,False,False,False,neither
4955,-94.0204301233,42.1152431348,162571.51220132897,2125496.1532976246,MULTI_HORIZON_CANDIDATE_LEDGER,EPSG:4326-compatible longitude/latitude; CRS not embedded in Parquet,IA,Temporate Plains,Temperate Plains,True,True,True,True,True,True,True,1,True,True,True,both
4962,-93.2773442849,40.996790815,227168.37669953916,2001885.9359980598,MULTI_HORIZON_CANDIDATE_LEDGER,EPSG:4326-compatible longitude/latitude; CRS not embedded in Parquet,IA,Temporate Plains,Temperate Plains,True,True,True,True,True,True,False,0,True,False,False,multi_horizon_only
4967,-95.5926289143,41.4363286572,33783.157797379,2047911.4622045057,MULTI_HORIZON_CANDIDATE_LEDGER,EPSG:4326-compatible longitude/latitude; CRS not embedded in Parquet,IA,Temporate Plains,Temperate Plains,True,True,True,True,True,True,True,2,True,True,True,both
4972,-72.216945643,44.9709793285,1854065.7157015912,2675709.397605108,MULTI_HORIZON_CANDIDATE_LEDGER,EPSG:4326-compatible longitude/latitude; CRS not embedded in Parquet,VT,Northern Appalachians,Northern Appalachians,True,True,True,True,True,True,False,0,False,False,False,neither
4985,-92.7246377981,42.1289754171,268901.2961995699,2129973.14950529,MULTI_HORIZON_CANDIDATE_LEDGER,EPSG:4326-compatible longitude/latitude; CRS not embedded in Parquet,IA,Temporate Plains,Temperate Plains,True,True,True,True,True,True,True,2,True,True,True,both
500,-74.7954679308,40.9054830683,1757086.7327978285,2185251.7428945117,MULTI_HORIZON_CANDIDATE_LEDGER,EPSG:4326-compatible longitude/latitude; CRS not embedded in Parquet,NJ,Northern Appalachians,Northern Appalachians,True,True,True,True,True,True,False,0,False,False,False,neither
5007,-72.5249812362,44.5342426876,1842435.7218964403,2622587.2057042113,MULTI_HORIZON_CANDIDATE_LEDGER,EPSG:4326-compatible longitude/latitude; CRS not embedded in Parquet,VT,Northern Appalachians,Northern Appalachians,True,True,True,True,True,True,False,0,False,False,False,neither
5027,-94.6950000076,43.3185840684,105330.44509824853,2259005.866703124,MULTI_HORIZON_CANDIDATE_LEDGER,EPSG:4326-compatible longitude/latitude; CRS not embedded in Parquet,IA,Temporate Plains,Temperate Plains,True,True,True,True,True,True,True,2,True,True,True,both
5032,-93.9876085918,42.3981168987,164596.769802615,2157178.684902073,MULTI_HORIZON_CANDIDATE_LEDGER,EPSG:4326-compatible longitude/latitude; CRS not embedded in Parquet,IA,Temporate Plains,Temperate Plains,True,True,True,False,True,False,False,0,True,False,False,multi_horizon_only
5035,-88.2923229945,42.5488293385,628414.5438039284,2197782.6916988064,MULTI_HORIZON_CANDIDATE_LEDGER,EPSG:4326-compatible longitude/latitude; CRS not embedded in Parquet,WI,Temporate Plains,Temperate Plains,True,True,True,True,True,True,False,0,True,False,False,multi_horizon_only
5040,-95.0956487883,43.4776028593,72825.14410271574,2276381.7873035427,MULTI_HORIZON_CANDIDATE_LEDGER,EPSG:4326-compatible longitude/latitude; CRS not embedded in Parquet,IA,Temporate Plains,Temperate Plains,True,True,True,False,True,False,False,0,True,True,True,both
50432,-93.3559988379,45.2398173682,207428.04080298147,2475285.1955964155,MULTI_HORIZON_CANDIDATE_LEDGER,EPSG:4326-compatible longitude/latitude; CRS not embedded in Parquet,MN,Upper Midwest,Upper Midwest,True,True,True,True,True,True,False,0,True,True,True,both
50464,-94.0754134324,45.217666677,151047.33870101933,2471465.4937981246,MULTI_HORIZON_CANDIDATE_LEDGER,EPSG:4326-compatible longitude/latitude; CRS not embedded in Parquet,MN,Upper Midwest,Upper Midwest,True,True,True,True,True,True,True,3,True,True,True,both
50483,-92.8193195125,45.402348691,248912.64060337032,2494637.4619972957,MULTI_HORIZON_CANDIDATE_LEDGER,EPSG:4326-compatible longitude/latitude; CRS not embedded in Parquet,MN,Upper Midwest,Upper Midwest,True,True,True,True,True,True,True,1,True,True,True,both
5052,-72.8179550594,42.8735448022,1864654.5699986774,2437137.600603801,MULTI_HORIZON_CANDIDATE_LEDGER,EPSG:4326-compatible longitude/latitude; CRS not embedded in Parquet,VT,Northern Appalachians,Northern Appalachians,True,True,True,True,True,True,False,0,False,False,False,neither
507,-93.6410941252,44.3680828677,187475.182300589,2377678.809095693,MULTI_HORIZON_CANDIDATE_LEDGER,EPSG:4326-compatible longitude/latitude; CRS not embedded in Parquet,MN,Upper Midwest,Upper Midwest,True,True,True,True,True,True,True,2,True,False,False,multi_horizon_only
5072,-88.6278646263,42.5923157149,600736.9466969633,2200458.4194994355,MULTI_HORIZON_CANDIDATE_LEDGER,EPSG:4326-compatible longitude/latitude; CRS not embedded in Parquet,WI,Temporate Plains,Temperate Plains,True,True,True,False,True,False,False,0,True,False,False,multi_horizon_only
5093,-72.9895877645,44.8546867404,1798138.1182018155,2648309.4242015947,MULTI_HORIZON_CANDIDATE_LEDGER,EPSG:4326-compatible longitude/latitude; CRS not embedded in Parquet,VT,Northern Appalachians,Northern Appalachians,True,True,True,False,True,False,False,0,False,False,False,neither
51019,-75.6696901691,39.3629004656,1722468.8245995033,2000531.8569993414,MULTI_HORIZON_CANDIDATE_LEDGER,EPSG:4326-compatible longitude/latitude; CRS not embedded in Parquet,DE,Coastal Plains,Coastal Plains,True,True,True,True,True,True,True,4,True,False,False,multi_horizon_only
5102,-94.7247378666,41.0616184375,106317.14029847794,2006603.756200252,MULTI_HORIZON_CANDIDATE_LEDGER,EPSG:4326-compatible longitude/latitude; CRS not embedded in Parquet,IA,Temporate Plains,Temperate Plains,True,True,True,False,True,False,False,0,True,False,False,multi_horizon_only
5118,-91.1393278547,42.1117534111,399055.85910142225,2133620.0687034437,MULTI_HORIZON_CANDIDATE_LEDGER,EPSG:4326-compatible longitude/latitude; CRS not embedded in Parquet,IA,Temporate Plains,Temperate Plains,True,True,True,True,True,True,False,0,True,True,True,both
5143,-94.8870466958,43.0326388541,90204.53320173768,2226876.629096357,MULTI_HORIZON_CANDIDATE_LEDGER,EPSG:4326-compatible longitude/latitude; CRS not embedded in Parquet,IA,Temporate Plains,Temperate Plains,True,True,True,True,True,True,True,1,True,True,True,both
51452,-93.6802397781,44.8291291925,183111.3371979804,2428937.7346961517,MULTI_HORIZON_CANDIDATE_LEDGER,EPSG:4326-compatible longitude/latitude; CRS not embedded in Parquet,MN,Upper Midwest,Upper Midwest,True,True,True,False,True,False,False,0,True,True,True,both
51459,-95.0982371162,47.020855184,68878.48780341937,2670325.263004033,MULTI_HORIZON_CANDIDATE_LEDGER,EPSG:4326-compatible longitude/latitude; CRS not embedded in Parquet,MN,Upper Midwest,Upper Midwest,True,True,True,True,True,True,False,0,False,False,False,neither
51486,-94.8363990223,46.8397075051,89122.81989954416,2650493.8913968373,MULTI_HORIZON_CANDIDATE_LEDGER,EPSG:4326-compatible longitude/latitude; CRS not embedded in Parquet,MN,Upper Midwest,Upper Midwest,True,True,True,False,True,False,False,0,True,False,False,multi_horizon_only
515,-93.3306761561,45.5057500421,208583.80309899547,2504894.7360032247,MULTI_HORIZON_CANDIDATE_LEDGER,EPSG:4326-compatible longitude/latitude; CRS not embedded in Parquet,MN,Upper Midwest,Upper Midwest,True,True,True,True,True,True,True,1,True,True,True,both
5150,-89.0638937319,45.943392849,538040.0342988757,2570220.220800004,MULTI_HORIZON_CANDIDATE_LEDGER,EPSG:4326-compatible longitude/latitude; CRS not embedded in Parquet,WI,Upper Midwest,Upper Midwest,True,True,True,False,True,False,False,0,False,False,False,neither
5155,-95.4691806282,42.9371758113,43083.078898548214,2215804.257198357,MULTI_HORIZON_CANDIDATE_LEDGER,EPSG:4326-compatible longitude/latitude; CRS not embedded in Parquet,IA,Temporate Plains,Temperate Plains,True,True,True,True,True,True,False,0,True,True,True,both
5162,-93.1539591053,41.4202288184,236040.69289757148,2049571.7044003438,MULTI_HORIZON_CANDIDATE_LEDGER,EPSG:4326-compatible longitude/latitude; CRS not embedded in Parquet,IA,Temporate Plains,Temperate Plains,True,True,True,False,True,False,False,0,True,True,True,both
5167,-95.2178646246,41.6035403107,64707.68979682768,2066819.7997001903,MULTI_HORIZON_CANDIDATE_LEDGER,EPSG:4326-compatible longitude/latitude; CRS not embedded in Parquet,IA,Temporate Plains,Temperate Plains,True,True,True,True,True,True,True,2,True,True,True,both
5168,-95.7881473387,41.7695700776,17485.77840299949,2085152.0096947644,MULTI_HORIZON_CANDIDATE_LEDGER,EPSG:4326-compatible longitude/latitude; CRS not embedded in Parquet,IA,Temporate Plains,Temperate Plains,True,True,True,True,True,True,False,0,True,True,True,both
5171,-93.0090894463,40.8673006618,249999.79690170067,1988065.6324016014,MULTI_HORIZON_CANDIDATE_LEDGER,EPSG:4326-compatible longitude/latitude; CRS not embedded in Parquet,IA,Temporate Plains,Temperate Plains,True,True,True,False,True,False,False,0,True,False,False,multi_horizon_only
5175,-92.5418962752,41.2941821324,287295.93150132213,2037155.1905041998,MULTI_HORIZON_CANDIDATE_LEDGER,EPSG:4326-compatible longitude/latitude; CRS not embedded in Parquet,IA,Temporate Plains,Temperate Plains,True,True,True,True,True,True,False,0,True,True,True,both
5183,-93.7932297999,43.2302890372,178333.52099736335,2250494.1215995997,MULTI_HORIZON_CANDIDATE_LEDGER,EPSG:4326-compatible longitude/latitude; CRS not embedded in Parquet,IA,Temporate Plains,Temperate Plains,True,True,True,True,True,True,True,2,True,True,True,both
519,-93.4113005778,45.9143153247,201049.21450214417,2550087.1812991044,MULTI_HORIZON_CANDIDATE_LEDGER,EPSG:4326-compatible longitude/latitude; CRS not embedded in Parquet,MN,Upper Midwest,Upper Midwest,True,True,True,True,True,True,True,2,True,False,False,multi_horizon_only
52016,-73.4517088624,41.2595820618,1857083.3600010742,2249406.3111988995,MULTI_HORIZON_CANDIDATE_LEDGER,EPSG:4326-compatible longitude/latitude; CRS not embedded in Parquet,CT,Northern Appalachians,Northern Appalachians,True,True,True,False,True,False,False,0,False,False,False,neither
5233,-92.1140646722,41.8672299407,320199.4132033498,2102606.691896257,MULTI_HORIZON_CANDIDATE_LEDGER,EPSG:4326-compatible longitude/latitude; CRS not embedded in Parquet,IA,Temporate Plains,Temperate Plains,True,True,True,True,True,True,True,3,True,True,True,both
5241,-94.8457293632,42.0393685849,94901.69070226455,2115892.494105341,MULTI_HORIZON_CANDIDATE_LEDGER,EPSG:4326-compatible longitude/latitude; CRS not embedded in Parquet,IA,Temporate Plains,Temperate Plains,True,True,True,True,True,True,True,2,True,True,True,both
5246,-94.5434670508,40.8370568562,121813.75789605865,1981677.8759978758,MULTI_HORIZON_CANDIDATE_LEDGER,EPSG:4326-compatible longitude/latitude; CRS not embedded in Parquet,IA,Temporate Plains,Temperate Plains,True,True,True,True,True,True,True,1,True,True,True,both
5252,-93.7688384874,40.599677807,187212.30679711103,1956356.1254951255,MULTI_HORIZON_CANDIDATE_LEDGER,EPSG:4326-compatible longitude/latitude; CRS not embedded in Parquet,IA,Temporate Plains,Temperate Plains,True,True,True,True,True,True,False,0,False,False,False,neither
5256,-95.6680735323,42.9859990189,26921.29889932215,2221185.3438956803,MULTI_HORIZON_CANDIDATE_LEDGER,EPSG:4326-compatible longitude/latitude; CRS not embedded in Parquet,IA,Temporate Plains,Temperate Plains,True,True,True,True,True,True,True,1,True,True,True,both
52571,-96.0605944899,44.2115978482,-4827.390896717162,2357912.909604653,MULTI_HORIZON_CANDIDATE_LEDGER,EPSG:4326-compatible longitude/latitude; CRS not embedded in Parquet,MN,Temporate Plains,Temperate Plains,True,True,True,False,True,False,False,0,True,True,True,both
5274,-91.3881148827,40.8196631159,385662.53629620455,1988156.2400997132,MULTI_HORIZON_CANDIDATE_LEDGER,EPSG:4326-compatible longitude/latitude; CRS not embedded in Parquet,IA,Temporate Plains,Temperate Plains,True,True,True,True,True,True,False,0,True,False,False,multi_horizon_only
52808,-90.6425172477,37.7277141114,467473.59679951,1645487.3517055046,MULTI_HORIZON_CANDIDATE_LEDGER,EPSG:4326-compatible longitude/latitude; CRS not embedded in Parquet,MO,Southern Appalachians,Southern Appalachians,True,True,True,True,True,True,True,2,True,False,False,multi_horizon_only
52842,-95.8268507583,46.7591157678,13278.473798668623,2641036.409197799,MULTI_HORIZON_CANDIDATE_LEDGER,EPSG:4326-compatible longitude/latitude; CRS not embedded in Parquet,MN,Upper Midwest,Upper Midwest,True,True,True,True,True,True,False,0,True,True,True,both
5288,-72.1510196386,43.9227573955,1888098.2430974024,2563869.4766021967,MULTI_HORIZON_CANDIDATE_LEDGER,EPSG:4326-compatible longitude/latitude; CRS not embedded in Parquet,VT,Northern Appalachians,Northern Appalachians,True,True,True,False,True,False,False,0,False,False,False,neither
5290,-95.7886976481,42.0097046428,17380.623198429028,2112017.286799144,MULTI_HORIZON_CANDIDATE_LEDGER,EPSG:4326-compatible longitude/latitude; CRS not embedded in Parquet,IA,Temporate Plains,Temperate Plains,True,True,True,True,True,True,False,0,True,True,True,both
52989,-91.5963453028,36.3074861935,391683.4753991137,1482251.023696486,MULTI_HORIZON_CANDIDATE_LEDGER,EPSG:4326-compatible longitude/latitude; CRS not embedded in Parquet,AR,Southern Appalachians,Southern Appalachians,True,True,True,False,True,False,False,0,False,False,False,neither
5303,-72.21569959,44.5086668189,1866909.7711962778,2625861.6868018257,MULTI_HORIZON_CANDIDATE_LEDGER,EPSG:4326-compatible longitude/latitude; CRS not embedded in Parquet,VT,Northern Appalachians,Northern Appalachians,True,True,True,True,True,True,False,0,False,False,False,neither
531,-92.8669285396,45.2190008603,245860.23910149548,2474137.493594786,MULTI_HORIZON_CANDIDATE_LEDGER,EPSG:4326-compatible longitude/latitude; CRS not embedded in Parquet,MN,Upper Midwest,Upper Midwest,True,True,True,False,True,False,False,0,False,False,False,neither
5314,-91.9708788814,40.7089965107,337486.32920336165,1973557.690503236,MULTI_HORIZON_CANDIDATE_LEDGER,EPSG:4326-compatible longitude/latitude; CRS not embedded in Parquet,IA,Temporate Plains,Temperate Plains,True,True,True,True,True,True,False,0,True,False,False,multi_horizon_only
5320,-72.8059450289,43.1478806736,1858195.9106966136,2467110.801499591,MULTI_HORIZON_CANDIDATE_LEDGER,EPSG:4326-compatible longitude/latitude; CRS not embedded in Parquet,VT,Northern Appalachians,Northern Appalachians,True,True,True,True,True,True,False,0,False,False,False,neither
5329,-94.6503122549,43.1556992968,109195.40640131956,2240868.9831029736,MULTI_HORIZON_CANDIDATE_LEDGER,EPSG:4326-compatible longitude/latitude; CRS not embedded in Parquet,IA,Temporate Plains,Temperate Plains,True,True,True,False,True,False,False,0,True,True,True,both
533,-93.4816450741,44.6996492488,199165.95400016426,2414925.7471982874,MULTI_HORIZON_CANDIDATE_LEDGER,EPSG:4326-compatible longitude/latitude; CRS not embedded in Parquet,MN,Upper Midwest,Upper Midwest,True,True,True,False,True,False,False,0,True,False,False,multi_horizon_only
5336,-94.4365951132,41.1977650221,130086.54689836716,2022203.6534965606,MULTI_HORIZON_CANDIDATE_LEDGER,EPSG:4326-compatible longitude/latitude; CRS not embedded in Parquet,IA,Temporate Plains,Temperate Plains,True,True,True,True,True,True,True,2,True,True,True,both
53586,-94.1392582063,46.5300336613,143184.45739831313,2617047.568601397,MULTI_HORIZON_CANDIDATE_LEDGER,EPSG:4326-compatible longitude/latitude; CRS not embedded in Parquet,MN,Upper Midwest,Upper Midwest,True,True,True,False,True,False,False,0,False,True,False,direct_60_day_only
53589,-94.9769378618,47.1974876208,77932.89540275764,2689957.024297945,MULTI_HORIZON_CANDIDATE_LEDGER,EPSG:4326-compatible longitude/latitude; CRS not embedded in Parquet,MN,Upper Midwest,Upper Midwest,True,True,True,False,True,False,False,0,False,False,False,neither
53627,-93.4363035365,44.7011016529,202746.59819859013,2415183.2996019833,MULTI_HORIZON_CANDIDATE_LEDGER,EPSG:4326-compatible longitude/latitude; CRS not embedded in Parquet,MN,Upper Midwest,Upper Midwest,True,True,True,True,True,True,False,0,False,False,False,neither
537,-95.4509434445,45.6480043836,42817.94019885137,2517896.0762946587,MULTI_HORIZON_CANDIDATE_LEDGER,EPSG:4326-compatible longitude/latitude; CRS not embedded in Parquet,MN,Upper Midwest,Upper Midwest,True,True,True,True,True,True,False,0,True,False,False,multi_horizon_only
5374,-92.9635032716,41.7785896509,250550.02040373482,2090144.8520035557,MULTI_HORIZON_CANDIDATE_LEDGER,EPSG:4326-compatible longitude/latitude; CRS not embedded in Parquet,IA,Temporate Plains,Temperate Plains,True,True,True,True,True,True,False,0,True,True,True,both
5378,-73.2033236654,43.4328561456,1819418.3253988952,2490314.9007998863,MULTI_HORIZON_CANDIDATE_LEDGER,EPSG:4326-compatible longitude/latitude; CRS not embedded in Parquet,VT,Northern Appalachians,Northern Appalachians,True,True,True,True,True,True,False,0,False,False,False,neither
5383,-92.5514758336,41.5878055585,285308.0874032491,2069969.7470967546,MULTI_HORIZON_CANDIDATE_LEDGER,EPSG:4326-compatible longitude/latitude; CRS not embedded in Parquet,IA,Temporate Plains,Temperate Plains,True,True,True,True,True,True,True,1,True,True,True,both
5396,-94.0657042536,41.0214923052,161345.1635995812,2003039.538901099,MULTI_HORIZON_CANDIDATE_LEDGER,EPSG:4326-compatible longitude/latitude; CRS not embedded in Parquet,IA,Temporate Plains,Temperate Plains,True,True,True,True,True,True,True,2,True,True,True,both
5397,-72.2337492482,44.719519492,1859710.7754999516,2648260.4957964765,MULTI_HORIZON_CANDIDATE_LEDGER,EPSG:4326-compatible longitude/latitude; CRS not embedded in Parquet,VT,Northern Appalachians,Northern Appalachians,True,True,True,True,True,True,False,0,False,False,False,neither
5407,-72.8755429058,44.9723274685,1803719.269000718,2663180.2746003717,MULTI_HORIZON_CANDIDATE_LEDGER,EPSG:4326-compatible longitude/latitude; CRS not embedded in Parquet,VT,Northern Appalachians,Northern Appalachians,True,True,True,True,True,True,True,1,False,False,False,neither
5414,-91.908890648,43.17435042,330807.1832035377,2249298.148497047,MULTI_HORIZON_CANDIDATE_LEDGER,EPSG:4326-compatible longitude/latitude; CRS not embedded in Parquet,IA,Upper Midwest,Upper Midwest,True,True,True,True,True,True,True,1,True,False,False,multi_horizon_only
54178,-75.7146394429,39.5543238737,1714174.0734958013,2020684.0513013443,MULTI_HORIZON_CANDIDATE_LEDGER,EPSG:4326-compatible longitude/latitude; CRS not embedded in Parquet,DE,Coastal Plains,Coastal Plains,True,True,True,True,True,True,True,3,True,True,True,both
542,-95.6842229575,46.2901416903,24388.985001086032,2589091.3204050604,MULTI_HORIZON_CANDIDATE_LEDGER,EPSG:4326-compatible longitude/latitude; CRS not embedded in Parquet,MN,Upper Midwest,Upper Midwest,True,True,True,False,True,False,False,0,False,False,False,neither
5421,-95.2070903847,42.6264241751,64644.51909696161,2181228.0010961154,MULTI_HORIZON_CANDIDATE_LEDGER,EPSG:4326-compatible longitude/latitude; CRS not embedded in Parquet,IA,Temporate Plains,Temperate Plains,True,True,True,True,True,True,False,0,True,True,True,both
54240,-92.1726053589,47.3005302309,291024.127096751,2706791.9877032414,MULTI_HORIZON_CANDIDATE_LEDGER,EPSG:4326-compatible longitude/latitude; CRS not embedded in Parquet,MN,Upper Midwest,Upper Midwest,True,True,True,False,True,False,False,0,False,False,False,neither
5426,-89.0000532792,43.8107331367,560451.4548978283,2333859.5915985266,MULTI_HORIZON_CANDIDATE_LEDGER,EPSG:4326-compatible longitude/latitude; CRS not embedded in Parquet,WI,Temporate Plains,Temperate Plains,True,True,True,False,True,False,False,0,False,False,False,neither
544,-95.8832538552,46.0234162988,9053.23509809775,2559464.7908995487,MULTI_HORIZON_CANDIDATE_LEDGER,EPSG:4326-compatible longitude/latitude; CRS not embedded in Parquet,MN,Upper Midwest,Upper Midwest,True,True,True,False,True,False,False,0,True,False,False,multi_horizon_only
5458,-93.8515205559,40.6526646728,180141.66330286904,1962129.563894554,MULTI_HORIZON_CANDIDATE_LEDGER,EPSG:4326-compatible longitude/latitude; CRS not embedded in Parquet,IA,Temporate Plains,Temperate Plains,True,True,True,True,True,True,False,0,True,False,False,multi_horizon_only
546,-93.0075341416,46.1219673437,231672.14649789894,2574043.313103089,MULTI_HORIZON_CANDIDATE_LEDGER,EPSG:4326-compatible longitude/latitude; CRS not embedded in Parquet,MN,Upper Midwest,Upper Midwest,True,True,True,False,True,False,False,0,False,False,False,neither
54643,-93.3629023031,44.922801383,207865.17889875453,2440013.645797503,MULTI_HORIZON_CANDIDATE_LEDGER,EPSG:4326-compatible longitude/latitude; CRS not embedded in Parquet,MN,Upper Midwest,Upper Midwest,True,True,True,False,True,False,False,0,False,False,False,neither
54660,-95.1201632145,46.9657164869,67260.2666036562,2664208.0750956256,MULTI_HORIZON_CANDIDATE_LEDGER,EPSG:4326-compatible longitude/latitude; CRS not embedded in Parquet,MN,Upper Midwest,Upper Midwest,True,True,True,True,True,True,False,0,True,True,True,both
54712,-92.7881011705,44.8300187766,253506.27099914962,2431086.146195298,MULTI_HORIZON_CANDIDATE_LEDGER,EPSG:4326-compatible longitude/latitude; CRS not embedded in Parquet,MN,Temporate Plains,Temperate Plains,True,True,True,True,True,True,False,0,True,True,True,both
5487,-92.4293486027,41.007387409,297848.104203183,2005414.2533019865,MULTI_HORIZON_CANDIDATE_LEDGER,EPSG:4326-compatible longitude/latitude; CRS not embedded in Parquet,IA,Temporate Plains,Temperate Plains,True,True,True,True,True,True,True,3,True,True,True,both
549,-95.4923796236,43.7890905206,40692.15519635327,2310903.666798207,MULTI_HORIZON_CANDIDATE_LEDGER,EPSG:4326-compatible longitude/latitude; CRS not embedded in Parquet,MN,Temporate Plains,Temperate Plains,True,True,True,True,True,True,True,1,True,True,True,both
5496,-94.4792988971,41.2963482528,126356.99759986057,2033180.974603787,MULTI_HORIZON_CANDIDATE_LEDGER,EPSG:4326-compatible longitude/latitude; CRS not embedded in Parquet,IA,Temporate Plains,Temperate Plains,True,True,True,True,True,True,True,2,True,True,True,both
5500,-94.8262902951,40.7294422782,98310.68429650368,1969299.4062975785,MULTI_HORIZON_CANDIDATE_LEDGER,EPSG:4326-compatible longitude/latitude; CRS not embedded in Parquet,IA,Temporate Plains,Temperate Plains,True,True,True,True,True,True,True,2,True,True,True,both
552,-92.9459930459,45.2694267517,239477.8169009816,2479540.637603555,MULTI_HORIZON_CANDIDATE_LEDGER,EPSG:4326-compatible longitude/latitude; CRS not embedded in Parquet,MN,Upper Midwest,Upper Midwest,True,True,True,True,True,True,False,0,True,False,False,multi_horizon_only
55226,-92.6894861079,46.7467830046,253873.14599933536,2644080.827502992,MULTI_HORIZON_CANDIDATE_LEDGER,EPSG:4326-compatible longitude/latitude; CRS not embedded in Parquet,MN,Upper Midwest,Upper Midwest,True,True,True,True,True,True,False,0,True,False,False,multi_horizon_only
55313,-85.9005847455,44.948544299,794371.3827002487,2482244.149297867,MULTI_HORIZON_CANDIDATE_LEDGER,EPSG:4326-compatible longitude/latitude; CRS not embedded in Parquet,MI,Upper Midwest,Upper Midwest,True,True,True,True,True,True,False,0,True,False,False,multi_horizon_only
5541,-93.5885843478,41.2753519923,200414.2918961281,2032362.3740959167,MULTI_HORIZON_CANDIDATE_LEDGER,EPSG:4326-compatible longitude/latitude; CRS not embedded in Parquet,IA,Temporate Plains,Temperate Plains,True,True,True,True,True,True,False,0,True,True,True,both
5550,-95.8584729246,41.2061844937,11775.195103254102,2022084.9590982916,MULTI_HORIZON_CANDIDATE_LEDGER,EPSG:4326-compatible longitude/latitude; CRS not embedded in Parquet,IA,Temporate Plains,Temperate Plains,True,True,True,True,True,True,True,2,True,True,True,both
55528,-93.1416557622,45.0182788601,224980.0106005179,2451138.345902008,MULTI_HORIZON_CANDIDATE_LEDGER,EPSG:4326-compatible longitude/latitude; CRS not embedded in Parquet,MN,Upper Midwest,Upper Midwest,True,True,True,True,True,True,True,3,True,True,True,both
55548,-94.0363485118,46.690732821,150734.41260288327,2635007.82760452,MULTI_HORIZON_CANDIDATE_LEDGER,EPSG:4326-compatible longitude/latitude; CRS not embedded in Parquet,MN,Upper Midwest,Upper Midwest,True,True,True,True,True,True,False,0,False,False,False,neither
55584,-94.4280084351,45.2738396709,123274.09790215192,2477202.68429494,MULTI_HORIZON_CANDIDATE_LEDGER,EPSG:4326-compatible longitude/latitude; CRS not embedded in Parquet,MN,Upper Midwest,Upper Midwest,True,True,True,True,True,True,False,0,False,False,False,neither
55599,-92.9876337477,45.0553176001,236968.49899858455,2455631.967698383,MULTI_HORIZON_CANDIDATE_LEDGER,EPSG:4326-compatible longitude/latitude; CRS not embedded in Parquet,MN,Upper Midwest,Upper Midwest,True,True,True,False,True,False,False,0,True,False,False,multi_horizon_only
55609,-96.0453867736,44.2150210585,-3615.6532030216026,2358293.817395186,MULTI_HORIZON_CANDIDATE_LEDGER,EPSG:4326-compatible longitude/latitude; CRS not embedded in Parquet,MN,Temporate Plains,Temperate Plains,True,True,True,False,True,False,False,0,True,True,True,both
55617,-93.1285094714,44.788425453,226787.34060161727,2425597.8419007724,MULTI_HORIZON_CANDIDATE_LEDGER,EPSG:4326-compatible longitude/latitude; CRS not embedded in Parquet,MN,Upper Midwest,Upper Midwest,True,True,True,True,True,True,False,0,True,False,False,multi_horizon_only
5564,-73.0843449385,44.3700581318,1803767.3192012552,2594106.0230021505,MULTI_HORIZON_CANDIDATE_LEDGER,EPSG:4326-compatible longitude/latitude; CRS not embedded in Parquet,VT,Northern Appalachians,Northern Appalachians,True,True,True,True,True,True,False,0,False,False,False,neither
557,-94.6368170987,45.813107195,106041.13350182488,2536871.6610988397,MULTI_HORIZON_CANDIDATE_LEDGER,EPSG:4326-compatible longitude/latitude; CRS not embedded in Parquet,MN,Upper Midwest,Upper Midwest,True,True,True,True,True,True,False,0,False,False,False,neither
5575,-90.6780896078,41.5215027655,440581.5024987776,2069711.8288947027,MULTI_HORIZON_CANDIDATE_LEDGER,EPSG:4326-compatible longitude/latitude; CRS not embedded in Parquet,IA,Temporate Plains,Temperate Plains,True,True,True,True,True,True,False,0,True,True,True,both
5581,-94.5860808663,43.4962309959,113825.95879808765,2278961.354299292,MULTI_HORIZON_CANDIDATE_LEDGER,EPSG:4326-compatible longitude/latitude; CRS not embedded in Parquet,IA,Temporate Plains,Temperate Plains,True,True,True,True,True,True,True,1,True,True,True,both
5583,-95.1320196991,43.497437066,69876.14820100176,2278568.3064982267,MULTI_HORIZON_CANDIDATE_LEDGER,EPSG:4326-compatible longitude/latitude; CRS not embedded in Parquet,IA,Temporate Plains,Temperate Plains,True,True,True,False,True,False,False,0,True,True,True,both
55871,-95.4651862453,48.0149929712,40232.55410001567,2779928.6463043364,MULTI_HORIZON_CANDIDATE_LEDGER,EPSG:4326-compatible longitude/latitude; CRS not embedded in Parquet,MN,Upper Midwest,Upper Midwest,True,True,True,False,True,False,False,0,False,False,False,neither
55874,-96.4125616518,46.658780188,-31686.702899859258,2629979.750699674,MULTI_HORIZON_CANDIDATE_LEDGER,EPSG:4326-compatible longitude/latitude; CRS not embedded in Parquet,MN,Temporate Plains,Temperate Plains,True,True,True,False,True,False,False,0,True,True,True,both
5588,-92.7991369018,44.7782319242,252829.73020398588,2425294.682694898,MULTI_HORIZON_CANDIDATE_LEDGER,EPSG:4326-compatible longitude/latitude; CRS not embedded in Parquet,WI,Temporate Plains,Temperate Plains,True,True,True,False,True,False,False,0,False,False,False,neither
55898,-96.0415544348,47.6123407966,-3145.469899240525,2735383.4681988694,MULTI_HORIZON_CANDIDATE_LEDGER,EPSG:4326-compatible longitude/latitude; CRS not embedded in Parquet,MN,Temporate Plains,Temperate Plains,True,True,True,True,True,True,False,0,True,True,True,both
5592,-71.4927201401,43.5272186461,1950325.7568992123,2534452.520395754,MULTI_HORIZON_CANDIDATE_LEDGER,EPSG:4326-compatible longitude/latitude; CRS not embedded in Parquet,NH,Northern Appalachians,Northern Appalachians,True,True,True,False,True,False,False,0,False,False,False,neither
5610,-72.0874270823,43.1417110766,1914730.4833995774,2480705.8574982947,MULTI_HORIZON_CANDIDATE_LEDGER,EPSG:4326-compatible longitude/latitude; CRS not embedded in Parquet,NH,Northern Appalachians,Northern Appalachians,True,True,True,False,True,False,False,0,False,False,False,neither
562,-90.6697375678,47.7149499315,402628.50749623484,2758006.206804635,MULTI_HORIZON_CANDIDATE_LEDGER,EPSG:4326-compatible longitude/latitude; CRS not embedded in Parquet,MN,Upper Midwest,Upper Midwest,True,True,True,True,True,True,False,0,False,False,False,neither
56234,-92.7028547184,46.7269486234,252924.55900217537,2641849.808700395,MULTI_HORIZON_CANDIDATE_LEDGER,EPSG:4326-compatible longitude/latitude; CRS not embedded in Parquet,MN,Upper Midwest,Upper Midwest,True,True,True,True,True,True,False,0,False,True,False,direct_60_day_only
5649,-71.4235103713,42.7716086028,1977291.7902001136,2454291.9869995713,MULTI_HORIZON_CANDIDATE_LEDGER,EPSG:4326-compatible longitude/latitude; CRS not embedded in Parquet,NH,Northern Appalachians,Northern Appalachians,True,True,True,True,True,True,False,0,False,False,False,neither
5661,-71.2153575915,43.2159886477,1980858.4318994398,2506604.418797681,MULTI_HORIZON_CANDIDATE_LEDGER,EPSG:4326-compatible longitude/latitude; CRS not embedded in Parquet,NH,Northern Appalachians,Northern Appalachians,True,True,True,True,True,True,False,0,False,False,False,neither
56645,-93.222519532,45.2569464584,217841.22560021788,2477488.0336989397,MULTI_HORIZON_CANDIDATE_LEDGER,EPSG:4326-compatible longitude/latitude; CRS not embedded in Parquet,MN,Upper Midwest,Upper Midwest,True,True,True,True,True,True,False,0,False,False,False,neither
56670,-95.4446546215,45.5250970198,43388.173097485946,2504242.10010048,MULTI_HORIZON_CANDIDATE_LEDGER,EPSG:4326-compatible longitude/latitude; CRS not embedded in Parquet,MN,Upper Midwest,Upper Midwest,True,True,True,False,True,False,False,0,True,True,True,both
56673,-95.8059447951,46.1884351749,15010.872797303435,2577785.064102184,MULTI_HORIZON_CANDIDATE_LEDGER,EPSG:4326-compatible longitude/latitude; CRS not embedded in Parquet,MN,Upper Midwest,Upper Midwest,True,True,True,False,True,False,False,0,False,False,False,neither
56682,-93.1085407437,44.8536225211,228143.16860023641,2432900.3060989063,MULTI_HORIZON_CANDIDATE_LEDGER,EPSG:4326-compatible longitude/latitude; CRS not embedded in Parquet,MN,Upper Midwest,Upper Midwest,True,True,True,False,True,False,False,0,False,True,False,direct_60_day_only
567,-94.2658253352,46.55213293,133401.52439762437,2619311.963898736,MULTI_HORIZON_CANDIDATE_LEDGER,EPSG:4326-compatible longitude/latitude; CRS not embedded in Parquet,MN,Upper Midwest,Upper Midwest,True,True,True,True,True,True,False,0,False,False,False,neither
5698,-72.0758941859,42.9377517011,1921309.4747972933,2458873.3965970688,MULTI_HORIZON_CANDIDATE_LEDGER,EPSG:4326-compatible longitude/latitude; CRS not embedded in Parquet,NH,Northern Appalachians,Northern Appalachians,True,True,True,True,True,True,False,0,False,False,False,neither
5722,-91.0310923588,38.7469662135,427629.5809033532,1757731.102102206,MULTI_HORIZON_CANDIDATE_LEDGER,EPSG:4326-compatible longitude/latitude; CRS not embedded in Parquet,MO,Temporate Plains,Temperate Plains,True,True,True,False,True,False,False,0,True,False,False,multi_horizon_only
5723,-91.8289277275,40.1786421641,351975.5904984875,1914718.3755986085,MULTI_HORIZON_CANDIDATE_LEDGER,EPSG:4326-compatible longitude/latitude; CRS not embedded in Parquet,MO,Temporate Plains,Temperate Plains,True,True,True,True,True,True,False,0,True,False,False,multi_horizon_only
5724,-93.0245965566,40.4909313185,250023.61719799423,1945891.8263016753,MULTI_HORIZON_CANDIDATE_LEDGER,EPSG:4326-compatible longitude/latitude; CRS not embedded in Parquet,MO,Temporate Plains,Temperate Plains,True,True,True,False,True,False,False,0,True,False,False,multi_horizon_only
5725,-90.9792520307,38.6651598814,432571.0906023296,1748809.0380021846,MULTI_HORIZON_CANDIDATE_LEDGER,EPSG:4326-compatible longitude/latitude; CRS not embedded in Parquet,MO,Temporate Plains,Temperate Plains,True,True,True,True,True,True,False,0,True,True,True,both
5726,-90.5330139973,38.2292798403,473785.8114957865,1702154.948600972,MULTI_HORIZON_CANDIDATE_LEDGER,EPSG:4326-compatible longitude/latitude; CRS not embedded in Parquet,MO,Southern Appalachians,Southern Appalachians,True,True,True,True,True,True,False,0,False,False,False,neither
5728,-91.0713233838,38.7617560293,424084.43719998345,1759206.2996007605,MULTI_HORIZON_CANDIDATE_LEDGER,EPSG:4326-compatible longitude/latitude; CRS not embedded in Parquet,MO,Temporate Plains,Temperate Plains,True,True,True,True,True,True,False,0,True,False,False,multi_horizon_only
57287,-92.4042899172,47.1036807702,274239.62920247205,2684350.7770976685,MULTI_HORIZON_CANDIDATE_LEDGER,EPSG:4326-compatible longitude/latitude; CRS not embedded in Parquet,MN,Upper Midwest,Upper Midwest,True,True,True,True,True,True,False,0,False,False,False,neither
573,-90.508970031,48.0467881129,412644.86160279653,2795245.8846957525,MULTI_HORIZON_CANDIDATE_LEDGER,EPSG:4326-compatible longitude/latitude; CRS not embedded in Parquet,MN,Upper Midwest,Upper Midwest,True,True,True,True,True,True,False,0,False,False,False,neither
57306,-88.4284265263,45.4208875822,591853.5080007021,2516122.3614951856,MULTI_HORIZON_CANDIDATE_LEDGER,EPSG:4326-compatible longitude/latitude; CRS not embedded in Parquet,WI,Upper Midwest,Upper Midwest,True,True,True,True,True,True,False,0,False,False,False,neither
57328,-88.8266860378,45.578459146,559462.5706960557,2531170.0453034053,MULTI_HORIZON_CANDIDATE_LEDGER,EPSG:4326-compatible longitude/latitude; CRS not embedded in Parquet,WI,Upper Midwest,Upper Midwest,True,True,True,True,True,True,False,0,False,False,False,neither
574,-93.3426966708,43.6381124901,213460.49899830268,2296933.9514044644,MULTI_HORIZON_CANDIDATE_LEDGER,EPSG:4326-compatible longitude/latitude; CRS not embedded in Parquet,MN,Temporate Plains,Temperate Plains,True,True,True,False,True,False,False,0,True,True,True,both
5760,-72.0096762466,42.7914180566,1930597.8716004482,2444381.7832964165,MULTI_HORIZON_CANDIDATE_LEDGER,EPSG:4326-compatible longitude/latitude; CRS not embedded in Parquet,NH,Northern Appalachians,Northern Appalachians,True,True,True,True,True,True,False,0,False,False,False,neither
57622,-94.9282081161,46.9677634092,81931.40230206535,2664585.2732036784,MULTI_HORIZON_CANDIDATE_LEDGER,EPSG:4326-compatible longitude/latitude; CRS not embedded in Parquet,MN,Upper Midwest,Upper Midwest,True,True,True,True,True,True,False,0,False,False,False,neither
57633,-94.8151793658,47.6159192916,89677.94910325627,2736336.9858043846,MULTI_HORIZON_CANDIDATE_LEDGER,EPSG:4326-compatible longitude/latitude; CRS not embedded in Parquet,MN,Upper Midwest,Upper Midwest,True,True,True,True,True,True,False,0,False,False,False,neither
57638,-93.5070712625,45.1783162922,195758.27419902975,2468126.9250999177,MULTI_HORIZON_CANDIDATE_LEDGER,EPSG:4326-compatible longitude/latitude; CRS not embedded in Parquet,MN,Upper Midwest,Upper Midwest,True,True,True,True,True,True,True,2,True,True,True,both
57641,-93.5775460995,45.2280170473,190084.52949610126,2473509.9273005743,MULTI_HORIZON_CANDIDATE_LEDGER,EPSG:4326-compatible longitude/latitude; CRS not embedded in Parquet,MN,Upper Midwest,Upper Midwest,True,True,True,True,True,True,True,3,True,True,True,both
57670,-94.7747937249,46.9306669938,93711.24039629703,2660621.600997638,MULTI_HORIZON_CANDIDATE_LEDGER,EPSG:4326-compatible longitude/latitude; CRS not embedded in Parquet,MN,Upper Midwest,Upper Midwest,True,True,True,True,True,True,False,0,True,False,False,multi_horizon_only
57681,-93.0440961015,45.0999262062,232373.97550005207,2460453.143598769,MULTI_HORIZON_CANDIDATE_LEDGER,EPSG:4326-compatible longitude/latitude; CRS not embedded in Parquet,MN,Upper Midwest,Upper Midwest,True,True,True,True,True,True,True,3,True,True,True,both
57685,-93.6067501184,45.167567625,187962.74540163061,2466730.4828000283,MULTI_HORIZON_CANDIDATE_LEDGER,EPSG:4326-compatible longitude/latitude; CRS not embedded in Parquet,MN,Upper Midwest,Upper Midwest,True,True,True,False,True,False,False,0,False,False,False,neither
57709,-93.5893938051,44.8391901601,190252.38999695142,2430235.839195338,MULTI_HORIZON_CANDIDATE_LEDGER,EPSG:4326-compatible longitude/latitude; CRS not embedded in Parquet,MN,Upper Midwest,Upper Midwest,True,True,True,True,True,True,True,4,True,True,True,both
57855,-91.7692336715,40.4941335986,355436.6415022412,1950249.3226013444,MULTI_HORIZON_CANDIDATE_LEDGER,EPSG:4326-compatible longitude/latitude; CRS not embedded in Parquet,MO,Temporate Plains,Temperate Plains,True,True,True,True,True,True,False,0,False,False,False,neither
5790,-72.1165250496,43.4092011935,1905022.1880009696,2509049.962004535,MULTI_HORIZON_CANDIDATE_LEDGER,EPSG:4326-compatible longitude/latitude; CRS not embedded in Parquet,NH,Northern Appalachians,Northern Appalachians,True,True,True,True,True,True,False,0,False,False,False,neither
5817,-71.0216779328,42.908447835,2004906.636699046,2477484.4258039007,MULTI_HORIZON_CANDIDATE_LEDGER,EPSG:4326-compatible longitude/latitude; CRS not embedded in Parquet,NH,Northern Appalachians,Northern Appalachians,True,True,True,True,True,True,False,0,False,False,False,neither
584,-95.760624392,46.47548499,18436.387299406517,2609623.256498916,MULTI_HORIZON_CANDIDATE_LEDGER,EPSG:4326-compatible longitude/latitude; CRS not embedded in Parquet,MN,Upper Midwest,Upper Midwest,True,True,True,False,True,False,False,0,False,False,False,neither
5848,-71.9843586045,42.9763006775,1927426.947101212,2464897.2923017396,MULTI_HORIZON_CANDIDATE_LEDGER,EPSG:4326-compatible longitude/latitude; CRS not embedded in Parquet,NH,Northern Appalachians,Northern Appalachians,True,True,True,True,True,True,False,0,False,False,False,neither
58641,-94.553026062,47.0096147593,110539.14529686897,2669596.221197119,MULTI_HORIZON_CANDIDATE_LEDGER,EPSG:4326-compatible longitude/latitude; CRS not embedded in Parquet,MN,Upper Midwest,Upper Midwest,True,True,True,False,True,False,False,0,False,False,False,neither
587,-92.5228219718,48.3968686307,259982.20639732893,2826650.523201336,MULTI_HORIZON_CANDIDATE_LEDGER,EPSG:4326-compatible longitude/latitude; CRS not embedded in Parquet,MN,Upper Midwest,Upper Midwest,True,True,True,True,True,True,False,0,False,False,False,neither
58705,-93.5417531169,46.4623656696,189347.56630054064,2610594.9402022315,MULTI_HORIZON_CANDIDATE_LEDGER,EPSG:4326-compatible longitude/latitude; CRS not embedded in Parquet,MN,Upper Midwest,Upper Midwest,True,True,True,False,True,False,False,0,False,False,False,neither
58719,-95.2232028685,45.4724279457,60737.33249712582,2498509.8187998403,MULTI_HORIZON_CANDIDATE_LEDGER,EPSG:4326-compatible longitude/latitude; CRS not embedded in Parquet,MN,Upper Midwest,Upper Midwest,True,True,True,True,True,True,True,1,True,True,True,both
5874,-71.4798315468,43.400701415,1954932.1684000005,2521061.976996531,MULTI_HORIZON_CANDIDATE_LEDGER,EPSG:4326-compatible longitude/latitude; CRS not embedded in Parquet,NH,Northern Appalachians,Northern Appalachians,True,True,True,True,True,True,False,0,False,False,False,neither
58758,-92.9074428221,45.1234546694,243027.89709951228,2463411.130197161,MULTI_HORIZON_CANDIDATE_LEDGER,EPSG:4326-compatible longitude/latitude; CRS not embedded in Parquet,MN,Upper Midwest,Upper Midwest,True,True,True,True,True,True,True,2,True,True,True,both
58763,-92.8525211701,45.0475620764,247621.93290311747,2455113.986701519,MULTI_HORIZON_CANDIDATE_LEDGER,EPSG:4326-compatible longitude/latitude; CRS not embedded in Parquet,MN,Upper Midwest,Upper Midwest,True,True,True,False,True,False,False,0,False,False,False,neither
58773,-92.8048040507,45.2299200951,250692.66619972256,2475513.5403012196,MULTI_HORIZON_CANDIDATE_LEDGER,EPSG:4326-compatible longitude/latitude; CRS not embedded in Parquet,MN,Upper Midwest,Upper Midwest,True,True,True,True,True,True,True,1,True,True,True,both
588,-96.096396289,44.3622050869,-7662.591400972817,2374700.840698248,MULTI_HORIZON_CANDIDATE_LEDGER,EPSG:4326-compatible longitude/latitude; CRS not embedded in Parquet,MN,Temporate Plains,Temperate Plains,True,True,True,False,True,False,False,0,True,True,True,both
5889,-71.1734175584,42.8078733846,1995908.8025028892,2463436.3232980995,MULTI_HORIZON_CANDIDATE_LEDGER,EPSG:4326-compatible longitude/latitude; CRS not embedded in Parquet,NH,Northern Appalachians,Northern Appalachians,True,True,True,True,True,True,False,0,False,False,False,neither
590,-93.6217193734,46.7354090412,182432.41169813048,2640681.7040955527,MULTI_HORIZON_CANDIDATE_LEDGER,EPSG:4326-compatible longitude/latitude; CRS not embedded in Parquet,MN,Upper Midwest,Upper Midwest,True,True,True,False,True,False,False,0,False,False,False,neither
59009,-95.6372597012,47.5092858549,27501.068296556674,2724052.839201253,MULTI_HORIZON_CANDIDATE_LEDGER,EPSG:4326-compatible longitude/latitude; CRS not embedded in Parquet,MN,Upper Midwest,Upper Midwest,True,True,True,True,True,True,False,0,False,False,False,neither
5901,-72.2886127649,43.1186444112,1899594.4141016696,2474172.568096732,MULTI_HORIZON_CANDIDATE_LEDGER,EPSG:4326-compatible longitude/latitude; CRS not embedded in Parquet,NH,Northern Appalachians,Northern Appalachians,True,True,True,True,True,True,False,0,False,False,False,neither
594,-93.6688455332,45.376554697,182516.8148005695,2489842.708098027,MULTI_HORIZON_CANDIDATE_LEDGER,EPSG:4326-compatible longitude/latitude; CRS not embedded in Parquet,MN,Upper Midwest,Upper Midwest,True,True,True,False,True,False,False,0,True,False,False,multi_horizon_only
59579,-92.7071989168,46.6679644116,252817.77940088583,2635308.749196063,MULTI_HORIZON_CANDIDATE_LEDGER,EPSG:4326-compatible longitude/latitude; CRS not embedded in Parquet,MN,Upper Midwest,Upper Midwest,True,True,True,True,True,True,False,0,True,False,False,multi_horizon_only
596,-91.7902833182,47.9564063379,316869.52119885094,2780373.8592054388,MULTI_HORIZON_CANDIDATE_LEDGER,EPSG:4326-compatible longitude/latitude; CRS not embedded in Parquet,MN,Upper Midwest,Upper Midwest,True,True,True,False,True,False,False,0,False,False,False,neither
59708,-94.2669117226,46.4865849655,133450.43470121193,2612047.2245964976,MULTI_HORIZON_CANDIDATE_LEDGER,EPSG:4326-compatible longitude/latitude; CRS not embedded in Parquet,MN,Upper Midwest,Upper Midwest,True,True,True,True,True,True,False,0,False,False,False,neither
59714,-93.8879060164,45.0410936581,166197.6870032279,2452140.233094601,MULTI_HORIZON_CANDIDATE_LEDGER,EPSG:4326-compatible longitude/latitude; CRS not embedded in Parquet,MN,Upper Midwest,Upper Midwest,True,True,True,True,True,True,True,1,True,True,True,both
59748,-93.0416064962,45.0585633494,232712.8639007477,2455859.5472947117,MULTI_HORIZON_CANDIDATE_LEDGER,EPSG:4326-compatible longitude/latitude; CRS not embedded in Parquet,MN,Upper Midwest,Upper Midwest,True,True,True,True,True,True,True,1,False,False,False,neither
59770,-95.3350865699,46.1375634692,51472.56510164386,2572305.991294846,MULTI_HORIZON_CANDIDATE_LEDGER,EPSG:4326-compatible longitude/latitude; CRS not embedded in Parquet,MN,Upper Midwest,Upper Midwest,True,True,True,False,True,False,False,0,True,False,False,multi_horizon_only
59793,-93.5203836414,44.8514606953,195662.0277023071,2431741.4374015946,MULTI_HORIZON_CANDIDATE_LEDGER,EPSG:4326-compatible longitude/latitude; CRS not embedded in Parquet,MN,Upper Midwest,Upper Midwest,True,True,True,True,True,True,False,0,True,True,True,both
59799,-93.1083543654,45.3513997051,226473.10269935444,2488253.1067016916,MULTI_HORIZON_CANDIDATE_LEDGER,EPSG:4326-compatible longitude/latitude; CRS not embedded in Parquet,MN,Upper Midwest,Upper Midwest,True,True,True,True,True,True,False,0,True,False,False,multi_horizon_only
598,-94.3510670288,46.4463182331,127048.45459753757,2607469.2767039696,MULTI_HORIZON_CANDIDATE_LEDGER,EPSG:4326-compatible longitude/latitude; CRS not embedded in Parquet,MN,Upper Midwest,Upper Midwest,True,True,True,False,True,False,False,0,False,False,False,neither
59814,-92.8535799518,45.1826822624,247041.07410359746,2470134.7921000095,MULTI_HORIZON_CANDIDATE_LEDGER,EPSG:4326-compatible longitude/latitude; CRS not embedded in Parquet,MN,Upper Midwest,Upper Midwest,True,True,True,False,True,False,False,0,False,False,False,neither
6008,-72.0564567519,42.8504770314,1925268.1787022504,2449823.2968994807,MULTI_HORIZON_CANDIDATE_LEDGER,EPSG:4326-compatible longitude/latitude; CRS not embedded in Parquet,NH,Northern Appalachians,Northern Appalachians,True,True,True,False,True,False,False,0,False,False,False,neither
60086,-94.7775447491,40.3529971381,102935.81080024043,1927188.1138046551,MULTI_HORIZON_CANDIDATE_LEDGER,EPSG:4326-compatible longitude/latitude; CRS not embedded in Parquet,MO,Temporate Plains,Temperate Plains,True,True,True,True,True,True,False,0,True,False,False,multi_horizon_only
60359,-92.5942384121,46.7979219013,260971.40690123834,2649998.4086012254,MULTI_HORIZON_CANDIDATE_LEDGER,EPSG:4326-compatible longitude/latitude; CRS not embedded in Parquet,MN,Upper Midwest,Upper Midwest,True,True,True,False,True,False,False,0,False,False,False,neither
6058,-91.7567462611,39.4881951578,361515.9353023709,1837697.5680019492,MULTI_HORIZON_CANDIDATE_LEDGER,EPSG:4326-compatible longitude/latitude; CRS not embedded in Parquet,MO,Temporate Plains,Temperate Plains,True,True,True,False,True,False,False,0,False,False,False,neither
6059,-94.4718818618,38.9102416428,131271.5158985138,1765905.1577953557,MULTI_HORIZON_CANDIDATE_LEDGER,EPSG:4326-compatible longitude/latitude; CRS not embedded in Parquet,MO,Temporate Plains,Temperate Plains,True,True,True,False,True,False,False,0,False,False,False,neither
6060,-94.3066135506,38.9870054953,145313.99710395798,1774748.3597047422,MULTI_HORIZON_CANDIDATE_LEDGER,EPSG:4326-compatible longitude/latitude; CRS not embedded in Parquet,MO,Temporate Plains,Temperate Plains,True,True,True,True,True,True,False,0,False,False,False,neither
6061,-94.3859314797,39.795359564,136969.59439630757,1865210.4204956274,MULTI_HORIZON_CANDIDATE_LEDGER,EPSG:4326-compatible longitude/latitude; CRS not embedded in Parquet,MO,Temporate Plains,Temperate Plains,True,True,True,False,True,False,False,0,True,False,False,multi_horizon_only
6062,-94.2664330453,39.7704659853,147160.00880376992,1862599.9803969925,MULTI_HORIZON_CANDIDATE_LEDGER,EPSG:4326-compatible longitude/latitude; CRS not embedded in Parquet,MO,Temporate Plains,Temperate Plains,True,True,True,True,True,True,False,0,True,True,True,both
6063,-94.0362559844,39.7445818452,166756.722597808,1860080.151699069,MULTI_HORIZON_CANDIDATE_LEDGER,EPSG:4326-compatible longitude/latitude; CRS not embedded in Parquet,MO,Temporate Plains,Temperate Plains,True,True,True,True,True,True,False,0,True,True,True,both
6065,-92.6438393415,40.1771909159,283247.146196472,1911832.3683961928,MULTI_HORIZON_CANDIDATE_LEDGER,EPSG:4326-compatible longitude/latitude; CRS not embedded in Parquet,MO,Temporate Plains,Temperate Plains,True,True,True,False,True,False,False,0,False,False,False,neither
6066,-92.6212880591,40.2866023055,284713.88360137545,1924149.7530031744,MULTI_HORIZON_CANDIDATE_LEDGER,EPSG:4326-compatible longitude/latitude; CRS not embedded in Parquet,MO,Temporate Plains,Temperate Plains,True,True,True,False,True,False,False,0,True,False,False,multi_horizon_only
6067,-92.9650194213,38.167103267,263343.6689013449,1685759.7729973458,MULTI_HORIZON_CANDIDATE_LEDGER,EPSG:4326-compatible longitude/latitude; CRS not embedded in Parquet,MO,Southern Appalachians,Southern Appalachians,True,True,True,False,True,False,False,0,False,False,False,neither
6068,-93.4561555679,38.1685839277,220734.7636983059,1684674.7888033586,MULTI_HORIZON_CANDIDATE_LEDGER,EPSG:4326-compatible longitude/latitude; CRS not embedded in Parquet,MO,Southern Appalachians,Southern Appalachians,True,True,True,False,True,False,False,0,False,False,False,neither
60687,-93.6821739573,44.8404237456,182928.02969703672,2430190.9520989535,MULTI_HORIZON_CANDIDATE_LEDGER,EPSG:4326-compatible longitude/latitude; CRS not embedded in Parquet,MN,Upper Midwest,Upper Midwest,True,True,True,True,True,True,True,1,True,True,True,both
60697,-93.082686435,45.1142864042,229292.17909653115,2461956.2153987065,MULTI_HORIZON_CANDIDATE_LEDGER,EPSG:4326-compatible longitude/latitude; CRS not embedded in Parquet,MN,Upper Midwest,Upper Midwest,True,True,True,True,True,True,False,0,False,False,False,neither
6070,-93.2538504493,37.1115925727,241707.13160448123,1566752.8282957207,MULTI_HORIZON_CANDIDATE_LEDGER,EPSG:4326-compatible longitude/latitude; CRS not embedded in Parquet,MO,Southern Appalachians,Southern Appalachians,True,True,True,True,True,True,False,0,False,False,False,neither
6071,-92.4564566973,39.4769697927,301979.3952030888,1833997.9904987747,MULTI_HORIZON_CANDIDATE_LEDGER,EPSG:4326-compatible longitude/latitude; CRS not embedded in Parquet,MO,Temporate Plains,Temperate Plains,True,True,True,False,True,False,False,0,True,False,False,multi_horizon_only
60740,-93.6743761253,44.841360653,183540.77739997025,2430310.2517023496,MULTI_HORIZON_CANDIDATE_LEDGER,EPSG:4326-compatible longitude/latitude; CRS not embedded in Parquet,MN,Upper Midwest,Upper Midwest,True,True,True,True,True,True,True,2,True,True,True,both
60742,-93.8206656416,44.9286159048,171774.83700348242,2439746.239200689,MULTI_HORIZON_CANDIDATE_LEDGER,EPSG:4326-compatible longitude/latitude; CRS not embedded in Parquet,MN,Upper Midwest,Upper Midwest,True,True,True,True,True,True,True,4,True,True,True,both
6075,-93.2177901632,37.3128264443,244220.05460317704,1589385.5218947912,MULTI_HORIZON_CANDIDATE_LEDGER,EPSG:4326-compatible longitude/latitude; CRS not embedded in Parquet,MO,Southern Appalachians,Southern Appalachians,True,True,True,True,True,True,False,0,False,False,False,neither
60753,-94.8790650123,46.8269892029,85871.69909617257,2649046.558401798,MULTI_HORIZON_CANDIDATE_LEDGER,EPSG:4326-compatible longitude/latitude; CRS not embedded in Parquet,MN,Upper Midwest,Upper Midwest,True,True,True,True,True,True,False,0,False,False,False,neither
6076,-93.2856802855,37.8720582572,236472.50339629102,1651862.1347948462,MULTI_HORIZON_CANDIDATE_LEDGER,EPSG:4326-compatible longitude/latitude; CRS not embedded in Parquet,MO,Southern Appalachians,Southern Appalachians,True,True,True,False,True,False,False,0,False,False,False,neither
609,-90.1726659024,47.8702791109,439079.9549037043,2777319.9518010756,MULTI_HORIZON_CANDIDATE_LEDGER,EPSG:4326-compatible longitude/latitude; CRS not embedded in Parquet,MN,Upper Midwest,Upper Midwest,True,True,True,True,True,True,False,0,False,False,False,neither
6090,-71.4214232277,42.9952114196,1971066.2924012865,2478487.731797233,MULTI_HORIZON_CANDIDATE_LEDGER,EPSG:4326-compatible longitude/latitude; CRS not embedded in Parquet,NH,Northern Appalachians,Northern Appalachians,True,True,True,True,True,True,False,0,False,False,False,neither
610,-92.9879766133,45.0268603075,237041.87579658625,2452466.3371961433,MULTI_HORIZON_CANDIDATE_LEDGER,EPSG:4326-compatible longitude/latitude; CRS not embedded in Parquet,MN,Upper Midwest,Upper Midwest,True,True,True,True,True,True,False,0,True,True,True,both
61072,-92.0883693449,47.8146876823,295088.7965979003,2763793.7718970403,MULTI_HORIZON_CANDIDATE_LEDGER,EPSG:4326-compatible longitude/latitude; CRS not embedded in Parquet,MN,Upper Midwest,Upper Midwest,True,True,True,False,True,False,False,0,False,False,False,neither
6133,-72.1114361232,43.2305256174,1910381.6383034207,2489829.2537988042,MULTI_HORIZON_CANDIDATE_LEDGER,EPSG:4326-compatible longitude/latitude; CRS not embedded in Parquet,NH,Northern Appalachians,Northern Appalachians,True,True,True,False,True,False,False,0,False,False,False,neither
61342,-75.6781936594,39.4850904069,1718853.342199868,2013759.8761952203,MULTI_HORIZON_CANDIDATE_LEDGER,EPSG:4326-compatible longitude/latitude; CRS not embedded in Parquet,DE,Coastal Plains,Coastal Plains,True,True,True,True,True,True,True,1,True,True,True,both
6138,-71.454165033,43.0155258553,1967919.6303974856,2480003.126794775,MULTI_HORIZON_CANDIDATE_LEDGER,EPSG:4326-compatible longitude/latitude; CRS not embedded in Parquet,NH,Northern Appalachians,Northern Appalachians,True,True,True,True,True,True,False,0,False,False,False,neither
614,-93.9026635299,46.6839389139,161011.37399648092,2634474.713100482,MULTI_HORIZON_CANDIDATE_LEDGER,EPSG:4326-compatible longitude/latitude; CRS not embedded in Parquet,MN,Upper Midwest,Upper Midwest,True,True,True,False,True,False,False,0,False,False,False,neither
61403,-86.5382232482,46.4805366611,727475.0667025247,2646404.6563975895,MULTI_HORIZON_CANDIDATE_LEDGER,EPSG:4326-compatible longitude/latitude; CRS not embedded in Parquet,MI,Upper Midwest,Upper Midwest,True,True,True,True,True,True,False,0,False,True,False,direct_60_day_only
61409,-86.3133922946,46.587763061,743493.0209979936,2659967.3780988324,MULTI_HORIZON_CANDIDATE_LEDGER,EPSG:4326-compatible longitude/latitude; CRS not embedded in Parquet,MI,Upper Midwest,Upper Midwest,True,True,True,True,True,True,False,0,False,False,False,neither
6169,-72.2619951441,42.9014179052,1907680.840402149,2451191.8832062306,MULTI_HORIZON_CANDIDATE_LEDGER,EPSG:4326-compatible longitude/latitude; CRS not embedded in Parquet,NH,Northern Appalachians,Northern Appalachians,True,True,True,True,True,True,False,0,False,False,False,neither
6172,-71.7547599439,43.2512174977,1937705.2670996503,2499287.4550974984,MULTI_HORIZON_CANDIDATE_LEDGER,EPSG:4326-compatible longitude/latitude; CRS not embedded in Parquet,NH,Northern Appalachians,Northern Appalachians,True,True,True,True,True,True,False,0,False,False,False,neither
6173,-71.4482803147,42.9354864866,1970665.3229028175,2471480.155395259,MULTI_HORIZON_CANDIDATE_LEDGER,EPSG:4326-compatible longitude/latitude; CRS not embedded in Parquet,NH,Northern Appalachians,Northern Appalachians,True,True,True,True,True,True,False,0,False,False,False,neither
6176,-92.8408318934,38.0503869289,274550.26789622154,1673036.1090036714,MULTI_HORIZON_CANDIDATE_LEDGER,EPSG:4326-compatible longitude/latitude; CRS not embedded in Parquet,MO,Southern Appalachians,Southern Appalachians,True,True,True,False,True,False,False,0,False,False,False,neither
6179,-91.0357310386,38.7576977728,427167.9293001218,1758911.4514985308,MULTI_HORIZON_CANDIDATE_LEDGER,EPSG:4326-compatible longitude/latitude; CRS not embedded in Parquet,MO,Temporate Plains,Temperate Plains,True,True,True,False,True,False,False,0,True,True,True,both
6181,-91.1515002346,39.3384360268,413895.5408998827,1823402.1166013004,MULTI_HORIZON_CANDIDATE_LEDGER,EPSG:4326-compatible longitude/latitude; CRS not embedded in Parquet,MO,Temporate Plains,Temperate Plains,True,True,True,True,True,True,False,0,False,False,False,neither
6186,-90.7935921426,38.7985020602,447732.81739693554,1764593.0705033764,MULTI_HORIZON_CANDIDATE_LEDGER,EPSG:4326-compatible longitude/latitude; CRS not embedded in Parquet,MO,Temporate Plains,Temperate Plains,True,True,True,True,True,True,False,0,False,False,False,neither
6187,-94.696953167,39.2355932274,111438.31590395058,1802079.379203056,MULTI_HORIZON_CANDIDATE_LEDGER,EPSG:4326-compatible longitude/latitude; CRS not embedded in Parquet,MO,Temporate Plains,Temperate Plains,True,True,True,True,True,True,False,0,True,True,True,both
6188,-94.6356249762,39.2305497896,116690.94789970576,1801587.7903043171,MULTI_HORIZON_CANDIDATE_LEDGER,EPSG:4326-compatible longitude/latitude; CRS not embedded in Parquet,MO,Temporate Plains,Temperate Plains,True,True,True,False,True,False,False,0,False,False,False,neither
6189,-94.3264310212,38.9401428739,143706.07769757695,1769466.549195555,MULTI_HORIZON_CANDIDATE_LEDGER,EPSG:4326-compatible longitude/latitude; CRS not embedded in Parquet,MO,Temporate Plains,Temperate Plains,True,True,True,True,True,True,False,0,False,False,False,neither
6190,-92.5163429497,39.7642647665,295698.2829960261,1865983.1739040278,MULTI_HORIZON_CANDIDATE_LEDGER,EPSG:4326-compatible longitude/latitude; CRS not embedded in Parquet,MO,Temporate Plains,Temperate Plains,True,True,True,False,True,False,False,0,True,False,False,multi_horizon_only
6191,-92.1216125104,38.90766635,333102.79400188284,1771359.1251991335,MULTI_HORIZON_CANDIDATE_LEDGER,EPSG:4326-compatible longitude/latitude; CRS not embedded in Parquet,MO,Temporate Plains,Temperate Plains,True,True,True,True,True,True,False,0,True,False,False,multi_horizon_only
6192,-93.243681344,38.5634264516,237883.20850338275,1729426.7335016,MULTI_HORIZON_CANDIDATE_LEDGER,EPSG:4326-compatible longitude/latitude; CRS not embedded in Parquet,MO,Temporate Plains,Temperate Plains,True,True,True,False,True,False,False,0,True,True,True,both
6199,-94.4977945804,39.4143086817,128152.70540354091,1822357.7244009655,MULTI_HORIZON_CANDIDATE_LEDGER,EPSG:4326-compatible longitude/latitude; CRS not embedded in Parquet,MO,Temporate Plains,Temperate Plains,True,True,True,False,True,False,False,0,True,False,False,multi_horizon_only
62,-95.6644037771,45.5144645898,26223.81949942065,2502979.9841995593,MULTI_HORIZON_CANDIDATE_LEDGER,EPSG:4326-compatible longitude/latitude; CRS not embedded in Parquet,MN,Temporate Plains,Temperate Plains,True,True,True,True,True,True,True,1,True,True,True,both
6201,-94.2556718077,37.4817480142,152781.50009647312,1606142.9531969633,MULTI_HORIZON_CANDIDATE_LEDGER,EPSG:4326-compatible longitude/latitude; CRS not embedded in Parquet,MO,Temporate Plains,Temperate Plains,True,True,True,False,True,False,False,0,True,True,True,both
6203,-91.0714607457,38.7683972483,424034.04120062286,1759949.0701987343,MULTI_HORIZON_CANDIDATE_LEDGER,EPSG:4326-compatible longitude/latitude; CRS not embedded in Parquet,MO,Temporate Plains,Temperate Plains,True,True,True,False,True,False,False,0,True,False,False,multi_horizon_only
6204,-92.2065810927,38.7566108584,326484.67529920663,1754147.0296032522,MULTI_HORIZON_CANDIDATE_LEDGER,EPSG:4326-compatible longitude/latitude; CRS not embedded in Parquet,MO,Temporate Plains,Temperate Plains,True,True,True,True,True,True,False,0,True,True,True,both
6206,-92.4662069452,39.4167127208,301399.91979784745,1827218.6606042525,MULTI_HORIZON_CANDIDATE_LEDGER,EPSG:4326-compatible longitude/latitude; CRS not embedded in Parquet,MO,Temporate Plains,Temperate Plains,True,True,True,True,True,True,False,0,True,True,True,both
6207,-94.3426134038,38.7673971512,142654.32959862106,1750083.0268954085,MULTI_HORIZON_CANDIDATE_LEDGER,EPSG:4326-compatible longitude/latitude; CRS not embedded in Parquet,MO,Temporate Plains,Temperate Plains,True,True,True,False,True,False,False,0,True,False,False,multi_horizon_only
6208,-93.7871170705,37.4574136536,193877.94390226036,1604271.0022005923,MULTI_HORIZON_CANDIDATE_LEDGER,EPSG:4326-compatible longitude/latitude; CRS not embedded in Parquet,MO,Southern Appalachians,Southern Appalachians,True,True,True,False,True,False,False,0,False,False,False,neither
6209,-90.9877827851,38.6751996001,431777.46759761585,1749893.9903943352,MULTI_HORIZON_CANDIDATE_LEDGER,EPSG:4326-compatible longitude/latitude; CRS not embedded in Parquet,MO,Temporate Plains,Temperate Plains,True,True,True,True,True,True,True,1,True,True,True,both
6210,-90.9774090818,38.6738089899,432678.512903574,1749785.520796014,MULTI_HORIZON_CANDIDATE_LEDGER,EPSG:4326-compatible longitude/latitude; CRS not embedded in Parquet,MO,Temporate Plains,Temperate Plains,True,True,True,True,True,True,False,0,True,True,True,both
6211,-90.9723279418,38.6729453223,433120.9459999279,1749711.996705438,MULTI_HORIZON_CANDIDATE_LEDGER,EPSG:4326-compatible longitude/latitude; CRS not embedded in Parquet,MO,Temporate Plains,Temperate Plains,True,True,True,True,True,True,False,0,True,True,True,both
6212,-91.0593417353,38.7782249603,425018.5373982786,1761103.266096267,MULTI_HORIZON_CANDIDATE_LEDGER,EPSG:4326-compatible longitude/latitude; CRS not embedded in Parquet,MO,Temporate Plains,Temperate Plains,True,True,True,False,True,False,False,0,True,False,False,multi_horizon_only
6213,-90.5940276703,38.3130494404,467970.08740273595,1711226.6688948078,MULTI_HORIZON_CANDIDATE_LEDGER,EPSG:4326-compatible longitude/latitude; CRS not embedded in Parquet,MO,Southern Appalachians,Southern Appalachians,True,True,True,True,True,True,False,0,False,False,False,neither
6214,-93.5443033597,36.6474921729,217491.96480350764,1514071.556395501,MULTI_HORIZON_CANDIDATE_LEDGER,EPSG:4326-compatible longitude/latitude; CRS not embedded in Parquet,MO,Southern Appalachians,Southern Appalachians,True,True,True,False,True,False,False,0,False,False,False,neither
6215,-91.0570082904,38.7710790566,425260.7315977485,1760313.83609692,MULTI_HORIZON_CANDIDATE_LEDGER,EPSG:4326-compatible longitude/latitude; CRS not embedded in Parquet,MO,Temporate Plains,Temperate Plains,True,True,True,True,True,True,False,0,True,True,True,both
6217,-92.2079082656,39.1924511702,324421.7741019996,1802953.641902782,MULTI_HORIZON_CANDIDATE_LEDGER,EPSG:4326-compatible longitude/latitude; CRS not embedded in Parquet,MO,Temporate Plains,Temperate Plains,True,True,True,True,True,True,False,0,True,False,False,multi_horizon_only
6218,-94.3580502347,38.6898498205,141475.9548964881,1741369.303803091,MULTI_HORIZON_CANDIDATE_LEDGER,EPSG:4326-compatible longitude/latitude; CRS not embedded in Parquet,MO,Temporate Plains,Temperate Plains,True,True,True,False,True,False,False,0,True,False,False,multi_horizon_only
6219,-92.4623500409,39.4222565246,301705.6033026895,1827851.7726946827,MULTI_HORIZON_CANDIDATE_LEDGER,EPSG:4326-compatible longitude/latitude; CRS not embedded in Parquet,MO,Temporate Plains,Temperate Plains,True,True,True,False,True,False,False,0,True,False,False,multi_horizon_only
6220,-92.305071314,38.5969813621,318707.8202026626,1735934.3218005104,MULTI_HORIZON_CANDIDATE_LEDGER,EPSG:4326-compatible longitude/latitude; CRS not embedded in Parquet,MO,Temporate Plains,Temperate Plains,True,True,True,False,True,False,False,0,True,False,False,multi_horizon_only
6221,-94.2584076538,38.9334442727,149560.22790144503,1768820.8265038114,MULTI_HORIZON_CANDIDATE_LEDGER,EPSG:4326-compatible longitude/latitude; CRS not embedded in Parquet,MO,Temporate Plains,Temperate Plains,True,True,True,False,True,False,False,0,False,False,False,neither
6226,-91.0796584908,38.7562262736,423399.96650278114,1758550.1604953017,MULTI_HORIZON_CANDIDATE_LEDGER,EPSG:4326-compatible longitude/latitude; CRS not embedded in Parquet,MO,Temporate Plains,Temperate Plains,True,True,True,True,True,True,False,0,True,True,True,both
6227,-93.1681025517,36.6936236315,250647.4881000149,1520164.3046038132,MULTI_HORIZON_CANDIDATE_LEDGER,EPSG:4326-compatible longitude/latitude; CRS not embedded in Parquet,MO,Southern Appalachians,Southern Appalachians,True,True,True,True,True,True,False,0,False,False,False,neither
6228,-91.0500357578,38.7672815465,425882.21820242464,1759919.9907993805,MULTI_HORIZON_CANDIDATE_LEDGER,EPSG:4326-compatible longitude/latitude; CRS not embedded in Parquet,MO,Temporate Plains,Temperate Plains,True,True,True,True,True,True,False,0,True,False,False,multi_horizon_only
62783,-94.1075011957,46.5575647353,145567.0929020628,2620146.154700487,MULTI_HORIZON_CANDIDATE_LEDGER,EPSG:4326-compatible longitude/latitude; CRS not embedded in Parquet,MN,Upper Midwest,Upper Midwest,True,True,True,True,True,True,False,0,True,False,False,multi_horizon_only
6285,-71.1911692797,42.9150536173,1991423.3314973852,2474633.5655005937,MULTI_HORIZON_CANDIDATE_LEDGER,EPSG:4326-compatible longitude/latitude; CRS not embedded in Parquet,NH,Northern Appalachians,Northern Appalachians,True,True,True,True,True,True,False,0,False,False,False,neither
62854,-93.155992426,44.8714362325,224340.91000248256,2434769.344502515,MULTI_HORIZON_CANDIDATE_LEDGER,EPSG:4326-compatible longitude/latitude; CRS not embedded in Parquet,MN,Upper Midwest,Upper Midwest,True,True,True,True,True,True,False,0,True,False,False,multi_horizon_only
62864,-93.2658616495,44.741216151,216093.67849793882,2420023.875905226,MULTI_HORIZON_CANDIDATE_LEDGER,EPSG:4326-compatible longitude/latitude; CRS not embedded in Parquet,MN,Upper Midwest,Upper Midwest,True,True,True,True,True,True,False,0,False,False,False,neither
6298,-94.3107671308,39.0182109981,144895.43800165347,1778239.0469044372,MULTI_HORIZON_CANDIDATE_LEDGER,EPSG:4326-compatible longitude/latitude; CRS not embedded in Parquet,MO,Temporate Plains,Temperate Plains,True,True,True,True,True,True,False,0,False,False,False,neither
6299,-90.7778545061,37.143404487,459273.09780255874,1579446.8765049465,MULTI_HORIZON_CANDIDATE_LEDGER,EPSG:4326-compatible longitude/latitude; CRS not embedded in Parquet,MO,Southern Appalachians,Southern Appalachians,True,True,True,True,True,True,False,0,False,False,False,neither
6300,-94.3010284197,39.774828011,144214.83510148103,1863035.6648004316,MULTI_HORIZON_CANDIDATE_LEDGER,EPSG:4326-compatible longitude/latitude; CRS not embedded in Parquet,MO,Temporate Plains,Temperate Plains,True,True,True,False,True,False,False,0,True,True,True,both
6301,-93.406130906,36.5564437542,230004.79300332587,1504200.633003015,MULTI_HORIZON_CANDIDATE_LEDGER,EPSG:4326-compatible longitude/latitude; CRS not embedded in Parquet,MO,Southern Appalachians,Southern Appalachians,True,True,True,False,True,False,False,0,False,False,False,neither
6302,-92.8113945813,36.4748555266,283030.18920328224,1496670.5677959956,MULTI_HORIZON_CANDIDATE_LEDGER,EPSG:4326-compatible longitude/latitude; CRS not embedded in Parquet,AR,Southern Appalachians,Southern Appalachians,True,True,True,False,True,False,False,0,False,False,False,neither
6303,-90.4090968632,37.0123278721,492531.6961003162,1566629.757098605,MULTI_HORIZON_CANDIDATE_LEDGER,EPSG:4326-compatible longitude/latitude; CRS not embedded in Parquet,MO,Southern Appalachians,Southern Appalachians,True,True,True,False,True,False,False,0,False,False,False,neither
6304,-94.3329195146,39.0084967941,143014.59259774134,1777116.8724977644,MULTI_HORIZON_CANDIDATE_LEDGER,EPSG:4326-compatible longitude/latitude; CRS not embedded in Parquet,MO,Temporate Plains,Temperate Plains,True,True,True,True,True,True,False,0,False,False,False,neither
63080,-89.8429410075,37.2840400972,540369.4817026907,1600095.4711033758,MULTI_HORIZON_CANDIDATE_LEDGER,EPSG:4326-compatible longitude/latitude; CRS not embedded in Parquet,MO,Southern Appalachians,Southern Appalachians,True,True,True,False,True,False,False,0,False,False,False,neither
6310,-91.1622208981,39.3406934567,412968.28189959534,1823608.1487008445,MULTI_HORIZON_CANDIDATE_LEDGER,EPSG:4326-compatible longitude/latitude; CRS not embedded in Parquet,MO,Temporate Plains,Temperate Plains,True,True,True,False,True,False,False,0,True,False,False,multi_horizon_only
63125,-95.7904567389,46.551700506,16120.119296652872,2618064.6213049237,MULTI_HORIZON_CANDIDATE_LEDGER,EPSG:4326-compatible longitude/latitude; CRS not embedded in Parquet,MN,Upper Midwest,Upper Midwest,True,True,True,False,True,False,False,0,True,True,True,both
6324,-71.9759916492,43.5871998409,1911023.2504974618,2531111.8032011027,MULTI_HORIZON_CANDIDATE_LEDGER,EPSG:4326-compatible longitude/latitude; CRS not embedded in Parquet,NH,Northern Appalachians,Northern Appalachians,True,True,True,False,True,False,False,0,False,False,False,neither
637,-93.6405722829,47.3833004977,179207.07949883456,2712304.44599906,MULTI_HORIZON_CANDIDATE_LEDGER,EPSG:4326-compatible longitude/latitude; CRS not embedded in Parquet,MN,Upper Midwest,Upper Midwest,True,True,True,False,True,False,False,0,False,False,False,neither
6389,-85.9249152271,44.2579266295,800604.2698027554,2405553.8046056917,MULTI_HORIZON_CANDIDATE_LEDGER,EPSG:4326-compatible longitude/latitude; CRS not embedded in Parquet,MI,Upper Midwest,Upper Midwest,True,True,True,True,True,True,False,0,False,False,False,neither
63895,-92.9492875837,45.0794542246,239897.78699971907,2458412.2593032233,MULTI_HORIZON_CANDIDATE_LEDGER,EPSG:4326-compatible longitude/latitude; CRS not embedded in Parquet,MN,Upper Midwest,Upper Midwest,True,True,True,False,True,False,False,0,False,False,False,neither
63910,-93.0626943705,44.9940167067,231276.5347031567,2448629.3418969885,MULTI_HORIZON_CANDIDATE_LEDGER,EPSG:4326-compatible longitude/latitude; CRS not embedded in Parquet,MN,Upper Midwest,Upper Midwest,True,True,True,True,True,True,False,0,False,False,False,neither
64,-93.4848337679,44.0871122202,200720.02959771955,2346689.546802696,MULTI_HORIZON_CANDIDATE_LEDGER,EPSG:4326-compatible longitude/latitude; CRS not embedded in Parquet,MN,Temporate Plains,Temperate Plains,True,True,True,False,True,False,False,0,True,False,False,multi_horizon_only
6453,-89.2802373905,37.6373698639,586878.2815034677,1642939.2244008938,MULTI_HORIZON_CANDIDATE_LEDGER,EPSG:4326-compatible longitude/latitude; CRS not embedded in Parquet,IL,Southern Appalachians,Southern Appalachians,True,True,True,False,True,False,False,0,False,False,False,neither
6455,-88.3881047735,37.6877577596,664184.9769008376,1654442.7405038932,MULTI_HORIZON_CANDIDATE_LEDGER,EPSG:4326-compatible longitude/latitude; CRS not embedded in Parquet,IL,Southern Appalachians,Southern Appalachians,True,True,True,False,True,False,False,0,False,False,False,neither
6456,-88.9192572936,37.5948988587,618702.3498014895,1640481.5560024502,MULTI_HORIZON_CANDIDATE_LEDGER,EPSG:4326-compatible longitude/latitude; CRS not embedded in Parquet,IL,Southern Appalachians,Southern Appalachians,True,True,True,False,True,False,False,0,False,False,False,neither
6457,-89.9359040252,38.9216380322,520517.8570966863,1782739.9068957558,MULTI_HORIZON_CANDIDATE_LEDGER,EPSG:4326-compatible longitude/latitude; CRS not embedded in Parquet,IL,Temporate Plains,Temperate Plains,True,True,True,False,True,False,False,0,True,False,False,multi_horizon_only
6462,-89.6756851497,38.8114983267,543642.6366999152,1771878.1096959412,MULTI_HORIZON_CANDIDATE_LEDGER,EPSG:4326-compatible longitude/latitude; CRS not embedded in Parquet,IL,Temporate Plains,Temperate Plains,True,True,True,True,True,True,True,2,True,True,True,both
6465,-87.9884597514,40.0652577259,676539.1964974143,1922823.2403008519,MULTI_HORIZON_CANDIDATE_LEDGER,EPSG:4326-compatible longitude/latitude; CRS not embedded in Parquet,IL,Temporate Plains,Temperate Plains,True,True,True,False,True,False,False,0,True,True,True,both
6471,-88.9626719804,38.1097162245,610646.9272956323,1697742.0619019317,MULTI_HORIZON_CANDIDATE_LEDGER,EPSG:4326-compatible longitude/latitude; CRS not embedded in Parquet,IL,Temporate Plains,Temperate Plains,True,True,True,False,True,False,False,0,True,False,False,multi_horizon_only
6473,-88.1333588945,42.3745861213,642956.3954989052,2179431.420595276,MULTI_HORIZON_CANDIDATE_LEDGER,EPSG:4326-compatible longitude/latitude; CRS not embedded in Parquet,IL,Temporate Plains,Temperate Plains,True,True,True,True,True,True,False,0,True,True,True,both
6482,-76.5074711902,42.8176997675,1573736.0300980592,2364299.6628952837,MULTI_HORIZON_CANDIDATE_LEDGER,EPSG:4326-compatible longitude/latitude; CRS not embedded in Parquet,NY,Northern Appalachians,Northern Appalachians,True,True,True,False,True,False,False,0,False,False,False,neither
6490,-76.9476555346,42.7500897268,1540185.1758002418,2349687.5534029827,MULTI_HORIZON_CANDIDATE_LEDGER,EPSG:4326-compatible longitude/latitude; CRS not embedded in Parquet,NY,Northern Appalachians,Northern Appalachians,True,True,True,False,True,False,False,0,False,False,False,neither
64909,-95.3681192972,47.1164799661,48194.36259767353,2680738.110394676,MULTI_HORIZON_CANDIDATE_LEDGER,EPSG:4326-compatible longitude/latitude; CRS not embedded in Parquet,MN,Upper Midwest,Upper Midwest,True,True,True,True,True,True,False,0,False,False,False,neither
64935,-94.2042261109,46.5171385529,138212.77279862555,2615522.5506957425,MULTI_HORIZON_CANDIDATE_LEDGER,EPSG:4326-compatible longitude/latitude; CRS not embedded in Parquet,MN,Upper Midwest,Upper Midwest,True,True,True,False,True,False,False,0,True,True,True,both
64981,-95.4211434146,45.7398448995,45079.712903177126,2528111.8181971675,MULTI_HORIZON_CANDIDATE_LEDGER,EPSG:4326-compatible longitude/latitude; CRS not embedded in Parquet,MN,Upper Midwest,Upper Midwest,True,True,True,False,True,False,False,0,True,False,False,multi_horizon_only
6520,-88.3205219154,42.1827443125,629424.5649998185,2156797.618096268,MULTI_HORIZON_CANDIDATE_LEDGER,EPSG:4326-compatible longitude/latitude; CRS not embedded in Parquet,IL,Temporate Plains,Temperate Plains,True,True,True,True,True,True,False,0,False,False,False,neither
65247,-95.3311274815,47.7336246374,50535.755296296724,2748951.116103607,MULTI_HORIZON_CANDIDATE_LEDGER,EPSG:4326-compatible longitude/latitude; CRS not embedded in Parquet,MN,Upper Midwest,Upper Midwest,True,True,True,True,True,True,False,0,False,False,False,neither
65300,-96.0584017066,46.6386666484,-4486.912801155995,2627684.12389493,MULTI_HORIZON_CANDIDATE_LEDGER,EPSG:4326-compatible longitude/latitude; CRS not embedded in Parquet,MN,Upper Midwest,Upper Midwest,True,True,True,False,True,False,False,0,True,False,False,multi_horizon_only
65913,-95.4288388957,45.8987681929,44374.35109649517,2545756.004499523,MULTI_HORIZON_CANDIDATE_LEDGER,EPSG:4326-compatible longitude/latitude; CRS not embedded in Parquet,MN,Upper Midwest,Upper Midwest,True,True,True,True,True,True,False,0,False,False,False,neither
65915,-93.6785427258,45.0946040135,182523.64029902473,2458476.3173985193,MULTI_HORIZON_CANDIDATE_LEDGER,EPSG:4326-compatible longitude/latitude; CRS not embedded in Parquet,MN,Upper Midwest,Upper Midwest,True,True,True,False,True,False,False,0,False,False,False,neither
65941,-93.548184705,47.238465027,186635.75119724128,2696476.5109045375,MULTI_HORIZON_CANDIDATE_LEDGER,EPSG:4326-compatible longitude/latitude; CRS not embedded in Parquet,MN,Upper Midwest,Upper Midwest,True,True,True,False,True,False,False,0,False,False,False,neither
65948,-94.7862551224,45.0826786295,95454.04209695167,2455529.68889481,MULTI_HORIZON_CANDIDATE_LEDGER,EPSG:4326-compatible longitude/latitude; CRS not embedded in Parquet,MN,Temporate Plains,Temperate Plains,True,True,True,True,True,True,False,0,True,True,True,both
65957,-94.8641702849,46.8748510908,86949.35799701368,2654358.631905279,MULTI_HORIZON_CANDIDATE_LEDGER,EPSG:4326-compatible longitude/latitude; CRS not embedded in Parquet,MN,Upper Midwest,Upper Midwest,True,True,True,False,True,False,False,0,False,False,False,neither
65989,-94.2572593297,46.4726489376,134221.9252974759,2610516.4165021908,MULTI_HORIZON_CANDIDATE_LEDGER,EPSG:4326-compatible longitude/latitude; CRS not embedded in Parquet,MN,Upper Midwest,Upper Midwest,True,True,True,True,True,True,False,0,False,False,False,neither
660,-93.7434529704,46.4829907569,173760.31690125362,2612495.0235968884,MULTI_HORIZON_CANDIDATE_LEDGER,EPSG:4326-compatible longitude/latitude; CRS not embedded in Parquet,MN,Upper Midwest,Upper Midwest,True,True,True,False,True,False,False,0,False,False,False,neither
66001,-94.1898977683,46.9433203571,138416.43690277747,2662736.262602566,MULTI_HORIZON_CANDIDATE_LEDGER,EPSG:4326-compatible longitude/latitude; CRS not embedded in Parquet,MN,Upper Midwest,Upper Midwest,True,True,True,True,True,True,False,0,False,False,False,neither
66005,-93.454822664,44.8374179096,200875.9655022887,2430315.547195865,MULTI_HORIZON_CANDIDATE_LEDGER,EPSG:4326-compatible longitude/latitude; CRS not embedded in Parquet,MN,Upper Midwest,Upper Midwest,True,True,True,True,True,True,True,1,True,True,True,both
66038,-92.7604317593,45.2182045515,254217.15190016397,2474329.1781998863,MULTI_HORIZON_CANDIDATE_LEDGER,EPSG:4326-compatible longitude/latitude; CRS not embedded in Parquet,MN,Upper Midwest,Upper Midwest,True,True,True,False,True,False,False,0,False,False,False,neither
66241,-96.0813593803,46.6634742937,-6248.362196362234,2630433.649804524,MULTI_HORIZON_CANDIDATE_LEDGER,EPSG:4326-compatible longitude/latitude; CRS not embedded in Parquet,MN,Upper Midwest,Upper Midwest,True,True,True,False,True,False,False,0,True,True,True,both
666,-96.7310845233,45.7044518723,-56964.82780333698,2524262.28529841,MULTI_HORIZON_CANDIDATE_LEDGER,EPSG:4326-compatible longitude/latitude; CRS not embedded in Parquet,MN,Temporate Plains,Temperate Plains,True,True,True,False,True,False,False,0,True,True,True,both
66962,-93.1229907449,44.975795013,226591.78379862863,2446457.290401321,MULTI_HORIZON_CANDIDATE_LEDGER,EPSG:4326-compatible longitude/latitude; CRS not embedded in Parquet,MN,Upper Midwest,Upper Midwest,True,True,True,True,True,True,False,0,True,False,False,multi_horizon_only
66981,-94.3959772808,46.8167428238,122895.86389870201,2648442.787102489,MULTI_HORIZON_CANDIDATE_LEDGER,EPSG:4326-compatible longitude/latitude; CRS not embedded in Parquet,MN,Upper Midwest,Upper Midwest,True,True,True,True,True,True,False,0,False,False,False,neither
67,-93.9046160815,45.3032740998,164240.0494025668,2481266.956500125,MULTI_HORIZON_CANDIDATE_LEDGER,EPSG:4326-compatible longitude/latitude; CRS not embedded in Parquet,MN,Upper Midwest,Upper Midwest,True,True,True,True,True,True,False,0,False,False,False,neither
67008,-93.6885410496,44.8515857873,182395.40500159067,2431420.879005512,MULTI_HORIZON_CANDIDATE_LEDGER,EPSG:4326-compatible longitude/latitude; CRS not embedded in Parquet,MN,Upper Midwest,Upper Midwest,True,True,True,False,True,False,False,0,True,False,False,multi_horizon_only
67017,-92.8765639827,46.6850604838,239756.68739811875,2636762.5269032223,MULTI_HORIZON_CANDIDATE_LEDGER,EPSG:4326-compatible longitude/latitude; CRS not embedded in Parquet,MN,Upper Midwest,Upper Midwest,True,True,True,True,True,True,False,0,False,False,False,neither
67054,-93.769491608,44.7223524059,176346.51940088347,2416884.299097997,MULTI_HORIZON_CANDIDATE_LEDGER,EPSG:4326-compatible longitude/latitude; CRS not embedded in Parquet,MN,Upper Midwest,Upper Midwest,True,True,True,False,True,False,False,0,True,True,True,both
67057,-94.1474669069,44.0832409085,147855.64300053823,2345042.761894569,MULTI_HORIZON_CANDIDATE_LEDGER,EPSG:4326-compatible longitude/latitude; CRS not embedded in Parquet,MN,Temporate Plains,Temperate Plains,True,True,True,False,True,False,False,0,True,True,True,both
673,-92.835605775,48.4708284027,236333.9369971438,2833971.111704045,MULTI_HORIZON_CANDIDATE_LEDGER,EPSG:4326-compatible longitude/latitude; CRS not embedded in Parquet,MN,Upper Midwest,Upper Midwest,True,True,True,True,True,True,False,0,False,False,False,neither
678,-93.3053960859,44.9526456082,212302.65029853204,2443460.9552982645,MULTI_HORIZON_CANDIDATE_LEDGER,EPSG:4326-compatible longitude/latitude; CRS not embedded in Parquet,MN,Upper Midwest,Upper Midwest,True,True,True,True,True,True,False,0,False,False,False,neither
67985,-93.2409334971,45.1248597171,216823.8804968412,2462760.5041022003,MULTI_HORIZON_CANDIDATE_LEDGER,EPSG:4326-compatible longitude/latitude; CRS not embedded in Parquet,MN,Upper Midwest,Upper Midwest,True,True,True,True,True,True,False,0,True,True,True,both
67995,-94.8421256489,47.6095927826,87647.02450286021,2735613.263298588,MULTI_HORIZON_CANDIDATE_LEDGER,EPSG:4326-compatible longitude/latitude; CRS not embedded in Parquet,MN,Upper Midwest,Upper Midwest,True,True,True,True,True,True,False,0,False,False,False,neither
67996,-93.4479548298,45.3382056918,199921.8721965285,2486024.8667036155,MULTI_HORIZON_CANDIDATE_LEDGER,EPSG:4326-compatible longitude/latitude; CRS not embedded in Parquet,MN,Upper Midwest,Upper Midwest,True,True,True,False,True,False,False,0,True,True,True,both
680,-93.6526567145,46.4918477564,180726.23820033422,2613645.7576967664,MULTI_HORIZON_CANDIDATE_LEDGER,EPSG:4326-compatible longitude/latitude; CRS not embedded in Parquet,MN,Upper Midwest,Upper Midwest,True,True,True,False,True,False,False,0,False,False,False,neither
68062,-95.6268253481,46.151922111,28882.262898953402,2573775.691494491,MULTI_HORIZON_CANDIDATE_LEDGER,EPSG:4326-compatible longitude/latitude; CRS not embedded in Parquet,MN,Upper Midwest,Upper Midwest,True,True,True,True,True,True,False,0,False,False,False,neither
68075,-92.8469896391,45.0781750302,247943.97109778028,2458532.5825960357,MULTI_HORIZON_CANDIDATE_LEDGER,EPSG:4326-compatible longitude/latitude; CRS not embedded in Parquet,MN,Upper Midwest,Upper Midwest,True,True,True,True,True,True,False,0,True,True,True,both
68332,-95.8004919079,46.5860128406,15340.135001535877,2621865.082301981,MULTI_HORIZON_CANDIDATE_LEDGER,EPSG:4326-compatible longitude/latitude; CRS not embedded in Parquet,MN,Upper Midwest,Upper Midwest,True,True,True,True,True,True,False,0,False,True,False,direct_60_day_only
685,-93.1241144354,45.0378455357,226294.39050324354,2453356.2014980866,MULTI_HORIZON_CANDIDATE_LEDGER,EPSG:4326-compatible longitude/latitude; CRS not embedded in Parquet,MN,Upper Midwest,Upper Midwest,True,True,True,True,True,True,False,0,False,False,False,neither
687,-94.3063991081,45.3989459863,132561.7297968253,2491274.580901798,MULTI_HORIZON_CANDIDATE_LEDGER,EPSG:4326-compatible longitude/latitude; CRS not embedded in Parquet,MN,Upper Midwest,Upper Midwest,True,True,True,True,True,True,False,0,True,True,True,both
68958,-93.0405117452,45.0829010828,232714.63950003491,2458568.7188987136,MULTI_HORIZON_CANDIDATE_LEDGER,EPSG:4326-compatible longitude/latitude; CRS not embedded in Parquet,MN,Upper Midwest,Upper Midwest,True,True,True,True,True,True,False,0,True,True,True,both
69015,-93.3239249671,45.1036372357,210370.1413988187,2460213.9804996857,MULTI_HORIZON_CANDIDATE_LEDGER,EPSG:4326-compatible longitude/latitude; CRS not embedded in Parquet,MN,Upper Midwest,Upper Midwest,True,True,True,False,True,False,False,0,True,True,True,both
69020,-93.3703834134,44.934207889,207240.51920009882,2441266.3253991175,MULTI_HORIZON_CANDIDATE_LEDGER,EPSG:4326-compatible longitude/latitude; CRS not embedded in Parquet,MN,Upper Midwest,Upper Midwest,True,True,True,False,True,False,False,0,False,False,False,neither
69070,-93.2982494435,44.8928958425,213054.60099628786,2436829.59339616,MULTI_HORIZON_CANDIDATE_LEDGER,EPSG:4326-compatible longitude/latitude; CRS not embedded in Parquet,MN,Upper Midwest,Upper Midwest,True,True,True,True,True,True,False,0,True,False,False,multi_horizon_only
69085,-92.8315026762,45.1644839589,248841.30799954015,2468169.2750021294,MULTI_HORIZON_CANDIDATE_LEDGER,EPSG:4326-compatible longitude/latitude; CRS not embedded in Parquet,MN,Upper Midwest,Upper Midwest,True,True,True,True,True,True,False,0,False,False,False,neither
692,-95.5653000883,46.8364264073,33297.022899554795,2649661.148501088,MULTI_HORIZON_CANDIDATE_LEDGER,EPSG:4326-compatible longitude/latitude; CRS not embedded in Parquet,MN,Upper Midwest,Upper Midwest,True,True,True,True,True,True,False,0,False,False,False,neither
69333,-95.7305397289,46.8721358908,20628.877500237675,2653567.680804639,MULTI_HORIZON_CANDIDATE_LEDGER,EPSG:4326-compatible longitude/latitude; CRS not embedded in Parquet,MN,Upper Midwest,Upper Midwest,True,True,True,True,True,True,False,0,False,False,False,neither
695,-93.6698289106,44.1911121248,185675.51090391894,2357904.2368009184,MULTI_HORIZON_CANDIDATE_LEDGER,EPSG:4326-compatible longitude/latitude; CRS not embedded in Parquet,MN,Upper Midwest,Upper Midwest,True,True,True,False,True,False,False,0,True,True,True,both
6956,-88.1615720262,42.4426109014,640029.1193984738,2186820.5672947345,MULTI_HORIZON_CANDIDATE_LEDGER,EPSG:4326-compatible longitude/latitude; CRS not embedded in Parquet,IL,Temporate Plains,Temperate Plains,True,True,True,True,True,True,False,0,True,True,True,both
6960,-88.1285062564,42.432434153,642816.9985971354,2185909.855694552,MULTI_HORIZON_CANDIDATE_LEDGER,EPSG:4326-compatible longitude/latitude; CRS not embedded in Parquet,IL,Temporate Plains,Temperate Plains,True,True,True,True,True,True,False,0,True,True,True,both
6961,-88.1445330122,42.4127961889,641692.4577014893,2183613.465001003,MULTI_HORIZON_CANDIDATE_LEDGER,EPSG:4326-compatible longitude/latitude; CRS not embedded in Parquet,IL,Temporate Plains,Temperate Plains,True,True,True,True,True,True,False,0,True,False,False,multi_horizon_only
6962,-88.1348595704,42.4671334751,641978.6503987209,2189732.9802047033,MULTI_HORIZON_CANDIDATE_LEDGER,EPSG:4326-compatible longitude/latitude; CRS not embedded in Parquet,IL,Temporate Plains,Temperate Plains,True,True,True,True,True,True,False,0,True,False,False,multi_horizon_only
6963,-88.1990559536,42.3859105924,637495.1395040558,2180250.713795282,MULTI_HORIZON_CANDIDATE_LEDGER,EPSG:4326-compatible longitude/latitude; CRS not embedded in Parquet,IL,Temporate Plains,Temperate Plains,True,True,True,False,True,False,False,0,True,True,True,both
6965,-88.9259328561,39.8202590032,599571.3058987375,1889163.076394449,MULTI_HORIZON_CANDIDATE_LEDGER,EPSG:4326-compatible longitude/latitude; CRS not embedded in Parquet,IL,Temporate Plains,Temperate Plains,True,True,True,False,True,False,False,0,True,True,True,both
69657,-92.5022480586,46.7115449899,268369.1581008275,2640695.0218027653,MULTI_HORIZON_CANDIDATE_LEDGER,EPSG:4326-compatible longitude/latitude; CRS not embedded in Parquet,MN,Upper Midwest,Upper Midwest,True,True,True,True,True,True,False,0,True,False,False,multi_horizon_only
6966,-89.6099770398,39.7057273947,542548.7075989789,1872250.4855032386,MULTI_HORIZON_CANDIDATE_LEDGER,EPSG:4326-compatible longitude/latitude; CRS not embedded in Parquet,IL,Temporate Plains,Temperate Plains,True,True,True,False,True,False,False,0,True,True,True,both
6967,-89.4512363227,39.6101274752,556743.2666962284,1862480.2084943494,MULTI_HORIZON_CANDIDATE_LEDGER,EPSG:4326-compatible longitude/latitude; CRS not embedded in Parquet,IL,Temporate Plains,Temperate Plains,True,True,True,False,True,False,False,0,True,False,False,multi_horizon_only
6968,-89.2638345423,39.4763970454,573710.3230995615,1848644.5854039453,MULTI_HORIZON_CANDIDATE_LEDGER,EPSG:4326-compatible longitude/latitude; CRS not embedded in Parquet,IL,Temporate Plains,Temperate Plains,True,True,True,False,True,False,False,0,True,True,True,both
6969,-90.8312398635,41.4304606409,428469.39110161,2058837.1275054654,MULTI_HORIZON_CANDIDATE_LEDGER,EPSG:4326-compatible longitude/latitude; CRS not embedded in Parquet,IL,Temporate Plains,Temperate Plains,True,True,True,True,True,True,False,0,False,False,False,neither
6970,-88.7543261899,38.7148957474,623524.3182977331,1766735.7787976237,MULTI_HORIZON_CANDIDATE_LEDGER,EPSG:4326-compatible longitude/latitude; CRS not embedded in Parquet,IL,Temporate Plains,Temperate Plains,True,True,True,True,True,True,True,1,True,True,True,both
6971,-89.4741756697,39.1942473882,557994.1899030213,1815847.382198722,MULTI_HORIZON_CANDIDATE_LEDGER,EPSG:4326-compatible longitude/latitude; CRS not embedded in Parquet,IL,Temporate Plains,Temperate Plains,True,True,True,True,True,True,True,1,True,True,True,both
6980,-89.4755045996,39.1784022022,558002.5663029636,1814067.8611035878,MULTI_HORIZON_CANDIDATE_LEDGER,EPSG:4326-compatible longitude/latitude; CRS not embedded in Parquet,IL,Temporate Plains,Temperate Plains,True,True,True,False,True,False,False,0,True,False,False,multi_horizon_only
6981,-89.3732387667,38.951007579,568510.4716999313,1789248.3505035955,MULTI_HORIZON_CANDIDATE_LEDGER,EPSG:4326-compatible longitude/latitude; CRS not embedded in Parquet,IL,Temporate Plains,Temperate Plains,True,True,True,True,True,True,True,1,True,True,True,both
6982,-88.4352145688,39.4181591264,644660.8522019547,1847447.9069968266,MULTI_HORIZON_CANDIDATE_LEDGER,EPSG:4326-compatible longitude/latitude; CRS not embedded in Parquet,IL,Temporate Plains,Temperate Plains,True,True,True,True,True,True,True,1,True,True,True,both
6983,-88.4780795017,39.3426338838,641684.8702039731,1838720.1158976182,MULTI_HORIZON_CANDIDATE_LEDGER,EPSG:4326-compatible longitude/latitude; CRS not embedded in Parquet,IL,Temporate Plains,Temperate Plains,True,True,True,True,True,True,True,1,True,True,True,both
6984,-88.7176513389,39.0364633159,623914.971903318,1802913.851496338,MULTI_HORIZON_CANDIDATE_LEDGER,EPSG:4326-compatible longitude/latitude; CRS not embedded in Parquet,IL,Temporate Plains,Temperate Plains,True,True,True,False,True,False,False,0,True,False,False,multi_horizon_only
6987,-88.8170063617,40.1605785817,605906.6427027102,1927878.4679998402,MULTI_HORIZON_CANDIDATE_LEDGER,EPSG:4326-compatible longitude/latitude; CRS not embedded in Parquet,IL,Temporate Plains,Temperate Plains,True,True,True,False,True,False,False,0,True,False,False,multi_horizon_only
6989,-89.0344307227,40.6333912016,583720.9454012974,1979336.312599781,MULTI_HORIZON_CANDIDATE_LEDGER,EPSG:4326-compatible longitude/latitude; CRS not embedded in Parquet,IL,Temporate Plains,Temperate Plains,True,True,True,False,True,False,False,0,True,False,False,multi_horizon_only
6991,-90.7447452745,40.5093926412,441332.66470122186,1956251.213796501,MULTI_HORIZON_CANDIDATE_LEDGER,EPSG:4326-compatible longitude/latitude; CRS not embedded in Parquet,IL,Temporate Plains,Temperate Plains,True,True,True,False,True,False,False,0,True,False,False,multi_horizon_only
6994,-89.8524904038,39.2421403899,525345.7199011192,1819046.876198019,MULTI_HORIZON_CANDIDATE_LEDGER,EPSG:4326-compatible longitude/latitude; CRS not embedded in Parquet,IL,Temporate Plains,Temperate Plains,True,True,True,False,True,False,False,0,True,True,True,both
6995,-89.8836103002,39.1474264206,523372.7387983668,1808281.8910030378,MULTI_HORIZON_CANDIDATE_LEDGER,EPSG:4326-compatible longitude/latitude; CRS not embedded in Parquet,IL,Temporate Plains,Temperate Plains,True,True,True,False,True,False,False,0,True,True,True,both
6996,-89.9850036038,40.5754682264,504587.27550194884,1967420.6034999434,MULTI_HORIZON_CANDIDATE_LEDGER,EPSG:4326-compatible longitude/latitude; CRS not embedded in Parquet,IL,Temporate Plains,Temperate Plains,True,True,True,False,True,False,False,0,True,False,False,multi_horizon_only
6999,-88.8637658045,38.7640366826,613711.1510976956,1771515.6204030039,MULTI_HORIZON_CANDIDATE_LEDGER,EPSG:4326-compatible longitude/latitude; CRS not embedded in Parquet,IL,Temporate Plains,Temperate Plains,True,True,True,True,True,True,True,1,True,True,True,both
700,-93.1352999645,45.058038169,225346.78749964823,2455575.340598529,MULTI_HORIZON_CANDIDATE_LEDGER,EPSG:4326-compatible longitude/latitude; CRS not embedded in Parquet,MN,Upper Midwest,Upper Midwest,True,True,True,True,True,True,True,1,True,True,True,both
7001,-89.0856991644,38.5435069882,596456.1081007413,1745451.6941956524,MULTI_HORIZON_CANDIDATE_LEDGER,EPSG:4326-compatible longitude/latitude; CRS not embedded in Parquet,IL,Temporate Plains,Temperate Plains,True,True,True,True,True,True,True,1,True,True,True,both
7002,-89.3619341438,38.3464107626,574208.3764968492,1721714.5418949975,MULTI_HORIZON_CANDIDATE_LEDGER,EPSG:4326-compatible longitude/latitude; CRS not embedded in Parquet,IL,Temporate Plains,Temperate Plains,True,True,True,True,True,True,True,1,True,True,True,both
70049,-93.4410602438,45.083943262,201223.23390351585,2457770.131199451,MULTI_HORIZON_CANDIDATE_LEDGER,EPSG:4326-compatible longitude/latitude; CRS not embedded in Parquet,MN,Upper Midwest,Upper Midwest,True,True,True,True,True,True,False,0,True,True,True,both
70053,-94.5874461572,47.586314698,106962.2858027536,2733303.5322984597,MULTI_HORIZON_CANDIDATE_LEDGER,EPSG:4326-compatible longitude/latitude; CRS not embedded in Parquet,MN,Upper Midwest,Upper Midwest,True,True,True,True,True,True,False,0,False,False,False,neither
70058,-94.3240165544,46.1697692023,129673.27569830115,2576842.464302494,MULTI_HORIZON_CANDIDATE_LEDGER,EPSG:4326-compatible longitude/latitude; CRS not embedded in Parquet,MN,Upper Midwest,Upper Midwest,True,True,True,True,True,True,False,0,True,False,False,multi_horizon_only
7006,-89.8851866761,41.3247787968,507554.159702221,2051687.2588952007,MULTI_HORIZON_CANDIDATE_LEDGER,EPSG:4326-compatible longitude/latitude; CRS not embedded in Parquet,IL,Temporate Plains,Temperate Plains,True,True,True,False,True,False,False,0,False,False,False,neither
7010,-90.1839718478,39.6620307171,494176.69810208527,1864232.940605577,MULTI_HORIZON_CANDIDATE_LEDGER,EPSG:4326-compatible longitude/latitude; CRS not embedded in Parquet,IL,Temporate Plains,Temperate Plains,True,True,True,True,True,True,True,1,True,False,False,multi_horizon_only
7011,-90.7524298595,39.6379207952,446076.796100226,1858723.5142971948,MULTI_HORIZON_CANDIDATE_LEDGER,EPSG:4326-compatible longitude/latitude; CRS not embedded in Parquet,IL,Temporate Plains,Temperate Plains,True,True,True,False,True,False,False,0,True,True,True,both
7015,-88.890845978,37.4190053631,622653.507997499,1621009.6120027173,MULTI_HORIZON_CANDIDATE_LEDGER,EPSG:4326-compatible longitude/latitude; CRS not embedded in Parquet,IL,Southern Appalachians,Southern Appalachians,True,True,True,False,True,False,False,0,False,False,False,neither
7017,-89.4047375317,38.1056928776,572382.7134987443,1694540.7143006595,MULTI_HORIZON_CANDIDATE_LEDGER,EPSG:4326-compatible longitude/latitude; CRS not embedded in Parquet,IL,Temporate Plains,Temperate Plains,True,True,True,False,True,False,False,0,True,False,False,multi_horizon_only
7019,-89.3822924342,37.7769693347,576891.0833984583,1657921.6210961454,MULTI_HORIZON_CANDIDATE_LEDGER,EPSG:4326-compatible longitude/latitude; CRS not embedded in Parquet,IL,Temporate Plains,Temperate Plains,True,True,True,False,True,False,False,0,True,False,False,multi_horizon_only
7020,-89.4310122685,37.789932109,572550.4340014239,1659076.3330026763,MULTI_HORIZON_CANDIDATE_LEDGER,EPSG:4326-compatible longitude/latitude; CRS not embedded in Parquet,IL,Temporate Plains,Temperate Plains,True,True,True,False,True,False,False,0,False,False,False,neither
7022,-89.2292401511,37.6973529461,590846.1187004738,1649960.9087030217,MULTI_HORIZON_CANDIDATE_LEDGER,EPSG:4326-compatible longitude/latitude; CRS not embedded in Parquet,IL,Temporate Plains,Temperate Plains,True,True,True,False,True,False,False,0,True,True,True,both
7025,-88.9786063683,42.3484861651,574221.379000919,2171109.075198344,MULTI_HORIZON_CANDIDATE_LEDGER,EPSG:4326-compatible longitude/latitude; CRS not embedded in Parquet,IL,Temporate Plains,Temperate Plains,True,True,True,False,True,False,False,0,True,False,False,multi_horizon_only
7029,-89.4394232633,38.8932140092,563288.3967985908,1782392.1132029518,MULTI_HORIZON_CANDIDATE_LEDGER,EPSG:4326-compatible longitude/latitude; CRS not embedded in Parquet,IL,Temporate Plains,Temperate Plains,True,True,True,False,True,False,False,0,True,True,True,both
7031,-88.639353388,39.1364223151,629742.9186998155,1814600.531998788,MULTI_HORIZON_CANDIDATE_LEDGER,EPSG:4326-compatible longitude/latitude; CRS not embedded in Parquet,IL,Temporate Plains,Temperate Plains,True,True,True,True,True,True,False,0,True,False,False,multi_horizon_only
7034,-88.060487584,38.7592692614,682684.4681983275,1776461.9302023128,MULTI_HORIZON_CANDIDATE_LEDGER,EPSG:4326-compatible longitude/latitude; CRS not embedded in Parquet,IL,Temporate Plains,Temperate Plains,True,True,True,True,True,True,False,0,True,False,False,multi_horizon_only
70347,-96.2387422956,47.5923600311,-18077.16290148813,2733198.9324037433,MULTI_HORIZON_CANDIDATE_LEDGER,EPSG:4326-compatible longitude/latitude; CRS not embedded in Parquet,MN,Temporate Plains,Temperate Plains,True,True,True,True,True,True,False,0,True,True,True,both
7036,-89.281889905,40.7064850292,562440.5865977828,1986009.5103994468,MULTI_HORIZON_CANDIDATE_LEDGER,EPSG:4326-compatible longitude/latitude; CRS not embedded in Parquet,IL,Temporate Plains,Temperate Plains,True,True,True,False,True,False,False,0,True,True,True,both
7037,-88.9297088383,40.6277552322,592527.576901823,1979354.8594028465,MULTI_HORIZON_CANDIDATE_LEDGER,EPSG:4326-compatible longitude/latitude; CRS not embedded in Parquet,IL,Temporate Plains,Temperate Plains,True,True,True,False,True,False,False,0,True,False,False,multi_horizon_only
704,-94.4590305593,45.4369643627,120547.51490363975,2495297.016203031,MULTI_HORIZON_CANDIDATE_LEDGER,EPSG:4326-compatible longitude/latitude; CRS not embedded in Parquet,MN,Upper Midwest,Upper Midwest,True,True,True,True,True,True,True,1,False,False,False,neither
7042,-89.9115380263,39.4102034102,519100.7373026585,1837518.9735025195,MULTI_HORIZON_CANDIDATE_LEDGER,EPSG:4326-compatible longitude/latitude; CRS not embedded in Parquet,IL,Temporate Plains,Temperate Plains,True,True,True,True,True,True,False,0,True,False,False,multi_horizon_only
7044,-89.8590474382,39.141046477,525517.809801141,1807703.868697579,MULTI_HORIZON_CANDIDATE_LEDGER,EPSG:4326-compatible longitude/latitude; CRS not embedded in Parquet,IL,Temporate Plains,Temperate Plains,True,True,True,False,True,False,False,0,True,True,True,both
7045,-89.144075663,39.0126252441,587639.0459995149,1797531.2260038825,MULTI_HORIZON_CANDIDATE_LEDGER,EPSG:4326-compatible longitude/latitude; CRS not embedded in Parquet,IL,Temporate Plains,Temperate Plains,True,True,True,True,True,True,True,1,True,True,True,both
7049,-88.9465176905,38.6463433226,607585.9077971991,1757828.8548009573,MULTI_HORIZON_CANDIDATE_LEDGER,EPSG:4326-compatible longitude/latitude; CRS not embedded in Parquet,IL,Temporate Plains,Temperate Plains,True,True,True,True,True,True,True,1,True,True,True,both
7050,-88.1457023509,39.4667901151,668827.6040963989,1854880.8383010346,MULTI_HORIZON_CANDIDATE_LEDGER,EPSG:4326-compatible longitude/latitude; CRS not embedded in Parquet,IL,Temporate Plains,Temperate Plains,True,True,True,True,True,True,True,1,True,True,True,both
7051,-87.6839741997,39.6384086693,706367.3053997261,1877384.8730026735,MULTI_HORIZON_CANDIDATE_LEDGER,EPSG:4326-compatible longitude/latitude; CRS not embedded in Parquet,IL,Temporate Plains,Temperate Plains,True,True,True,False,True,False,False,0,True,True,True,both
7067,-88.353358698,42.3864391699,624908.229697554,2179284.7536012074,MULTI_HORIZON_CANDIDATE_LEDGER,EPSG:4326-compatible longitude/latitude; CRS not embedded in Parquet,IL,Temporate Plains,Temperate Plains,True,True,True,False,True,False,False,0,True,True,True,both
71014,-93.5800828194,47.1858930533,184356.1676008385,2690602.635697785,MULTI_HORIZON_CANDIDATE_LEDGER,EPSG:4326-compatible longitude/latitude; CRS not embedded in Parquet,MN,Upper Midwest,Upper Midwest,True,True,True,False,True,False,False,0,False,False,False,neither
71100,-95.2841926204,45.7295166713,55753.51160252718,2527037.3077956634,MULTI_HORIZON_CANDIDATE_LEDGER,EPSG:4326-compatible longitude/latitude; CRS not embedded in Parquet,MN,Upper Midwest,Upper Midwest,True,True,True,True,True,True,False,0,True,False,False,multi_horizon_only
71126,-92.9173123037,45.0963158981,242350.4970976773,2460368.3564979965,MULTI_HORIZON_CANDIDATE_LEDGER,EPSG:4326-compatible longitude/latitude; CRS not embedded in Parquet,MN,Upper Midwest,Upper Midwest,True,True,True,False,True,False,False,0,True,False,False,multi_horizon_only
71421,-94.4949381501,41.2882834589,125071.918802066,2032257.5842999294,MULTI_HORIZON_CANDIDATE_LEDGER,EPSG:4326-compatible longitude/latitude; CRS not embedded in Parquet,IA,Temporate Plains,Temperate Plains,True,True,True,True,True,True,True,1,True,True,True,both
71996,-94.6852883577,47.4677457764,99735.09580185899,2720100.9787010895,MULTI_HORIZON_CANDIDATE_LEDGER,EPSG:4326-compatible longitude/latitude; CRS not embedded in Parquet,MN,Upper Midwest,Upper Midwest,True,True,True,True,True,True,False,0,False,False,False,neither
72,-93.8328687858,44.7901669449,171164.5630976948,2424316.8986002654,MULTI_HORIZON_CANDIDATE_LEDGER,EPSG:4326-compatible longitude/latitude; CRS not embedded in Parquet,MN,Upper Midwest,Upper Midwest,True,True,True,False,True,False,False,0,True,True,True,both
72123,-92.8287842864,45.3631482217,248317.62559879816,2490257.037598418,MULTI_HORIZON_CANDIDATE_LEDGER,EPSG:4326-compatible longitude/latitude; CRS not embedded in Parquet,MN,Upper Midwest,Upper Midwest,True,True,True,True,True,True,True,1,True,True,True,both
72329,-95.8428934222,46.7385758079,12051.955301903541,2638759.5155966925,MULTI_HORIZON_CANDIDATE_LEDGER,EPSG:4326-compatible longitude/latitude; CRS not embedded in Parquet,MN,Upper Midwest,Upper Midwest,True,True,True,True,True,True,False,0,False,False,False,neither
72460,-94.519413203,38.9952644559,127040.25509626935,1775368.9860037891,MULTI_HORIZON_CANDIDATE_LEDGER,EPSG:4326-compatible longitude/latitude; CRS not embedded in Parquet,MO,Temporate Plains,Temperate Plains,True,True,True,True,True,True,True,1,True,True,True,both
726,-94.260527255,45.2531168739,136448.5975990344,2475127.3611972053,MULTI_HORIZON_CANDIDATE_LEDGER,EPSG:4326-compatible longitude/latitude; CRS not embedded in Parquet,MN,Upper Midwest,Upper Midwest,True,True,True,True,True,True,False,0,True,True,True,both
729,-94.0371375589,43.8502245389,157196.8140998715,2319238.246198048,MULTI_HORIZON_CANDIDATE_LEDGER,EPSG:4326-compatible longitude/latitude; CRS not embedded in Parquet,MN,Temporate Plains,Temperate Plains,True,True,True,False,True,False,False,0,True,True,True,both
73,-93.1721911182,48.564399805,210897.41850128668,2843471.9691029284,MULTI_HORIZON_CANDIDATE_LEDGER,EPSG:4326-compatible longitude/latitude; CRS not embedded in Parquet,MN,Upper Midwest,Upper Midwest,True,True,True,False,True,False,False,0,False,False,False,neither
73041,-93.741823299,44.8944616947,178078.35070066195,2436091.0012952983,MULTI_HORIZON_CANDIDATE_LEDGER,EPSG:4326-compatible longitude/latitude; CRS not embedded in Parquet,MN,Upper Midwest,Upper Midwest,True,True,True,True,True,True,True,1,True,True,True,both
73059,-93.5330871597,44.9912205479,194256.10240277438,2447265.162995276,MULTI_HORIZON_CANDIDATE_LEDGER,EPSG:4326-compatible longitude/latitude; CRS not embedded in Parquet,MN,Upper Midwest,Upper Midwest,True,True,True,False,True,False,False,0,False,False,False,neither
734,-93.3407577977,44.9909794507,209397.94460329946,2447646.8035053154,MULTI_HORIZON_CANDIDATE_LEDGER,EPSG:4326-compatible longitude/latitude; CRS not embedded in Parquet,MN,Upper Midwest,Upper Midwest,True,True,True,True,True,True,False,0,False,False,False,neither
73402,-94.8894684115,47.8362109445,83771.19179982376,2760584.353698232,MULTI_HORIZON_CANDIDATE_LEDGER,EPSG:4326-compatible longitude/latitude; CRS not embedded in Parquet,MN,Upper Midwest,Upper Midwest,True,True,True,False,True,False,False,0,False,False,False,neither
73448,-96.1598590485,42.0312370226,-13145.119900970365,2114417.6275026537,MULTI_HORIZON_CANDIDATE_LEDGER,EPSG:4326-compatible longitude/latitude; CRS not embedded in Parquet,IA,Temporate Plains,Temperate Plains,True,True,True,False,True,False,False,0,True,True,True,both
736,-94.0535463162,45.0527574316,153139.00740136454,2453159.4186005024,MULTI_HORIZON_CANDIDATE_LEDGER,EPSG:4326-compatible longitude/latitude; CRS not embedded in Parquet,MN,Upper Midwest,Upper Midwest,True,True,True,False,True,False,False,0,True,False,False,multi_horizon_only
738,-95.78856202,46.5821227381,16258.37910204933,2621436.026497064,MULTI_HORIZON_CANDIDATE_LEDGER,EPSG:4326-compatible longitude/latitude; CRS not embedded in Parquet,MN,Upper Midwest,Upper Midwest,True,True,True,False,True,False,False,0,False,False,False,neither
7388,-88.0123270029,42.0200888025,656153.7763967216,2140751.107301836,MULTI_HORIZON_CANDIDATE_LEDGER,EPSG:4326-compatible longitude/latitude; CRS not embedded in Parquet,IL,Temporate Plains,Temperate Plains,True,True,True,False,True,False,False,0,True,False,False,multi_horizon_only
7395,-87.890253735,41.714485498,669071.5690984968,2107534.088900949,MULTI_HORIZON_CANDIDATE_LEDGER,EPSG:4326-compatible longitude/latitude; CRS not embedded in Parquet,IL,Temporate Plains,Temperate Plains,True,True,True,False,True,False,False,0,True,False,False,multi_horizon_only
7396,-89.0869356622,37.7175706204,603077.8590023379,1653114.862601,MULTI_HORIZON_CANDIDATE_LEDGER,EPSG:4326-compatible longitude/latitude; CRS not embedded in Parquet,IL,Temporate Plains,Temperate Plains,True,True,True,False,True,False,False,0,True,False,False,multi_horizon_only
741,-95.58153558,46.2761505627,32326.814301043774,2587570.3057945967,MULTI_HORIZON_CANDIDATE_LEDGER,EPSG:4326-compatible longitude/latitude; CRS not embedded in Parquet,MN,Upper Midwest,Upper Midwest,True,True,True,True,True,True,False,0,False,False,False,neither
74155,-94.1464507,47.1056589624,141388.03830178964,2680759.7507015485,MULTI_HORIZON_CANDIDATE_LEDGER,EPSG:4326-compatible longitude/latitude; CRS not embedded in Parquet,MN,Upper Midwest,Upper Midwest,True,True,True,False,True,False,False,0,False,False,False,neither
74160,-94.2737615993,46.9091126186,132072.9615973974,2658831.257596977,MULTI_HORIZON_CANDIDATE_LEDGER,EPSG:4326-compatible longitude/latitude; CRS not embedded in Parquet,MN,Upper Midwest,Upper Midwest,True,True,True,True,True,True,False,0,False,False,False,neither
74173,-94.4895736072,46.9637303392,115466.7904005582,2664594.5220040074,MULTI_HORIZON_CANDIDATE_LEDGER,EPSG:4326-compatible longitude/latitude; CRS not embedded in Parquet,MN,Upper Midwest,Upper Midwest,True,True,True,True,True,True,False,0,False,False,False,neither
74217,-92.8959537089,45.0029742664,244368.20650265497,2450042.8940046337,MULTI_HORIZON_CANDIDATE_LEDGER,EPSG:4326-compatible longitude/latitude; CRS not embedded in Parquet,MN,Upper Midwest,Upper Midwest,True,True,True,True,True,True,False,0,False,False,False,neither
7429,-73.2071221461,41.4218897467,1872526.015301057,2271860.012098115,MULTI_HORIZON_CANDIDATE_LEDGER,EPSG:4326-compatible longitude/latitude; CRS not embedded in Parquet,CT,Northern Appalachians,Northern Appalachians,True,True,True,False,True,False,False,0,False,False,False,neither
7441,-89.271345747,38.6961875103,579257.9354000357,1761372.6823042147,MULTI_HORIZON_CANDIDATE_LEDGER,EPSG:4326-compatible longitude/latitude; CRS not embedded in Parquet,IL,Temporate Plains,Temperate Plains,True,True,True,False,True,False,False,0,True,False,False,multi_horizon_only
7442,-87.768277989,42.109848228,675283.3933956649,2152464.111502452,MULTI_HORIZON_CANDIDATE_LEDGER,EPSG:4326-compatible longitude/latitude; CRS not embedded in Parquet,IL,Temporate Plains,Temperate Plains,True,True,True,True,True,True,True,2,True,False,False,multi_horizon_only
7443,-88.6587654207,37.4118934839,643001.9257036154,1621760.3359056497,MULTI_HORIZON_CANDIDATE_LEDGER,EPSG:4326-compatible longitude/latitude; CRS not embedded in Parquet,IL,Southern Appalachians,Southern Appalachians,True,True,True,False,True,False,False,0,False,False,False,neither
74438,-95.7302582619,46.6516642814,20719.726997868624,2629152.0750028742,MULTI_HORIZON_CANDIDATE_LEDGER,EPSG:4326-compatible longitude/latitude; CRS not embedded in Parquet,MN,Upper Midwest,Upper Midwest,True,True,True,False,True,False,False,0,False,False,False,neither
7449,-89.349918629,38.2799437422,575766.9528981781,1714355.4022017615,MULTI_HORIZON_CANDIDATE_LEDGER,EPSG:4326-compatible longitude/latitude; CRS not embedded in Parquet,IL,Temporate Plains,Temperate Plains,True,True,True,False,True,False,False,0,True,True,True,both
74509,-94.8570667173,40.4299270882,96136.42270361488,1935722.0495003369,MULTI_HORIZON_CANDIDATE_LEDGER,EPSG:4326-compatible longitude/latitude; CRS not embedded in Parquet,MO,Temporate Plains,Temperate Plains,True,True,True,True,True,True,False,0,True,False,False,multi_horizon_only
7455,-89.7440873009,39.0859729183,535747.5922984029,1802186.2431996018,MULTI_HORIZON_CANDIDATE_LEDGER,EPSG:4326-compatible longitude/latitude; CRS not embedded in Parquet,IL,Temporate Plains,Temperate Plains,True,True,True,False,True,False,False,0,True,False,False,multi_horizon_only
7456,-89.778438146,39.0450372743,533110.206101671,1797414.8403013097,MULTI_HORIZON_CANDIDATE_LEDGER,EPSG:4326-compatible longitude/latitude; CRS not embedded in Parquet,IL,Temporate Plains,Temperate Plains,True,True,True,False,True,False,False,0,True,True,True,both
749,-95.3634512617,45.7815854147,49541.49829670883,2532776.382494974,MULTI_HORIZON_CANDIDATE_LEDGER,EPSG:4326-compatible longitude/latitude; CRS not embedded in Parquet,MN,Upper Midwest,Upper Midwest,True,True,True,True,True,True,False,0,False,False,False,neither
75,-93.7417309871,44.7858933332,178372.79490341252,2424008.8408999536,MULTI_HORIZON_CANDIDATE_LEDGER,EPSG:4326-compatible longitude/latitude; CRS not embedded in Parquet,MN,Upper Midwest,Upper Midwest,True,True,True,True,True,True,True,4,True,True,True,both
75192,-93.1002401262,44.8754986197,228723.6137021865,2435354.2232009983,MULTI_HORIZON_CANDIDATE_LEDGER,EPSG:4326-compatible longitude/latitude; CRS not embedded in Parquet,MN,Upper Midwest,Upper Midwest,True,True,True,True,True,True,False,0,False,False,False,neither
75223,-93.2536217939,45.0622470942,216028.31639852576,2455768.6624009777,MULTI_HORIZON_CANDIDATE_LEDGER,EPSG:4326-compatible longitude/latitude; CRS not embedded in Parquet,MN,Upper Midwest,Upper Midwest,True,True,True,True,True,True,True,1,True,True,True,both
75267,-92.7932810627,45.365454339,251087.95680371978,2490606.57270437,MULTI_HORIZON_CANDIDATE_LEDGER,EPSG:4326-compatible longitude/latitude; CRS not embedded in Parquet,MN,Upper Midwest,Upper Midwest,True,True,True,True,True,True,False,0,True,False,False,multi_horizon_only
75275,-92.9023580234,45.1376711379,243375.80329843427,2465004.794596512,MULTI_HORIZON_CANDIDATE_LEDGER,EPSG:4326-compatible longitude/latitude; CRS not embedded in Parquet,MN,Upper Midwest,Upper Midwest,True,True,True,True,True,True,True,1,True,True,True,both
75277,-92.9716872408,45.0167777172,238359.137703149,2451385.733696008,MULTI_HORIZON_CANDIDATE_LEDGER,EPSG:4326-compatible longitude/latitude; CRS not embedded in Parquet,MN,Upper Midwest,Upper Midwest,True,True,True,True,True,True,True,1,True,False,False,multi_horizon_only
75529,-95.4071406686,47.5298756288,44933.11579883368,2726414.981495887,MULTI_HORIZON_CANDIDATE_LEDGER,EPSG:4326-compatible longitude/latitude; CRS not embedded in Parquet,MN,Upper Midwest,Upper Midwest,True,True,True,True,True,True,False,0,False,False,False,neither
758,-96.1356749392,45.3320663852,-10630.73899945641,2482665.30170295,MULTI_HORIZON_CANDIDATE_LEDGER,EPSG:4326-compatible longitude/latitude; CRS not embedded in Parquet,MN,Temporate Plains,Temperate Plains,True,True,True,False,True,False,False,0,True,True,True,both
76191,-92.8990789702,44.9382218671,244357.34520235358,2442832.6798956906,MULTI_HORIZON_CANDIDATE_LEDGER,EPSG:4326-compatible longitude/latitude; CRS not embedded in Parquet,MN,Upper Midwest,Upper Midwest,True,True,True,True,True,True,False,0,False,True,False,direct_60_day_only
76238,-94.0398499618,46.6760682714,150499.17379648352,2633378.2245969335,MULTI_HORIZON_CANDIDATE_LEDGER,EPSG:4326-compatible longitude/latitude; CRS not embedded in Parquet,MN,Upper Midwest,Upper Midwest,True,True,True,True,True,True,False,0,False,False,False,neither
76241,-94.2769166693,46.4717988381,132709.836899026,2610394.598594851,MULTI_HORIZON_CANDIDATE_LEDGER,EPSG:4326-compatible longitude/latitude; CRS not embedded in Parquet,MN,Upper Midwest,Upper Midwest,True,True,True,False,True,False,False,0,False,False,False,neither
76267,-93.1204489751,44.9168586525,226990.62589696262,2439907.2176018395,MULTI_HORIZON_CANDIDATE_LEDGER,EPSG:4326-compatible longitude/latitude; CRS not embedded in Parquet,MN,Upper Midwest,Upper Midwest,True,True,True,False,True,False,False,0,True,False,False,multi_horizon_only
76283,-93.2519105212,44.7265001904,217243.38069754525,2418417.801899609,MULTI_HORIZON_CANDIDATE_LEDGER,EPSG:4326-compatible longitude/latitude; CRS not embedded in Parquet,MN,Upper Midwest,Upper Midwest,True,True,True,True,True,True,False,0,True,True,True,both
765,-93.2569753336,44.9418325173,216151.3081021765,2442367.1911025504,MULTI_HORIZON_CANDIDATE_LEDGER,EPSG:4326-compatible longitude/latitude; CRS not embedded in Parquet,MN,Upper Midwest,Upper Midwest,True,True,True,True,True,True,True,3,True,False,False,multi_horizon_only
76530,-95.8543778958,46.6182195585,11191.38860137755,2625426.001305322,MULTI_HORIZON_CANDIDATE_LEDGER,EPSG:4326-compatible longitude/latitude; CRS not embedded in Parquet,MN,Upper Midwest,Upper Midwest,True,True,True,False,True,False,False,0,False,False,False,neither
766,-93.2758774546,44.6579115496,215568.1621992215,2410728.6129048523,MULTI_HORIZON_CANDIDATE_LEDGER,EPSG:4326-compatible longitude/latitude; CRS not embedded in Parquet,MN,Upper Midwest,Upper Midwest,True,True,True,True,True,True,False,0,True,False,False,multi_horizon_only
768,-93.4087114496,45.5727731241,202284.50739858113,2512171.490805138,MULTI_HORIZON_CANDIDATE_LEDGER,EPSG:4326-compatible longitude/latitude; CRS not embedded in Parquet,MN,Upper Midwest,Upper Midwest,True,True,True,False,True,False,False,0,True,False,False,multi_horizon_only
770,-95.7792805984,46.6936636002,16943.36629692072,2633794.7861027895,MULTI_HORIZON_CANDIDATE_LEDGER,EPSG:4326-compatible longitude/latitude; CRS not embedded in Parquet,MN,Upper Midwest,Upper Midwest,True,True,True,True,True,True,False,0,False,False,False,neither
77315,-93.6348162951,44.873353605,186573.61899663298,2433947.4931019843,MULTI_HORIZON_CANDIDATE_LEDGER,EPSG:4326-compatible longitude/latitude; CRS not embedded in Parquet,MN,Upper Midwest,Upper Midwest,True,True,True,False,True,False,False,0,False,False,False,neither
77393,-92.8552986346,45.299637326,246475.85070381977,2483130.2059993073,MULTI_HORIZON_CANDIDATE_LEDGER,EPSG:4326-compatible longitude/latitude; CRS not embedded in Parquet,MN,Upper Midwest,Upper Midwest,True,True,True,False,True,False,False,0,True,True,True,both
77610,-96.1478289144,46.8227324013,-11325.751500509994,2648077.6052002236,MULTI_HORIZON_CANDIDATE_LEDGER,EPSG:4326-compatible longitude/latitude; CRS not embedded in Parquet,MN,Upper Midwest,Upper Midwest,True,True,True,True,True,True,False,0,False,False,False,neither
778,-92.9066935805,48.0622075605,232491.57629878135,2788805.363595996,MULTI_HORIZON_CANDIDATE_LEDGER,EPSG:4326-compatible longitude/latitude; CRS not embedded in Parquet,MN,Upper Midwest,Upper Midwest,True,True,True,False,True,False,False,0,False,False,False,neither
780,-93.4926343226,44.8686363302,197800.73310295367,2433710.115998406,MULTI_HORIZON_CANDIDATE_LEDGER,EPSG:4326-compatible longitude/latitude; CRS not embedded in Parquet,MN,Upper Midwest,Upper Midwest,True,True,True,True,True,True,False,0,False,False,False,neither
781,-92.9534201894,45.1012481109,239495.20749853196,2460825.251194779,MULTI_HORIZON_CANDIDATE_LEDGER,EPSG:4326-compatible longitude/latitude; CRS not embedded in Parquet,MN,Upper Midwest,Upper Midwest,True,True,True,True,True,True,False,0,False,False,False,neither
783,-92.4886654284,44.1981084134,279729.9719002626,2361576.074899962,MULTI_HORIZON_CANDIDATE_LEDGER,EPSG:4326-compatible longitude/latitude; CRS not embedded in Parquet,MN,Upper Midwest,Upper Midwest,True,True,True,False,True,False,False,0,False,False,False,neither
78404,-93.6047843594,44.8249781026,189077.84969719435,2428623.524102683,MULTI_HORIZON_CANDIDATE_LEDGER,EPSG:4326-compatible longitude/latitude; CRS not embedded in Parquet,MN,Upper Midwest,Upper Midwest,True,True,True,True,True,True,True,3,True,True,True,both
78419,-93.2029210727,44.7925909549,220898.46179747823,2425886.1181006264,MULTI_HORIZON_CANDIDATE_LEDGER,EPSG:4326-compatible longitude/latitude; CRS not embedded in Parquet,MN,Upper Midwest,Upper Midwest,True,True,True,True,True,True,False,0,True,True,True,both
78421,-93.3391523047,44.7103104017,210398.99859650168,2416419.510702597,MULTI_HORIZON_CANDIDATE_LEDGER,EPSG:4326-compatible longitude/latitude; CRS not embedded in Parquet,MN,Upper Midwest,Upper Midwest,True,True,True,False,True,False,False,0,False,False,False,neither
78434,-93.4144684974,44.6330656122,204679.0794964301,2407656.221700811,MULTI_HORIZON_CANDIDATE_LEDGER,EPSG:4326-compatible longitude/latitude; CRS not embedded in Parquet,MN,Upper Midwest,Upper Midwest,True,True,True,True,True,True,True,2,True,True,True,both
78447,-92.9087925495,45.0324036643,243251.31719843816,2453282.92649871,MULTI_HORIZON_CANDIDATE_LEDGER,EPSG:4326-compatible longitude/latitude; CRS not embedded in Parquet,MN,Upper Midwest,Upper Midwest,True,True,True,True,True,True,True,1,True,True,True,both
78634,-91.4521731722,38.0888257293,394948.70850061387,1682232.6109993309,MULTI_HORIZON_CANDIDATE_LEDGER,EPSG:4326-compatible longitude/latitude; CRS not embedded in Parquet,MO,Southern Appalachians,Southern Appalachians,True,True,True,False,True,False,False,0,False,False,False,neither
78669,-95.8368825752,46.7420450122,12512.3992999079,2639144.5094994353,MULTI_HORIZON_CANDIDATE_LEDGER,EPSG:4326-compatible longitude/latitude; CRS not embedded in Parquet,MN,Upper Midwest,Upper Midwest,True,True,True,True,True,True,False,0,False,False,False,neither
78717,-95.8541867317,46.7728114909,11179.806598408466,2642549.5818011425,MULTI_HORIZON_CANDIDATE_LEDGER,EPSG:4326-compatible longitude/latitude; CRS not embedded in Parquet,MN,Upper Midwest,Upper Midwest,True,True,True,True,True,True,False,0,False,True,False,direct_60_day_only
79,-93.8543258954,45.1982339922,168444.95180272244,2469676.2693990218,MULTI_HORIZON_CANDIDATE_LEDGER,EPSG:4326-compatible longitude/latitude; CRS not embedded in Parquet,MN,Upper Midwest,Upper Midwest,True,True,True,True,True,True,False,0,False,False,False,neither
791,-92.9048989828,46.7912458725,237199.5035036312,2648445.3359992187,MULTI_HORIZON_CANDIDATE_LEDGER,EPSG:4326-compatible longitude/latitude; CRS not embedded in Parquet,MN,Upper Midwest,Upper Midwest,True,True,True,False,True,False,False,0,False,False,False,neither
79404,-93.3998766944,45.0715551512,204498.62180255115,2456480.27900518,MULTI_HORIZON_CANDIDATE_LEDGER,EPSG:4326-compatible longitude/latitude; CRS not embedded in Parquet,MN,Upper Midwest,Upper Midwest,True,True,True,False,True,False,False,0,False,True,False,direct_60_day_only
79412,-93.5024489729,45.3339377906,195666.3785986523,2485437.076897745,MULTI_HORIZON_CANDIDATE_LEDGER,EPSG:4326-compatible longitude/latitude; CRS not embedded in Parquet,MN,Upper Midwest,Upper Midwest,True,True,True,True,True,True,False,0,False,False,False,neither
79430,-93.6741150223,44.8772120258,183463.71760076008,2434300.334201756,MULTI_HORIZON_CANDIDATE_LEDGER,EPSG:4326-compatible longitude/latitude; CRS not embedded in Parquet,MN,Upper Midwest,Upper Midwest,True,True,True,False,True,False,False,0,False,False,False,neither
79441,-93.6717964509,46.461784461,179334.55850132246,2610278.2842980055,MULTI_HORIZON_CANDIDATE_LEDGER,EPSG:4326-compatible longitude/latitude; CRS not embedded in Parquet,MN,Upper Midwest,Upper Midwest,True,True,True,True,True,True,False,0,False,False,False,neither
79451,-94.9474050929,47.0178598679,80402.57889678271,2670112.3070000345,MULTI_HORIZON_CANDIDATE_LEDGER,EPSG:4326-compatible longitude/latitude; CRS not embedded in Parquet,MN,Upper Midwest,Upper Midwest,True,True,True,True,True,True,False,0,False,False,False,neither
79457,-94.9038366063,47.0630813363,83672.70589719522,2675153.1225052606,MULTI_HORIZON_CANDIDATE_LEDGER,EPSG:4326-compatible longitude/latitude; CRS not embedded in Parquet,MN,Upper Midwest,Upper Midwest,True,True,True,True,True,True,False,0,False,False,False,neither
79488,-93.4465178062,44.7755707671,201716.24340267418,2423450.3114044117,MULTI_HORIZON_CANDIDATE_LEDGER,EPSG:4326-compatible longitude/latitude; CRS not embedded in Parquet,MN,Upper Midwest,Upper Midwest,True,True,True,True,True,True,False,0,True,False,False,multi_horizon_only
79503,-93.559820941,44.8712248979,192494.30719726515,2433860.1906961566,MULTI_HORIZON_CANDIDATE_LEDGER,EPSG:4326-compatible longitude/latitude; CRS not embedded in Parquet,MN,Upper Midwest,Upper Midwest,True,True,True,True,True,True,False,0,True,False,False,multi_horizon_only
79761,-95.8337533562,46.8748030305,12726.719601294617,2653844.830902186,MULTI_HORIZON_CANDIDATE_LEDGER,EPSG:4326-compatible longitude/latitude; CRS not embedded in Parquet,MN,Upper Midwest,Upper Midwest,True,True,True,True,True,True,False,0,False,True,False,direct_60_day_only
80,-95.7381771768,47.5115276813,19849.375002579207,2724275.350401177,MULTI_HORIZON_CANDIDATE_LEDGER,EPSG:4326-compatible longitude/latitude; CRS not embedded in Parquet,MN,Upper Midwest,Upper Midwest,True,True,True,True,True,True,False,0,False,False,False,neither
800,-93.0922821365,45.100057018,228586.64899692702,2460350.8259971486,MULTI_HORIZON_CANDIDATE_LEDGER,EPSG:4326-compatible longitude/latitude; CRS not embedded in Parquet,MN,Upper Midwest,Upper Midwest,True,True,True,False,True,False,False,0,False,False,False,neither
80490,-94.2033373489,45.0874558679,141282.54330369068,2456787.1731958315,MULTI_HORIZON_CANDIDATE_LEDGER,EPSG:4326-compatible longitude/latitude; CRS not embedded in Parquet,MN,Upper Midwest,Upper Midwest,True,True,True,True,True,True,False,0,True,False,False,multi_horizon_only
80500,-93.911012743,45.1427206645,164131.23259685733,2463403.706803836,MULTI_HORIZON_CANDIDATE_LEDGER,EPSG:4326-compatible longitude/latitude; CRS not embedded in Parquet,MN,Upper Midwest,Upper Midwest,True,True,True,False,True,False,False,0,True,True,True,both
80525,-94.1987483225,44.5706215045,142733.8081026421,2399269.5325964056,MULTI_HORIZON_CANDIDATE_LEDGER,EPSG:4326-compatible longitude/latitude; CRS not embedded in Parquet,MN,Temporate Plains,Temperate Plains,True,True,True,True,True,True,True,1,True,True,True,both
80526,-93.5633516851,44.6060157711,192972.89999929318,2404333.129697738,MULTI_HORIZON_CANDIDATE_LEDGER,EPSG:4326-compatible longitude/latitude; CRS not embedded in Parquet,MN,Upper Midwest,Upper Midwest,True,True,True,False,True,False,False,0,True,True,True,both
80553,-93.5411451093,44.8516286467,194023.66140135814,2431717.5604049712,MULTI_HORIZON_CANDIDATE_LEDGER,EPSG:4326-compatible longitude/latitude; CRS not embedded in Parquet,MN,Upper Midwest,Upper Midwest,True,True,True,True,True,True,True,3,True,True,True,both
80564,-92.8836676892,45.1504641488,244797.0845023136,2466475.132703188,MULTI_HORIZON_CANDIDATE_LEDGER,EPSG:4326-compatible longitude/latitude; CRS not embedded in Parquet,MN,Upper Midwest,Upper Midwest,True,True,True,True,True,True,True,1,True,True,True,both
80721,-91.693321547,37.9960483052,374492.3932036428,1670868.8493972346,MULTI_HORIZON_CANDIDATE_LEDGER,EPSG:4326-compatible longitude/latitude; CRS not embedded in Parquet,MO,Southern Appalachians,Southern Appalachians,True,True,True,True,True,True,False,0,False,False,False,neither
80769,-95.8982564053,46.8072781919,7796.808501666825,2646361.8031052165,MULTI_HORIZON_CANDIDATE_LEDGER,EPSG:4326-compatible longitude/latitude; CRS not embedded in Parquet,MN,Upper Midwest,Upper Midwest,True,True,True,False,True,False,False,0,False,False,False,neither
81556,-93.3196449397,44.691541524,212000.01990114586,2414373.695997007,MULTI_HORIZON_CANDIDATE_LEDGER,EPSG:4326-compatible longitude/latitude; CRS not embedded in Parquet,MN,Upper Midwest,Upper Midwest,True,True,True,False,True,False,False,0,False,False,False,neither
81594,-93.0849860261,45.6039384824,227441.88750062152,2516364.939194861,MULTI_HORIZON_CANDIDATE_LEDGER,EPSG:4326-compatible longitude/latitude; CRS not embedded in Parquet,MN,Upper Midwest,Upper Midwest,True,True,True,True,True,True,False,0,True,False,False,multi_horizon_only
81822,-95.6447440467,47.2326351312,27047.94760163389,2693474.740405403,MULTI_HORIZON_CANDIDATE_LEDGER,EPSG:4326-compatible longitude/latitude; CRS not embedded in Parquet,MN,Upper Midwest,Upper Midwest,True,True,True,False,True,False,False,0,False,False,False,neither
81842,-95.5853940372,46.4872927542,31926.616197335563,2610978.4387949044,MULTI_HORIZON_CANDIDATE_LEDGER,EPSG:4326-compatible longitude/latitude; CRS not embedded in Parquet,MN,Upper Midwest,Upper Midwest,True,True,True,False,True,False,False,0,False,False,False,neither
82180,-92.7005913319,46.6788719267,253282.95830038865,2636533.8853045814,MULTI_HORIZON_CANDIDATE_LEDGER,EPSG:4326-compatible longitude/latitude; CRS not embedded in Parquet,MN,Upper Midwest,Upper Midwest,True,True,True,True,True,True,False,0,True,True,True,both
82526,-93.2329543244,45.0586980568,217665.04409861375,2455421.1138975965,MULTI_HORIZON_CANDIDATE_LEDGER,EPSG:4326-compatible longitude/latitude; CRS not embedded in Parquet,MN,Upper Midwest,Upper Midwest,True,True,True,True,True,True,True,1,True,False,False,multi_horizon_only
82539,-93.8979326745,46.836204822,161001.5428993059,2651341.1544015706,MULTI_HORIZON_CANDIDATE_LEDGER,EPSG:4326-compatible longitude/latitude; CRS not embedded in Parquet,MN,Upper Midwest,Upper Midwest,True,True,True,True,True,True,False,0,False,False,False,neither
82555,-94.8097190287,47.5961600269,90118.54469852995,2734160.2562957555,MULTI_HORIZON_CANDIDATE_LEDGER,EPSG:4326-compatible longitude/latitude; CRS not embedded in Parquet,MN,Upper Midwest,Upper Midwest,True,True,True,True,True,True,False,0,False,False,False,neither
82562,-94.9133441645,46.8809494359,83177.4770021964,2654989.675099844,MULTI_HORIZON_CANDIDATE_LEDGER,EPSG:4326-compatible longitude/latitude; CRS not embedded in Parquet,MN,Upper Midwest,Upper Midwest,True,True,True,False,True,False,False,0,False,False,False,neither
82575,-93.9958314425,46.7723329515,153653.56000238066,2644108.2824991765,MULTI_HORIZON_CANDIDATE_LEDGER,EPSG:4326-compatible longitude/latitude; CRS not embedded in Parquet,MN,Upper Midwest,Upper Midwest,True,True,True,False,True,False,False,0,False,False,False,neither
82605,-94.1774523513,44.0990109445,145429.00120081543,2346754.470299511,MULTI_HORIZON_CANDIDATE_LEDGER,EPSG:4326-compatible longitude/latitude; CRS not embedded in Parquet,MN,Temporate Plains,Temperate Plains,True,True,True,False,True,False,False,0,True,True,True,both
82860,-95.8712203278,46.753610239,9876.68769834134,2640421.29270365,MULTI_HORIZON_CANDIDATE_LEDGER,EPSG:4326-compatible longitude/latitude; CRS not embedded in Parquet,MN,Upper Midwest,Upper Midwest,True,True,True,True,True,True,False,0,False,False,False,neither
82877,-95.5420691524,47.0381696192,34968.849800321485,2671998.5427951086,MULTI_HORIZON_CANDIDATE_LEDGER,EPSG:4326-compatible longitude/latitude; CRS not embedded in Parquet,MN,Upper Midwest,Upper Midwest,True,True,True,False,True,False,False,0,False,False,False,neither
82908,-93.0518942236,47.6574832587,222966.96700376016,2743826.1673948085,MULTI_HORIZON_CANDIDATE_LEDGER,EPSG:4326-compatible longitude/latitude; CRS not embedded in Parquet,MN,Upper Midwest,Upper Midwest,True,True,True,True,True,True,False,0,False,False,False,neither
833,-93.7464419117,46.6518521465,173086.53189729803,2631195.810801357,MULTI_HORIZON_CANDIDATE_LEDGER,EPSG:4326-compatible longitude/latitude; CRS not embedded in Parquet,MN,Upper Midwest,Upper Midwest,True,True,True,False,True,False,False,0,False,False,False,neither
83634,-94.8099483317,45.1645543035,93476.75060311648,2464613.700599892,MULTI_HORIZON_CANDIDATE_LEDGER,EPSG:4326-compatible longitude/latitude; CRS not embedded in Parquet,MN,Upper Midwest,Upper Midwest,True,True,True,True,True,True,True,1,True,True,True,both
83667,-94.2311613309,45.2276329381,138804.61930259963,2472336.203602344,MULTI_HORIZON_CANDIDATE_LEDGER,EPSG:4326-compatible longitude/latitude; CRS not embedded in Parquet,MN,Upper Midwest,Upper Midwest,True,True,True,True,True,True,False,0,False,False,False,neither
83703,-96.6339110767,44.8779183877,-50006.433199704654,2432300.5430964436,MULTI_HORIZON_CANDIDATE_LEDGER,EPSG:4326-compatible longitude/latitude; CRS not embedded in Parquet,SD,Temporate Plains,Temperate Plains,True,True,True,False,True,False,False,0,True,True,True,both
838,-72.4441869207,44.3090419908,1854802.779195304,2599830.930503128,MULTI_HORIZON_CANDIDATE_LEDGER,EPSG:4326-compatible longitude/latitude; CRS not embedded in Parquet,VT,Northern Appalachians,Northern Appalachians,True,True,True,False,True,False,False,0,False,False,False,neither
83936,-95.9013356559,46.8359860194,7557.53959868257,2649540.159397955,MULTI_HORIZON_CANDIDATE_LEDGER,EPSG:4326-compatible longitude/latitude; CRS not embedded in Parquet,MN,Upper Midwest,Upper Midwest,True,True,True,True,True,True,False,0,True,True,True,both
84,-93.1719234859,44.7932369145,223343.62830301706,2426030.452705047,MULTI_HORIZON_CANDIDATE_LEDGER,EPSG:4326-compatible longitude/latitude; CRS not embedded in Parquet,MN,Upper Midwest,Upper Midwest,True,True,True,True,True,True,False,0,True,True,True,both
84011,-96.3321423323,42.2785012974,-27215.182596461753,2142108.551601856,MULTI_HORIZON_CANDIDATE_LEDGER,EPSG:4326-compatible longitude/latitude; CRS not embedded in Parquet,IA,Temporate Plains,Temperate Plains,True,True,True,False,True,False,False,0,True,False,False,multi_horizon_only
842,-94.0456135652,47.7422408062,147632.2679007106,2751242.43460535,MULTI_HORIZON_CANDIDATE_LEDGER,EPSG:4326-compatible longitude/latitude; CRS not embedded in Parquet,MN,Upper Midwest,Upper Midwest,True,True,True,False,True,False,False,0,False,False,False,neither
843,-93.6590827457,44.8668170755,184677.70989645502,2433172.7253998276,MULTI_HORIZON_CANDIDATE_LEDGER,EPSG:4326-compatible longitude/latitude; CRS not embedded in Parquet,MN,Upper Midwest,Upper Midwest,True,True,True,True,True,True,True,1,True,True,True,both
84662,-94.7936981957,45.1699839963,94745.43979685956,2465233.70990368,MULTI_HORIZON_CANDIDATE_LEDGER,EPSG:4326-compatible longitude/latitude; CRS not embedded in Parquet,MN,Upper Midwest,Upper Midwest,True,True,True,True,True,True,True,2,True,True,True,both
84678,-94.3062115236,45.1489459837,133071.88800315766,2463478.1068050982,MULTI_HORIZON_CANDIDATE_LEDGER,EPSG:4326-compatible longitude/latitude; CRS not embedded in Parquet,MN,Upper Midwest,Upper Midwest,True,True,True,False,True,False,False,0,True,True,True,both
84688,-93.2144695316,46.7173814397,213721.82950227836,2639534.605799917,MULTI_HORIZON_CANDIDATE_LEDGER,EPSG:4326-compatible longitude/latitude; CRS not embedded in Parquet,MN,Upper Midwest,Upper Midwest,True,True,True,True,True,True,False,0,True,True,True,both
84729,-93.5305493624,44.7372913206,195190.2987007078,2419014.2733004615,MULTI_HORIZON_CANDIDATE_LEDGER,EPSG:4326-compatible longitude/latitude; CRS not embedded in Parquet,MN,Upper Midwest,Upper Midwest,True,True,True,True,True,True,False,0,True,True,True,both
848,-93.9141041685,46.4968760044,160588.12610237754,2613733.4113950264,MULTI_HORIZON_CANDIDATE_LEDGER,EPSG:4326-compatible longitude/latitude; CRS not embedded in Parquet,MN,Upper Midwest,Upper Midwest,True,True,True,False,True,False,False,0,False,False,False,neither
853,-94.9481614248,43.9480675191,84120.49840363121,2328993.5283037173,MULTI_HORIZON_CANDIDATE_LEDGER,EPSG:4326-compatible longitude/latitude; CRS not embedded in Parquet,MN,Temporate Plains,Temperate Plains,True,True,True,True,True,True,True,1,True,True,True,both
85683,-93.6450104855,45.1910483606,184893.7308993243,2469266.3848959478,MULTI_HORIZON_CANDIDATE_LEDGER,EPSG:4326-compatible longitude/latitude; CRS not embedded in Parquet,MN,Upper Midwest,Upper Midwest,True,True,True,False,True,False,False,0,True,True,True,both
857,-93.4130967834,45.0745375949,203450.09329645516,2456783.603801992,MULTI_HORIZON_CANDIDATE_LEDGER,EPSG:4326-compatible longitude/latitude; CRS not embedded in Parquet,MN,Upper Midwest,Upper Midwest,True,True,True,True,True,True,False,0,True,True,True,both
85738,-92.909996269,44.9069164317,243610.61899597265,2439322.2620030306,MULTI_HORIZON_CANDIDATE_LEDGER,EPSG:4326-compatible longitude/latitude; CRS not embedded in Parquet,MN,Upper Midwest,Upper Midwest,True,True,True,True,True,True,False,0,True,False,False,multi_horizon_only
85766,-95.6296021848,45.9941565573,28735.583297700032,2556267.6785967723,MULTI_HORIZON_CANDIDATE_LEDGER,EPSG:4326-compatible longitude/latitude; CRS not embedded in Parquet,MN,Upper Midwest,Upper Midwest,True,True,True,True,True,True,True,1,True,True,True,both
85792,-92.843507187,45.0173474017,248442.4766992935,2451777.3881968725,MULTI_HORIZON_CANDIDATE_LEDGER,EPSG:4326-compatible longitude/latitude; CRS not embedded in Parquet,MN,Upper Midwest,Upper Midwest,True,True,True,True,True,True,True,1,True,True,True,both
85795,-92.8933995165,45.1330141918,244096.33749843444,2464509.9976009373,MULTI_HORIZON_CANDIDATE_LEDGER,EPSG:4326-compatible longitude/latitude; CRS not embedded in Parquet,MN,Upper Midwest,Upper Midwest,True,True,True,True,True,True,False,0,True,True,True,both
8589,-95.2944719317,47.7071495345,53326.862699136276,2746048.7017027354,MULTI_HORIZON_CANDIDATE_LEDGER,EPSG:4326-compatible longitude/latitude; CRS not embedded in Parquet,MN,Upper Midwest,Upper Midwest,True,True,True,True,True,True,False,0,False,False,False,neither
8601,-95.6993641098,46.5964542964,23112.148498933497,2623042.470699325,MULTI_HORIZON_CANDIDATE_LEDGER,EPSG:4326-compatible longitude/latitude; CRS not embedded in Parquet,MN,Upper Midwest,Upper Midwest,True,True,True,False,True,False,False,0,False,False,False,neither
86016,-96.0199695399,47.6655071788,-1510.3640980273196,2741253.552002779,MULTI_HORIZON_CANDIDATE_LEDGER,EPSG:4326-compatible longitude/latitude; CRS not embedded in Parquet,MN,Temporate Plains,Temperate Plains,True,True,True,True,True,True,True,3,True,True,True,both
86065,-97.1802586497,43.9952792484,-94324.97010328852,2334378.911004165,MULTI_HORIZON_CANDIDATE_LEDGER,EPSG:4326-compatible longitude/latitude; CRS not embedded in Parquet,SD,Temporate Plains,Temperate Plains,True,True,True,False,True,False,False,0,True,True,True,both
86726,-92.8943159176,45.2240478408,243693.50839618934,2474627.969901176,MULTI_HORIZON_CANDIDATE_LEDGER,EPSG:4326-compatible longitude/latitude; CRS not embedded in Parquet,MN,Upper Midwest,Upper Midwest,True,True,True,True,True,True,False,0,True,True,True,both
86742,-94.2976445596,46.519290678,131019.28589893079,2615628.6940015294,MULTI_HORIZON_CANDIDATE_LEDGER,EPSG:4326-compatible longitude/latitude; CRS not embedded in Parquet,MN,Upper Midwest,Upper Midwest,True,True,True,False,True,False,False,0,False,False,False,neither
86763,-93.6104761412,45.1904614192,187606.14770162007,2469268.8031015135,MULTI_HORIZON_CANDIDATE_LEDGER,EPSG:4326-compatible longitude/latitude; CRS not embedded in Parquet,MN,Upper Midwest,Upper Midwest,True,True,True,True,True,True,True,2,True,True,True,both
87067,-95.675239778,46.9025301932,24850.92319981397,2656945.532904852,MULTI_HORIZON_CANDIDATE_LEDGER,EPSG:4326-compatible longitude/latitude; CRS not embedded in Parquet,MN,Upper Midwest,Upper Midwest,True,True,True,True,True,True,False,0,False,True,False,direct_60_day_only
876,-95.1171315904,45.9030195243,68586.39419652183,2546413.2439014157,MULTI_HORIZON_CANDIDATE_LEDGER,EPSG:4326-compatible longitude/latitude; CRS not embedded in Parquet,MN,Upper Midwest,Upper Midwest,True,True,True,True,True,True,False,0,False,False,False,neither
87796,-92.8878166676,44.9238176034,245297.00599914175,2441259.4138946924,MULTI_HORIZON_CANDIDATE_LEDGER,EPSG:4326-compatible longitude/latitude; CRS not embedded in Parquet,MN,Upper Midwest,Upper Midwest,True,True,True,True,True,True,False,0,True,False,False,multi_horizon_only
878,-90.423676807,47.8234835322,420491.69609714655,2771030.7626948087,MULTI_HORIZON_CANDIDATE_LEDGER,EPSG:4326-compatible longitude/latitude; CRS not embedded in Parquet,MN,Upper Midwest,Upper Midwest,True,True,True,False,True,False,False,0,False,False,False,neither
87813,-94.3033403399,46.4184544613,130780.50090068097,2604445.6595996143,MULTI_HORIZON_CANDIDATE_LEDGER,EPSG:4326-compatible longitude/latitude; CRS not embedded in Parquet,MN,Upper Midwest,Upper Midwest,True,True,True,False,True,False,False,0,True,True,True,both
87838,-94.115144915,46.5766302749,144937.3322034269,2622246.7078038026,MULTI_HORIZON_CANDIDATE_LEDGER,EPSG:4326-compatible longitude/latitude; CRS not embedded in Parquet,MN,Upper Midwest,Upper Midwest,True,True,True,True,True,True,False,0,False,False,False,neither
8803,-92.8458876032,45.1219340226,247869.0544037386,2463401.0388986003,MULTI_HORIZON_CANDIDATE_LEDGER,EPSG:4326-compatible longitude/latitude; CRS not embedded in Parquet,MN,Upper Midwest,Upper Midwest,True,True,True,False,True,False,False,0,True,False,False,multi_horizon_only
8809,-92.8660131602,44.9820454648,246801.2366033937,2447792.562998065,MULTI_HORIZON_CANDIDATE_LEDGER,EPSG:4326-compatible longitude/latitude; CRS not embedded in Parquet,MN,Upper Midwest,Upper Midwest,True,True,True,True,True,True,True,1,True,False,False,multi_horizon_only
88095,-90.6435459628,37.8999442087,466296.4913965521,1664754.9899048666,MULTI_HORIZON_CANDIDATE_LEDGER,EPSG:4326-compatible longitude/latitude; CRS not embedded in Parquet,MO,Southern Appalachians,Southern Appalachians,True,True,True,True,True,True,False,0,False,False,False,neither
88149,-92.791724791,48.5142222559,239448.75719787515,2838854.4393978817,MULTI_HORIZON_CANDIDATE_LEDGER,EPSG:4326-compatible longitude/latitude; CRS not embedded in Parquet,MN,Upper Midwest,Upper Midwest,True,True,True,True,True,True,False,0,False,False,False,neither
882,-94.8203473772,47.0275535162,90094.1108997666,2671298.8236030582,MULTI_HORIZON_CANDIDATE_LEDGER,EPSG:4326-compatible longitude/latitude; CRS not embedded in Parquet,MN,Upper Midwest,Upper Midwest,True,True,True,True,True,True,False,0,False,False,False,neither
88833,-94.2103365893,46.6089253539,137551.00279963028,2625682.898898083,MULTI_HORIZON_CANDIDATE_LEDGER,EPSG:4326-compatible longitude/latitude; CRS not embedded in Parquet,MN,Upper Midwest,Upper Midwest,True,True,True,False,True,False,False,0,True,False,False,multi_horizon_only
88845,-93.0246200145,45.0682021063,234015.0467017067,2456973.1584985405,MULTI_HORIZON_CANDIDATE_LEDGER,EPSG:4326-compatible longitude/latitude; CRS not embedded in Parquet,MN,Upper Midwest,Upper Midwest,True,True,True,True,True,True,True,3,True,False,False,multi_horizon_only
88848,-94.7699019282,46.9755892158,94021.0211035847,2665597.8396050613,MULTI_HORIZON_CANDIDATE_LEDGER,EPSG:4326-compatible longitude/latitude; CRS not embedded in Parquet,MN,Upper Midwest,Upper Midwest,True,True,True,True,True,True,False,0,False,False,False,neither
88857,-93.388780635,44.9698182552,205682.11730242413,2445187.948005419,MULTI_HORIZON_CANDIDATE_LEDGER,EPSG:4326-compatible longitude/latitude; CRS not embedded in Parquet,MN,Upper Midwest,Upper Midwest,True,True,True,True,True,True,False,0,False,True,False,direct_60_day_only
88865,-94.1953881234,46.4869664224,138956.40899769223,2612192.0058046794,MULTI_HORIZON_CANDIDATE_LEDGER,EPSG:4326-compatible longitude/latitude; CRS not embedded in Parquet,MN,Upper Midwest,Upper Midwest,True,True,True,False,True,False,False,0,False,True,False,direct_60_day_only
88924,-95.9665965219,46.1257654389,2586.325601015215,2570817.3620001795,MULTI_HORIZON_CANDIDATE_LEDGER,EPSG:4326-compatible longitude/latitude; CRS not embedded in Parquet,MN,Upper Midwest,Upper Midwest,True,True,True,False,True,False,False,0,False,False,False,neither
88965,-92.876332055,45.1481031268,245381.744000272,2466231.5561053455,MULTI_HORIZON_CANDIDATE_LEDGER,EPSG:4326-compatible longitude/latitude; CRS not embedded in Parquet,MN,Upper Midwest,Upper Midwest,True,True,True,True,True,True,False,0,True,False,False,multi_horizon_only
88977,-93.096218536,45.3671684006,227369.72229863386,2490034.4517032914,MULTI_HORIZON_CANDIDATE_LEDGER,EPSG:4326-compatible longitude/latitude; CRS not embedded in Parquet,MN,Upper Midwest,Upper Midwest,True,True,True,False,True,False,False,0,False,False,False,neither
8903,-94.7452187695,47.4085562434,95275.34929822857,2713499.803901327,MULTI_HORIZON_CANDIDATE_LEDGER,EPSG:4326-compatible longitude/latitude; CRS not embedded in Parquet,MN,Upper Midwest,Upper Midwest,True,True,True,True,True,True,False,0,False,False,False,neither
89214,-95.2930219259,47.3949133857,53693.01899839916,2711562.8370949477,MULTI_HORIZON_CANDIDATE_LEDGER,EPSG:4326-compatible longitude/latitude; CRS not embedded in Parquet,MN,Upper Midwest,Upper Midwest,True,True,True,False,True,False,False,0,False,False,False,neither
89901,-95.1790553349,47.4699862917,62276.60439844512,2719927.6228981055,MULTI_HORIZON_CANDIDATE_LEDGER,EPSG:4326-compatible longitude/latitude; CRS not embedded in Parquet,MN,Upper Midwest,Upper Midwest,True,True,True,False,True,False,False,0,True,True,True,both
89946,-94.9125533838,47.0244435275,83056.28039974037,2670870.727805499,MULTI_HORIZON_CANDIDATE_LEDGER,EPSG:4326-compatible longitude/latitude; CRS not embedded in Parquet,MN,Upper Midwest,Upper Midwest,True,True,True,False,True,False,False,0,False,False,False,neither
89989,-92.9030969854,45.0779786486,243534.13329837273,2458365.661794902,MULTI_HORIZON_CANDIDATE_LEDGER,EPSG:4326-compatible longitude/latitude; CRS not embedded in Parquet,MN,Upper Midwest,Upper Midwest,True,True,True,True,True,True,False,0,False,True,False,direct_60_day_only
902,-93.8002813404,44.1812391621,175308.02719633994,2356556.1932999846,MULTI_HORIZON_CANDIDATE_LEDGER,EPSG:4326-compatible longitude/latitude; CRS not embedded in Parquet,MN,Upper Midwest,Upper Midwest,True,True,True,False,True,False,False,0,False,False,False,neither
90332,-94.4292674749,38.077793568,136474.0431006022,1672671.9812041186,MULTI_HORIZON_CANDIDATE_LEDGER,EPSG:4326-compatible longitude/latitude; CRS not embedded in Parquet,MO,Temporate Plains,Temperate Plains,True,True,True,False,True,False,False,0,True,False,False,multi_horizon_only
90357,-91.5265883467,36.2951480981,397948.4937022153,1481160.393594619,MULTI_HORIZON_CANDIDATE_LEDGER,EPSG:4326-compatible longitude/latitude; CRS not embedded in Parquet,AR,Southern Appalachians,Southern Appalachians,True,True,True,False,True,False,False,0,False,False,False,neither
90878,-92.9776392322,45.1222913662,237517.5249019741,2463104.3069958026,MULTI_HORIZON_CANDIDATE_LEDGER,EPSG:4326-compatible longitude/latitude; CRS not embedded in Parquet,MN,Upper Midwest,Upper Midwest,True,True,True,True,True,True,False,0,True,False,False,multi_horizon_only
90901,-94.8761327681,46.9677687037,85912.03009773046,2664631.8457008945,MULTI_HORIZON_CANDIDATE_LEDGER,EPSG:4326-compatible longitude/latitude; CRS not embedded in Parquet,MN,Upper Midwest,Upper Midwest,True,True,True,False,True,False,False,0,True,True,True,both
915,-96.6271255733,45.408540871,-49081.650497095856,2491321.9455989767,MULTI_HORIZON_CANDIDATE_LEDGER,EPSG:4326-compatible longitude/latitude; CRS not embedded in Parquet,SD,Temporate Plains,Temperate Plains,True,True,True,False,True,False,False,0,True,True,True,both
91905,-94.0564163908,45.3584363891,152217.9552995866,2487146.2702948833,MULTI_HORIZON_CANDIDATE_LEDGER,EPSG:4326-compatible longitude/latitude; CRS not embedded in Parquet,MN,Upper Midwest,Upper Midwest,True,True,True,False,True,False,False,0,False,False,False,neither
91948,-92.9696876707,44.8874766709,238975.24469998232,2437008.088295808,MULTI_HORIZON_CANDIDATE_LEDGER,EPSG:4326-compatible longitude/latitude; CRS not embedded in Parquet,MN,Upper Midwest,Upper Midwest,True,True,True,True,True,True,True,1,True,True,True,both
91950,-93.6727775268,44.8552674805,183629.00920365515,2431860.944800894,MULTI_HORIZON_CANDIDATE_LEDGER,EPSG:4326-compatible longitude/latitude; CRS not embedded in Parquet,MN,Upper Midwest,Upper Midwest,True,True,True,False,True,False,False,0,False,False,False,neither
91980,-93.5997690554,44.7939206594,189560.98950327488,2425177.0830000546,MULTI_HORIZON_CANDIDATE_LEDGER,EPSG:4326-compatible longitude/latitude; CRS not embedded in Parquet,MN,Upper Midwest,Upper Midwest,True,True,True,True,True,True,False,0,False,False,False,neither
92022,-92.7934540947,45.4137172496,250893.40810212013,2495968.5799042704,MULTI_HORIZON_CANDIDATE_LEDGER,EPSG:4326-compatible longitude/latitude; CRS not embedded in Parquet,MN,Upper Midwest,Upper Midwest,True,True,True,True,True,True,False,0,True,True,True,both
92026,-92.896343349,45.0951847769,244002.5304038841,2460296.2392993346,MULTI_HORIZON_CANDIDATE_LEDGER,EPSG:4326-compatible longitude/latitude; CRS not embedded in Parquet,MN,Upper Midwest,Upper Midwest,True,True,True,True,True,True,False,0,True,False,False,multi_horizon_only
921,-92.4803650461,48.364013188,263289.14949717774,2823152.0090985876,MULTI_HORIZON_CANDIDATE_LEDGER,EPSG:4326-compatible longitude/latitude; CRS not embedded in Parquet,MN,Upper Midwest,Upper Midwest,True,True,True,False,True,False,False,0,False,False,False,neither
924,-92.7974433862,45.1183145835,251688.22739692358,2463125.94210455,MULTI_HORIZON_CANDIDATE_LEDGER,EPSG:4326-compatible longitude/latitude; CRS not embedded in Parquet,MN,Upper Midwest,Upper Midwest,True,True,True,True,True,True,False,0,True,False,False,multi_horizon_only
92987,-94.2069941675,46.6138086445,137797.6588009561,2626228.689503287,MULTI_HORIZON_CANDIDATE_LEDGER,EPSG:4326-compatible longitude/latitude; CRS not embedded in Parquet,MN,Upper Midwest,Upper Midwest,True,True,True,False,True,False,False,0,True,True,True,both
93011,-95.1338902526,45.8657874461,67322.19360001927,2542267.6130971247,MULTI_HORIZON_CANDIDATE_LEDGER,EPSG:4326-compatible longitude/latitude; CRS not embedded in Parquet,MN,Upper Midwest,Upper Midwest,True,True,True,False,True,False,False,0,True,True,True,both
93012,-94.1317960318,46.7083709301,143370.2051011071,2636813.4221006194,MULTI_HORIZON_CANDIDATE_LEDGER,EPSG:4326-compatible longitude/latitude; CRS not embedded in Parquet,MN,Upper Midwest,Upper Midwest,True,True,True,True,True,True,False,0,False,False,False,neither
93023,-95.0314275045,45.8327870427,75323.6466996413,2538680.345804072,MULTI_HORIZON_CANDIDATE_LEDGER,EPSG:4326-compatible longitude/latitude; CRS not embedded in Parquet,MN,Upper Midwest,Upper Midwest,True,True,True,True,True,True,False,0,True,True,True,both
93043,-93.7436441719,45.2186724004,177078.3987998431,2472150.0818947386,MULTI_HORIZON_CANDIDATE_LEDGER,EPSG:4326-compatible longitude/latitude; CRS not embedded in Parquet,MN,Upper Midwest,Upper Midwest,True,True,True,False,True,False,False,0,True,True,True,both
93072,-93.9524417825,44.3381449492,162806.67270321696,2373769.697402914,MULTI_HORIZON_CANDIDATE_LEDGER,EPSG:4326-compatible longitude/latitude; CRS not embedded in Parquet,MN,Upper Midwest,Upper Midwest,True,True,True,True,True,True,False,0,False,False,False,neither
931,-94.8574906317,46.8614137882,87478.55400356198,2652877.2743051536,MULTI_HORIZON_CANDIDATE_LEDGER,EPSG:4326-compatible longitude/latitude; CRS not embedded in Parquet,MN,Upper Midwest,Upper Midwest,True,True,True,True,True,True,False,0,False,False,False,neither
93302,-95.8839248305,46.841109755,8890.489000156607,2650108.948997114,MULTI_HORIZON_CANDIDATE_LEDGER,EPSG:4326-compatible longitude/latitude; CRS not embedded in Parquet,MN,Upper Midwest,Upper Midwest,True,True,True,False,True,False,False,0,False,True,False,direct_60_day_only
93311,-95.3910458136,47.2926714446,46320.90219687469,2700210.413696494,MULTI_HORIZON_CANDIDATE_LEDGER,EPSG:4326-compatible longitude/latitude; CRS not embedded in Parquet,MN,Upper Midwest,Upper Midwest,True,True,True,True,True,True,False,0,True,False,False,multi_horizon_only
93982,-94.8884504148,46.9351271587,85012.72700349562,2661008.3559957156,MULTI_HORIZON_CANDIDATE_LEDGER,EPSG:4326-compatible longitude/latitude; CRS not embedded in Parquet,MN,Upper Midwest,Upper Midwest,True,True,True,False,True,False,False,0,False,False,False,neither
93999,-94.4768116673,45.447279018,119138.27159750053,2496421.000099008,MULTI_HORIZON_CANDIDATE_LEDGER,EPSG:4326-compatible longitude/latitude; CRS not embedded in Parquet,MN,Upper Midwest,Upper Midwest,True,True,True,True,True,True,True,1,False,False,False,neither
94,-94.7469194349,43.7291590988,100535.89069763914,2304771.4312969893,MULTI_HORIZON_CANDIDATE_LEDGER,EPSG:4326-compatible longitude/latitude; CRS not embedded in Parquet,MN,Temporate Plains,Temperate Plains,True,True,True,False,True,False,False,0,True,True,True,both
94014,-94.8200979966,47.6345295039,89280.16779650316,2738387.2284993343,MULTI_HORIZON_CANDIDATE_LEDGER,EPSG:4326-compatible longitude/latitude; CRS not embedded in Parquet,MN,Upper Midwest,Upper Midwest,True,True,True,False,True,False,False,0,False,False,False,neither
94023,-93.3337286239,45.0520293612,209760.73540352104,2454452.810702458,MULTI_HORIZON_CANDIDATE_LEDGER,EPSG:4326-compatible longitude/latitude; CRS not embedded in Parquet,MN,Upper Midwest,Upper Midwest,True,True,True,True,True,True,True,1,True,True,True,both
94084,-93.1556407963,44.8019717819,224600.04809898755,2427040.8471955927,MULTI_HORIZON_CANDIDATE_LEDGER,EPSG:4326-compatible longitude/latitude; CRS not embedded in Parquet,MN,Upper Midwest,Upper Midwest,True,True,True,False,True,False,False,0,True,True,True,both
94134,-92.8407461968,44.7405716621,249683.68229879785,2420993.9411974326,MULTI_HORIZON_CANDIDATE_LEDGER,EPSG:4326-compatible longitude/latitude; CRS not embedded in Parquet,MN,Temporate Plains,Temperate Plains,True,True,True,False,True,False,False,0,True,True,True,both
94375,-97.0217786108,43.9584901707,-81704.05739770502,2330129.6357995374,MULTI_HORIZON_CANDIDATE_LEDGER,EPSG:4326-compatible longitude/latitude; CRS not embedded in Parquet,SD,Temporate Plains,Temperate Plains,True,True,True,False,True,False,False,0,True,True,True,both
94401,-94.082960233,40.4080098153,161291.90909825143,1934315.624496053,MULTI_HORIZON_CANDIDATE_LEDGER,EPSG:4326-compatible longitude/latitude; CRS not embedded in Parquet,MO,Temporate Plains,Temperate Plains,True,True,True,False,True,False,False,0,True,False,False,multi_horizon_only
94414,-94.3907395983,38.8292930015,138394.9474017693,1756948.4453004766,MULTI_HORIZON_CANDIDATE_LEDGER,EPSG:4326-compatible longitude/latitude; CRS not embedded in Parquet,MO,Temporate Plains,Temperate Plains,True,True,True,True,True,True,False,0,False,False,False,neither
946,-88.4269609794,43.1257345622,612329.3915996094,2261157.5974054793,MULTI_HORIZON_CANDIDATE_LEDGER,EPSG:4326-compatible longitude/latitude; CRS not embedded in Parquet,WI,Temporate Plains,Temperate Plains,True,True,True,True,True,True,False,0,False,False,False,neither
94983,-93.3003330076,45.1402659665,212108.5032013167,2464339.58520154,MULTI_HORIZON_CANDIDATE_LEDGER,EPSG:4326-compatible longitude/latitude; CRS not embedded in Parquet,MN,Upper Midwest,Upper Midwest,True,True,True,True,True,True,False,0,False,False,False,neither
94984,-94.7549371048,46.9890039468,95145.32470241285,2667097.159697434,MULTI_HORIZON_CANDIDATE_LEDGER,EPSG:4326-compatible longitude/latitude; CRS not embedded in Parquet,MN,Upper Midwest,Upper Midwest,True,True,True,False,True,False,False,0,False,False,False,neither
95,-95.7935906571,45.5221927546,16127.184797516522,2503810.0749979727,MULTI_HORIZON_CANDIDATE_LEDGER,EPSG:4326-compatible longitude/latitude; CRS not embedded in Parquet,MN,Temporate Plains,Temperate Plains,True,True,True,False,True,False,False,0,True,True,True,both
95004,-93.1029866729,44.8630228487,228549.36910308487,2433959.5601951582,MULTI_HORIZON_CANDIDATE_LEDGER,EPSG:4326-compatible longitude/latitude; CRS not embedded in Parquet,MN,Upper Midwest,Upper Midwest,True,True,True,True,True,True,False,0,True,False,False,multi_horizon_only
95043,-94.8331522406,46.8875927777,89306.39660258609,2655797.819299598,MULTI_HORIZON_CANDIDATE_LEDGER,EPSG:4326-compatible longitude/latitude; CRS not embedded in Parquet,MN,Upper Midwest,Upper Midwest,True,True,True,True,True,True,False,0,False,False,False,neither
95174,-93.4314476235,43.5906034926,206476.20409823026,2291438.026896838,MULTI_HORIZON_CANDIDATE_LEDGER,EPSG:4326-compatible longitude/latitude; CRS not embedded in Parquet,MN,Temporate Plains,Temperate Plains,True,True,True,False,True,False,False,0,True,True,True,both
953,-96.0445961315,44.3829076735,-3543.887701574784,2377004.737000105,MULTI_HORIZON_CANDIDATE_LEDGER,EPSG:4326-compatible longitude/latitude; CRS not embedded in Parquet,MN,Temporate Plains,Temperate Plains,True,True,True,False,True,False,False,0,True,True,True,both
955,-92.808596944,45.135138937,250749.16100047014,2464967.0169955585,MULTI_HORIZON_CANDIDATE_LEDGER,EPSG:4326-compatible longitude/latitude; CRS not embedded in Parquet,MN,Upper Midwest,Upper Midwest,True,True,True,True,True,True,False,0,False,False,False,neither
960,-95.2486173156,45.8521897943,58416.664899474556,2540681.9378051404,MULTI_HORIZON_CANDIDATE_LEDGER,EPSG:4326-compatible longitude/latitude; CRS not embedded in Parquet,MN,Upper Midwest,Upper Midwest,True,True,True,True,True,True,True,2,True,False,False,multi_horizon_only
96013,-93.6854152939,47.1442922102,176445.31279933255,2685803.077397342,MULTI_HORIZON_CANDIDATE_LEDGER,EPSG:4326-compatible longitude/latitude; CRS not embedded in Parquet,MN,Upper Midwest,Upper Midwest,True,True,True,True,True,True,False,0,False,False,False,neither
96015,-93.5014339996,45.1098694055,196401.00190261847,2460527.1555957394,MULTI_HORIZON_CANDIDATE_LEDGER,EPSG:4326-compatible longitude/latitude; CRS not embedded in Parquet,MN,Upper Midwest,Upper Midwest,True,True,True,True,True,True,True,1,True,True,True,both
96055,-93.7249575336,45.0704173721,178939.41199781033,2455697.916402043,MULTI_HORIZON_CANDIDATE_LEDGER,EPSG:4326-compatible longitude/latitude; CRS not embedded in Parquet,MN,Upper Midwest,Upper Midwest,True,True,True,False,True,False,False,0,False,False,False,neither
96068,-93.6756133664,44.9445237019,183162.33020144427,2441787.069995582,MULTI_HORIZON_CANDIDATE_LEDGER,EPSG:4326-compatible longitude/latitude; CRS not embedded in Parquet,MN,Upper Midwest,Upper Midwest,True,True,True,False,True,False,False,0,True,False,False,multi_horizon_only
96122,-92.8398037725,45.1911642828,248090.945499283,2471113.601999077,MULTI_HORIZON_CANDIDATE_LEDGER,EPSG:4326-compatible longitude/latitude; CRS not embedded in Parquet,MN,Upper Midwest,Upper Midwest,True,True,True,True,True,True,False,0,True,False,False,multi_horizon_only
96130,-92.8181672861,45.0430189499,250340.57659617986,2454698.7756967014,MULTI_HORIZON_CANDIDATE_LEDGER,EPSG:4326-compatible longitude/latitude; CRS not embedded in Parquet,MN,Upper Midwest,Upper Midwest,True,True,True,False,True,False,False,0,False,False,False,neither
96156,-93.6656213021,44.2288161748,185907.49089997998,2362114.0754965944,MULTI_HORIZON_CANDIDATE_LEDGER,EPSG:4326-compatible longitude/latitude; CRS not embedded in Parquet,MN,Upper Midwest,Upper Midwest,True,True,True,False,True,False,False,0,False,False,False,neither
9629,-95.4280548067,47.5856067696,43310.995599177535,2732560.732404069,MULTI_HORIZON_CANDIDATE_LEDGER,EPSG:4326-compatible longitude/latitude; CRS not embedded in Parquet,MN,Upper Midwest,Upper Midwest,True,True,True,True,True,True,False,0,False,False,False,neither
9632,-96.0324473098,46.3049892174,-2505.504703772005,2590697.8047042293,MULTI_HORIZON_CANDIDATE_LEDGER,EPSG:4326-compatible longitude/latitude; CRS not embedded in Parquet,MN,Upper Midwest,Upper Midwest,True,True,True,False,True,False,False,0,True,True,True,both
9643,-96.186503285,46.5988846857,-14337.400499363426,2623289.268304658,MULTI_HORIZON_CANDIDATE_LEDGER,EPSG:4326-compatible longitude/latitude; CRS not embedded in Parquet,MN,Upper Midwest,Upper Midwest,True,True,True,False,True,False,False,0,False,False,False,neither
97068,-94.7324516159,45.6231834195,98883.61720179257,2515674.1765999226,MULTI_HORIZON_CANDIDATE_LEDGER,EPSG:4326-compatible longitude/latitude; CRS not embedded in Parquet,MN,Upper Midwest,Upper Midwest,True,True,True,False,True,False,False,0,True,False,False,multi_horizon_only
97084,-93.1017734178,45.052346912,228002.59230240245,2455022.370095021,MULTI_HORIZON_CANDIDATE_LEDGER,EPSG:4326-compatible longitude/latitude; CRS not embedded in Parquet,MN,Upper Midwest,Upper Midwest,True,True,True,True,True,True,True,3,True,False,False,multi_horizon_only
971,-93.8384776768,44.8875231571,170475.15740088545,2435141.657404513,MULTI_HORIZON_CANDIDATE_LEDGER,EPSG:4326-compatible longitude/latitude; CRS not embedded in Parquet,MN,Upper Midwest,Upper Midwest,True,True,True,True,True,True,True,3,True,True,True,both
97105,-93.1604877381,44.8089378448,224194.26309727834,2427804.573696847,MULTI_HORIZON_CANDIDATE_LEDGER,EPSG:4326-compatible longitude/latitude; CRS not embedded in Parquet,MN,Upper Midwest,Upper Midwest,True,True,True,True,True,True,False,0,True,False,False,multi_horizon_only
972,-95.6677845596,46.237487871,25679.011503751208,2583255.8532000016,MULTI_HORIZON_CANDIDATE_LEDGER,EPSG:4326-compatible longitude/latitude; CRS not embedded in Parquet,MN,Upper Midwest,Upper Midwest,True,True,True,False,True,False,False,0,False,False,False,neither
97244,-95.206831043,43.785950211,63584.95210201005,2310709.9993005907,MULTI_HORIZON_CANDIDATE_LEDGER,EPSG:4326-compatible longitude/latitude; CRS not embedded in Parquet,MN,Temporate Plains,Temperate Plains,True,True,True,False,True,False,False,0,True,True,True,both
973,-93.0865417988,45.4141152657,227967.20470333006,2495274.3857962685,MULTI_HORIZON_CANDIDATE_LEDGER,EPSG:4326-compatible longitude/latitude; CRS not embedded in Parquet,MN,Upper Midwest,Upper Midwest,True,True,True,True,True,True,True,4,True,True,True,both
97379,-95.6346651672,46.4510989993,28147.949097892455,2606951.0826019514,MULTI_HORIZON_CANDIDATE_LEDGER,EPSG:4326-compatible longitude/latitude; CRS not embedded in Parquet,MN,Upper Midwest,Upper Midwest,True,True,True,False,True,False,False,0,True,True,True,both
975,-95.8086064243,45.8702225602,14876.112501239018,2542468.2579974122,MULTI_HORIZON_CANDIDATE_LEDGER,EPSG:4326-compatible longitude/latitude; CRS not embedded in Parquet,MN,Temporate Plains,Temperate Plains,True,True,True,False,True,False,False,0,True,True,True,both
97859,-86.1287434064,44.7080156785,779267.1447977022,2453726.6160049764,MULTI_HORIZON_CANDIDATE_LEDGER,EPSG:4326-compatible longitude/latitude; CRS not embedded in Parquet,MI,Upper Midwest,Upper Midwest,True,True,True,True,True,True,False,0,True,False,False,multi_horizon_only
98189,-92.8914571125,45.1027972919,244358.841000342,2461155.249096346,MULTI_HORIZON_CANDIDATE_LEDGER,EPSG:4326-compatible longitude/latitude; CRS not embedded in Parquet,MN,Upper Midwest,Upper Midwest,True,True,True,True,True,True,False,0,True,False,False,multi_horizon_only
98344,-89.8985733535,39.4377447085,520006.55149950425,1840670.1028970238,MULTI_HORIZON_CANDIDATE_LEDGER,EPSG:4326-compatible longitude/latitude; CRS not embedded in Parquet,IL,Temporate Plains,Temperate Plains,True,True,True,False,True,False,False,0,True,True,True,both
98382,-95.6332548721,47.62257706,27756.40360314587,2736566.708900029,MULTI_HORIZON_CANDIDATE_LEDGER,EPSG:4326-compatible longitude/latitude; CRS not embedded in Parquet,MN,Upper Midwest,Upper Midwest,True,True,True,True,True,True,False,0,True,False,False,multi_horizon_only
98420,-95.7713244929,46.3592253607,17643.294803537607,2596732.732699831,MULTI_HORIZON_CANDIDATE_LEDGER,EPSG:4326-compatible longitude/latitude; CRS not embedded in Parquet,MN,Upper Midwest,Upper Midwest,True,True,True,True,True,True,False,0,True,False,False,multi_horizon_only
98425,-93.7113399257,47.6242805502,173192.01799859782,2738786.830396075,MULTI_HORIZON_CANDIDATE_LEDGER,EPSG:4326-compatible longitude/latitude; CRS not embedded in Parquet,MN,Upper Midwest,Upper Midwest,True,True,True,False,True,False,False,0,False,False,False,neither
98436,-92.6351579867,47.6489011189,254506.16110225994,2743925.999802042,MULTI_HORIZON_CANDIDATE_LEDGER,EPSG:4326-compatible longitude/latitude; CRS not embedded in Parquet,MN,Upper Midwest,Upper Midwest,True,True,True,False,True,False,False,0,False,False,False,neither
9883,-93.1616889383,44.8442405086,223982.09269780744,2431729.975298696,MULTI_HORIZON_CANDIDATE_LEDGER,EPSG:4326-compatible longitude/latitude; CRS not embedded in Parquet,MN,Upper Midwest,Upper Midwest,True,True,True,True,True,True,False,0,True,False,False,multi_horizon_only
990,-95.8811439534,46.8031771235,9108.736102241068,2645909.220803284,MULTI_HORIZON_CANDIDATE_LEDGER,EPSG:4326-compatible longitude/latitude; CRS not embedded in Parquet,MN,Upper Midwest,Upper Midwest,True,True,True,True,True,True,True,1,True,True,True,both
99111,-94.9655046244,47.0013783772,79039.95180069828,2668273.4577028863,MULTI_HORIZON_CANDIDATE_LEDGER,EPSG:4326-compatible longitude/latitude; CRS not embedded in Parquet,MN,Upper Midwest,Upper Midwest,True,True,True,True,True,True,False,0,False,False,False,neither
9914,-94.8745465981,46.8377797845,86203.67759894021,2650245.2868994325,MULTI_HORIZON_CANDIDATE_LEDGER,EPSG:4326-compatible longitude/latitude; CRS not embedded in Parquet,MN,Upper Midwest,Upper Midwest,True,True,True,True,True,True,False,0,True,False,False,multi_horizon_only
99169,-93.4008852098,44.8539817017,205081.4609034419,2432273.92100179,MULTI_HORIZON_CANDIDATE_LEDGER,EPSG:4326-compatible longitude/latitude; CRS not embedded in Parquet,MN,Upper Midwest,Upper Midwest,True,True,True,False,True,False,False,0,False,False,False,neither
99205,-92.8670120173,45.1776385098,246005.33069661187,2469539.2367033036,MULTI_HORIZON_CANDIDATE_LEDGER,EPSG:4326-compatible longitude/latitude; CRS not embedded in Parquet,MN,Upper Midwest,Upper Midwest,True,True,True,False,True,False,False,0,True,True,True,both
99307,-90.9199179639,39.0217803563,435542.5765987653,1788995.2275953935,MULTI_HORIZON_CANDIDATE_LEDGER,EPSG:4326-compatible longitude/latitude; CRS not embedded in Parquet,MO,Temporate Plains,Temperate Plains,True,True,True,True,True,True,False,0,False,False,False,neither
99424,-95.7038161564,46.6110050808,22764.862603019654,2624653.581101073,MULTI_HORIZON_CANDIDATE_LEDGER,EPSG:4326-compatible longitude/latitude; CRS not embedded in Parquet,MN,Upper Midwest,Upper Midwest,True,True,True,True,True,True,False,0,False,False,False,neither
99428,-95.6558412317,46.6276729724,26445.540598512212,2626512.6671976456,MULTI_HORIZON_CANDIDATE_LEDGER,EPSG:4326-compatible longitude/latitude; CRS not embedded in Parquet,MN,Upper Midwest,Upper Midwest,True,True,True,False,True,False,False,0,False,False,False,neither
99430,-95.8962932564,46.7915358129,7949.150596254541,2644618.806605151,MULTI_HORIZON_CANDIDATE_LEDGER,EPSG:4326-compatible longitude/latitude; CRS not embedded in Parquet,MN,Upper Midwest,Upper Midwest,True,True,True,True,True,True,False,0,False,False,False,neither
99482,-96.0507688132,41.3402794525,-4215.998203410659,2037088.8861994538,MULTI_HORIZON_CANDIDATE_LEDGER,EPSG:4326-compatible longitude/latitude; CRS not embedded in Parquet,NE,Temporate Plains,Temperate Plains,True,True,True,False,True,False,False,0,True,True,True,both
9954,-94.0824050611,47.0956389223,146295.12830320926,2679748.460096388,MULTI_HORIZON_CANDIDATE_LEDGER,EPSG:4326-compatible longitude/latitude; CRS not embedded in Parquet,MN,Upper Midwest,Upper Midwest,True,True,True,True,True,True,False,0,False,False,False,neither
996,-94.4128019921,47.1598849778,120972.73909643752,2686389.125194788,MULTI_HORIZON_CANDIDATE_LEDGER,EPSG:4326-compatible longitude/latitude; CRS not embedded in Parquet,MN,Upper Midwest,Upper Midwest,True,True,True,False,True,False,False,0,False,False,False,neither
9972,-93.1816343104,45.0291802283,221798.2632032542,2452256.8450968014,MULTI_HORIZON_CANDIDATE_LEDGER,EPSG:4326-compatible longitude/latitude; CRS not embedded in Parquet,MN,Upper Midwest,Upper Midwest,True,True,True,False,True,False,False,0,False,False,False,neither
