lake_id,longitude,latitude,x_epsg5070_m,y_epsg5070_m,coordinate_source_id,coordinate_crs,state,ecoregion_source,ecoregion_display,conus_bounds_valid,candidate_universe,temporal_evaluation_period_candidate_domain,temporal_evaluation_monitoring_lake_domain,has_frozen_pre2021_predictor_history,has_post2020_temporal_evaluation_chla_history,formal_event_lake,formal_event_event_count,multi_horizon_ever_selected,direct_60_day_ever_selected,policy_overlap_ever_selected,ever_selected_role
100152,-94.321330663,46.5699330669,129097.384098769,2621207.45839887,Candidate lake ledger,EPSG:4326-compatible longitude/latitude; CRS not embedded in Parquet,MN,Upper Midwest,Upper Midwest,True,True,True,False,True,False,False,0,False,False,False,neither
100219,-92.9120253321,44.9644263368,243242.766802734,2445714.23579902,Candidate lake ledger,EPSG:4326-compatible longitude/latitude; CRS not embedded in Parquet,MN,Upper Midwest,Upper Midwest,True,True,True,True,True,True,True,1,True,True,True,Shared
1003,-94.5027550844,45.6778283477,116705.623900838,2522005.02939655,Candidate lake ledger,EPSG:4326-compatible longitude/latitude; CRS not embedded in Parquet,MN,Upper Midwest,Upper Midwest,True,True,True,False,True,False,False,0,True,False,False,Multi-horizon only
1004,-93.335789382,45.3568032665,208648.463700474,2488332.9621999,Candidate lake ledger,EPSG:4326-compatible longitude/latitude; CRS not embedded in Parquet,MN,Upper Midwest,Upper Midwest,True,True,True,True,True,True,False,0,False,False,False,neither
100422,-95.6469794712,46.9161785266,27007.8038986449,2658463.99229466,Candidate lake ledger,EPSG:4326-compatible longitude/latitude; CRS not embedded in Parquet,MN,Upper Midwest,Upper Midwest,True,True,True,True,True,True,False,0,False,True,False,Direct 60-day 60-day only
1011,-93.4855357001,47.0600773537,191925.573102533,2676877.41019496,Candidate lake ledger,EPSG:4326-compatible longitude/latitude; CRS not embedded in Parquet,MN,Upper Midwest,Upper Midwest,True,True,True,False,True,False,False,0,True,False,False,Multi-horizon only
101148,-95.4521391866,46.4031477999,42241.5412016329,2601703.02629529,Candidate lake ledger,EPSG:4326-compatible longitude/latitude; CRS not embedded in Parquet,MN,Upper Midwest,Upper Midwest,True,True,True,True,True,True,False,0,False,False,False,neither
101149,-94.3673267566,46.9409740055,124854.514897426,2662230.84429866,Candidate lake ledger,EPSG:4326-compatible longitude/latitude; CRS not embedded in Parquet,MN,Upper Midwest,Upper Midwest,True,True,True,False,True,False,False,0,False,False,False,neither
101152,-95.3736971476,46.0786668468,48526.7396018539,2565750.69140354,Candidate lake ledger,EPSG:4326-compatible longitude/latitude; CRS not embedded in Parquet,MN,Upper Midwest,Upper Midwest,True,True,True,False,True,False,False,0,False,False,False,neither
101243,-93.0865375591,44.8640471957,229843.161796296,2434113.20150423,Candidate lake ledger,EPSG:4326-compatible longitude/latitude; CRS not embedded in Parquet,MN,Upper Midwest,Upper Midwest,True,True,True,True,True,True,False,0,False,False,False,neither
1013,-94.577013321,45.4216412989,111344.13920164,2493449.94160357,Candidate lake ledger,EPSG:4326-compatible longitude/latitude; CRS not embedded in Parquet,MN,Upper Midwest,Upper Midwest,True,True,True,False,True,False,False,0,True,False,False,Multi-horizon only
102115,-93.0646620689,45.1181481559,230695.124100274,2462429.24300237,Candidate lake ledger,EPSG:4326-compatible longitude/latitude; CRS not embedded in Parquet,MN,Upper Midwest,Upper Midwest,True,True,True,True,True,True,True,1,True,True,True,Shared
1022,-91.2538239731,47.6087419311,359133.111699088,2743955.18529485,Candidate lake ledger,EPSG:4326-compatible longitude/latitude; CRS not embedded in Parquet,MN,Upper Midwest,Upper Midwest,True,True,True,False,True,False,False,0,False,False,False,neither
102216,-93.2990835092,44.7072395974,213576.195301671,2416167.0860983,Candidate lake ledger,EPSG:4326-compatible longitude/latitude; CRS not embedded in Parquet,MN,Upper Midwest,Upper Midwest,True,True,True,False,True,False,False,0,False,True,False,Direct 60-day 60-day only
1029,-92.9181545712,46.6429329302,236716.610298082,2631993.98060007,Candidate lake ledger,EPSG:4326-compatible longitude/latitude; CRS not embedded in Parquet,MN,Upper Midwest,Upper Midwest,True,True,True,True,True,True,False,0,False,False,False,neither
103160,-95.425988488,45.9077838826,44589.7550021226,2546758.2675037,Candidate lake ledger,EPSG:4326-compatible longitude/latitude; CRS not embedded in Parquet,MN,Upper Midwest,Upper Midwest,True,True,True,False,True,False,False,0,False,False,False,neither
103166,-93.3901839627,45.1830242423,204920.263400135,2468896.81209459,Candidate lake ledger,EPSG:4326-compatible longitude/latitude; CRS not embedded in Parquet,MN,Upper Midwest,Upper Midwest,True,True,True,False,True,False,False,0,True,True,True,Shared
103181,-95.4837246811,45.8873656539,40117.1149026174,2544465.64939946,Candidate lake ledger,EPSG:4326-compatible longitude/latitude; CRS not embedded in Parquet,MN,Upper Midwest,Upper Midwest,True,True,True,False,True,False,False,0,False,False,False,neither
103186,-92.9719671978,44.944845141,238592.125097748,2443384.21709676,Candidate lake ledger,EPSG:4326-compatible longitude/latitude; CRS not embedded in Parquet,MN,Upper Midwest,Upper Midwest,True,True,True,True,True,True,True,1,True,True,True,Shared
103201,-93.590287088,44.7887842539,190324.176996785,2424624.37350283,Candidate lake ledger,EPSG:4326-compatible longitude/latitude; CRS not embedded in Parquet,MN,Upper Midwest,Upper Midwest,True,True,True,True,True,True,False,0,False,False,False,neither
103205,-94.4590784479,43.4993210785,124043.693200496,2279465.17059454,Candidate lake ledger,EPSG:4326-compatible longitude/latitude; CRS not embedded in Parquet,IA,Temporate Plains,Temperate Plains,True,True,True,False,True,False,False,0,True,True,True,Shared
103210,-93.1063953268,44.7935397398,228516.020996494,2426219.93649821,Candidate lake ledger,EPSG:4326-compatible longitude/latitude; CRS not embedded in Parquet,MN,Upper Midwest,Upper Midwest,True,True,True,True,True,True,False,0,False,False,False,neither
103214,-93.1150328588,44.8406340167,227674.967997593,2431439.55680511,Candidate lake ledger,EPSG:4326-compatible longitude/latitude; CRS not embedded in Parquet,MN,Upper Midwest,Upper Midwest,True,True,True,True,True,True,False,0,True,True,True,Shared
103240,-92.8980124105,45.2692630492,243239.452996871,2479644.30029687,Candidate lake ledger,EPSG:4326-compatible longitude/latitude; CRS not embedded in Parquet,MN,Upper Midwest,Upper Midwest,True,True,True,False,True,False,False,0,True,False,False,Multi-horizon only
103486,-95.3896329131,47.663019023,46165.58230039,2741126.93049752,Candidate lake ledger,EPSG:4326-compatible longitude/latitude; CRS not embedded in Parquet,MN,Upper Midwest,Upper Midwest,True,True,True,True,True,True,False,0,True,True,True,Shared
103496,-95.2352162696,47.759992318,57758.6289014117,2751916.0678045,Candidate lake ledger,EPSG:4326-compatible longitude/latitude; CRS not embedded in Parquet,MN,Upper Midwest,Upper Midwest,True,True,True,True,True,True,False,0,False,False,False,neither
103522,-94.2371227322,47.8120557226,133024.696399395,2758663.29680323,Candidate lake ledger,EPSG:4326-compatible longitude/latitude; CRS not embedded in Parquet,MN,Upper Midwest,Upper Midwest,True,True,True,False,True,False,False,0,False,False,False,neither
104200,-94.1577035662,45.3238120148,144360.97379837,2483139.23260344,Candidate lake ledger,EPSG:4326-compatible longitude/latitude; CRS not embedded in Parquet,MN,Upper Midwest,Upper Midwest,True,True,True,False,True,False,False,0,False,False,False,neither
104301,-93.054657003,45.5880742168,229862.157599674,2514676.00760301,Candidate lake ledger,EPSG:4326-compatible longitude/latitude; CRS not embedded in Parquet,MN,Upper Midwest,Upper Midwest,True,True,True,True,True,True,False,0,False,False,False,neither
1045,-95.2180672986,47.189247079,59572.5691972503,2688871.30280191,Candidate lake ledger,EPSG:4326-compatible longitude/latitude; CRS not embedded in Parquet,MN,Upper Midwest,Upper Midwest,True,True,True,True,True,True,False,0,False,False,False,neither
1048,-93.321241096,44.9596863952,211032.50019844,2444208.91609932,Candidate lake ledger,EPSG:4326-compatible longitude/latitude; CRS not embedded in Parquet,MN,Upper Midwest,Upper Midwest,True,True,True,True,True,True,False,0,False,False,False,neither
105220,-93.9747001995,46.9585184885,154834.14359999,2664750.0301946,Candidate lake ledger,EPSG:4326-compatible longitude/latitude; CRS not embedded in Parquet,MN,Upper Midwest,Upper Midwest,True,True,True,True,True,True,False,0,False,False,False,neither
105245,-94.2534850203,46.6637345599,134123.466398554,2631692.2983026,Candidate lake ledger,EPSG:4326-compatible longitude/latitude; CRS not embedded in Parquet,MN,Upper Midwest,Upper Midwest,True,True,True,True,True,True,False,0,False,False,False,neither
105254,-94.9358202803,45.3004781543,83420.8627018345,2479612.39789775,Candidate lake ledger,EPSG:4326-compatible longitude/latitude; CRS not embedded in Parquet,MN,Upper Midwest,Upper Midwest,True,True,True,True,True,True,False,0,False,True,False,Direct 60-day 60-day only
105283,-93.5881845904,45.0110198293,189862.509802564,2449356.30700394,Candidate lake ledger,EPSG:4326-compatible longitude/latitude; CRS not embedded in Parquet,MN,Upper Midwest,Upper Midwest,True,True,True,False,True,False,False,0,False,False,False,neither
105285,-93.9857229919,45.3382828652,157801.210301484,2485021.31129857,Candidate lake ledger,EPSG:4326-compatible longitude/latitude; CRS not embedded in Parquet,MN,Upper Midwest,Upper Midwest,True,True,True,True,True,True,False,0,False,False,False,neither
1055,-93.9442194931,46.8036472538,157534.877602138,2647659.5640023,Candidate lake ledger,EPSG:4326-compatible longitude/latitude; CRS not embedded in Parquet,MN,Upper Midwest,Upper Midwest,True,True,True,True,True,True,False,0,False,False,False,neither
105575,-95.7624551476,46.3726051792,18323.8932029689,2598217.91830272,Candidate lake ledger,EPSG:4326-compatible longitude/latitude; CRS not embedded in Parquet,MN,Upper Midwest,Upper Midwest,True,True,True,False,True,False,False,0,True,True,True,Shared
105604,-92.7072196407,48.5187426259,245736.050700895,2839567.35519642,Candidate lake ledger,EPSG:4326-compatible longitude/latitude; CRS not embedded in Parquet,MN,Upper Midwest,Upper Midwest,True,True,True,True,True,True,False,0,False,False,False,neither
105605,-92.9915838705,47.6729904021,227472.574797331,2745680.38970143,Candidate lake ledger,EPSG:4326-compatible longitude/latitude; CRS not embedded in Parquet,MN,Upper Midwest,Upper Midwest,True,True,True,True,True,True,False,0,False,False,False,neither
105615,-93.9877500852,47.6692496204,152173.172902641,2743277.72170448,Candidate lake ledger,EPSG:4326-compatible longitude/latitude; CRS not embedded in Parquet,MN,Upper Midwest,Upper Midwest,True,True,True,False,True,False,False,0,True,False,False,Multi-horizon only
106,-92.9004591872,45.3413084112,242786.418801828,2487644.9430049,Candidate lake ledger,EPSG:4326-compatible longitude/latitude; CRS not embedded in Parquet,MN,Upper Midwest,Upper Midwest,True,True,True,False,True,False,False,0,False,False,False,neither
1060,-94.2570517141,46.5664342746,134047.296702198,2620908.81460097,Candidate lake ledger,EPSG:4326-compatible longitude/latitude; CRS not embedded in Parquet,MN,Upper Midwest,Upper Midwest,True,True,True,True,True,True,False,0,False,False,False,neither
1061,-92.8219692208,45.3785003383,248794.003599346,2491980.72670277,Candidate lake ledger,EPSG:4326-compatible longitude/latitude; CRS not embedded in Parquet,MN,Upper Midwest,Upper Midwest,True,True,True,False,True,False,False,0,False,False,False,neither
106260,-94.8103142072,45.6318733154,92797.6646972001,2516561.06130393,Candidate lake ledger,EPSG:4326-compatible longitude/latitude; CRS not embedded in Parquet,MN,Upper Midwest,Upper Midwest,True,True,True,False,True,False,False,0,True,True,True,Shared
1064,-92.4882919641,48.1751489596,263465.083201625,2802338.66449699,Candidate lake ledger,EPSG:4326-compatible longitude/latitude; CRS not embedded in Parquet,MN,Upper Midwest,Upper Midwest,True,True,True,False,True,False,False,0,False,False,False,neither
1065,-93.6747506302,44.9330882243,183261.437498323,2440516.41429851,Candidate lake ledger,EPSG:4326-compatible longitude/latitude; CRS not embedded in Parquet,MN,Upper Midwest,Upper Midwest,True,True,True,False,True,False,False,0,True,False,False,Multi-horizon only
106589,-95.7622864526,46.930761926,18182.238800783,2660050.75890475,Candidate lake ledger,EPSG:4326-compatible longitude/latitude; CRS not embedded in Parquet,MN,Upper Midwest,Upper Midwest,True,True,True,False,True,False,False,0,False,False,False,neither
1067,-93.5249289089,46.6429799798,190121.955799727,2630636.53240404,Candidate lake ledger,EPSG:4326-compatible longitude/latitude; CRS not embedded in Parquet,MN,Upper Midwest,Upper Midwest,True,True,True,False,True,False,False,0,False,False,False,neither
1070,-96.2185975426,44.3025783923,-17391.7054018551,2368072.02169831,Candidate lake ledger,EPSG:4326-compatible longitude/latitude; CRS not embedded in Parquet,MN,Temporate Plains,Temperate Plains,True,True,True,False,True,False,False,0,True,True,True,Shared
1072,-94.3045920194,46.9086906507,129715.239402217,2658742.09240094,Candidate lake ledger,EPSG:4326-compatible longitude/latitude; CRS not embedded in Parquet,MN,Upper Midwest,Upper Midwest,True,True,True,True,True,True,False,0,False,False,False,neither
10725,-94.8961526074,45.7514886144,85948.0884970265,2529766.95999514,Candidate lake ledger,EPSG:4326-compatible longitude/latitude; CRS not embedded in Parquet,MN,Upper Midwest,Upper Midwest,True,True,True,False,True,False,False,0,True,True,True,Shared
10727,-93.4097980328,44.9641913074,204044.083301923,2444516.67099975,Candidate lake ledger,EPSG:4326-compatible longitude/latitude; CRS not embedded in Parquet,MN,Upper Midwest,Upper Midwest,True,True,True,False,True,False,False,0,False,False,False,neither
107285,-94.6864349988,47.5614594026,99505.0287966253,2730451.13980453,Candidate lake ledger,EPSG:4326-compatible longitude/latitude; CRS not embedded in Parquet,MN,Upper Midwest,Upper Midwest,True,True,True,True,True,True,False,0,False,False,False,neither
107309,-94.9533969747,47.0468240511,79909.6128037426,2673311.8816018,Candidate lake ledger,EPSG:4326-compatible longitude/latitude; CRS not embedded in Parquet,MN,Upper Midwest,Upper Midwest,True,True,True,True,True,True,False,0,False,False,False,neither
107313,-95.5304275553,46.4176492896,36197.4070996187,2603278.36180345,Candidate lake ledger,EPSG:4326-compatible longitude/latitude; CRS not embedded in Parquet,MN,Upper Midwest,Upper Midwest,True,True,True,False,True,False,False,0,False,False,False,neither
107336,-92.90311633,44.8060216577,244518.75759633,2428114.77069576,Candidate lake ledger,EPSG:4326-compatible longitude/latitude; CRS not embedded in Parquet,MN,Temporate Plains,Temperate Plains,True,True,True,True,True,True,False,0,True,True,True,Shared
107343,-94.9318158022,47.0056186912,81608.5437989796,2668771.1291027,Candidate lake ledger,EPSG:4326-compatible longitude/latitude; CRS not embedded in Parquet,MN,Upper Midwest,Upper Midwest,True,True,True,True,True,True,False,0,False,False,False,neither
107382,-93.1417134172,44.7788227572,225776.972099986,2424497.78590154,Candidate lake ledger,EPSG:4326-compatible longitude/latitude; CRS not embedded in Parquet,MN,Upper Midwest,Upper Midwest,True,True,True,True,True,True,False,0,True,False,False,Multi-horizon only
1076,-94.2113433728,44.6683780534,141530.969497582,2410136.30549695,Candidate lake ledger,EPSG:4326-compatible longitude/latitude; CRS not embedded in Parquet,MN,Temporate Plains,Temperate Plains,True,True,True,True,True,True,False,0,True,True,True,Shared
10769,-93.6057047455,44.8327067013,188983.535998436,2429481.78420005,Candidate lake ledger,EPSG:4326-compatible longitude/latitude; CRS not embedded in Parquet,MN,Upper Midwest,Upper Midwest,True,True,True,True,True,True,True,4,True,True,True,Shared
10791,-92.8065760194,44.9373662562,251647.215099178,2442978.90679871,Candidate lake ledger,EPSG:4326-compatible longitude/latitude; CRS not embedded in Parquet,MN,Temporate Plains,Temperate Plains,True,True,True,True,True,True,False,0,False,False,False,neither
1080,-93.163933482,44.8219489626,223879.064399085,2429244.27410053,Candidate lake ledger,EPSG:4326-compatible longitude/latitude; CRS not embedded in Parquet,MN,Upper Midwest,Upper Midwest,True,True,True,True,True,True,False,0,True,False,False,Multi-horizon only
1082,-94.3244172737,46.5855548719,128829.515599228,2622933.99700259,Candidate lake ledger,EPSG:4326-compatible longitude/latitude; CRS not embedded in Parquet,MN,Upper Midwest,Upper Midwest,True,True,True,True,True,True,False,0,False,False,False,neither
108319,-95.0827828172,47.2226846684,69843.4107995626,2692660.94890072,Candidate lake ledger,EPSG:4326-compatible longitude/latitude; CRS not embedded in Parquet,MN,Upper Midwest,Upper Midwest,True,True,True,False,True,False,False,0,False,False,False,neither
108335,-94.3708493972,46.455846049,125506.290698432,2608498.98030388,Candidate lake ledger,EPSG:4326-compatible longitude/latitude; CRS not embedded in Parquet,MN,Upper Midwest,Upper Midwest,True,True,True,False,True,False,False,0,True,False,False,Multi-horizon only
108338,-94.6044026951,47.4994648739,105819.259301868,2723692.4221964,Candidate lake ledger,EPSG:4326-compatible longitude/latitude; CRS not embedded in Parquet,MN,Upper Midwest,Upper Midwest,True,True,True,False,True,False,False,0,False,False,False,neither
108402,-93.1719417241,44.7064786253,223629.609597248,2416374.84729819,Candidate lake ledger,EPSG:4326-compatible longitude/latitude; CRS not embedded in Parquet,MN,Temporate Plains,Temperate Plains,True,True,True,True,True,True,True,1,False,False,False,neither
1089,-93.3827952015,44.8367230484,206561.384499972,2430392.62599877,Candidate lake ledger,EPSG:4326-compatible longitude/latitude; CRS not embedded in Parquet,MN,Upper Midwest,Upper Midwest,True,True,True,True,True,True,False,0,False,False,False,neither
109,-93.3569152903,44.8497994544,208562.937999187,2431904.23830291,Candidate lake ledger,EPSG:4326-compatible longitude/latitude; CRS not embedded in Parquet,MN,Upper Midwest,Upper Midwest,True,True,True,False,True,False,False,0,False,False,False,neither
1090,-95.8810668764,45.9192949379,9237.29150210367,2547907.33710391,Candidate lake ledger,EPSG:4326-compatible longitude/latitude; CRS not embedded in Parquet,MN,Upper Midwest,Upper Midwest,True,True,True,False,True,False,False,0,True,False,False,Multi-horizon only
109001,-92.6541664616,46.7902823679,256411.024898908,2648989.86840003,Candidate lake ledger,EPSG:4326-compatible longitude/latitude; CRS not embedded in Parquet,MN,Upper Midwest,Upper Midwest,True,True,True,True,True,True,False,0,True,True,True,Shared
109348,-93.0418451243,44.8325454515,233476.956502002,2430717.13489734,Candidate lake ledger,EPSG:4326-compatible longitude/latitude; CRS not embedded in Parquet,MN,Upper Midwest,Upper Midwest,True,True,True,True,True,True,False,0,True,False,False,Multi-horizon only
1094,-94.7365320558,47.586562489,95673.4507000333,2733171.95049564,Candidate lake ledger,EPSG:4326-compatible longitude/latitude; CRS not embedded in Parquet,MN,Upper Midwest,Upper Midwest,True,True,True,False,True,False,False,0,False,False,False,neither
10987,-90.9248545056,37.9431940637,441572.860103663,1668251.49490236,Candidate lake ledger,EPSG:4326-compatible longitude/latitude; CRS not embedded in Parquet,MO,Southern Appalachians,Southern Appalachians,True,True,True,False,True,False,False,0,False,False,False,neither
110,-94.911205491,45.065486442,85649.7842982408,2453497.99210429,Candidate lake ledger,EPSG:4326-compatible longitude/latitude; CRS not embedded in Parquet,MN,Temporate Plains,Temperate Plains,True,True,True,False,True,False,False,0,True,True,True,Shared
1100,-93.8157417108,44.2180305226,173981.865596123,2360627.91670195,Candidate lake ledger,EPSG:4326-compatible longitude/latitude; CRS not embedded in Parquet,MN,Upper Midwest,Upper Midwest,True,True,True,True,True,True,False,0,True,True,True,Shared
110327,-93.2969308584,44.9702393816,212913.745597246,2445437.08199739,Candidate lake ledger,EPSG:4326-compatible longitude/latitude; CRS not embedded in Parquet,MN,Upper Midwest,Upper Midwest,True,True,True,True,True,True,True,4,True,False,False,Multi-horizon only
1104,-94.6607353772,43.9053351064,107173.122099993,2324517.14030174,Candidate lake ledger,EPSG:4326-compatible longitude/latitude; CRS not embedded in Parquet,MN,Temporate Plains,Temperate Plains,True,True,True,True,True,True,False,0,True,True,True,Shared
110678,-95.6035635254,47.1510928868,30220.8892999595,2684469.49009631,Candidate lake ledger,EPSG:4326-compatible longitude/latitude; CRS not embedded in Parquet,MN,Upper Midwest,Upper Midwest,True,True,True,True,True,True,False,0,False,False,False,neither
110696,-95.5915431685,46.5151821763,31439.8215990923,2614067.40360293,Candidate lake ledger,EPSG:4326-compatible longitude/latitude; CRS not embedded in Parquet,MN,Upper Midwest,Upper Midwest,True,True,True,True,True,True,False,0,False,False,False,neither
11095,-93.1169301484,40.2303074776,243152.835899767,1916469.82899982,Candidate lake ledger,EPSG:4326-compatible longitude/latitude; CRS not embedded in Parquet,MO,Temporate Plains,Temperate Plains,True,True,True,False,True,False,False,0,True,False,False,Multi-horizon only
111398,-94.3447602134,46.526796938,127378.982200387,2616396.38979561,Candidate lake ledger,EPSG:4326-compatible longitude/latitude; CRS not embedded in Parquet,MN,Upper Midwest,Upper Midwest,True,True,True,False,True,False,False,0,False,False,False,neither
111491,-94.7274434053,43.7888186086,102009.252903717,2311447.64849527,Candidate lake ledger,EPSG:4326-compatible longitude/latitude; CRS not embedded in Parquet,MN,Temporate Plains,Temperate Plains,True,True,True,False,True,False,False,0,True,True,True,Shared
111522,-92.8506907701,45.3969447185,246478.407297888,2493955.26970346,Candidate lake ledger,EPSG:4326-compatible longitude/latitude; CRS not embedded in Parquet,MN,Upper Midwest,Upper Midwest,True,True,True,True,True,True,False,0,True,False,False,Multi-horizon only
111528,-92.9126069167,45.3616900309,241761.618096765,2489878.8698025,Candidate lake ledger,EPSG:4326-compatible longitude/latitude; CRS not embedded in Parquet,MN,Upper Midwest,Upper Midwest,True,True,True,True,True,True,True,1,True,True,True,Shared
111821,-96.2919663731,41.7622729137,-24100.6503995605,2084353.04629594,Candidate lake ledger,EPSG:4326-compatible longitude/latitude; CRS not embedded in Parquet,NE,Temporate Plains,Temperate Plains,True,True,True,True,True,True,True,1,True,True,True,Shared
1123,-93.3095634153,44.7008893498,212767.730103394,2415436.74120146,Candidate lake ledger,EPSG:4326-compatible longitude/latitude; CRS not embedded in Parquet,MN,Upper Midwest,Upper Midwest,True,True,True,True,True,True,False,0,False,False,False,neither
112480,-95.1086564367,47.0466540016,68055.8888961619,2673172.19930374,Candidate lake ledger,EPSG:4326-compatible longitude/latitude; CRS not embedded in Parquet,MN,Upper Midwest,Upper Midwest,True,True,True,True,True,True,False,0,False,False,False,neither
112486,-94.8293963691,46.9441241948,89516.7671012191,2662058.3122008,Candidate lake ledger,EPSG:4326-compatible longitude/latitude; CRS not embedded in Parquet,MN,Upper Midwest,Upper Midwest,True,True,True,True,True,True,False,0,False,False,False,neither
112493,-94.0929063467,45.1619651222,149798.949203219,2465243.5128049,Candidate lake ledger,EPSG:4326-compatible longitude/latitude; CRS not embedded in Parquet,MN,Upper Midwest,Upper Midwest,True,True,True,True,True,True,True,1,True,False,False,Multi-horizon only
112498,-95.0137764362,47.3028790417,75005.8505970164,2701579.65540215,Candidate lake ledger,EPSG:4326-compatible longitude/latitude; CRS not embedded in Parquet,MN,Upper Midwest,Upper Midwest,True,True,True,False,True,False,False,0,False,False,False,neither
112550,-95.0512860308,46.83491371,72670.0469985384,2649780.24709686,Candidate lake ledger,EPSG:4326-compatible longitude/latitude; CRS not embedded in Parquet,MN,Upper Midwest,Upper Midwest,True,True,True,True,True,True,False,0,False,False,False,neither
1127,-94.7887510071,47.6976447806,91563.1728002585,2745384.99570044,Candidate lake ledger,EPSG:4326-compatible longitude/latitude; CRS not embedded in Parquet,MN,Upper Midwest,Upper Midwest,True,True,True,True,True,True,False,0,False,False,False,neither
1128,-88.4382617556,45.4469134756,590856.378497637,2518945.04059977,Candidate lake ledger,EPSG:4326-compatible longitude/latitude; CRS not embedded in Parquet,WI,Upper Midwest,Upper Midwest,True,True,True,True,True,True,False,0,False,False,False,neither
113483,-95.5496025733,45.8009488248,35043.5997036395,2534843.93920311,Candidate lake ledger,EPSG:4326-compatible longitude/latitude; CRS not embedded in Parquet,MN,Upper Midwest,Upper Midwest,True,True,True,True,True,True,False,0,False,False,False,neither
113702,-90.9174200606,37.7266717248,443516.360800542,1644053.08790239,Candidate lake ledger,EPSG:4326-compatible longitude/latitude; CRS not embedded in Parquet,MO,Southern Appalachians,Southern Appalachians,True,True,True,True,True,True,False,0,False,False,False,neither
1139,-93.4935637282,44.9538302661,197477.374299103,2443187.06039858,Candidate lake ledger,EPSG:4326-compatible longitude/latitude; CRS not embedded in Parquet,MN,Upper Midwest,Upper Midwest,True,True,True,True,True,True,False,0,False,False,False,neither
114076,-92.5383371634,47.0912882254,264070.574202592,2682601.15429527,Candidate lake ledger,EPSG:4326-compatible longitude/latitude; CRS not embedded in Parquet,MN,Upper Midwest,Upper Midwest,True,True,True,False,True,False,False,0,False,False,False,neither
1142,-94.9257108106,45.7756900269,83616.3338005736,2532428.33890166,Candidate lake ledger,EPSG:4326-compatible longitude/latitude; CRS not embedded in Parquet,MN,Upper Midwest,Upper Midwest,True,True,True,False,True,False,False,0,False,False,False,neither
1143,-93.2468742602,44.7468716514,217575.695698374,2420696.63940274,Candidate lake ledger,EPSG:4326-compatible longitude/latitude; CRS not embedded in Parquet,MN,Upper Midwest,Upper Midwest,True,True,True,True,True,True,True,1,True,False,False,Multi-horizon only
1144,-94.3402721807,46.8716475707,127057.252197601,2654593.91299657,Candidate lake ledger,EPSG:4326-compatible longitude/latitude; CRS not embedded in Parquet,MN,Upper Midwest,Upper Midwest,True,True,True,True,True,True,False,0,False,False,False,neither
114491,-94.9842500798,45.8580121754,78962.4520028845,2541519.49600126,Candidate lake ledger,EPSG:4326-compatible longitude/latitude; CRS not embedded in Parquet,MN,Upper Midwest,Upper Midwest,True,True,True,True,True,True,False,0,True,True,True,Shared
114507,-93.4591164572,45.0596201857,199876.061601855,2455026.83529621,Candidate lake ledger,EPSG:4326-compatible longitude/latitude; CRS not embedded in Parquet,MN,Upper Midwest,Upper Midwest,True,True,True,False,True,False,False,0,True,True,True,Shared
114627,-93.4005698894,43.6256655995,208850.71850306,2295416.90679824,Candidate lake ledger,EPSG:4326-compatible longitude/latitude; CRS not embedded in Parquet,MN,Temporate Plains,Temperate Plains,True,True,True,False,True,False,False,0,True,True,True,Shared
1147,-93.7432572723,45.173040536,177229.271697254,2467076.78470489,Candidate lake ledger,EPSG:4326-compatible longitude/latitude; CRS not embedded in Parquet,MN,Upper Midwest,Upper Midwest,True,True,True,True,True,True,False,0,True,False,False,Multi-horizon only
114752,-95.0118398146,47.8067558627,74574.4481020379,2757232.31699835,Candidate lake ledger,EPSG:4326-compatible longitude/latitude; CRS not embedded in Parquet,MN,Upper Midwest,Upper Midwest,True,True,True,False,True,False,False,0,False,False,False,neither
114774,-94.8374085001,47.8176306013,87723.1384019473,2758581.22499955,Candidate lake ledger,EPSG:4326-compatible longitude/latitude; CRS not embedded in Parquet,MN,Upper Midwest,Upper Midwest,True,True,True,False,True,False,False,0,False,False,False,neither
114824,-96.9486117747,43.9216277586,-75894.6872992156,2325957.94549641,Candidate lake ledger,EPSG:4326-compatible longitude/latitude; CRS not embedded in Parquet,SD,Temporate Plains,Temperate Plains,True,True,True,False,True,False,False,0,True,True,True,Shared
1154,-94.5777440145,46.9707197702,108715.415300682,2665263.96219917,Candidate lake ledger,EPSG:4326-compatible longitude/latitude; CRS not embedded in Parquet,MN,Upper Midwest,Upper Midwest,True,True,True,False,True,False,False,0,False,False,False,neither
115659,-93.0824178451,44.8279905558,230291.269396753,2430111.31939632,Candidate lake ledger,EPSG:4326-compatible longitude/latitude; CRS not embedded in Parquet,MN,Upper Midwest,Upper Midwest,True,True,True,False,True,False,False,0,False,False,False,neither
115878,-95.8498607585,46.552468366,11550.050603314,2618141.06350369,Candidate lake ledger,EPSG:4326-compatible longitude/latitude; CRS not embedded in Parquet,MN,Upper Midwest,Upper Midwest,True,True,True,True,True,True,False,0,False,False,False,neither
116559,-93.5280561888,47.245243005,188148.127000555,2697265.39900183,Candidate lake ledger,EPSG:4326-compatible longitude/latitude; CRS not embedded in Parquet,MN,Upper Midwest,Upper Midwest,True,True,True,False,True,False,False,0,False,False,False,neither
116577,-94.1478800224,46.544235777,142490.419397689,2618608.18959564,Candidate lake ledger,EPSG:4326-compatible longitude/latitude; CRS not embedded in Parquet,MN,Upper Midwest,Upper Midwest,True,True,True,True,True,True,False,0,False,False,False,neither
1166,-94.4390093989,45.1586828717,122621.858498101,2464382.40239451,Candidate lake ledger,EPSG:4326-compatible longitude/latitude; CRS not embedded in Parquet,MN,Upper Midwest,Upper Midwest,True,True,True,False,True,False,False,0,True,False,False,Multi-horizon only
1168,-93.1424618998,44.7885515698,225685.303098196,2425578.66120428,Candidate lake ledger,EPSG:4326-compatible longitude/latitude; CRS not embedded in Parquet,MN,Upper Midwest,Upper Midwest,True,True,True,True,True,True,False,0,False,False,False,neither
11685,-93.3274800769,45.027050774,210330.340601327,2451688.40790292,Candidate lake ledger,EPSG:4326-compatible longitude/latitude; CRS not embedded in Parquet,MN,Upper Midwest,Upper Midwest,True,True,True,False,True,False,False,0,True,False,False,Multi-horizon only
116877,-95.5261168664,47.693630356,35825.7593972168,2744447.61800425,Candidate lake ledger,EPSG:4326-compatible longitude/latitude; CRS not embedded in Parquet,MN,Temporate Plains,Temperate Plains,True,True,True,False,True,False,False,0,True,True,True,Shared
116884,-95.6717984031,46.315728789,25338.7899996411,2591932.09509768,Candidate lake ledger,EPSG:4326-compatible longitude/latitude; CRS not embedded in Parquet,MN,Upper Midwest,Upper Midwest,True,True,True,False,True,False,False,0,False,False,False,neither
116907,-95.6570943092,46.7115101623,26315.7428970558,2635799.34280289,Candidate lake ledger,EPSG:4326-compatible longitude/latitude; CRS not embedded in Parquet,MN,Upper Midwest,Upper Midwest,True,True,True,False,True,False,False,0,False,False,False,neither
116913,-95.4401342723,48.0073820831,42122.0674006095,2779100.26219685,Candidate lake ledger,EPSG:4326-compatible longitude/latitude; CRS not embedded in Parquet,MN,Upper Midwest,Upper Midwest,True,True,True,False,True,False,False,0,False,False,False,neither
116962,-96.3257219285,42.3083595566,-26677.6639991457,2145445.52749814,Candidate lake ledger,EPSG:4326-compatible longitude/latitude; CRS not embedded in Parquet,IA,Temporate Plains,Temperate Plains,True,True,True,True,True,True,True,1,True,True,True,Shared
1171,-94.3370037768,45.4367258875,130092.995399415,2495431.42790045,Candidate lake ledger,EPSG:4326-compatible longitude/latitude; CRS not embedded in Parquet,MN,Upper Midwest,Upper Midwest,True,True,True,False,True,False,False,0,True,True,True,Shared
11730,-93.9164862742,46.7381815213,159818.671599914,2640457.89309561,Candidate lake ledger,EPSG:4326-compatible longitude/latitude; CRS not embedded in Parquet,MN,Upper Midwest,Upper Midwest,True,True,True,True,True,True,False,0,False,False,False,neither
117581,-93.1537480504,45.1728597379,223513.521598575,2468299.6275946,Candidate lake ledger,EPSG:4326-compatible longitude/latitude; CRS not embedded in Parquet,MN,Upper Midwest,Upper Midwest,True,True,True,False,True,False,False,0,False,False,False,neither
117610,-95.3274413552,45.8993130562,52251.5262968702,2545868.04460062,Candidate lake ledger,EPSG:4326-compatible longitude/latitude; CRS not embedded in Parquet,MN,Upper Midwest,Upper Midwest,True,True,True,True,True,True,False,0,False,False,False,neither
117631,-92.9169855612,44.9335949054,242963.477796403,2442272.08439581,Candidate lake ledger,EPSG:4326-compatible longitude/latitude; CRS not embedded in Parquet,MN,Upper Midwest,Upper Midwest,True,True,True,False,True,False,False,0,True,False,False,Multi-horizon only
11789,-92.8269469018,45.0609116667,249583.611097806,2456665.39320161,Candidate lake ledger,EPSG:4326-compatible longitude/latitude; CRS not embedded in Parquet,MN,Upper Midwest,Upper Midwest,True,True,True,True,True,True,False,0,False,False,False,neither
117906,-95.5553839445,46.4495721323,34257.0798988096,2606807.86300473,Candidate lake ledger,EPSG:4326-compatible longitude/latitude; CRS not embedded in Parquet,MN,Upper Midwest,Upper Midwest,True,True,True,True,True,True,False,0,False,False,False,neither
11794,-92.9080499724,45.1005499768,243063.090598996,2460862.81339497,Candidate lake ledger,EPSG:4326-compatible longitude/latitude; CRS not embedded in Parquet,MN,Upper Midwest,Upper Midwest,True,True,True,True,True,True,False,0,True,True,True,Shared
1180,-93.9285312664,46.4812333865,159515.383400779,2611975.76039756,Candidate lake ledger,EPSG:4326-compatible longitude/latitude; CRS not embedded in Parquet,MN,Upper Midwest,Upper Midwest,True,True,True,False,True,False,False,0,False,False,False,neither
118097,-72.0196255813,43.19063873,1918679.68130133,2487365.08140314,Candidate lake ledger,EPSG:4326-compatible longitude/latitude; CRS not embedded in Parquet,NH,Northern Appalachians,Northern Appalachians,True,True,True,True,True,True,False,0,False,False,False,neither
1183,-94.1654315447,47.6180776762,138847.116798963,2737356.52670497,Candidate lake ledger,EPSG:4326-compatible longitude/latitude; CRS not embedded in Parquet,MN,Upper Midwest,Upper Midwest,True,True,True,True,True,True,False,0,True,False,False,Multi-horizon only
118706,-93.5061228295,44.9454482611,196512.571197721,2442228.50620017,Candidate lake ledger,EPSG:4326-compatible longitude/latitude; CRS not embedded in Parquet,MN,Upper Midwest,Upper Midwest,True,True,True,False,True,False,False,0,False,False,False,neither
118719,-95.3875750775,46.8266832859,46917.1444968272,2648657.4197002,Candidate lake ledger,EPSG:4326-compatible longitude/latitude; CRS not embedded in Parquet,MN,Upper Midwest,Upper Midwest,True,True,True,False,True,False,False,0,False,False,False,neither
118775,-93.4771738661,44.8482691099,199080.268896189,2431476.02430254,Candidate lake ledger,EPSG:4326-compatible longitude/latitude; CRS not embedded in Parquet,MN,Upper Midwest,Upper Midwest,True,True,True,True,True,True,True,1,True,True,True,Shared
118786,-92.8202236478,45.2265950187,249495.68009632,2475103.36360498,Candidate lake ledger,EPSG:4326-compatible longitude/latitude; CRS not embedded in Parquet,MN,Upper Midwest,Upper Midwest,True,True,True,True,True,True,True,1,True,True,True,Shared
1189,-93.5227464447,47.4221037146,188042.631501647,2716818.89749729,Candidate lake ledger,EPSG:4326-compatible longitude/latitude; CRS not embedded in Parquet,MN,Upper Midwest,Upper Midwest,True,True,True,False,True,False,False,0,False,False,False,neither
118966,-95.8553563022,46.685472548,11104.8561988376,2632876.25139549,Candidate lake ledger,EPSG:4326-compatible longitude/latitude; CRS not embedded in Parquet,MN,Upper Midwest,Upper Midwest,True,True,True,True,True,True,False,0,False,False,False,neither
119048,-96.9593713334,43.5340196139,-77192.061799649,2282722.03020384,Candidate lake ledger,EPSG:4326-compatible longitude/latitude; CRS not embedded in Parquet,SD,Temporate Plains,Temperate Plains,True,True,True,False,True,False,False,0,True,True,True,Shared
119725,-94.0933416836,46.6893654485,146363.119798275,2634767.31010449,Candidate lake ledger,EPSG:4326-compatible longitude/latitude; CRS not embedded in Parquet,MN,Upper Midwest,Upper Midwest,True,True,True,True,True,True,False,0,False,False,False,neither
119746,-93.4259791701,44.9688158471,202755.783300001,2444996.49870224,Candidate lake ledger,EPSG:4326-compatible longitude/latitude; CRS not embedded in Parquet,MN,Upper Midwest,Upper Midwest,True,True,True,True,True,True,False,0,True,True,True,Shared
119753,-93.4930029067,44.9798514191,197445.166900258,2446083.02679603,Candidate lake ledger,EPSG:4326-compatible longitude/latitude; CRS not embedded in Parquet,MN,Upper Midwest,Upper Midwest,True,True,True,False,True,False,False,0,True,False,False,Multi-horizon only
119754,-94.2983687939,45.0088938099,133966.971296404,2447909.79059807,Candidate lake ledger,EPSG:4326-compatible longitude/latitude; CRS not embedded in Parquet,MN,Upper Midwest,Upper Midwest,True,True,True,False,True,False,False,0,True,True,True,Shared
119767,-93.395149578,45.0288522138,205000.531897327,2451740.90759643,Candidate lake ledger,EPSG:4326-compatible longitude/latitude; CRS not embedded in Parquet,MN,Upper Midwest,Upper Midwest,True,True,True,True,True,True,True,1,True,True,True,Shared
119789,-93.3770602935,47.4700117992,198952.517396811,2722407.19460236,Candidate lake ledger,EPSG:4326-compatible longitude/latitude; CRS not embedded in Parquet,MN,Upper Midwest,Upper Midwest,True,True,True,False,True,False,False,0,False,False,False,neither
119801,-95.4872092706,46.1633230877,39681.0871990796,2575090.910403,Candidate lake ledger,EPSG:4326-compatible longitude/latitude; CRS not embedded in Parquet,MN,Upper Midwest,Upper Midwest,True,True,True,False,True,False,False,0,True,False,False,Multi-horizon only
119834,-92.8912686962,45.1111746117,244343.165499452,2462087.21050366,Candidate lake ledger,EPSG:4326-compatible longitude/latitude; CRS not embedded in Parquet,MN,Upper Midwest,Upper Midwest,True,True,True,True,True,True,False,0,True,True,True,Shared
120066,-95.624400332,46.3573560533,28979.8948029637,2596561.50660322,Candidate lake ledger,EPSG:4326-compatible longitude/latitude; CRS not embedded in Parquet,MN,Upper Midwest,Upper Midwest,True,True,True,False,True,False,False,0,False,False,False,neither
12016,-95.7357097174,46.5828567727,20322.1851994629,2621527.53290125,Candidate lake ledger,EPSG:4326-compatible longitude/latitude; CRS not embedded in Parquet,MN,Upper Midwest,Upper Midwest,True,True,True,False,True,False,False,0,True,True,True,Shared
120792,-94.7949957737,46.9594280451,92125.7861966538,2663784.83560504,Candidate lake ledger,EPSG:4326-compatible longitude/latitude; CRS not embedded in Parquet,MN,Upper Midwest,Upper Midwest,True,True,True,True,True,True,False,0,False,False,False,neither
1209,-95.4788906124,44.5794057463,41290.3678023809,2399008.44899671,Candidate lake ledger,EPSG:4326-compatible longitude/latitude; CRS not embedded in Parquet,MN,Temporate Plains,Temperate Plains,True,True,True,False,True,False,False,0,True,True,True,Shared
120911,-92.9942156925,45.3158679242,235534.431603285,2484581.73490115,Candidate lake ledger,EPSG:4326-compatible longitude/latitude; CRS not embedded in Parquet,MN,Upper Midwest,Upper Midwest,True,True,True,False,True,False,False,0,True,True,True,Shared
121089,-89.5806623644,37.4753820581,561906.529898285,1623012.49270396,Candidate lake ledger,EPSG:4326-compatible longitude/latitude; CRS not embedded in Parquet,MO,Temporate Plains,Temperate Plains,True,True,True,False,True,False,False,0,False,False,False,neither
1212,-95.0404962379,46.7977873553,73538.0047992144,2645677.95729484,Candidate lake ledger,EPSG:4326-compatible longitude/latitude; CRS not embedded in Parquet,MN,Upper Midwest,Upper Midwest,True,True,True,True,True,True,False,0,True,False,False,Multi-horizon only
121221,-96.171765399,41.220304086,-14288.1944983158,2023669.83990002,Candidate lake ledger,EPSG:4326-compatible longitude/latitude; CRS not embedded in Parquet,NE,Temporate Plains,Temperate Plains,True,True,True,False,True,False,False,0,True,False,False,Multi-horizon only
121288,-93.9459708342,36.2327910762,182927.793004287,1466785.28929598,Candidate lake ledger,EPSG:4326-compatible longitude/latitude; CRS not embedded in Parquet,AR,Southern Appalachians,Southern Appalachians,True,True,True,False,True,False,False,0,False,False,False,neither
121869,-93.7328196543,44.9381796018,178672.166999444,2440972.31489605,Candidate lake ledger,EPSG:4326-compatible longitude/latitude; CRS not embedded in Parquet,MN,Upper Midwest,Upper Midwest,True,True,True,True,True,True,True,2,True,True,True,Shared
121932,-95.9073820713,46.1381182678,7169.77639689101,2572190.97169665,Candidate lake ledger,EPSG:4326-compatible longitude/latitude; CRS not embedded in Parquet,MN,Upper Midwest,Upper Midwest,True,True,True,False,True,False,False,0,True,False,False,Multi-horizon only
121973,-92.8767980575,45.3846247486,244480.882297488,2492518.93759962,Candidate lake ledger,EPSG:4326-compatible longitude/latitude; CRS not embedded in Parquet,MN,Upper Midwest,Upper Midwest,True,True,True,True,True,True,False,0,True,True,True,Shared
121982,-93.1596218195,44.7998742897,224292.76519731,2426798.03729831,Candidate lake ledger,EPSG:4326-compatible longitude/latitude; CRS not embedded in Parquet,MN,Upper Midwest,Upper Midwest,True,True,True,True,True,True,False,0,False,False,False,neither
122226,-95.9396973193,46.7754182572,4623.35029914697,2642831.1431012,Candidate lake ledger,EPSG:4326-compatible longitude/latitude; CRS not embedded in Parquet,MN,Upper Midwest,Upper Midwest,True,True,True,True,True,True,False,0,False,False,False,neither
1227,-93.2988504039,45.9793315451,209575.147302393,2557544.74479518,Candidate lake ledger,EPSG:4326-compatible longitude/latitude; CRS not embedded in Parquet,MN,Upper Midwest,Upper Midwest,True,True,True,True,True,True,True,3,True,False,False,Multi-horizon only
122875,-94.3859486343,46.8765108497,123551.777096603,2655071.99279847,Candidate lake ledger,EPSG:4326-compatible longitude/latitude; CRS not embedded in Parquet,MN,Upper Midwest,Upper Midwest,True,True,True,True,True,True,False,0,False,False,False,neither
122917,-94.2350738759,44.9109573498,139151.931102803,2437103.35500532,Candidate lake ledger,EPSG:4326-compatible longitude/latitude; CRS not embedded in Parquet,MN,Temporate Plains,Temperate Plains,True,True,True,True,True,True,False,0,True,True,True,Shared
122952,-94.6926560711,47.1390446336,99676.0755976647,2683759.45450424,Candidate lake ledger,EPSG:4326-compatible longitude/latitude; CRS not embedded in Parquet,MN,Upper Midwest,Upper Midwest,True,True,True,False,True,False,False,0,False,False,False,neither
122961,-93.1586851023,44.7784212291,224438.110299916,2424412.90069462,Candidate lake ledger,EPSG:4326-compatible longitude/latitude; CRS not embedded in Parquet,MN,Upper Midwest,Upper Midwest,True,True,True,True,True,True,False,0,True,True,True,Shared
123003,-92.8446672298,45.2403267524,247527.767101816,2476565.78100003,Candidate lake ledger,EPSG:4326-compatible longitude/latitude; CRS not embedded in Parquet,MN,Upper Midwest,Upper Midwest,True,True,True,True,True,True,False,0,True,True,True,Shared
123251,-95.5455836609,47.1418632807,34645.6227007552,2683468.43480441,Candidate lake ledger,EPSG:4326-compatible longitude/latitude; CRS not embedded in Parquet,MN,Upper Midwest,Upper Midwest,True,True,True,False,True,False,False,0,False,False,False,neither
123314,-94.3907315324,39.8703302914,136420.050600058,1873603.15780386,Candidate lake ledger,EPSG:4326-compatible longitude/latitude; CRS not embedded in Parquet,MO,Temporate Plains,Temperate Plains,True,True,True,False,True,False,False,0,True,False,False,Multi-horizon only
1235,-96.0986816734,46.7321821024,-7570.80310006113,2638045.36460377,Candidate lake ledger,EPSG:4326-compatible longitude/latitude; CRS not embedded in Parquet,MN,Upper Midwest,Upper Midwest,True,True,True,True,True,True,False,0,False,False,False,neither
123972,-93.7423014209,45.0649055053,177590.084697231,2455052.30500299,Candidate lake ledger,EPSG:4326-compatible longitude/latitude; CRS not embedded in Parquet,MN,Upper Midwest,Upper Midwest,True,True,True,True,True,True,True,2,True,True,True,Shared
123989,-93.577778745,44.9944841643,190728.394203222,2447537.69389696,Candidate lake ledger,EPSG:4326-compatible longitude/latitude; CRS not embedded in Parquet,MN,Upper Midwest,Upper Midwest,True,True,True,False,True,False,False,0,False,False,False,neither
124000,-94.3878342351,46.9337524268,123299.968098766,2661404.88820222,Candidate lake ledger,EPSG:4326-compatible longitude/latitude; CRS not embedded in Parquet,MN,Upper Midwest,Upper Midwest,True,True,True,False,True,False,False,0,False,False,False,neither
124012,-93.5053251624,45.2015363574,195827.566103942,2470712.34529784,Candidate lake ledger,EPSG:4326-compatible longitude/latitude; CRS not embedded in Parquet,MN,Upper Midwest,Upper Midwest,True,True,True,True,True,True,True,2,True,True,True,Shared
124017,-93.0523599178,45.1319144743,231614.176901206,2463989.86719918,Candidate lake ledger,EPSG:4326-compatible longitude/latitude; CRS not embedded in Parquet,MN,Upper Midwest,Upper Midwest,True,True,True,True,True,True,False,0,True,True,True,Shared
124029,-93.497505671,44.8573383621,197449.644496939,2432442.80700159,Candidate lake ledger,EPSG:4326-compatible longitude/latitude; CRS not embedded in Parquet,MN,Upper Midwest,Upper Midwest,True,True,True,True,True,True,True,2,False,True,False,Direct 60-day 60-day only
124051,-93.5363271224,44.8929472043,194284.536497655,2436325.07380036,Candidate lake ledger,EPSG:4326-compatible longitude/latitude; CRS not embedded in Parquet,MN,Upper Midwest,Upper Midwest,True,True,True,True,True,True,True,2,True,True,True,Shared
125058,-93.0883288216,45.0465731672,229079.623898958,2454412.58629796,Candidate lake ledger,EPSG:4326-compatible longitude/latitude; CRS not embedded in Parquet,MN,Upper Midwest,Upper Midwest,True,True,True,False,True,False,False,0,False,False,False,neither
125143,-92.8562292782,45.3048809642,246383.65010191,2483710.55020332,Candidate lake ledger,EPSG:4326-compatible longitude/latitude; CRS not embedded in Parquet,MN,Upper Midwest,Upper Midwest,True,True,True,False,True,False,False,0,True,False,False,Multi-horizon only
125146,-92.8670965969,45.3013754917,245545.113397699,2483292.83900227,Candidate lake ledger,EPSG:4326-compatible longitude/latitude; CRS not embedded in Parquet,MN,Upper Midwest,Upper Midwest,True,True,True,True,True,True,False,0,False,False,False,neither
1253,-95.3649502779,45.4904747506,49640.9615994322,2500433.29129529,Candidate lake ledger,EPSG:4326-compatible longitude/latitude; CRS not embedded in Parquet,MN,Upper Midwest,Upper Midwest,True,True,True,True,True,True,False,0,False,False,False,neither
1258,-93.914930888,45.2837583869,163479.295798088,2479079.5616046,Candidate lake ledger,EPSG:4326-compatible longitude/latitude; CRS not embedded in Parquet,MN,Upper Midwest,Upper Midwest,True,True,True,False,True,False,False,0,True,False,False,Multi-horizon only
126047,-95.0524070066,47.0023072421,72399.4366020997,2668306.99790016,Candidate lake ledger,EPSG:4326-compatible longitude/latitude; CRS not embedded in Parquet,MN,Upper Midwest,Upper Midwest,True,True,True,True,True,True,False,0,False,False,False,neither
126050,-94.3264665522,46.9801133929,127902.598401843,2666616.222405,Candidate lake ledger,EPSG:4326-compatible longitude/latitude; CRS not embedded in Parquet,MN,Upper Midwest,Upper Midwest,True,True,True,True,True,True,False,0,False,False,False,neither
126084,-94.3879240803,46.9454841429,123271.071898548,2662703.06329738,Candidate lake ledger,EPSG:4326-compatible longitude/latitude; CRS not embedded in Parquet,MN,Upper Midwest,Upper Midwest,True,True,True,True,True,True,False,0,False,False,False,neither
126136,-93.1570422689,44.8779829775,224236.324296287,2435495.26170264,Candidate lake ledger,EPSG:4326-compatible longitude/latitude; CRS not embedded in Parquet,MN,Upper Midwest,Upper Midwest,True,True,True,True,True,True,True,2,False,False,False,neither
126262,-88.1466806721,41.8282369105,646914.16270319,2118441.58910509,Candidate lake ledger,EPSG:4326-compatible longitude/latitude; CRS not embedded in Parquet,IL,Temporate Plains,Temperate Plains,True,True,True,False,True,False,False,0,True,False,False,Multi-horizon only
1266,-94.2879699807,46.3527182956,132096.428699883,2597179.89720075,Candidate lake ledger,EPSG:4326-compatible longitude/latitude; CRS not embedded in Parquet,MN,Upper Midwest,Upper Midwest,True,True,True,True,True,True,False,0,False,False,False,neither
126754,-90.4092652396,47.8953013787,421111.288696396,2779004.70479919,Candidate lake ledger,EPSG:4326-compatible longitude/latitude; CRS not embedded in Parquet,MN,Upper Midwest,Upper Midwest,True,True,True,False,True,False,False,0,False,False,False,neither
126759,-92.6948816466,46.8321805398,253130.731999296,2653517.10560298,Candidate lake ledger,EPSG:4326-compatible longitude/latitude; CRS not embedded in Parquet,MN,Upper Midwest,Upper Midwest,True,True,True,True,True,True,False,0,True,False,False,Multi-horizon only
127074,-92.7450459512,48.1935494665,244140.568597475,2803679.37190347,Candidate lake ledger,EPSG:4326-compatible longitude/latitude; CRS not embedded in Parquet,MN,Upper Midwest,Upper Midwest,True,True,True,False,True,False,False,0,False,False,False,neither
127099,-95.8847874435,46.548141107,8863.76110353779,2617657.78450407,Candidate lake ledger,EPSG:4326-compatible longitude/latitude; CRS not embedded in Parquet,MN,Upper Midwest,Upper Midwest,True,True,True,True,True,True,False,0,False,False,False,neither
127308,-92.602826199,46.6738523812,260804.734098153,2636242.63369751,Candidate lake ledger,EPSG:4326-compatible longitude/latitude; CRS not embedded in Parquet,MN,Upper Midwest,Upper Midwest,True,True,True,True,True,True,False,0,True,True,True,Shared
127316,-92.8794408141,45.2607132994,244726.420599124,2478741.69590204,Candidate lake ledger,EPSG:4326-compatible longitude/latitude; CRS not embedded in Parquet,MN,Upper Midwest,Upper Midwest,True,True,True,False,True,False,False,0,True,False,False,Multi-horizon only
127344,-93.5171730286,44.7371662651,196247.714601576,2419027.90200063,Candidate lake ledger,EPSG:4326-compatible longitude/latitude; CRS not embedded in Parquet,MN,Upper Midwest,Upper Midwest,True,True,True,True,True,True,False,0,False,False,False,neither
128,-95.8634454824,45.7033777072,10640.3619970659,2523931.49449841,Candidate lake ledger,EPSG:4326-compatible longitude/latitude; CRS not embedded in Parquet,MN,Temporate Plains,Temperate Plains,True,True,True,False,True,False,False,0,True,True,True,Shared
128328,-93.172456423,44.7559496561,223425.052202401,2421879.63109827,Candidate lake ledger,EPSG:4326-compatible longitude/latitude; CRS not embedded in Parquet,MN,Upper Midwest,Upper Midwest,True,True,True,True,True,True,True,2,False,False,False,neither
1287,-93.0201930402,47.6726940355,225311.114401057,2745579.53129875,Candidate lake ledger,EPSG:4326-compatible longitude/latitude; CRS not embedded in Parquet,MN,Upper Midwest,Upper Midwest,True,True,True,True,True,True,False,0,False,False,False,neither
129083,-92.8844899768,39.5862103495,265115.25729806,1844955.74660082,Candidate lake ledger,EPSG:4326-compatible longitude/latitude; CRS not embedded in Parquet,MO,Temporate Plains,Temperate Plains,True,True,True,True,True,True,False,0,False,False,False,neither
129153,-95.4786896858,47.6448063687,39440.8094034893,2739075.92680294,Candidate lake ledger,EPSG:4326-compatible longitude/latitude; CRS not embedded in Parquet,MN,Upper Midwest,Upper Midwest,True,True,True,True,True,True,False,0,True,True,True,Shared
129494,-94.1626695778,45.5555725179,143473.846097002,2508889.0422949,Candidate lake ledger,EPSG:4326-compatible longitude/latitude; CRS not embedded in Parquet,MN,Upper Midwest,Upper Midwest,True,True,True,False,True,False,False,0,True,False,False,Multi-horizon only
1295,-95.4336484429,45.8748147812,44016.5438991842,2543094.32099929,Candidate lake ledger,EPSG:4326-compatible longitude/latitude; CRS not embedded in Parquet,MN,Upper Midwest,Upper Midwest,True,True,True,False,True,False,False,0,False,False,False,neither
129509,-93.090086692,45.0405594937,228961.849601386,2453739.54260357,Candidate lake ledger,EPSG:4326-compatible longitude/latitude; CRS not embedded in Parquet,MN,Upper Midwest,Upper Midwest,True,True,True,True,True,True,False,0,False,False,False,neither
130135,-93.3045039223,37.3024616334,236643.407800485,1588005.10969979,Candidate lake ledger,EPSG:4326-compatible longitude/latitude; CRS not embedded in Parquet,MO,Southern Appalachians,Southern Appalachians,True,True,True,False,True,False,False,0,False,False,False,neither
130216,-95.7220445786,46.6993054575,21335.209202613,2634431.23720272,Candidate lake ledger,EPSG:4326-compatible longitude/latitude; CRS not embedded in Parquet,MN,Upper Midwest,Upper Midwest,True,True,True,True,True,True,False,0,False,False,False,neither
130238,-95.7694873613,47.0354146644,17603.3646973488,2671630.81550501,Candidate lake ledger,EPSG:4326-compatible longitude/latitude; CRS not embedded in Parquet,MN,Upper Midwest,Upper Midwest,True,True,True,True,True,True,False,0,False,False,False,neither
130242,-95.614850427,46.9449916367,29452.8956989601,2661662.66980039,Candidate lake ledger,EPSG:4326-compatible longitude/latitude; CRS not embedded in Parquet,MN,Upper Midwest,Upper Midwest,True,True,True,True,True,True,False,0,False,True,False,Direct 60-day 60-day only
130547,-93.0970990039,45.07432993,228295.512602705,2457478.31479776,Candidate lake ledger,EPSG:4326-compatible longitude/latitude; CRS not embedded in Parquet,MN,Upper Midwest,Upper Midwest,True,True,True,True,True,True,False,0,False,False,False,neither
130559,-95.4307733718,46.3986837223,43891.8480027983,2601217.80579852,Candidate lake ledger,EPSG:4326-compatible longitude/latitude; CRS not embedded in Parquet,MN,Upper Midwest,Upper Midwest,True,True,True,True,True,True,False,0,False,False,False,neither
131,-94.7091707913,45.3356960613,101133.691199467,2483748.14679655,Candidate lake ledger,EPSG:4326-compatible longitude/latitude; CRS not embedded in Parquet,MN,Upper Midwest,Upper Midwest,True,True,True,False,True,False,False,0,False,False,False,neither
131279,-95.7375741904,46.6716021104,20151.669496338,2631359.16529698,Candidate lake ledger,EPSG:4326-compatible longitude/latitude; CRS not embedded in Parquet,MN,Upper Midwest,Upper Midwest,True,True,True,False,True,False,False,0,False,False,False,neither
131550,-92.6484454834,45.4255633361,262188.446397503,2497676.10720327,Candidate lake ledger,EPSG:4326-compatible longitude/latitude; CRS not embedded in Parquet,WI,Upper Midwest,Upper Midwest,True,True,True,False,True,False,False,0,False,False,False,neither
131577,-93.4755170471,44.9035660956,199047.493801286,2437632.4394958,Candidate lake ledger,EPSG:4326-compatible longitude/latitude; CRS not embedded in Parquet,MN,Upper Midwest,Upper Midwest,True,True,True,False,True,False,False,0,True,False,False,Multi-horizon only
131584,-96.0061936865,46.2206379208,-478.871596171209,2581341.96979574,Candidate lake ledger,EPSG:4326-compatible longitude/latitude; CRS not embedded in Parquet,MN,Upper Midwest,Upper Midwest,True,True,True,True,True,True,False,0,True,False,False,Multi-horizon only
131605,-94.0233526324,46.7534576135,151587.374197195,2641974.22910416,Candidate lake ledger,EPSG:4326-compatible longitude/latitude; CRS not embedded in Parquet,MN,Upper Midwest,Upper Midwest,True,True,True,True,True,True,False,0,False,False,False,neither
131962,-92.6900117352,46.6976707749,254022.273097361,2638643.19110312,Candidate lake ledger,EPSG:4326-compatible longitude/latitude; CRS not embedded in Parquet,MN,Upper Midwest,Upper Midwest,True,True,True,True,True,True,False,0,True,True,True,Shared
1321,-93.0048488654,44.9730101967,235903.32349618,2446435.00940397,Candidate lake ledger,EPSG:4326-compatible longitude/latitude; CRS not embedded in Parquet,MN,Upper Midwest,Upper Midwest,True,True,True,True,True,True,True,1,True,True,True,Shared
132203,-92.3022155182,36.3998265659,328532.148603467,1489909.98129797,Candidate lake ledger,EPSG:4326-compatible longitude/latitude; CRS not embedded in Parquet,AR,Southern Appalachians,Southern Appalachians,True,True,True,False,True,False,False,0,False,False,False,neither
132339,-95.1107990556,47.7879122704,67125.8819022301,2755079.12090393,Candidate lake ledger,EPSG:4326-compatible longitude/latitude; CRS not embedded in Parquet,MN,Upper Midwest,Upper Midwest,True,True,True,True,True,True,False,0,False,False,False,neither
132581,-93.746251209,44.8387740982,177876.225503573,2429885.72920251,Candidate lake ledger,EPSG:4326-compatible longitude/latitude; CRS not embedded in Parquet,MN,Upper Midwest,Upper Midwest,True,True,True,True,True,True,True,4,True,True,True,Shared
132643,-93.9242611155,46.4709685774,159869.007302177,2610845.45020153,Candidate lake ledger,EPSG:4326-compatible longitude/latitude; CRS not embedded in Parquet,MN,Upper Midwest,Upper Midwest,True,True,True,True,True,True,False,0,False,False,False,neither
1330,-94.9037855898,45.7185306512,85396.0194962637,2526099.57480408,Candidate lake ledger,EPSG:4326-compatible longitude/latitude; CRS not embedded in Parquet,MN,Upper Midwest,Upper Midwest,True,True,True,False,True,False,False,0,True,True,True,Shared
1332,-95.9640705712,46.2731878541,2775.71910095705,2587171.07379589,Candidate lake ledger,EPSG:4326-compatible longitude/latitude; CRS not embedded in Parquet,MN,Upper Midwest,Upper Midwest,True,True,True,True,True,True,False,0,False,False,False,neither
1333,-95.8957773721,46.7711376883,7991.1704967085,2642360.03009988,Candidate lake ledger,EPSG:4326-compatible longitude/latitude; CRS not embedded in Parquet,MN,Upper Midwest,Upper Midwest,True,True,True,True,True,True,False,0,False,True,False,Direct 60-day 60-day only
133387,-95.9724929824,46.6433108667,2113.17280373874,2628197.56079689,Candidate lake ledger,EPSG:4326-compatible longitude/latitude; CRS not embedded in Parquet,MN,Upper Midwest,Upper Midwest,True,True,True,False,True,False,False,0,False,False,False,neither
133389,-95.5006078983,47.6794079963,37762.4815975383,2742887.3532019,Candidate lake ledger,EPSG:4326-compatible longitude/latitude; CRS not embedded in Parquet,MN,Upper Midwest,Upper Midwest,True,True,True,False,True,False,False,0,True,True,True,Shared
1334,-93.3491267106,43.8914292456,212155.879502072,2325170.06770552,Candidate lake ledger,EPSG:4326-compatible longitude/latitude; CRS not embedded in Parquet,MN,Temporate Plains,Temperate Plains,True,True,True,False,True,False,False,0,True,True,True,Shared
1335,-93.1235606523,45.0716250084,226224.210901493,2457114.22769741,Candidate lake ledger,EPSG:4326-compatible longitude/latitude; CRS not embedded in Parquet,MN,Upper Midwest,Upper Midwest,True,True,True,True,True,True,False,0,False,False,False,neither
133602,-92.858237095,45.3117657282,246201.046500453,2484470.48129704,Candidate lake ledger,EPSG:4326-compatible longitude/latitude; CRS not embedded in Parquet,MN,Upper Midwest,Upper Midwest,True,True,True,False,True,False,False,0,True,True,True,Shared
133684,-93.0683167383,45.0969884969,230480.593496484,2460067.49130185,Candidate lake ledger,EPSG:4326-compatible longitude/latitude; CRS not embedded in Parquet,MN,Upper Midwest,Upper Midwest,True,True,True,True,True,True,False,0,False,False,False,neither
1337,-93.8935441256,45.1630340915,165453.432503365,2465693.06410202,Candidate lake ledger,EPSG:4326-compatible longitude/latitude; CRS not embedded in Parquet,MN,Upper Midwest,Upper Midwest,True,True,True,True,True,True,False,0,True,False,False,Multi-horizon only
133710,-94.2134117268,46.558874476,137418.933798571,2620133.57580347,Candidate lake ledger,EPSG:4326-compatible longitude/latitude; CRS not embedded in Parquet,MN,Upper Midwest,Upper Midwest,True,True,True,True,True,True,False,0,False,False,False,neither
133713,-94.2174711334,46.5010583346,137226.907898776,2613721.50959994,Candidate lake ledger,EPSG:4326-compatible longitude/latitude; CRS not embedded in Parquet,MN,Upper Midwest,Upper Midwest,True,True,True,False,True,False,False,0,False,False,False,neither
133716,-93.724199451,45.0362297663,179090.109996537,2451896.58269951,Candidate lake ledger,EPSG:4326-compatible longitude/latitude; CRS not embedded in Parquet,MN,Upper Midwest,Upper Midwest,True,True,True,False,True,False,False,0,True,True,True,Shared
134,-93.3386333841,44.9594599444,209663.401600953,2444145.22829501,Candidate lake ledger,EPSG:4326-compatible longitude/latitude; CRS not embedded in Parquet,MN,Upper Midwest,Upper Midwest,True,True,True,False,True,False,False,0,False,False,False,neither
1342,-92.8123132499,48.4989911888,237968.939400565,2837127.35199985,Candidate lake ledger,EPSG:4326-compatible longitude/latitude; CRS not embedded in Parquet,MN,Upper Midwest,Upper Midwest,True,True,True,True,True,True,False,0,False,False,False,neither
134415,-95.9874021906,46.5298512475,969.468601796642,2615625.60290382,Candidate lake ledger,EPSG:4326-compatible longitude/latitude; CRS not embedded in Parquet,MN,Upper Midwest,Upper Midwest,True,True,True,True,True,True,False,0,False,False,False,neither
134511,-91.731957595,39.6206907929,362959.826997075,1852625.54969955,Candidate lake ledger,EPSG:4326-compatible longitude/latitude; CRS not embedded in Parquet,MO,Temporate Plains,Temperate Plains,True,True,True,False,True,False,False,0,True,False,False,Multi-horizon only
134617,-93.0819353976,45.5976984507,227701.12220135,2515679.22480163,Candidate lake ledger,EPSG:4326-compatible longitude/latitude; CRS not embedded in Parquet,MN,Upper Midwest,Upper Midwest,True,True,True,True,True,True,False,0,True,False,False,Multi-horizon only
134618,-92.9029942467,45.0686293405,243576.102097672,2457326.28470496,Candidate lake ledger,EPSG:4326-compatible longitude/latitude; CRS not embedded in Parquet,MN,Upper Midwest,Upper Midwest,True,True,True,True,True,True,False,0,True,True,True,Shared
134629,-92.9593790702,45.033535554,239267.935903907,2453280.38229966,Candidate lake ledger,EPSG:4326-compatible longitude/latitude; CRS not embedded in Parquet,MN,Upper Midwest,Upper Midwest,True,True,True,True,True,True,False,0,False,False,False,neither
134664,-93.3910359407,44.6923887704,206352.267900427,2414310.86809827,Candidate lake ledger,EPSG:4326-compatible longitude/latitude; CRS not embedded in Parquet,MN,Upper Midwest,Upper Midwest,True,True,True,True,True,True,True,2,True,True,True,Shared
134680,-93.0531733489,44.8834606631,232407.430597652,2436354.24429457,Candidate lake ledger,EPSG:4326-compatible longitude/latitude; CRS not embedded in Parquet,MN,Upper Midwest,Upper Midwest,True,True,True,True,True,True,True,1,False,False,False,neither
134691,-93.6461193506,44.8759204015,185675.102803547,2434210.97910542,Candidate lake ledger,EPSG:4326-compatible longitude/latitude; CRS not embedded in Parquet,MN,Upper Midwest,Upper Midwest,True,True,True,False,True,False,False,0,False,False,False,neither
134700,-94.1866258598,46.6568018661,139271.951703688,2631020.6115951,Candidate lake ledger,EPSG:4326-compatible longitude/latitude; CRS not embedded in Parquet,MN,Upper Midwest,Upper Midwest,True,True,True,True,True,True,False,0,False,False,False,neither
134709,-93.5029954112,46.425710736,192438.963898016,2606610.93300173,Candidate lake ledger,EPSG:4326-compatible longitude/latitude; CRS not embedded in Parquet,MN,Upper Midwest,Upper Midwest,True,True,True,False,True,False,False,0,False,False,False,neither
134724,-94.7276059654,45.6412322244,99234.7642969104,2517684.33339478,Candidate lake ledger,EPSG:4326-compatible longitude/latitude; CRS not embedded in Parquet,MN,Upper Midwest,Upper Midwest,True,True,True,False,True,False,False,0,True,True,True,Shared
13490,-86.0636618133,44.8400904747,782851.541897128,2468886.39800189,Candidate lake ledger,EPSG:4326-compatible longitude/latitude; CRS not embedded in Parquet,MI,Upper Midwest,Upper Midwest,True,True,True,True,True,True,False,0,False,False,False,neither
1353,-93.0532324377,45.4077010258,230594.813502649,2494642.03810252,Candidate lake ledger,EPSG:4326-compatible longitude/latitude; CRS not embedded in Parquet,MN,Upper Midwest,Upper Midwest,True,True,True,False,True,False,False,0,False,False,False,neither
135373,-95.6175440916,43.615367215,30736.7214994611,2291472.99390089,Candidate lake ledger,EPSG:4326-compatible longitude/latitude; CRS not embedded in Parquet,MN,Temporate Plains,Temperate Plains,True,True,True,False,True,False,False,0,True,True,True,Shared
135452,-90.6221271129,37.4208769588,471195.820902923,1611254.95750218,Candidate lake ledger,EPSG:4326-compatible longitude/latitude; CRS not embedded in Parquet,MO,Southern Appalachians,Southern Appalachians,True,True,True,False,True,False,False,0,False,False,False,neither
135681,-93.2450535042,44.7211827814,217802.455200776,2417841.65979852,Candidate lake ledger,EPSG:4326-compatible longitude/latitude; CRS not embedded in Parquet,MN,Upper Midwest,Upper Midwest,True,True,True,True,True,True,False,0,False,False,False,neither
135695,-93.8046721365,44.849144707,173239.542301553,2430931.92850199,Candidate lake ledger,EPSG:4326-compatible longitude/latitude; CRS not embedded in Parquet,MN,Upper Midwest,Upper Midwest,True,True,True,True,True,True,False,0,True,True,True,Shared
135698,-93.7169971294,44.8499168288,180154.855498139,2431180.87080342,Candidate lake ledger,EPSG:4326-compatible longitude/latitude; CRS not embedded in Parquet,MN,Upper Midwest,Upper Midwest,True,True,True,False,True,False,False,0,True,False,False,Multi-horizon only
1359,-93.3361263463,44.9919781706,209759.430798374,2447768.11160176,Candidate lake ledger,EPSG:4326-compatible longitude/latitude; CRS not embedded in Parquet,MN,Upper Midwest,Upper Midwest,True,True,True,True,True,True,False,0,False,False,False,neither
1361,-93.1132092803,44.9982434832,227286.058196544,2448977.59840515,Candidate lake ledger,EPSG:4326-compatible longitude/latitude; CRS not embedded in Parquet,MN,Upper Midwest,Upper Midwest,True,True,True,True,True,True,False,0,False,False,False,neither
136303,-91.054489398,36.6373722407,437915.603098096,1521524.72990485,Candidate lake ledger,EPSG:4326-compatible longitude/latitude; CRS not embedded in Parquet,MO,Southern Appalachians,Southern Appalachians,True,True,True,True,True,True,False,0,False,False,False,neither
136311,-93.3668563033,39.0343387032,225793.136996845,1781887.15910301,Candidate lake ledger,EPSG:4326-compatible longitude/latitude; CRS not embedded in Parquet,MO,Temporate Plains,Temperate Plains,True,True,True,True,True,True,False,0,True,True,True,Shared
136466,-90.6279836115,37.9018909651,467637.475297344,1665049.30550122,Candidate lake ledger,EPSG:4326-compatible longitude/latitude; CRS not embedded in Parquet,MO,Southern Appalachians,Southern Appalachians,True,True,True,True,True,True,False,0,False,False,False,neither
136603,-92.8669882575,45.0160434978,246599.773899006,2451571.21919972,Candidate lake ledger,EPSG:4326-compatible longitude/latitude; CRS not embedded in Parquet,MN,Upper Midwest,Upper Midwest,True,True,True,True,True,True,False,0,True,False,False,Multi-horizon only
136680,-94.9487647973,47.0297468163,80284.1726999094,2671426.37849482,Candidate lake ledger,EPSG:4326-compatible longitude/latitude; CRS not embedded in Parquet,MN,Upper Midwest,Upper Midwest,True,True,True,True,True,True,False,0,False,False,False,neither
136690,-93.8825172121,45.295627242,165990.858998372,2480455.24790127,Candidate lake ledger,EPSG:4326-compatible longitude/latitude; CRS not embedded in Parquet,MN,Upper Midwest,Upper Midwest,True,True,True,True,True,True,False,0,False,False,False,neither
137300,-93.7783344249,38.9913807162,190628.294796101,1776172.37879772,Candidate lake ledger,EPSG:4326-compatible longitude/latitude; CRS not embedded in Parquet,MO,Temporate Plains,Temperate Plains,True,True,True,False,True,False,False,0,True,False,False,Multi-horizon only
13747,-94.6044023931,45.3992878514,109237.679096826,2490933.46580304,Candidate lake ledger,EPSG:4326-compatible longitude/latitude; CRS not embedded in Parquet,MN,Upper Midwest,Upper Midwest,True,True,True,True,True,True,False,0,False,False,False,neither
137728,-94.0490145311,45.2020336024,153154.607798532,2469769.36179972,Candidate lake ledger,EPSG:4326-compatible longitude/latitude; CRS not embedded in Parquet,MN,Upper Midwest,Upper Midwest,True,True,True,True,True,True,True,2,True,True,True,Shared
137742,-94.3579864448,46.9706109609,125512.049096455,2665522.73919737,Candidate lake ledger,EPSG:4326-compatible longitude/latitude; CRS not embedded in Parquet,MN,Upper Midwest,Upper Midwest,True,True,True,True,True,True,False,0,False,False,False,neither
137763,-94.9507239945,47.0870832026,80064.513098953,2677767.9446019,Candidate lake ledger,EPSG:4326-compatible longitude/latitude; CRS not embedded in Parquet,MN,Upper Midwest,Upper Midwest,True,True,True,True,True,True,False,0,False,False,False,neither
137783,-92.899115527,44.9260809961,244398.547500672,2441482.07849625,Candidate lake ledger,EPSG:4326-compatible longitude/latitude; CRS not embedded in Parquet,MN,Upper Midwest,Upper Midwest,True,True,True,True,True,True,False,0,False,False,False,neither
137795,-93.8973224929,46.6648267127,161468.174796641,2632367.16449899,Candidate lake ledger,EPSG:4326-compatible longitude/latitude; CRS not embedded in Parquet,MN,Upper Midwest,Upper Midwest,True,True,True,False,True,False,False,0,False,False,False,neither
1378,-94.2913000653,45.0847313139,134371.712797023,2456356.53059628,Candidate lake ledger,EPSG:4326-compatible longitude/latitude; CRS not embedded in Parquet,MN,Upper Midwest,Upper Midwest,True,True,True,True,True,True,True,1,True,False,False,Multi-horizon only
13785,-94.8324245121,45.2731540158,91562.9788971805,2476669.32099738,Candidate lake ledger,EPSG:4326-compatible longitude/latitude; CRS not embedded in Parquet,MN,Upper Midwest,Upper Midwest,True,True,True,True,True,True,False,0,True,True,True,Shared
13786,-94.2874430294,46.3748760982,132092.811997455,2599637.03280295,Candidate lake ledger,EPSG:4326-compatible longitude/latitude; CRS not embedded in Parquet,MN,Upper Midwest,Upper Midwest,True,True,True,False,True,False,False,0,False,True,False,Direct 60-day 60-day only
13788,-93.8050750334,46.3346268007,169395.960996117,2595940.2485054,Candidate lake ledger,EPSG:4326-compatible longitude/latitude; CRS not embedded in Parquet,MN,Upper Midwest,Upper Midwest,True,True,True,False,True,False,False,0,False,False,False,neither
1385,-95.4177085451,47.1842586618,44366.2419999038,2688210.46499463,Candidate lake ledger,EPSG:4326-compatible longitude/latitude; CRS not embedded in Parquet,MN,Upper Midwest,Upper Midwest,True,True,True,True,True,True,False,0,False,False,False,neither
138730,-95.3252377638,45.4197283807,52801.0179002777,2492591.12030457,Candidate lake ledger,EPSG:4326-compatible longitude/latitude; CRS not embedded in Parquet,MN,Upper Midwest,Upper Midwest,True,True,True,False,True,False,False,0,True,True,True,Shared
138812,-93.1594971353,44.9000774626,223969.260600583,2437947.63939961,Candidate lake ledger,EPSG:4326-compatible longitude/latitude; CRS not embedded in Parquet,MN,Upper Midwest,Upper Midwest,True,True,True,True,True,True,True,1,True,False,False,Multi-horizon only
138813,-94.230202325,46.6662164991,135906.133699309,2632000.27060129,Candidate lake ledger,EPSG:4326-compatible longitude/latitude; CRS not embedded in Parquet,MN,Upper Midwest,Upper Midwest,True,True,True,True,True,True,False,0,False,False,False,neither
139439,-96.0681948246,41.1393038725,-5679.25279973955,2014590.44720509,Candidate lake ledger,EPSG:4326-compatible longitude/latitude; CRS not embedded in Parquet,NE,Temporate Plains,Temperate Plains,True,True,True,False,True,False,False,0,True,False,False,Multi-horizon only
139707,-93.2089745099,44.7151502944,220673.72310088,2417253.4619017,Candidate lake ledger,EPSG:4326-compatible longitude/latitude; CRS not embedded in Parquet,MN,Temporate Plains,Temperate Plains,True,True,True,True,True,True,False,0,True,True,True,Shared
139729,-92.9741933915,45.0428909461,238069.446798387,2454283.60330076,Candidate lake ledger,EPSG:4326-compatible longitude/latitude; CRS not embedded in Parquet,MN,Upper Midwest,Upper Midwest,True,True,True,True,True,True,False,0,False,False,False,neither
139765,-93.2896080238,44.7104406851,214315.106096219,2416544.72170006,Candidate lake ledger,EPSG:4326-compatible longitude/latitude; CRS not embedded in Parquet,MN,Upper Midwest,Upper Midwest,True,True,True,True,True,True,False,0,False,False,False,neither
139770,-93.6078509141,44.8382696993,188798.586502866,2430096.59740341,Candidate lake ledger,EPSG:4326-compatible longitude/latitude; CRS not embedded in Parquet,MN,Upper Midwest,Upper Midwest,True,True,True,True,True,True,True,3,True,True,True,Shared
139780,-93.1531621115,44.8287927574,224706.283003371,2430031.22739607,Candidate lake ledger,EPSG:4326-compatible longitude/latitude; CRS not embedded in Parquet,MN,Upper Midwest,Upper Midwest,True,True,True,True,True,True,True,1,True,True,True,Shared
139785,-95.8188348532,46.1442416621,14023.1278968642,2572880.22900191,Candidate lake ledger,EPSG:4326-compatible longitude/latitude; CRS not embedded in Parquet,MN,Upper Midwest,Upper Midwest,True,True,True,False,True,False,False,0,True,False,False,Multi-horizon only
139838,-93.636722281,45.033622828,185979.791503267,2451774.61959882,Candidate lake ledger,EPSG:4326-compatible longitude/latitude; CRS not embedded in Parquet,MN,Upper Midwest,Upper Midwest,True,True,True,True,True,True,True,2,True,True,True,Shared
1401,-94.4686084453,43.6223905147,123055.271198967,2293186.40929596,Candidate lake ledger,EPSG:4326-compatible longitude/latitude; CRS not embedded in Parquet,MN,Temporate Plains,Temperate Plains,True,True,True,True,True,True,True,3,True,True,True,Shared
140206,-92.6447710742,46.6937182279,257508.25070243,2638327.40859521,Candidate lake ledger,EPSG:4326-compatible longitude/latitude; CRS not embedded in Parquet,MN,Upper Midwest,Upper Midwest,True,True,True,True,True,True,False,0,False,False,False,neither
1404,-92.8233940733,45.0482388424,249910.085899805,2455265.4909963,Candidate lake ledger,EPSG:4326-compatible longitude/latitude; CRS not embedded in Parquet,MN,Upper Midwest,Upper Midwest,True,True,True,True,True,True,False,0,False,False,False,neither
1405,-88.8336418768,45.5476454375,559179.06400081,2527714.72010415,Candidate lake ledger,EPSG:4326-compatible longitude/latitude; CRS not embedded in Parquet,WI,Upper Midwest,Upper Midwest,True,True,True,True,True,True,False,0,False,False,False,neither
140541,-96.0363733579,46.2526562568,-2810.88630182684,2584893.92300206,Candidate lake ledger,EPSG:4326-compatible longitude/latitude; CRS not embedded in Parquet,MN,Upper Midwest,Upper Midwest,True,True,True,True,True,True,False,0,False,False,False,neither
140544,-95.4583269568,47.1297630405,41305.8131027613,2682164.91059899,Candidate lake ledger,EPSG:4326-compatible longitude/latitude; CRS not embedded in Parquet,MN,Upper Midwest,Upper Midwest,True,True,True,True,True,True,False,0,False,False,False,neither
140545,-96.1158814676,46.789328989,-8882.64410062699,2644375.51550335,Candidate lake ledger,EPSG:4326-compatible longitude/latitude; CRS not embedded in Parquet,MN,Upper Midwest,Upper Midwest,True,True,True,False,True,False,False,0,False,False,False,neither
14066,-95.9506399621,46.6149238302,3793.62170257084,2625053.26740511,Candidate lake ledger,EPSG:4326-compatible longitude/latitude; CRS not embedded in Parquet,MN,Upper Midwest,Upper Midwest,True,True,True,False,True,False,False,0,False,False,False,neither
14073,-95.7533246555,47.1240550739,18812.1917007581,2681440.22920296,Candidate lake ledger,EPSG:4326-compatible longitude/latitude; CRS not embedded in Parquet,MN,Upper Midwest,Upper Midwest,True,True,True,False,True,False,False,0,False,False,False,neither
140770,-93.0830588374,45.6322536803,227495.658902127,2519514.10419839,Candidate lake ledger,EPSG:4326-compatible longitude/latitude; CRS not embedded in Parquet,MN,Upper Midwest,Upper Midwest,True,True,True,True,True,True,False,0,True,False,False,Multi-horizon only
140838,-93.3933727121,44.9501001134,205380.678398609,2442984.44110088,Candidate lake ledger,EPSG:4326-compatible longitude/latitude; CRS not embedded in Parquet,MN,Upper Midwest,Upper Midwest,True,True,True,True,True,True,False,0,False,False,False,neither
1417,-94.6507910794,45.601858417,105287.318103312,2513392.71750447,Candidate lake ledger,EPSG:4326-compatible longitude/latitude; CRS not embedded in Parquet,MN,Upper Midwest,Upper Midwest,True,True,True,False,True,False,False,0,True,True,True,Shared
141802,-75.4992038926,38.9670320091,1746186.52910004,1960294.62940523,Candidate lake ledger,EPSG:4326-compatible longitude/latitude; CRS not embedded in Parquet,DE,Coastal Plains,Coastal Plains,True,True,True,True,True,True,True,3,True,True,True,Shared
141821,-75.381206124,38.8670519013,1758491.72689661,1951525.50819801,Candidate lake ledger,EPSG:4326-compatible longitude/latitude; CRS not embedded in Parquet,DE,Coastal Plains,Coastal Plains,True,True,True,True,True,True,True,1,True,True,True,Shared
141883,-75.5604167424,39.0852318043,1738225.94920361,1972114.33490063,Candidate lake ledger,EPSG:4326-compatible longitude/latitude; CRS not embedded in Parquet,DE,Coastal Plains,Coastal Plains,True,True,True,True,True,True,True,2,True,True,True,Shared
141910,-75.3135070803,38.8226646302,1765248.60610236,1947922.50630198,Candidate lake ledger,EPSG:4326-compatible longitude/latitude; CRS not embedded in Parquet,DE,Coastal Plains,Coastal Plains,True,True,True,True,True,True,True,1,True,True,True,Shared
142,-92.8975960136,45.3646816508,242925.790100287,2490249.58119591,Candidate lake ledger,EPSG:4326-compatible longitude/latitude; CRS not embedded in Parquet,MN,Upper Midwest,Upper Midwest,True,True,True,True,True,True,False,0,True,False,False,Multi-horizon only
142079,-75.2199631586,38.7521706523,1774817.6705005,1941950.76069449,Candidate lake ledger,EPSG:4326-compatible longitude/latitude; CRS not embedded in Parquet,DE,Coastal Plains,Coastal Plains,True,True,True,False,True,False,False,0,True,True,True,Shared
142108,-75.5928483532,39.2436344513,1731727.33209989,1988867.43290075,Candidate lake ledger,EPSG:4326-compatible longitude/latitude; CRS not embedded in Parquet,DE,Coastal Plains,Coastal Plains,True,True,True,True,True,True,True,11,True,True,True,Shared
142130,-75.294075217,38.5967305339,1772354.55419756,1923558.31259724,Candidate lake ledger,EPSG:4326-compatible longitude/latitude; CRS not embedded in Parquet,DE,Coastal Plains,Coastal Plains,True,True,True,True,True,True,True,1,True,True,True,Shared
1423,-95.7486705591,46.2927639287,19410.6296974032,2589367.27649539,Candidate lake ledger,EPSG:4326-compatible longitude/latitude; CRS not embedded in Parquet,MN,Upper Midwest,Upper Midwest,True,True,True,True,True,True,False,0,True,False,False,Multi-horizon only
142330,-75.5180280497,38.9887481965,1744087.53140162,1962326.59779706,Candidate lake ledger,EPSG:4326-compatible longitude/latitude; CRS not embedded in Parquet,DE,Coastal Plains,Coastal Plains,True,True,True,True,True,True,True,5,True,True,True,Shared
142332,-75.5231117986,39.1276673589,1740332.32959923,1977443.48520216,Candidate lake ledger,EPSG:4326-compatible longitude/latitude; CRS not embedded in Parquet,DE,Coastal Plains,Coastal Plains,True,True,True,True,True,True,False,0,True,True,True,Shared
142339,-75.4766174649,38.8832747323,1750092.04790047,1951540.12629672,Candidate lake ledger,EPSG:4326-compatible longitude/latitude; CRS not embedded in Parquet,DE,Coastal Plains,Coastal Plains,True,True,True,True,True,True,True,1,True,True,True,Shared
142349,-75.4363677535,38.9114466031,1752792.64619796,1955366.04330359,Candidate lake ledger,EPSG:4326-compatible longitude/latitude; CRS not embedded in Parquet,DE,Coastal Plains,Coastal Plains,True,True,True,True,True,True,True,1,True,True,True,Shared
142394,-75.1925453615,38.6706104522,1779107.52919854,1933539.63690017,Candidate lake ledger,EPSG:4326-compatible longitude/latitude; CRS not embedded in Parquet,DE,Coastal Plains,Coastal Plains,True,True,True,True,True,True,False,0,True,True,True,Shared
143079,-76.8551128042,39.2424133193,1626142.26209685,1966432.99040177,Candidate lake ledger,EPSG:4326-compatible longitude/latitude; CRS not embedded in Parquet,MD,Southern Appalachians,Southern Appalachians,True,True,True,False,True,False,False,0,False,False,False,neither
1431,-93.6619798288,44.3414562806,185888.609199251,2374671.49739747,Candidate lake ledger,EPSG:4326-compatible longitude/latitude; CRS not embedded in Parquet,MN,Upper Midwest,Upper Midwest,True,True,True,True,True,True,True,1,True,True,True,Shared
143187,-78.8364389325,38.3809365919,1477136.64570233,1839275.6450004,Candidate lake ledger,EPSG:4326-compatible longitude/latitude; CRS not embedded in Parquet,VA,Southern Appalachians,Southern Appalachians,True,True,True,True,True,True,False,0,False,False,False,neither
143328,-79.227948551,38.3287535289,1444824.03290173,1827500.76989526,Candidate lake ledger,EPSG:4326-compatible longitude/latitude; CRS not embedded in Parquet,VA,Southern Appalachians,Southern Appalachians,True,True,True,True,True,True,False,0,False,False,False,neither
143457,-79.1414940978,38.5697490349,1447426.75020455,1855406.9894978,Candidate lake ledger,EPSG:4326-compatible longitude/latitude; CRS not embedded in Parquet,VA,Southern Appalachians,Southern Appalachians,True,True,True,False,True,False,False,0,False,False,False,neither
1435,-96.0545453639,46.4305302063,-4203.87489715247,2604618.08879499,Candidate lake ledger,EPSG:4326-compatible longitude/latitude; CRS not embedded in Parquet,MN,Upper Midwest,Upper Midwest,True,True,True,True,True,True,False,0,False,False,False,neither
143576,-78.7931920809,38.7979801387,1472400.35170052,1885929.45669595,Candidate lake ledger,EPSG:4326-compatible longitude/latitude; CRS not embedded in Parquet,VA,Southern Appalachians,Southern Appalachians,True,True,True,False,True,False,False,0,False,False,False,neither
143638,-77.4032712019,38.4875213495,1596638.93169599,1874189.67820154,Candidate lake ledger,EPSG:4326-compatible longitude/latitude; CRS not embedded in Parquet,VA,Southern Appalachians,Southern Appalachians,True,True,True,False,True,False,False,0,False,False,False,neither
143689,-77.4932492712,38.4087483448,1590720.51929544,1864019.06300198,Candidate lake ledger,EPSG:4326-compatible longitude/latitude; CRS not embedded in Parquet,VA,Southern Appalachians,Southern Appalachians,True,True,True,False,True,False,False,0,False,False,False,neither
143695,-78.9407912911,38.4241733919,1467387.52729935,1842426.93140006,Candidate lake ledger,EPSG:4326-compatible longitude/latitude; CRS not embedded in Parquet,VA,Southern Appalachians,Southern Appalachians,True,True,True,False,True,False,False,0,False,True,False,Direct 60-day 60-day only
143710,-78.1574448228,39.0436078702,1521034.00319765,1923006.33549933,Candidate lake ledger,EPSG:4326-compatible longitude/latitude; CRS not embedded in Parquet,VA,Southern Appalachians,Southern Appalachians,True,True,True,True,True,True,False,0,False,False,False,neither
143837,-79.0301603144,37.9744024255,1468736.62780238,1791439.59150504,Candidate lake ledger,EPSG:4326-compatible longitude/latitude; CRS not embedded in Parquet,VA,Southern Appalachians,Southern Appalachians,True,True,True,True,True,True,False,0,False,False,False,neither
143887,-77.5629409131,38.4354380821,1584229.01650144,1865790.13499497,Candidate lake ledger,EPSG:4326-compatible longitude/latitude; CRS not embedded in Parquet,VA,Southern Appalachians,Southern Appalachians,True,True,True,True,True,True,False,0,True,False,False,Multi-horizon only
1439,-93.338615891,45.0367054785,209424.088100006,2452737.66809767,Candidate lake ledger,EPSG:4326-compatible longitude/latitude; CRS not embedded in Parquet,MN,Upper Midwest,Upper Midwest,True,True,True,False,True,False,False,0,False,False,False,neither
1440,-95.0987849518,43.8778028628,72149.1330977809,2321033.11950368,Candidate lake ledger,EPSG:4326-compatible longitude/latitude; CRS not embedded in Parquet,MN,Temporate Plains,Temperate Plains,True,True,True,True,True,True,False,0,True,True,True,Shared
144059,-77.254165794,39.1427412289,1594882.04469808,1948720.45000241,Candidate lake ledger,EPSG:4326-compatible longitude/latitude; CRS not embedded in Parquet,MD,Southern Appalachians,Southern Appalachians,True,True,True,False,True,False,False,0,False,False,False,neither
1441,-94.9917848792,46.9051557932,77145.0819969453,2657602.93149496,Candidate lake ledger,EPSG:4326-compatible longitude/latitude; CRS not embedded in Parquet,MN,Upper Midwest,Upper Midwest,True,True,True,True,True,True,False,0,False,False,False,neither
144174,-77.2992292618,38.7626345525,1599427.32220344,1906183.82729872,Candidate lake ledger,EPSG:4326-compatible longitude/latitude; CRS not embedded in Parquet,VA,Southern Appalachians,Southern Appalachians,True,True,True,False,True,False,False,0,False,False,False,neither
144208,-76.645281491,36.7571941952,1700053.79070253,1697271.2296956,Candidate lake ledger,EPSG:4326-compatible longitude/latitude; CRS not embedded in Parquet,VA,Coastal Plains,Coastal Plains,True,True,True,False,True,False,False,0,True,True,True,Shared
144209,-76.1671644968,36.9009975702,1738107.97899726,1721690.56899941,Candidate lake ledger,EPSG:4326-compatible longitude/latitude; CRS not embedded in Parquet,VA,Coastal Plains,Coastal Plains,True,True,True,False,True,False,False,0,True,False,False,Multi-horizon only
144221,-79.2785224582,37.6774574466,1453290.70889619,1754861.50459849,Candidate lake ledger,EPSG:4326-compatible longitude/latitude; CRS not embedded in Parquet,VA,Southern Appalachians,Southern Appalachians,True,True,True,False,True,False,False,0,False,False,False,neither
144247,-78.6606635285,38.0782929573,1498251.88480109,1808662.73559656,Candidate lake ledger,EPSG:4326-compatible longitude/latitude; CRS not embedded in Parquet,VA,Southern Appalachians,Southern Appalachians,True,True,True,False,True,False,False,0,False,False,False,neither
144250,-78.6291002327,38.0950538174,1500607.30159999,1811008.1238017,Candidate lake ledger,EPSG:4326-compatible longitude/latitude; CRS not embedded in Parquet,VA,Southern Appalachians,Southern Appalachians,True,True,True,True,True,True,False,0,False,False,False,neither
144409,-77.9362233455,37.9864937109,1562052.77470139,1810215.93319691,Candidate lake ledger,EPSG:4326-compatible longitude/latitude; CRS not embedded in Parquet,VA,Southern Appalachians,Southern Appalachians,True,True,True,False,True,False,False,0,False,False,False,neither
144716,-76.551751001,37.1837081448,1698442.57160271,1745740.87930624,Candidate lake ledger,EPSG:4326-compatible longitude/latitude; CRS not embedded in Parquet,VA,Coastal Plains,Coastal Plains,True,True,True,True,True,True,False,0,True,False,False,Multi-horizon only
1448,-95.5325124295,45.6718043514,36443.8669965319,2520506.08940426,Candidate lake ledger,EPSG:4326-compatible longitude/latitude; CRS not embedded in Parquet,MN,Upper Midwest,Upper Midwest,True,True,True,True,True,True,True,1,True,True,True,Shared
144841,-77.6466424808,38.3454553736,1579062.44780031,1854499.58360142,Candidate lake ledger,EPSG:4326-compatible longitude/latitude; CRS not embedded in Parquet,VA,Southern Appalachians,Southern Appalachians,True,True,True,True,True,True,False,0,False,False,False,neither
145021,-77.9227882028,37.4652100027,1574246.95960032,1753067.07669698,Candidate lake ledger,EPSG:4326-compatible longitude/latitude; CRS not embedded in Parquet,VA,Southern Appalachians,Southern Appalachians,True,True,True,True,True,True,False,0,False,False,False,neither
1451,-95.3075084098,46.0612585609,53669.1172993423,2563854.50459725,Candidate lake ledger,EPSG:4326-compatible longitude/latitude; CRS not embedded in Parquet,MN,Upper Midwest,Upper Midwest,True,True,True,True,True,True,False,0,True,False,False,Multi-horizon only
1452,-90.0665019831,47.9258395285,446686.490503124,2783932.19670285,Candidate lake ledger,EPSG:4326-compatible longitude/latitude; CRS not embedded in Parquet,MN,Upper Midwest,Upper Midwest,True,True,True,True,True,True,False,0,False,False,False,neither
145304,-76.6307356751,36.710165465,1702380.16600258,1692371.7530949,Candidate lake ledger,EPSG:4326-compatible longitude/latitude; CRS not embedded in Parquet,VA,Coastal Plains,Coastal Plains,True,True,True,True,True,True,False,0,True,False,False,Multi-horizon only
145310,-76.6079911832,36.7205764039,1704115.03519955,1693921.59770361,Candidate lake ledger,EPSG:4326-compatible longitude/latitude; CRS not embedded in Parquet,VA,Coastal Plains,Coastal Plains,True,True,True,False,True,False,False,0,True,False,False,Multi-horizon only
145447,-78.4881393229,38.0936413238,1512675.82209986,1813087.23730016,Candidate lake ledger,EPSG:4326-compatible longitude/latitude; CRS not embedded in Parquet,VA,Southern Appalachians,Southern Appalachians,True,True,True,False,True,False,False,0,False,False,False,neither
145448,-78.3135676395,37.2419335446,1545244.16139991,1722073.54600518,Candidate lake ledger,EPSG:4326-compatible longitude/latitude; CRS not embedded in Parquet,VA,Southern Appalachians,Southern Appalachians,True,True,True,False,True,False,False,0,True,False,False,Multi-horizon only
145449,-77.8378972912,38.0565895418,1568959.60079986,1819549.96370318,Candidate lake ledger,EPSG:4326-compatible longitude/latitude; CRS not embedded in Parquet,VA,Southern Appalachians,Southern Appalachians,True,True,True,False,True,False,False,0,True,False,False,Multi-horizon only
145450,-77.6043871668,38.2473447533,1584767.88220511,1844411.03369561,Candidate lake ledger,EPSG:4326-compatible longitude/latitude; CRS not embedded in Parquet,VA,Southern Appalachians,Southern Appalachians,True,True,True,False,True,False,False,0,False,False,False,neither
145451,-76.7112804596,37.3235461866,1681544.50409509,1758249.95480386,Candidate lake ledger,EPSG:4326-compatible longitude/latitude; CRS not embedded in Parquet,VA,Coastal Plains,Coastal Plains,True,True,True,False,True,False,False,0,True,False,False,Multi-horizon only
145459,-79.8002760744,37.9058695988,1404048.74219858,1772234.84989905,Candidate lake ledger,EPSG:4326-compatible longitude/latitude; CRS not embedded in Parquet,VA,Southern Appalachians,Southern Appalachians,True,True,True,False,True,False,False,0,False,False,False,neither
145485,-78.8839119784,37.690150904,1486964.80970052,1762366.13310343,Candidate lake ledger,EPSG:4326-compatible longitude/latitude; CRS not embedded in Parquet,VA,Southern Appalachians,Southern Appalachians,True,True,True,True,True,True,False,0,False,False,False,neither
145530,-78.4422558233,38.1637435065,1515150.66930355,1821542.17480238,Candidate lake ledger,EPSG:4326-compatible longitude/latitude; CRS not embedded in Parquet,VA,Southern Appalachians,Southern Appalachians,True,True,True,False,True,False,False,0,False,False,False,neither
145637,-78.0013437075,37.5764613845,1565140.88960342,1764013.64979585,Candidate lake ledger,EPSG:4326-compatible longitude/latitude; CRS not embedded in Parquet,VA,Southern Appalachians,Southern Appalachians,True,True,True,True,True,True,False,0,False,False,False,neither
1460,-93.0696231652,46.1909607189,226630.859897747,2581544.29770525,Candidate lake ledger,EPSG:4326-compatible longitude/latitude; CRS not embedded in Parquet,MN,Upper Midwest,Upper Midwest,True,True,True,False,True,False,False,0,False,False,False,neither
146084,-77.6900451489,37.4386546196,1594835.3497979,1754026.08370155,Candidate lake ledger,EPSG:4326-compatible longitude/latitude; CRS not embedded in Parquet,VA,Southern Appalachians,Southern Appalachians,True,True,True,True,True,True,False,0,True,False,False,Multi-horizon only
146085,-77.4802693751,37.4590913594,1612433.19640301,1759813.3853045,Candidate lake ledger,EPSG:4326-compatible longitude/latitude; CRS not embedded in Parquet,VA,Coastal Plains,Coastal Plains,True,True,True,False,True,False,False,0,True,False,False,Multi-horizon only
146116,-79.0841853369,37.6625632117,1470298.70910223,1756207.58479521,Candidate lake ledger,EPSG:4326-compatible longitude/latitude; CRS not embedded in Parquet,VA,Southern Appalachians,Southern Appalachians,True,True,True,False,True,False,False,0,True,False,False,Multi-horizon only
146161,-78.5136714044,37.7760730644,1517007.71039858,1777688.50310474,Candidate lake ledger,EPSG:4326-compatible longitude/latitude; CRS not embedded in Parquet,VA,Southern Appalachians,Southern Appalachians,True,True,True,False,True,False,False,0,True,False,False,Multi-horizon only
146189,-78.3759444624,37.8919631502,1526424.29140107,1792661.75219902,Candidate lake ledger,EPSG:4326-compatible longitude/latitude; CRS not embedded in Parquet,VA,Southern Appalachians,Southern Appalachians,True,True,True,False,True,False,False,0,False,False,False,neither
1465,-94.5379777346,45.3860132835,114459.24139889,2489536.05210519,Candidate lake ledger,EPSG:4326-compatible longitude/latitude; CRS not embedded in Parquet,MN,Upper Midwest,Upper Midwest,True,True,True,True,True,True,True,2,True,True,True,Shared
146568,-76.5706395438,36.8678523812,1704001.53059865,1710748.8680004,Candidate lake ledger,EPSG:4326-compatible longitude/latitude; CRS not embedded in Parquet,VA,Coastal Plains,Coastal Plains,True,True,True,True,True,True,False,0,True,False,False,Multi-horizon only
1466,-92.8090039152,45.2682016929,250220.346603338,2479757.42389776,Candidate lake ledger,EPSG:4326-compatible longitude/latitude; CRS not embedded in Parquet,MN,Upper Midwest,Upper Midwest,True,True,True,True,True,True,False,0,True,False,False,Multi-horizon only
146676,-75.5778718777,38.538506686,1749831.96649673,1911925.24160188,Candidate lake ledger,EPSG:4326-compatible longitude/latitude; CRS not embedded in Parquet,DE,Coastal Plains,Coastal Plains,True,True,True,True,True,True,True,2,True,True,True,Shared
146689,-76.9102784497,37.4334723935,1661973.59150108,1766817.98969629,Candidate lake ledger,EPSG:4326-compatible longitude/latitude; CRS not embedded in Parquet,VA,Coastal Plains,Coastal Plains,True,True,True,False,True,False,False,0,True,False,False,Multi-horizon only
146726,-78.5625792379,38.0307075712,1507605.22120395,1804969.4104981,Candidate lake ledger,EPSG:4326-compatible longitude/latitude; CRS not embedded in Parquet,VA,Southern Appalachians,Southern Appalachians,True,True,True,True,True,True,False,0,False,False,False,neither
1470,-93.4397800719,45.5733424337,199858.074799978,2512168.99459517,Candidate lake ledger,EPSG:4326-compatible longitude/latitude; CRS not embedded in Parquet,MN,Upper Midwest,Upper Midwest,True,True,True,False,True,False,False,0,True,False,False,Multi-horizon only
1471,-93.7070957531,46.4434068471,176665.236296492,2608175.64259819,Candidate lake ledger,EPSG:4326-compatible longitude/latitude; CRS not embedded in Parquet,MN,Upper Midwest,Upper Midwest,True,True,True,False,True,False,False,0,False,False,False,neither
147176,-76.5687796442,36.8614681756,1704307.6074022,1710081.8200995,Candidate lake ledger,EPSG:4326-compatible longitude/latitude; CRS not embedded in Parquet,VA,Coastal Plains,Coastal Plains,True,True,True,True,True,True,False,0,True,True,True,Shared
147316,-78.4561293318,37.1825029358,1534153.57190234,1713218.15199787,Candidate lake ledger,EPSG:4326-compatible longitude/latitude; CRS not embedded in Parquet,VA,Southern Appalachians,Southern Appalachians,True,True,True,False,True,False,False,0,False,False,False,neither
147320,-79.6080364857,37.8029620821,1422525.3735967,1763729.03859591,Candidate lake ledger,EPSG:4326-compatible longitude/latitude; CRS not embedded in Parquet,VA,Southern Appalachians,Southern Appalachians,True,True,True,True,True,True,False,0,False,False,False,neither
147336,-79.1156206647,37.6764000831,1467321.15679652,1757248.04140155,Candidate lake ledger,EPSG:4326-compatible longitude/latitude; CRS not embedded in Parquet,VA,Southern Appalachians,Southern Appalachians,True,True,True,False,True,False,False,0,False,False,False,neither
147679,-77.1811532348,37.3469366328,1640610.0967004,1752605.79710011,Candidate lake ledger,EPSG:4326-compatible longitude/latitude; CRS not embedded in Parquet,VA,Coastal Plains,Coastal Plains,True,True,True,False,True,False,False,0,True,False,False,Multi-horizon only
14775,-93.0702130418,44.9102895586,230971.941097578,2439297.45859672,Candidate lake ledger,EPSG:4326-compatible longitude/latitude; CRS not embedded in Parquet,MN,Upper Midwest,Upper Midwest,True,True,True,True,True,True,True,1,True,True,True,Shared
1478,-94.0407005828,44.963972621,154353.187801073,2443302.67979657,Candidate lake ledger,EPSG:4326-compatible longitude/latitude; CRS not embedded in Parquet,MN,Upper Midwest,Upper Midwest,True,True,True,True,True,True,True,2,True,True,True,Shared
147878,-75.5461810043,38.6434140713,1749994.00280145,1923996.61949879,Candidate lake ledger,EPSG:4326-compatible longitude/latitude; CRS not embedded in Parquet,DE,Coastal Plains,Coastal Plains,True,True,True,True,True,True,False,0,True,True,True,Shared
147884,-79.9842308114,37.9568188834,1387299.45630036,1775161.89530293,Candidate lake ledger,EPSG:4326-compatible longitude/latitude; CRS not embedded in Parquet,VA,Southern Appalachians,Southern Appalachians,True,True,True,False,True,False,False,0,False,False,False,neither
147886,-76.8421385185,37.3581958144,1669514.62169673,1759746.61109812,Candidate lake ledger,EPSG:4326-compatible longitude/latitude; CRS not embedded in Parquet,VA,Coastal Plains,Coastal Plains,True,True,True,False,True,False,False,0,False,False,False,neither
147887,-76.6404364793,36.8408996751,1698576.17269963,1706542.20950516,Candidate lake ledger,EPSG:4326-compatible longitude/latitude; CRS not embedded in Parquet,VA,Coastal Plains,Coastal Plains,True,True,True,True,True,True,False,0,True,False,False,Multi-horizon only
147888,-76.6102579501,36.8010998099,1702090.68059656,1702715.35480123,Candidate lake ledger,EPSG:4326-compatible longitude/latitude; CRS not embedded in Parquet,VA,Coastal Plains,Coastal Plains,True,True,True,False,True,False,False,0,True,False,False,Multi-horizon only
147889,-76.4656246733,37.1386884194,1706887.78859665,1742344.9382952,Candidate lake ledger,EPSG:4326-compatible longitude/latitude; CRS not embedded in Parquet,VA,Coastal Plains,Coastal Plains,True,True,True,False,True,False,False,0,True,False,False,Multi-horizon only
147891,-76.7024775629,37.3056376005,1682706.07169489,1756440.09180424,Candidate lake ledger,EPSG:4326-compatible longitude/latitude; CRS not embedded in Parquet,VA,Coastal Plains,Coastal Plains,True,True,True,True,True,True,False,0,False,False,False,neither
147892,-75.5890366821,38.6528434051,1746158.70189951,1924240.8817007,Candidate lake ledger,EPSG:4326-compatible longitude/latitude; CRS not embedded in Parquet,DE,Coastal Plains,Coastal Plains,True,True,True,False,True,False,False,0,True,False,False,Multi-horizon only
14794,-94.8744265557,47.6159974728,85193.6984989724,2736291.10790221,Candidate lake ledger,EPSG:4326-compatible longitude/latitude; CRS not embedded in Parquet,MN,Upper Midwest,Upper Midwest,True,True,True,True,True,True,False,0,False,False,False,neither
148028,-78.0691084404,38.4768557375,1540389.9356023,1862026.57719703,Candidate lake ledger,EPSG:4326-compatible longitude/latitude; CRS not embedded in Parquet,VA,Southern Appalachians,Southern Appalachians,True,True,True,False,True,False,False,0,False,False,False,neither
148032,-78.0255261516,38.4657708996,1544322.86360216,1861513.54290456,Candidate lake ledger,EPSG:4326-compatible longitude/latitude; CRS not embedded in Parquet,VA,Southern Appalachians,Southern Appalachians,True,True,True,False,True,False,False,0,True,False,False,Multi-horizon only
148037,-78.0189347534,38.2261653918,1549933.61480204,1835243.46520268,Candidate lake ledger,EPSG:4326-compatible longitude/latitude; CRS not embedded in Parquet,VA,Southern Appalachians,Southern Appalachians,True,True,True,True,True,True,False,0,False,False,False,neither
148049,-77.9879824823,37.576475347,1566288.52950319,1764235.3188,Candidate lake ledger,EPSG:4326-compatible longitude/latitude; CRS not embedded in Parquet,VA,Southern Appalachians,Southern Appalachians,True,True,True,False,True,False,False,0,True,False,False,Multi-horizon only
14815,-93.2838390165,44.9691104139,213948.26629842,2445340.89720262,Candidate lake ledger,EPSG:4326-compatible longitude/latitude; CRS not embedded in Parquet,MN,Upper Midwest,Upper Midwest,True,True,True,True,True,True,True,1,True,False,False,Multi-horizon only
148345,-76.5789136241,36.876973563,1703078.60839727,1711601.23270044,Candidate lake ledger,EPSG:4326-compatible longitude/latitude; CRS not embedded in Parquet,VA,Coastal Plains,Coastal Plains,True,True,True,False,True,False,False,0,True,False,False,Multi-horizon only
148481,-75.559341978,38.5587425444,1750911.01049934,1914482.48880513,Candidate lake ledger,EPSG:4326-compatible longitude/latitude; CRS not embedded in Parquet,DE,Coastal Plains,Coastal Plains,True,True,True,True,True,True,True,3,True,True,True,Shared
148485,-75.3745902796,38.3314076907,1771975.36320161,1893018.10149948,Candidate lake ledger,EPSG:4326-compatible longitude/latitude; CRS not embedded in Parquet,MD,Coastal Plains,Coastal Plains,True,True,True,False,True,False,False,0,True,False,False,Multi-horizon only
148488,-77.6630345685,37.2765818247,1600641.61759793,1736654.10369961,Candidate lake ledger,EPSG:4326-compatible longitude/latitude; CRS not embedded in Parquet,VA,Southern Appalachians,Southern Appalachians,True,True,True,False,True,False,False,0,True,False,False,Multi-horizon only
148489,-76.6325335942,36.8078479347,1700009.40310165,1703057.01740272,Candidate lake ledger,EPSG:4326-compatible longitude/latitude; CRS not embedded in Parquet,VA,Coastal Plains,Coastal Plains,True,True,True,True,True,True,False,0,True,False,False,Multi-horizon only
148490,-76.607351166,36.7553965061,1703379.95060127,1697753.19609622,Candidate lake ledger,EPSG:4326-compatible longitude/latitude; CRS not embedded in Parquet,VA,Coastal Plains,Coastal Plains,True,True,True,True,True,True,True,1,True,False,False,Multi-horizon only
148540,-78.6355817272,37.3961494121,1514286.69160005,1733878.95720346,Candidate lake ledger,EPSG:4326-compatible longitude/latitude; CRS not embedded in Parquet,VA,Southern Appalachians,Southern Appalachians,True,True,True,True,True,True,False,0,False,False,False,neither
1486,-91.7296683198,47.8942320257,321737.090702275,2773726.19539495,Candidate lake ledger,EPSG:4326-compatible longitude/latitude; CRS not embedded in Parquet,MN,Upper Midwest,Upper Midwest,True,True,True,True,True,True,False,0,False,False,False,neither
148778,-77.5547253341,38.3142912082,1587545.12469703,1852603.15879497,Candidate lake ledger,EPSG:4326-compatible longitude/latitude; CRS not embedded in Parquet,VA,Southern Appalachians,Southern Appalachians,True,True,True,False,True,False,False,0,False,False,False,neither
148780,-77.5398034467,37.6921858203,1602272.66190178,1784437.00439986,Candidate lake ledger,EPSG:4326-compatible longitude/latitude; CRS not embedded in Parquet,VA,Southern Appalachians,Southern Appalachians,True,True,True,False,True,False,False,0,False,False,False,neither
14882,-92.8278111473,45.3218697814,248546.968300885,2485672.56030463,Candidate lake ledger,EPSG:4326-compatible longitude/latitude; CRS not embedded in Parquet,MN,Upper Midwest,Upper Midwest,True,True,True,True,True,True,False,0,True,True,True,Shared
1489,-93.9632281989,46.3780272157,157089.113702236,2600479.62669664,Candidate lake ledger,EPSG:4326-compatible longitude/latitude; CRS not embedded in Parquet,MN,Upper Midwest,Upper Midwest,True,True,True,False,True,False,False,0,False,False,False,neither
149106,-79.3803951292,36.3789501553,1469842.54389763,1610032.22889876,Candidate lake ledger,EPSG:4326-compatible longitude/latitude; CRS not embedded in Parquet,NC,Southern Appalachians,Southern Appalachians,True,True,True,True,True,True,False,0,True,False,False,Multi-horizon only
149109,-80.4288421934,36.6821165043,1372437.55300118,1627829.27629906,Candidate lake ledger,EPSG:4326-compatible longitude/latitude; CRS not embedded in Parquet,VA,Southern Appalachians,Southern Appalachians,True,True,True,False,True,False,False,0,False,False,False,neither
149116,-80.1098521291,36.8010946052,1398074.96920372,1645626.58580095,Candidate lake ledger,EPSG:4326-compatible longitude/latitude; CRS not embedded in Parquet,VA,Southern Appalachians,Southern Appalachians,True,True,True,False,True,False,False,0,False,False,False,neither
149391,-77.0346343915,36.9067796317,1662991.84100206,1706802.12069894,Candidate lake ledger,EPSG:4326-compatible longitude/latitude; CRS not embedded in Parquet,VA,Coastal Plains,Coastal Plains,True,True,True,True,True,True,False,0,True,False,False,Multi-horizon only
149463,-80.0796737798,36.8076823743,1400582.24319767,1646798.7221011,Candidate lake ledger,EPSG:4326-compatible longitude/latitude; CRS not embedded in Parquet,VA,Southern Appalachians,Southern Appalachians,True,True,True,False,True,False,False,0,False,False,False,neither
149464,-79.8665565573,36.7445605591,1420346.68590151,1642990.11520268,Candidate lake ledger,EPSG:4326-compatible longitude/latitude; CRS not embedded in Parquet,VA,Southern Appalachians,Southern Appalachians,True,True,True,True,True,True,False,0,False,False,False,neither
149465,-79.9569801339,37.3726862827,1400636.77600296,1711024.24559655,Candidate lake ledger,EPSG:4326-compatible longitude/latitude; CRS not embedded in Parquet,VA,Southern Appalachians,Southern Appalachians,True,True,True,True,True,True,False,0,False,False,False,neither
149479,-80.1031415724,36.1517783938,1410770.0926031,1574005.59639775,Candidate lake ledger,EPSG:4326-compatible longitude/latitude; CRS not embedded in Parquet,NC,Southern Appalachians,Southern Appalachians,True,True,True,True,True,True,False,0,False,False,False,neither
149588,-78.8017330081,36.9213106321,1509533.31300233,1678904.2556035,Candidate lake ledger,EPSG:4326-compatible longitude/latitude; CRS not embedded in Parquet,VA,Southern Appalachians,Southern Appalachians,True,True,True,False,True,False,False,0,False,False,False,neither
150097,-77.0784358368,37.0559161122,1655896.83519917,1722416.83110178,Candidate lake ledger,EPSG:4326-compatible longitude/latitude; CRS not embedded in Parquet,VA,Coastal Plains,Coastal Plains,True,True,True,False,True,False,False,0,True,False,False,Multi-horizon only
150204,-80.3929167355,36.678231444,1375646.6866013,1627919.30059904,Candidate lake ledger,EPSG:4326-compatible longitude/latitude; CRS not embedded in Parquet,VA,Southern Appalachians,Southern Appalachians,True,True,True,False,True,False,False,0,False,False,False,neither
150205,-79.4241166061,37.0620945337,1452733.3784979,1684730.42810061,Candidate lake ledger,EPSG:4326-compatible longitude/latitude; CRS not embedded in Parquet,VA,Southern Appalachians,Southern Appalachians,True,True,True,False,True,False,False,0,False,False,False,neither
150207,-77.9403334033,36.4931646346,1593310.7352995,1645822.83180459,Candidate lake ledger,EPSG:4326-compatible longitude/latitude; CRS not embedded in Parquet,NC,Southern Appalachians,Southern Appalachians,True,True,True,False,True,False,False,0,False,False,False,neither
150208,-77.7371817474,36.7901190976,1604659.9894003,1681902.83260063,Candidate lake ledger,EPSG:4326-compatible longitude/latitude; CRS not embedded in Parquet,VA,Southern Appalachians,Southern Appalachians,True,True,True,False,True,False,False,0,True,False,False,Multi-horizon only
150210,-76.4697355202,36.6028256608,1718785.61620299,1683495.43349583,Candidate lake ledger,EPSG:4326-compatible longitude/latitude; CRS not embedded in Parquet,VA,Coastal Plains,Coastal Plains,True,True,True,True,True,True,False,0,False,False,False,neither
150251,-79.8200597988,37.315105311,1413568.70529663,1706691.28559836,Candidate lake ledger,EPSG:4326-compatible longitude/latitude; CRS not embedded in Parquet,VA,Southern Appalachians,Southern Appalachians,True,True,True,False,True,False,False,0,False,False,False,neither
150376,-78.2094038597,36.6996758378,1565546.49459834,1664075.29759827,Candidate lake ledger,EPSG:4326-compatible longitude/latitude; CRS not embedded in Parquet,VA,Southern Appalachians,Southern Appalachians,True,True,True,False,True,False,False,0,True,False,False,Multi-horizon only
150428,-77.5618073137,36.6975996416,1621874.83030252,1674707.17029887,Candidate lake ledger,EPSG:4326-compatible longitude/latitude; CRS not embedded in Parquet,VA,Coastal Plains,Coastal Plains,True,True,True,False,True,False,False,0,True,False,False,Multi-horizon only
150588,-79.0177211582,36.4268508445,1500625.37760321,1620982.21069755,Candidate lake ledger,EPSG:4326-compatible longitude/latitude; CRS not embedded in Parquet,NC,Southern Appalachians,Southern Appalachians,True,True,True,True,True,True,False,0,False,False,False,neither
150590,-78.4149368123,36.4116132896,1553605.24619747,1628989.86990316,Candidate lake ledger,EPSG:4326-compatible longitude/latitude; CRS not embedded in Parquet,NC,Southern Appalachians,Southern Appalachians,True,True,True,False,True,False,False,0,False,False,False,neither
150591,-77.9034106721,36.7850396552,1590339.81740379,1678549.83019868,Candidate lake ledger,EPSG:4326-compatible longitude/latitude; CRS not embedded in Parquet,VA,Southern Appalachians,Southern Appalachians,True,True,True,False,True,False,False,0,True,False,False,Multi-horizon only
150733,-78.5001137516,37.0572699664,1532920.42709693,1698713.27710276,Candidate lake ledger,EPSG:4326-compatible longitude/latitude; CRS not embedded in Parquet,VA,Southern Appalachians,Southern Appalachians,True,True,True,False,True,False,False,0,True,False,False,Multi-horizon only
150962,-79.1542023218,36.3308267549,1490589.0633041,1608248.39119895,Candidate lake ledger,EPSG:4326-compatible longitude/latitude; CRS not embedded in Parquet,NC,Southern Appalachians,Southern Appalachians,True,True,True,True,True,True,True,1,True,False,False,Multi-horizon only
151349,-79.6227260561,37.0145810224,1436413.63900217,1676467.30150124,Candidate lake ledger,EPSG:4326-compatible longitude/latitude; CRS not embedded in Parquet,VA,Southern Appalachians,Southern Appalachians,True,True,True,False,True,False,False,0,False,False,False,neither
1515,-92.2654395588,46.9444189622,285516.533997061,2667150.35829459,Candidate lake ledger,EPSG:4326-compatible longitude/latitude; CRS not embedded in Parquet,MN,Upper Midwest,Upper Midwest,True,True,True,False,True,False,False,0,False,False,False,neither
15162,-95.0028218078,49.0764065344,73788.4393979629,2897000.06060345,Candidate lake ledger,EPSG:4326-compatible longitude/latitude; CRS not embedded in Parquet,MN,Upper Midwest,Upper Midwest,True,True,True,False,True,False,False,0,True,False,False,Multi-horizon only
151700,-76.4590912289,35.7695935759,1738762.6954023,1592334.60330338,Candidate lake ledger,EPSG:4326-compatible longitude/latitude; CRS not embedded in Parquet,NC,Coastal Plains,Coastal Plains,True,True,True,True,True,True,False,0,True,False,False,Multi-horizon only
151760,-79.4334659767,36.8586139352,1455876.67809989,1662133.71219921,Candidate lake ledger,EPSG:4326-compatible longitude/latitude; CRS not embedded in Parquet,VA,Southern Appalachians,Southern Appalachians,True,True,True,False,True,False,False,0,True,False,False,Multi-horizon only
152064,-78.7198034653,36.0296073312,1534707.93139959,1581969.30100083,Candidate lake ledger,EPSG:4326-compatible longitude/latitude; CRS not embedded in Parquet,NC,Southern Appalachians,Southern Appalachians,True,True,True,False,True,False,False,0,False,False,False,neither
152360,-77.1048630745,34.9328764985,1700571.06050257,1488909.51219552,Candidate lake ledger,EPSG:4326-compatible longitude/latitude; CRS not embedded in Parquet,NC,Coastal Plains,Coastal Plains,True,True,True,True,True,True,False,0,True,True,True,Shared
152390,-78.6420187985,35.6698326802,1548856.50600294,1543614.37280579,Candidate lake ledger,EPSG:4326-compatible longitude/latitude; CRS not embedded in Parquet,NC,Southern Appalachians,Southern Appalachians,True,True,True,True,True,True,False,0,False,False,False,neither
152395,-76.1487773486,35.5087863535,1772029.82439631,1569493.66220092,Candidate lake ledger,EPSG:4326-compatible longitude/latitude; CRS not embedded in Parquet,NC,Coastal Plains,Coastal Plains,True,True,True,False,True,False,False,0,True,False,False,Multi-horizon only
152693,-78.6760499729,36.0513627318,1538109.0635985,1585072.70430333,Candidate lake ledger,EPSG:4326-compatible longitude/latitude; CRS not embedded in Parquet,NC,Southern Appalachians,Southern Appalachians,True,True,True,True,True,True,False,0,True,False,False,Multi-horizon only
1528,-93.6509347265,47.324443283,178580.962598616,2705781.49149596,Candidate lake ledger,EPSG:4326-compatible longitude/latitude; CRS not embedded in Parquet,MN,Upper Midwest,Upper Midwest,True,True,True,False,True,False,False,0,False,False,False,neither
152959,-78.887924789,36.1355780159,1517813.68269933,1590943.07769533,Candidate lake ledger,EPSG:4326-compatible longitude/latitude; CRS not embedded in Parquet,NC,Southern Appalachians,Southern Appalachians,True,True,True,True,True,True,True,2,True,False,False,Multi-horizon only
153252,-79.1743765599,36.1512467149,1492365.13999724,1588133.29860407,Candidate lake ledger,EPSG:4326-compatible longitude/latitude; CRS not embedded in Parquet,NC,Southern Appalachians,Southern Appalachians,True,True,True,True,True,True,False,0,True,False,False,Multi-horizon only
153255,-76.2301099547,35.4917689757,1765268.30909935,1566116.33950122,Candidate lake ledger,EPSG:4326-compatible longitude/latitude; CRS not embedded in Parquet,NC,Coastal Plains,Coastal Plains,True,True,True,False,True,False,False,0,True,False,False,Multi-horizon only
1534,-94.1627005193,45.1085446172,144432.315099186,2459194.00169846,Candidate lake ledger,EPSG:4326-compatible longitude/latitude; CRS not embedded in Parquet,MN,Upper Midwest,Upper Midwest,True,True,True,False,True,False,False,0,True,False,False,Multi-horizon only
153841,-78.7116223119,35.6946501851,1542211.90459696,1545214.82129818,Candidate lake ledger,EPSG:4326-compatible longitude/latitude; CRS not embedded in Parquet,NC,Southern Appalachians,Southern Appalachians,True,True,True,False,True,False,False,0,True,False,False,Multi-horizon only
153842,-78.8372961596,36.1598036248,1521768.18100246,1594421.88510021,Candidate lake ledger,EPSG:4326-compatible longitude/latitude; CRS not embedded in Parquet,NC,Southern Appalachians,Southern Appalachians,True,True,True,True,True,True,False,0,True,False,False,Multi-horizon only
1539,-92.8195669652,45.1668551859,249769.516896508,2468464.20080198,Candidate lake ledger,EPSG:4326-compatible longitude/latitude; CRS not embedded in Parquet,MN,Upper Midwest,Upper Midwest,True,True,True,True,True,True,False,0,False,False,False,neither
1540,-92.6780255495,46.4819396073,255777.16809777,2614786.38490404,Candidate lake ledger,EPSG:4326-compatible longitude/latitude; CRS not embedded in Parquet,MN,Upper Midwest,Upper Midwest,True,True,True,False,True,False,False,0,False,False,False,neither
15414,-92.416602257,47.1098625159,273275.251701378,2684998.65180089,Candidate lake ledger,EPSG:4326-compatible longitude/latitude; CRS not embedded in Parquet,MN,Upper Midwest,Upper Midwest,True,True,True,True,True,True,False,0,False,False,False,neither
154146,-78.7713369527,36.1690037252,1527366.73230303,1596493.58620438,Candidate lake ledger,EPSG:4326-compatible longitude/latitude; CRS not embedded in Parquet,NC,Southern Appalachians,Southern Appalachians,True,True,True,True,True,True,False,0,True,False,False,Multi-horizon only
154148,-77.9008073679,35.8628129989,1610119.87809688,1577165.55710241,Candidate lake ledger,EPSG:4326-compatible longitude/latitude; CRS not embedded in Parquet,NC,Coastal Plains,Coastal Plains,True,True,True,False,True,False,False,0,True,False,False,Multi-horizon only
154409,-79.7767296805,36.1662313829,1439183.5314036,1580495.60300165,Candidate lake ledger,EPSG:4326-compatible longitude/latitude; CRS not embedded in Parquet,NC,Southern Appalachians,Southern Appalachians,True,True,True,True,True,True,False,0,False,False,False,neither
154413,-79.1032548232,35.8971908373,1503638.70460078,1561250.61840212,Candidate lake ledger,EPSG:4326-compatible longitude/latitude; CRS not embedded in Parquet,NC,Southern Appalachians,Southern Appalachians,True,True,True,True,True,True,False,0,True,False,False,Multi-horizon only
154429,-79.8960849853,36.154334297,1428922.02580406,1577381.33319559,Candidate lake ledger,EPSG:4326-compatible longitude/latitude; CRS not embedded in Parquet,NC,Southern Appalachians,Southern Appalachians,True,True,True,True,True,True,False,0,False,False,False,neither
154651,-78.6017184511,34.687541912,1572424.17029739,1436186.70310036,Candidate lake ledger,EPSG:4326-compatible longitude/latitude; CRS not embedded in Parquet,NC,Coastal Plains,Coastal Plains,True,True,True,False,True,False,False,0,False,False,False,neither
154664,-78.4981337086,34.6428749754,1582595.07130507,1432994.32239731,Candidate lake ledger,EPSG:4326-compatible longitude/latitude; CRS not embedded in Parquet,NC,Coastal Plains,Coastal Plains,True,True,True,True,True,True,False,0,True,False,False,Multi-horizon only
1547,-93.6802972527,44.8652497798,183008.664502935,2432957.27819734,Candidate lake ledger,EPSG:4326-compatible longitude/latitude; CRS not embedded in Parquet,MN,Upper Midwest,Upper Midwest,True,True,True,True,True,True,False,0,True,True,True,Shared
1548,-93.4289030987,44.8783516615,202797.888000977,2434925.47580077,Candidate lake ledger,EPSG:4326-compatible longitude/latitude; CRS not embedded in Parquet,MN,Upper Midwest,Upper Midwest,True,True,True,True,True,True,True,1,False,False,False,neither
155020,-79.9960479741,36.0182724949,1422690.39689884,1560860.92730364,Candidate lake ledger,EPSG:4326-compatible longitude/latitude; CRS not embedded in Parquet,NC,Southern Appalachians,Southern Appalachians,True,True,True,False,True,False,False,0,False,False,False,neither
155021,-79.8606620252,35.8589302943,1437625.92240085,1545310.11449865,Candidate lake ledger,EPSG:4326-compatible longitude/latitude; CRS not embedded in Parquet,NC,Southern Appalachians,Southern Appalachians,True,True,True,True,True,True,False,0,False,False,False,neither
155023,-79.4245528047,36.205556733,1469347.17680115,1590223.80590266,Candidate lake ledger,EPSG:4326-compatible longitude/latitude; CRS not embedded in Parquet,NC,Southern Appalachians,Southern Appalachians,True,True,True,False,True,False,False,0,True,False,False,Multi-horizon only
155024,-79.3231788758,36.1143453064,1480024.8541977,1581737.54140071,Candidate lake ledger,EPSG:4326-compatible longitude/latitude; CRS not embedded in Parquet,NC,Southern Appalachians,Southern Appalachians,True,True,True,False,True,False,False,0,False,False,False,neither
1551,-95.8908039582,46.3524194136,8425.81570335936,2595961.70200204,Candidate lake ledger,EPSG:4326-compatible longitude/latitude; CRS not embedded in Parquet,MN,Upper Midwest,Upper Midwest,True,True,True,False,True,False,False,0,False,False,False,neither
155321,-79.4098598148,36.1356647105,1471995.95919896,1582742.39720076,Candidate lake ledger,EPSG:4326-compatible longitude/latitude; CRS not embedded in Parquet,NC,Southern Appalachians,Southern Appalachians,True,True,True,False,True,False,False,0,True,False,False,Multi-horizon only
155322,-79.3217622049,36.1043234407,1480345.25120333,1580654.47989999,Candidate lake ledger,EPSG:4326-compatible longitude/latitude; CRS not embedded in Parquet,NC,Southern Appalachians,Southern Appalachians,True,True,True,False,True,False,False,0,True,False,False,Multi-horizon only
1556,-93.109261174,45.1695663144,227017.106996888,2468038.90930059,Candidate lake ledger,EPSG:4326-compatible longitude/latitude; CRS not embedded in Parquet,MN,Upper Midwest,Upper Midwest,True,True,True,False,True,False,False,0,True,True,True,Shared
155604,-79.8625645592,36.1723355342,1431527.02359823,1579872.9341025,Candidate lake ledger,EPSG:4326-compatible longitude/latitude; CRS not embedded in Parquet,NC,Southern Appalachians,Southern Appalachians,True,True,True,True,True,True,False,0,False,False,False,neither
155605,-79.6955504559,36.2931324284,1443887.88329897,1595732.38800051,Candidate lake ledger,EPSG:4326-compatible longitude/latitude; CRS not embedded in Parquet,NC,Southern Appalachians,Southern Appalachians,True,True,True,True,True,True,False,0,False,False,False,neither
155606,-78.4601233804,34.5917181298,1587043.04669517,1428003.7669044,Candidate lake ledger,EPSG:4326-compatible longitude/latitude; CRS not embedded in Parquet,NC,Coastal Plains,Coastal Plains,True,True,True,True,True,True,False,0,True,False,False,Multi-horizon only
156,-94.647390041,43.9766178338,108127.845400312,2332481.56539887,Candidate lake ledger,EPSG:4326-compatible longitude/latitude; CRS not embedded in Parquet,MN,Temporate Plains,Temperate Plains,True,True,True,True,True,True,False,0,True,True,True,Shared
156208,-79.2388712691,35.9532081316,1490595.54569663,1565288.70420323,Candidate lake ledger,EPSG:4326-compatible longitude/latitude; CRS not embedded in Parquet,NC,Southern Appalachians,Southern Appalachians,True,True,True,True,True,True,False,0,True,False,False,Multi-horizon only
156240,-79.7296146254,36.3408538244,1439990.13159988,1600482.36610163,Candidate lake ledger,EPSG:4326-compatible longitude/latitude; CRS not embedded in Parquet,NC,Southern Appalachians,Southern Appalachians,True,True,True,True,True,True,False,0,True,False,False,Multi-horizon only
156272,-79.4851231533,35.8037905328,1471811.36519614,1544975.63319913,Candidate lake ledger,EPSG:4326-compatible longitude/latitude; CRS not embedded in Parquet,NC,Southern Appalachians,Southern Appalachians,True,True,True,False,True,False,False,0,True,False,False,Multi-horizon only
1564,-94.1938691908,46.6903142154,138645.162899096,2634721.64039841,Candidate lake ledger,EPSG:4326-compatible longitude/latitude; CRS not embedded in Parquet,MN,Upper Midwest,Upper Midwest,True,True,True,False,True,False,False,0,False,False,False,neither
156498,-79.9450112054,35.9968750186,1427587.0824981,1559264.12650531,Candidate lake ledger,EPSG:4326-compatible longitude/latitude; CRS not embedded in Parquet,NC,Southern Appalachians,Southern Appalachians,True,True,True,True,True,True,False,0,False,False,False,neither
156499,-79.526888416,36.0423718518,1463518.9118029,1570644.73610369,Candidate lake ledger,EPSG:4326-compatible longitude/latitude; CRS not embedded in Parquet,NC,Southern Appalachians,Southern Appalachians,True,True,True,True,True,True,False,0,False,False,False,neither
156501,-79.0348395675,35.7060397002,1513462.7488005,1541272.97690168,Candidate lake ledger,EPSG:4326-compatible longitude/latitude; CRS not embedded in Parquet,NC,Southern Appalachians,Southern Appalachians,True,True,True,False,True,False,False,0,False,False,False,neither
156502,-78.9245060637,35.5912414784,1525496.61680144,1530390.75240446,Candidate lake ledger,EPSG:4326-compatible longitude/latitude; CRS not embedded in Parquet,NC,Southern Appalachians,Southern Appalachians,True,True,True,False,True,False,False,0,False,False,False,neither
1568,-93.3791458059,47.8337474453,197686.92089881,2762549.16530157,Candidate lake ledger,EPSG:4326-compatible longitude/latitude; CRS not embedded in Parquet,MN,Upper Midwest,Upper Midwest,True,True,True,True,True,True,False,0,False,False,False,neither
157187,-78.8594019129,34.1608950622,1559953.90970131,1374022.26620553,Candidate lake ledger,EPSG:4326-compatible longitude/latitude; CRS not embedded in Parquet,NC,Coastal Plains,Coastal Plains,True,True,True,True,True,True,True,2,True,False,False,Multi-horizon only
1572,-95.3410363247,45.9294739129,51172.1231996724,2549209.00499469,Candidate lake ledger,EPSG:4326-compatible longitude/latitude; CRS not embedded in Parquet,MN,Upper Midwest,Upper Midwest,True,True,True,True,True,True,False,0,True,False,False,Multi-horizon only
157213,-81.2462956839,36.1215499939,1310692.46939847,1554295.63660119,Candidate lake ledger,EPSG:4326-compatible longitude/latitude; CRS not embedded in Parquet,NC,Southern Appalachians,Southern Appalachians,True,True,True,False,True,False,False,0,False,False,False,neither
157215,-79.9750118901,35.7057593558,1430415.36330405,1526679.91219701,Candidate lake ledger,EPSG:4326-compatible longitude/latitude; CRS not embedded in Parquet,NC,Southern Appalachians,Southern Appalachians,True,True,True,True,True,True,False,0,True,False,False,Multi-horizon only
157613,-80.2404039261,35.6114948747,1408687.52129864,1512309.64469866,Candidate lake ledger,EPSG:4326-compatible longitude/latitude; CRS not embedded in Parquet,NC,Southern Appalachians,Southern Appalachians,True,True,True,True,True,True,False,0,False,False,False,neither
157614,-80.1013436714,35.4326323901,1424335.87349836,1494637.6016008,Candidate lake ledger,EPSG:4326-compatible longitude/latitude; CRS not embedded in Parquet,NC,Southern Appalachians,Southern Appalachians,True,True,True,True,True,True,False,0,True,False,False,Multi-horizon only
157616,-79.8671115166,35.7374206295,1439355.45920299,1531803.22159627,Candidate lake ledger,EPSG:4326-compatible longitude/latitude; CRS not embedded in Parquet,NC,Southern Appalachians,Southern Appalachians,True,True,True,True,True,True,False,0,True,False,False,Multi-horizon only
157617,-80.1927403558,35.8777206046,1407973.60769793,1542412.70130085,Candidate lake ledger,EPSG:4326-compatible longitude/latitude; CRS not embedded in Parquet,NC,Southern Appalachians,Southern Appalachians,True,True,True,True,True,True,False,0,True,False,False,Multi-horizon only
157618,-78.5097374679,34.2867007267,1588846.41719825,1393646.04960076,Candidate lake ledger,EPSG:4326-compatible longitude/latitude; CRS not embedded in Parquet,NC,Coastal Plains,Coastal Plains,True,True,True,True,True,True,False,0,True,False,False,Multi-horizon only
15797,-93.713214679,44.8725943784,180392.539196095,2433711.64240303,Candidate lake ledger,EPSG:4326-compatible longitude/latitude; CRS not embedded in Parquet,MN,Upper Midwest,Upper Midwest,True,True,True,False,True,False,False,0,True,True,True,Shared
1582,-94.7844585714,45.7867785858,94594.2589964552,2533792.18159887,Candidate lake ledger,EPSG:4326-compatible longitude/latitude; CRS not embedded in Parquet,MN,Upper Midwest,Upper Midwest,True,True,True,True,True,True,False,0,False,False,False,neither
15833,-95.7825395977,46.2573598564,16803.8520994499,2585434.30010323,Candidate lake ledger,EPSG:4326-compatible longitude/latitude; CRS not embedded in Parquet,MN,Upper Midwest,Upper Midwest,True,True,True,False,True,False,False,0,False,False,False,neither
158476,-80.2175185177,35.586470043,1411177.44300118,1509886.19769604,Candidate lake ledger,EPSG:4326-compatible longitude/latitude; CRS not embedded in Parquet,NC,Southern Appalachians,Southern Appalachians,True,True,True,False,True,False,False,0,False,False,False,neither
158477,-80.1849241904,36.0961682921,1404611.22899581,1566652.73470351,Candidate lake ledger,EPSG:4326-compatible longitude/latitude; CRS not embedded in Parquet,NC,Southern Appalachians,Southern Appalachians,True,True,True,True,True,True,False,0,False,False,False,neither
15848,-93.4907461862,44.8791867556,197918.645002404,2434888.01279671,Candidate lake ledger,EPSG:4326-compatible longitude/latitude; CRS not embedded in Parquet,MN,Upper Midwest,Upper Midwest,True,True,True,True,True,True,False,0,True,True,True,Shared
15860,-95.8285925562,46.2081031278,13255.0532994884,2579963.47619493,Candidate lake ledger,EPSG:4326-compatible longitude/latitude; CRS not embedded in Parquet,MN,Upper Midwest,Upper Midwest,True,True,True,True,True,True,False,0,False,False,False,neither
15908,-93.2178195686,44.5651060502,220463.723096637,2400529.82640286,Candidate lake ledger,EPSG:4326-compatible longitude/latitude; CRS not embedded in Parquet,MN,Upper Midwest,Upper Midwest,True,True,True,False,True,False,False,0,True,True,True,Shared
1591,-93.1532419015,45.035817052,224009.891001296,2453061.58899722,Candidate lake ledger,EPSG:4326-compatible longitude/latitude; CRS not embedded in Parquet,MN,Upper Midwest,Upper Midwest,True,True,True,True,True,True,False,0,False,False,False,neither
159455,-80.201879158,36.1149145883,1402771.88470207,1568472.75089712,Candidate lake ledger,EPSG:4326-compatible longitude/latitude; CRS not embedded in Parquet,NC,Southern Appalachians,Southern Appalachians,True,True,True,False,True,False,False,0,False,False,False,neither
1597,-93.2446919551,47.7904775948,207964.210400258,2758063.16429957,Candidate lake ledger,EPSG:4326-compatible longitude/latitude; CRS not embedded in Parquet,MN,Upper Midwest,Upper Midwest,True,True,True,False,True,False,False,0,False,False,False,neither
159754,-80.5139283757,34.9631202685,1396229.27599663,1436687.77399855,Candidate lake ledger,EPSG:4326-compatible longitude/latitude; CRS not embedded in Parquet,NC,Southern Appalachians,Southern Appalachians,True,True,True,True,True,True,True,1,True,False,False,Multi-horizon only
159755,-80.4986807171,35.0259308715,1396450.57969926,1443846.17909829,Candidate lake ledger,EPSG:4326-compatible longitude/latitude; CRS not embedded in Parquet,NC,Southern Appalachians,Southern Appalachians,True,True,True,True,True,True,False,0,True,False,False,Multi-horizon only
15979,-91.8696819922,39.7079032451,350830.435399839,1861872.04579996,Candidate lake ledger,EPSG:4326-compatible longitude/latitude; CRS not embedded in Parquet,MO,Temporate Plains,Temperate Plains,True,True,True,True,True,True,False,0,True,True,True,Shared
1606,-94.3492231771,46.8298332901,126452.505498295,2649953.31499564,Candidate lake ledger,EPSG:4326-compatible longitude/latitude; CRS not embedded in Parquet,MN,Upper Midwest,Upper Midwest,True,True,True,True,True,True,False,0,False,False,False,neither
160915,-81.0340386136,35.0211702022,1348712.49239746,1435588.05279942,Candidate lake ledger,EPSG:4326-compatible longitude/latitude; CRS not embedded in Parquet,SC,Southern Appalachians,Southern Appalachians,True,True,True,False,True,False,False,0,False,False,False,neither
1610,-94.4482563088,45.437435401,121389.437297944,2495363.08420413,Candidate lake ledger,EPSG:4326-compatible longitude/latitude; CRS not embedded in Parquet,MN,Upper Midwest,Upper Midwest,True,True,True,True,True,True,True,1,True,True,True,Shared
1615,-95.5021520357,43.5122211021,40070.632098727,2280004.3237969,Candidate lake ledger,EPSG:4326-compatible longitude/latitude; CRS not embedded in Parquet,MN,Temporate Plains,Temperate Plains,True,True,True,False,True,False,False,0,True,True,True,Shared
161587,-81.1038044904,35.7680425875,1329427.26920177,1517170.47550083,Candidate lake ledger,EPSG:4326-compatible longitude/latitude; CRS not embedded in Parquet,NC,Southern Appalachians,Southern Appalachians,True,True,True,False,True,False,False,0,False,False,False,neither
16159,-95.6080768955,43.5691504199,31518.8357979913,2286318.3005964,Candidate lake ledger,EPSG:4326-compatible longitude/latitude; CRS not embedded in Parquet,MN,Temporate Plains,Temperate Plains,True,True,True,False,True,False,False,0,True,True,True,Shared
1617,-93.0704569755,45.1633732767,230084.773197361,2467443.67889805,Candidate lake ledger,EPSG:4326-compatible longitude/latitude; CRS not embedded in Parquet,MN,Upper Midwest,Upper Midwest,True,True,True,True,True,True,False,0,True,True,True,Shared
1618,-96.0582369122,46.7672395603,-4465.52479938648,2641925.33409508,Candidate lake ledger,EPSG:4326-compatible longitude/latitude; CRS not embedded in Parquet,MN,Upper Midwest,Upper Midwest,True,True,True,False,True,False,False,0,False,False,False,neither
162292,-81.4905467453,35.78073236,1294968.17840195,1513234.24079525,Candidate lake ledger,EPSG:4326-compatible longitude/latitude; CRS not embedded in Parquet,NC,Southern Appalachians,Southern Appalachians,True,True,True,False,True,False,False,0,False,False,False,neither
163,-93.707773643,44.9497122977,180614.65929844,2442302.79490057,Candidate lake ledger,EPSG:4326-compatible longitude/latitude; CRS not embedded in Parquet,MN,Upper Midwest,Upper Midwest,True,True,True,True,True,True,True,2,False,False,False,neither
163043,-80.9315309237,35.3478487714,1352100.81820235,1473146.37819984,Candidate lake ledger,EPSG:4326-compatible longitude/latitude; CRS not embedded in Parquet,NC,Southern Appalachians,Southern Appalachians,True,True,True,False,True,False,False,0,False,False,False,neither
1635,-94.0322011099,46.9289253105,150506.653397351,2661383.01760075,Candidate lake ledger,EPSG:4326-compatible longitude/latitude; CRS not embedded in Parquet,MN,Upper Midwest,Upper Midwest,True,True,True,False,True,False,False,0,False,False,False,neither
1636,-93.0569890733,45.0244001644,231620.927902597,2452022.55820071,Candidate lake ledger,EPSG:4326-compatible longitude/latitude; CRS not embedded in Parquet,MN,Upper Midwest,Upper Midwest,True,True,True,True,True,True,False,0,True,True,True,Shared
163755,-81.0447241833,35.1716239163,1345119.07190456,1452063.62629623,Candidate lake ledger,EPSG:4326-compatible longitude/latitude; CRS not embedded in Parquet,NC,Southern Appalachians,Southern Appalachians,True,True,True,False,True,False,False,0,False,False,False,neither
163756,-81.3150434307,35.7966321663,1310233.73289619,1517399.09129557,Candidate lake ledger,EPSG:4326-compatible longitude/latitude; CRS not embedded in Parquet,NC,Southern Appalachians,Southern Appalachians,True,True,True,False,True,False,False,0,False,False,False,neither
164464,-81.8665597004,35.7465761634,1262226.80000052,1504394.39040069,Candidate lake ledger,EPSG:4326-compatible longitude/latitude; CRS not embedded in Parquet,NC,Southern Appalachians,Southern Appalachians,True,True,True,False,True,False,False,0,False,False,False,neither
164465,-81.0345603841,35.6117593633,1338299.94329574,1500861.03440025,Candidate lake ledger,EPSG:4326-compatible longitude/latitude; CRS not embedded in Parquet,NC,Southern Appalachians,Southern Appalachians,True,True,True,False,True,False,False,0,False,False,False,neither
1646,-94.282035047,47.5972215857,130064.747803291,2734888.77699491,Candidate lake ledger,EPSG:4326-compatible longitude/latitude; CRS not embedded in Parquet,MN,Upper Midwest,Upper Midwest,True,True,True,True,True,True,False,0,False,False,False,neither
1649,-93.1356081036,45.1386802532,225052.183801758,2464542.13839454,Candidate lake ledger,EPSG:4326-compatible longitude/latitude; CRS not embedded in Parquet,MN,Upper Midwest,Upper Midwest,True,True,True,False,True,False,False,0,True,True,True,Shared
165195,-80.40319376,33.4714128932,1433368.15779625,1273809.65849634,Candidate lake ledger,EPSG:4326-compatible longitude/latitude; CRS not embedded in Parquet,SC,Coastal Plains,Coastal Plains,True,True,True,False,True,False,False,0,True,False,False,Multi-horizon only
1661,-93.0401772383,45.8395663592,230121.91349937,2542633.17160039,Candidate lake ledger,EPSG:4326-compatible longitude/latitude; CRS not embedded in Parquet,MN,Upper Midwest,Upper Midwest,True,True,True,False,True,False,False,0,True,False,False,Multi-horizon only
1664,-93.1758238698,45.8977741682,219386.726798358,2548772.37919642,Candidate lake ledger,EPSG:4326-compatible longitude/latitude; CRS not embedded in Parquet,MN,Upper Midwest,Upper Midwest,True,True,True,False,True,False,False,0,True,True,True,Shared
166787,-83.451680678,34.764865856,1136003.92459689,1375604.81019566,Candidate lake ledger,EPSG:4326-compatible longitude/latitude; CRS not embedded in Parquet,GA,Southern Appalachians,Southern Appalachians,True,True,True,True,True,True,False,0,False,False,False,neither
166788,-83.3593091313,34.7176626103,1145017.39400482,1371479.7379951,Candidate lake ledger,EPSG:4326-compatible longitude/latitude; CRS not embedded in Parquet,GA,Southern Appalachians,Southern Appalachians,True,True,True,False,True,False,False,0,True,False,False,Multi-horizon only
1668,-93.5286753559,44.2295341591,196809.252201584,2362469.83439889,Candidate lake ledger,EPSG:4326-compatible longitude/latitude; CRS not embedded in Parquet,MN,Upper Midwest,Upper Midwest,True,True,True,False,True,False,False,0,True,True,True,Shared
16779,-93.6256337467,45.007944767,186923.61049932,2448939.99720312,Candidate lake ledger,EPSG:4326-compatible longitude/latitude; CRS not embedded in Parquet,MN,Upper Midwest,Upper Midwest,True,True,True,False,True,False,False,0,True,True,True,Shared
168,-93.5989777609,46.9801736474,183491.942002881,2667814.77330539,Candidate lake ledger,EPSG:4326-compatible longitude/latitude; CRS not embedded in Parquet,MN,Upper Midwest,Upper Midwest,True,True,True,False,True,False,False,0,False,False,False,neither
16834,-94.2157563084,46.7162017743,136911.394697107,2637556.7988996,Candidate lake ledger,EPSG:4326-compatible longitude/latitude; CRS not embedded in Parquet,MN,Upper Midwest,Upper Midwest,True,True,True,True,True,True,False,0,True,False,False,Multi-horizon only
1685,-95.7772917464,46.4032883649,17171.4478037772,2601616.97010551,Candidate lake ledger,EPSG:4326-compatible longitude/latitude; CRS not embedded in Parquet,MN,Upper Midwest,Upper Midwest,True,True,True,False,True,False,False,0,False,False,False,neither
1687,-90.5798489616,48.0782443011,407126.514400071,2798402.47319523,Candidate lake ledger,EPSG:4326-compatible longitude/latitude; CRS not embedded in Parquet,MN,Upper Midwest,Upper Midwest,True,True,True,True,True,True,False,0,False,False,False,neither
1688,-93.5372713117,47.3054736922,187274.344298745,2703903.97929592,Candidate lake ledger,EPSG:4326-compatible longitude/latitude; CRS not embedded in Parquet,MN,Upper Midwest,Upper Midwest,True,True,True,False,True,False,False,0,False,False,False,neither
16911,-92.8451702497,45.3563129222,247060.241900197,2489454.79539937,Candidate lake ledger,EPSG:4326-compatible longitude/latitude; CRS not embedded in Parquet,MN,Upper Midwest,Upper Midwest,True,True,True,True,True,True,False,0,False,False,False,neither
16913,-96.4744672979,44.7193641229,-37516.8716034835,2414575.61570278,Candidate lake ledger,EPSG:4326-compatible longitude/latitude; CRS not embedded in Parquet,SD,Temporate Plains,Temperate Plains,True,True,True,False,True,False,False,0,True,True,True,Shared
169272,-82.3671890358,33.674480691,1250961.77149973,1268486.09370111,Candidate lake ledger,EPSG:4326-compatible longitude/latitude; CRS not embedded in Parquet,GA,Southern Appalachians,Southern Appalachians,True,True,True,False,True,False,False,0,False,False,False,neither
1694,-95.7669709597,44.1539999379,18580.4887027266,2351513.34850467,Candidate lake ledger,EPSG:4326-compatible longitude/latitude; CRS not embedded in Parquet,MN,Temporate Plains,Temperate Plains,True,True,True,True,True,True,False,0,True,True,True,Shared
1696,-93.3117332148,44.9418642303,211837.430700239,2442247.41610362,Candidate lake ledger,EPSG:4326-compatible longitude/latitude; CRS not embedded in Parquet,MN,Upper Midwest,Upper Midwest,True,True,True,True,True,True,False,0,False,False,False,neither
1699,-92.9745569862,44.5158230785,239908.668401345,2395631.81499764,Candidate lake ledger,EPSG:4326-compatible longitude/latitude; CRS not embedded in Parquet,MN,Temporate Plains,Temperate Plains,True,True,True,False,True,False,False,0,True,True,True,Shared
170064,-82.6765986469,34.1306720089,1215635.04769769,1314935.59429871,Candidate lake ledger,EPSG:4326-compatible longitude/latitude; CRS not embedded in Parquet,GA,Southern Appalachians,Southern Appalachians,True,True,True,False,True,False,False,0,False,False,False,neither
170065,-83.1758390074,34.5781393419,1163635.58459879,1358243.26310156,Candidate lake ledger,EPSG:4326-compatible longitude/latitude; CRS not embedded in Parquet,GA,Southern Appalachians,Southern Appalachians,True,True,True,False,True,False,False,0,False,False,False,neither
1703,-94.0234512065,44.9960853401,155637.574502137,2446903.65529753,Candidate lake ledger,EPSG:4326-compatible longitude/latitude; CRS not embedded in Parquet,MN,Upper Midwest,Upper Midwest,True,True,True,True,True,True,False,0,True,False,False,Multi-horizon only
170850,-83.5537276262,34.833319727,1125818.66840076,1381981.72760255,Candidate lake ledger,EPSG:4326-compatible longitude/latitude; CRS not embedded in Parquet,GA,Southern Appalachians,Southern Appalachians,True,True,True,True,True,True,False,0,False,False,False,neither
170854,-82.890177121,34.3562192093,1192805.51510098,1337200.1213999,Candidate lake ledger,EPSG:4326-compatible longitude/latitude; CRS not embedded in Parquet,GA,Southern Appalachians,Southern Appalachians,True,True,True,False,True,False,False,0,False,False,False,neither
171,-90.6126840738,47.7248307358,406871.728100685,2759338.18590359,Candidate lake ledger,EPSG:4326-compatible longitude/latitude; CRS not embedded in Parquet,MN,Upper Midwest,Upper Midwest,True,True,True,True,True,True,False,0,False,False,False,neither
17128,-96.1531174233,46.8609251765,-11724.1115038135,2652306.77640328,Candidate lake ledger,EPSG:4326-compatible longitude/latitude; CRS not embedded in Parquet,MN,Upper Midwest,Upper Midwest,True,True,True,False,True,False,False,0,True,True,True,Shared
171719,-82.3693704235,33.831725776,1248251.8606992,1285844.76359929,Candidate lake ledger,EPSG:4326-compatible longitude/latitude; CRS not embedded in Parquet,GA,Southern Appalachians,Southern Appalachians,True,True,True,False,True,False,False,0,False,False,False,neither
1725,-94.274758283,45.3668105391,135102.909199835,2487747.07269628,Candidate lake ledger,EPSG:4326-compatible longitude/latitude; CRS not embedded in Parquet,MN,Upper Midwest,Upper Midwest,True,True,True,False,True,False,False,0,False,False,False,neither
172592,-83.2655903462,33.4048036065,1173059.09050034,1227197.07149607,Candidate lake ledger,EPSG:4326-compatible longitude/latitude; CRS not embedded in Parquet,GA,Southern Appalachians,Southern Appalachians,True,True,True,False,True,False,False,0,False,False,False,neither
173,-93.2692506859,44.9004496451,215316.602396819,2437735.38200188,Candidate lake ledger,EPSG:4326-compatible longitude/latitude; CRS not embedded in Parquet,MN,Upper Midwest,Upper Midwest,True,True,True,True,True,True,True,1,True,True,True,Shared
1736,-96.0185579891,45.1258595341,-1458.58049671381,2459724.16309597,Candidate lake ledger,EPSG:4326-compatible longitude/latitude; CRS not embedded in Parquet,MN,Temporate Plains,Temperate Plains,True,True,True,False,True,False,False,0,True,True,True,Shared
1746,-95.5287665371,46.4871765089,36287.2312994216,2610985.87799556,Candidate lake ledger,EPSG:4326-compatible longitude/latitude; CRS not embedded in Parquet,MN,Upper Midwest,Upper Midwest,True,True,True,True,True,True,False,0,False,False,False,neither
1747,-91.6470800457,47.2974390139,330972.95360061,2708170.36839765,Candidate lake ledger,EPSG:4326-compatible longitude/latitude; CRS not embedded in Parquet,MN,Upper Midwest,Upper Midwest,True,True,True,False,True,False,False,0,False,False,False,neither
1750,-93.12137672,45.1542932225,226117.386996307,2466311.90290349,Candidate lake ledger,EPSG:4326-compatible longitude/latitude; CRS not embedded in Parquet,MN,Upper Midwest,Upper Midwest,True,True,True,True,True,True,False,0,True,True,True,Shared
1751,-92.8231654462,45.1655584421,249491.842999195,2468310.58709807,Candidate lake ledger,EPSG:4326-compatible longitude/latitude; CRS not embedded in Parquet,MN,Upper Midwest,Upper Midwest,True,True,True,True,True,True,False,0,True,False,False,Multi-horizon only
175462,-83.7961548107,33.0448443331,1129606.12320332,1180928.83079911,Candidate lake ledger,EPSG:4326-compatible longitude/latitude; CRS not embedded in Parquet,GA,Southern Appalachians,Southern Appalachians,True,True,True,False,True,False,False,0,False,False,False,neither
176,-93.4734968459,43.5075273342,203343.303003617,2282078.60909578,Candidate lake ledger,EPSG:4326-compatible longitude/latitude; CRS not embedded in Parquet,MN,Temporate Plains,Temperate Plains,True,True,True,False,True,False,False,0,True,True,True,Shared
1762,-94.2493062725,45.3088227743,137214.58940262,2481337.12490478,Candidate lake ledger,EPSG:4326-compatible longitude/latitude; CRS not embedded in Parquet,MN,Upper Midwest,Upper Midwest,True,True,True,True,True,True,False,0,False,False,False,neither
1764,-93.24213562,44.9086379199,217427.553998299,2438708.115701,Candidate lake ledger,EPSG:4326-compatible longitude/latitude; CRS not embedded in Parquet,MN,Upper Midwest,Upper Midwest,True,True,True,True,True,True,False,0,True,False,False,Multi-horizon only
176999,-82.4090138172,30.1189951348,1303593.73330209,875956.197905205,Candidate lake ledger,EPSG:4326-compatible longitude/latitude; CRS not embedded in Parquet,FL,Coastal Plains,Coastal Plains,True,True,True,True,True,True,False,0,True,False,False,Multi-horizon only
177,-93.5358564664,44.9648414963,194114.191801539,2444324.93120104,Candidate lake ledger,EPSG:4326-compatible longitude/latitude; CRS not embedded in Parquet,MN,Upper Midwest,Upper Midwest,True,True,True,False,True,False,False,0,False,False,False,neither
17838,-94.32538321,46.9609616961,128022.733000265,2664498.49149622,Candidate lake ledger,EPSG:4326-compatible longitude/latitude; CRS not embedded in Parquet,MN,Upper Midwest,Upper Midwest,True,True,True,True,True,True,False,0,False,False,False,neither
178488,-84.0242650056,33.1868063211,1106613.2843013,1193962.98489612,Candidate lake ledger,EPSG:4326-compatible longitude/latitude; CRS not embedded in Parquet,GA,Southern Appalachians,Southern Appalachians,True,True,True,True,True,True,False,0,False,False,False,neither
178489,-82.4371589207,30.2272336666,1299203.46660346,887464.369095165,Candidate lake ledger,EPSG:4326-compatible longitude/latitude; CRS not embedded in Parquet,FL,Coastal Plains,Coastal Plains,True,True,True,True,True,True,False,0,True,False,False,Multi-horizon only
179,-93.3367795418,44.4057099677,211537.277397639,2382508.98310334,Candidate lake ledger,EPSG:4326-compatible longitude/latitude; CRS not embedded in Parquet,MN,Upper Midwest,Upper Midwest,True,True,True,False,True,False,False,0,True,True,True,Shared
17947,-93.1144983475,44.7890620346,227891.433801476,2425702.19900403,Candidate lake ledger,EPSG:4326-compatible longitude/latitude; CRS not embedded in Parquet,MN,Upper Midwest,Upper Midwest,True,True,True,True,True,True,False,0,True,True,True,Shared
17954,-92.8403929349,44.9421163912,248965.798796489,2443418.20190191,Candidate lake ledger,EPSG:4326-compatible longitude/latitude; CRS not embedded in Parquet,MN,Upper Midwest,Upper Midwest,True,True,True,False,True,False,False,0,True,False,False,Multi-horizon only
17959,-92.8949327131,44.9533270385,244629.04320378,2444523.53829979,Candidate lake ledger,EPSG:4326-compatible longitude/latitude; CRS not embedded in Parquet,MN,Upper Midwest,Upper Midwest,True,True,True,True,True,True,False,0,True,False,False,Multi-horizon only
1799,-93.5438618014,47.472829826,186295.328399601,2722380.34000492,Candidate lake ledger,EPSG:4326-compatible longitude/latitude; CRS not embedded in Parquet,MN,Upper Midwest,Upper Midwest,True,True,True,False,True,False,False,0,False,False,False,neither
181374,-83.8501382056,33.3349889359,1120506.91800208,1212414.16229864,Candidate lake ledger,EPSG:4326-compatible longitude/latitude; CRS not embedded in Parquet,GA,Southern Appalachians,Southern Appalachians,True,True,True,False,True,False,False,0,False,False,False,neither
181375,-83.805651624,32.8235470564,1131891.97389787,1156324.28409549,Candidate lake ledger,EPSG:4326-compatible longitude/latitude; CRS not embedded in Parquet,GA,Southern Appalachians,Southern Appalachians,True,True,True,False,True,False,False,0,False,False,False,neither
1814,-95.0348657227,45.2039388958,75766.0206967755,2468793.8602054,Candidate lake ledger,EPSG:4326-compatible longitude/latitude; CRS not embedded in Parquet,MN,Upper Midwest,Upper Midwest,True,True,True,False,True,False,False,0,True,True,True,Shared
1816,-93.1156691588,45.0451291144,226934.125800438,2454186.39110019,Candidate lake ledger,EPSG:4326-compatible longitude/latitude; CRS not embedded in Parquet,MN,Upper Midwest,Upper Midwest,True,True,True,True,True,True,False,0,False,False,False,neither
1819,-94.3847026352,44.7833179413,127597.44420109,2422687.10769568,Candidate lake ledger,EPSG:4326-compatible longitude/latitude; CRS not embedded in Parquet,MN,Temporate Plains,Temperate Plains,True,True,True,False,True,False,False,0,True,True,True,Shared
1822,-94.4268660005,44.9815421542,123901.914499927,2444692.2319946,Candidate lake ledger,EPSG:4326-compatible longitude/latitude; CRS not embedded in Parquet,MN,Upper Midwest,Upper Midwest,True,True,True,True,True,True,False,0,True,True,True,Shared
1826,-94.2412814732,46.4326851443,135534.340598078,2606109.92790392,Candidate lake ledger,EPSG:4326-compatible longitude/latitude; CRS not embedded in Parquet,MN,Upper Midwest,Upper Midwest,True,True,True,False,True,False,False,0,False,False,False,neither
18261,-95.1344454923,40.3513740098,72885.9438996661,1926676.14010112,Candidate lake ledger,EPSG:4326-compatible longitude/latitude; CRS not embedded in Parquet,MO,Temporate Plains,Temperate Plains,True,True,True,True,True,True,False,0,True,True,True,Shared
182817,-83.2087103392,33.1456246541,1182150.19559678,1199225.70939713,Candidate lake ledger,EPSG:4326-compatible longitude/latitude; CRS not embedded in Parquet,GA,Southern Appalachians,Southern Appalachians,True,True,True,True,True,True,False,0,False,False,False,neither
1834,-94.9763573933,45.254811312,80297.9905000005,2474499.46420267,Candidate lake ledger,EPSG:4326-compatible longitude/latitude; CRS not embedded in Parquet,MN,Upper Midwest,Upper Midwest,True,True,True,False,True,False,False,0,True,False,False,Multi-horizon only
1839,-94.2032109377,46.9153559217,137457.033901478,2659622.26160285,Candidate lake ledger,EPSG:4326-compatible longitude/latitude; CRS not embedded in Parquet,MN,Upper Midwest,Upper Midwest,True,True,True,True,True,True,False,0,False,False,False,neither
1842,-93.6939837324,44.8679551246,181921.800997253,2433232.04950496,Candidate lake ledger,EPSG:4326-compatible longitude/latitude; CRS not embedded in Parquet,MN,Upper Midwest,Upper Midwest,True,True,True,True,True,True,False,0,False,True,False,Direct 60-day 60-day only
184266,-81.6260953819,28.6239875551,1403091.1499997,723235.157697575,Candidate lake ledger,EPSG:4326-compatible longitude/latitude; CRS not embedded in Parquet,FL,Coastal Plains,Coastal Plains,True,True,True,True,True,True,True,2,True,False,False,Multi-horizon only
184269,-81.849083806,29.7930971425,1362275.21939775,848032.365903998,Candidate lake ledger,EPSG:4326-compatible longitude/latitude; CRS not embedded in Parquet,FL,Coastal Plains,Coastal Plains,True,True,True,True,True,True,False,0,True,True,True,Shared
184271,-81.6387260458,29.1124248621,1393729.61679958,776490.045902325,Candidate lake ledger,EPSG:4326-compatible longitude/latitude; CRS not embedded in Parquet,FL,Coastal Plains,Coastal Plains,True,True,True,True,True,True,False,0,False,False,False,neither
184272,-81.4829545812,29.106423501,1408830.88600054,778129.986203112,Candidate lake ledger,EPSG:4326-compatible longitude/latitude; CRS not embedded in Parquet,FL,Coastal Plains,Coastal Plains,True,True,True,True,True,True,False,0,False,False,False,neither
184289,-82.3474009193,29.6259620465,1317293.59039894,822669.959797593,Candidate lake ledger,EPSG:4326-compatible longitude/latitude; CRS not embedded in Parquet,FL,Coastal Plains,Coastal Plains,True,True,True,False,True,False,False,0,True,False,False,Multi-horizon only
184298,-82.302146895,29.5297802222,1323161.41120041,812745.720896468,Candidate lake ledger,EPSG:4326-compatible longitude/latitude; CRS not embedded in Parquet,FL,Coastal Plains,Coastal Plains,True,True,True,True,True,True,True,4,True,False,False,Multi-horizon only
184395,-81.9581568267,29.8393901529,1351095.85779542,851553.931702299,Candidate lake ledger,EPSG:4326-compatible longitude/latitude; CRS not embedded in Parquet,FL,Coastal Plains,Coastal Plains,True,True,True,True,True,True,False,0,False,False,False,neither
184461,-81.8816637358,28.8273162049,1374999.98549609,741742.598897446,Candidate lake ledger,EPSG:4326-compatible longitude/latitude; CRS not embedded in Parquet,FL,Coastal Plains,Coastal Plains,True,True,True,True,True,True,False,0,True,True,True,Shared
184463,-81.8778935019,28.8759034644,1374568.35100492,747115.035196364,Candidate lake ledger,EPSG:4326-compatible longitude/latitude; CRS not embedded in Parquet,FL,Coastal Plains,Coastal Plains,True,True,True,False,True,False,False,0,True,True,True,Shared
1845,-94.203447199,44.8967652593,141675.036400762,2435570.73940315,Candidate lake ledger,EPSG:4326-compatible longitude/latitude; CRS not embedded in Parquet,MN,Temporate Plains,Temperate Plains,True,True,True,False,True,False,False,0,True,True,True,Shared
184622,-81.6574911847,28.7597028414,1397792.54959889,737615.004296549,Candidate lake ledger,EPSG:4326-compatible longitude/latitude; CRS not embedded in Parquet,FL,Coastal Plains,Coastal Plains,True,True,True,True,True,True,False,0,True,True,True,Shared
184631,-81.64520937,28.8417475188,1397614.26539668,746771.060593925,Candidate lake ledger,EPSG:4326-compatible longitude/latitude; CRS not embedded in Parquet,FL,Coastal Plains,Coastal Plains,True,True,True,True,True,True,False,0,False,False,False,neither
184735,-81.5327188939,28.6777342692,1411234.13189671,730494.601394188,Candidate lake ledger,EPSG:4326-compatible longitude/latitude; CRS not embedded in Parquet,FL,Coastal Plains,Coastal Plains,True,True,True,True,True,True,False,0,True,False,False,Multi-horizon only
184740,-81.5324884049,29.425201466,1398705.57879665,812303.385699376,Candidate lake ledger,EPSG:4326-compatible longitude/latitude; CRS not embedded in Parquet,FL,Coastal Plains,Coastal Plains,True,True,True,False,True,False,False,0,True,False,False,Multi-horizon only
184813,-81.4399102879,28.6469173944,1420736.81119617,728508.247902205,Candidate lake ledger,EPSG:4326-compatible longitude/latitude; CRS not embedded in Parquet,FL,Coastal Plains,Coastal Plains,True,True,True,True,True,True,False,0,True,False,False,Multi-horizon only
184824,-81.4325022622,28.6274134516,1421783.39870387,726486.992098833,Candidate lake ledger,EPSG:4326-compatible longitude/latitude; CRS not embedded in Parquet,FL,Coastal Plains,Coastal Plains,True,True,True,True,True,True,False,0,False,False,False,neither
184845,-81.4025996873,28.585304762,1425391.47779711,722332.379100556,Candidate lake ledger,EPSG:4326-compatible longitude/latitude; CRS not embedded in Parquet,FL,Coastal Plains,Coastal Plains,True,True,True,False,True,False,False,0,False,False,False,neither
184850,-81.396223467,28.8015195117,1422348.01439925,746065.073794635,Candidate lake ledger,EPSG:4326-compatible longitude/latitude; CRS not embedded in Parquet,FL,Coastal Plains,Coastal Plains,True,True,True,True,True,True,False,0,False,False,False,neither
184874,-81.3744731143,30.2228391479,1400299.00900058,902075.232494816,Candidate lake ledger,EPSG:4326-compatible longitude/latitude; CRS not embedded in Parquet,FL,Coastal Plains,Coastal Plains,True,True,True,False,True,False,False,0,True,False,False,Multi-horizon only
184883,-81.3406207191,28.6044338566,1431070.50260198,725354.470396092,Candidate lake ledger,EPSG:4326-compatible longitude/latitude; CRS not embedded in Parquet,FL,Coastal Plains,Coastal Plains,True,True,True,True,True,True,False,0,True,True,True,Shared
184912,-81.3191808083,28.5010191727,1434906.49470178,714377.529602071,Candidate lake ledger,EPSG:4326-compatible longitude/latitude; CRS not embedded in Parquet,FL,Coastal Plains,Coastal Plains,True,True,True,True,True,True,False,0,False,False,False,neither
184964,-81.266237639,28.5909281298,1438504.42140514,725001.596795315,Candidate lake ledger,EPSG:4326-compatible longitude/latitude; CRS not embedded in Parquet,FL,Coastal Plains,Coastal Plains,True,True,True,True,True,True,False,0,True,False,False,Multi-horizon only
184965,-81.2642245516,28.6042994564,1438470.9961046,726493.179901812,Candidate lake ledger,EPSG:4326-compatible longitude/latitude; CRS not embedded in Parquet,FL,Coastal Plains,Coastal Plains,True,True,True,True,True,True,False,0,True,True,True,Shared
1853,-94.2828755439,46.4577727085,132279.031603496,2608831.82959979,Candidate lake ledger,EPSG:4326-compatible longitude/latitude; CRS not embedded in Parquet,MN,Upper Midwest,Upper Midwest,True,True,True,False,True,False,False,0,False,False,False,neither
185375,-81.8307931683,29.5204686659,1368513.53700052,818399.813104076,Candidate lake ledger,EPSG:4326-compatible longitude/latitude; CRS not embedded in Parquet,FL,Coastal Plains,Coastal Plains,True,True,True,False,True,False,False,0,False,False,False,neither
185377,-81.5959457445,29.2856959494,1394951.73520155,796090.611802679,Candidate lake ledger,EPSG:4326-compatible longitude/latitude; CRS not embedded in Parquet,FL,Coastal Plains,Coastal Plains,True,True,True,False,True,False,False,0,False,False,False,neither
185454,-82.0181342718,29.5635877053,1349850.35810499,820448.056197682,Candidate lake ledger,EPSG:4326-compatible longitude/latitude; CRS not embedded in Parquet,FL,Coastal Plains,Coastal Plains,True,True,True,False,True,False,False,0,True,False,False,Multi-horizon only
185568,-81.8517877577,28.6031480408,1381566.66540153,717649.527303455,Candidate lake ledger,EPSG:4326-compatible longitude/latitude; CRS not embedded in Parquet,FL,Coastal Plains,Coastal Plains,True,True,True,True,True,True,False,0,False,False,False,neither
185671,-81.7676402537,28.5469172961,1390650.13770033,712727.369300991,Candidate lake ledger,EPSG:4326-compatible longitude/latitude; CRS not embedded in Parquet,FL,Coastal Plains,Coastal Plains,True,True,True,True,True,True,False,0,False,False,False,neither
185729,-81.6823664267,28.5975694029,1398078.5753005,719517.159195207,Candidate lake ledger,EPSG:4326-compatible longitude/latitude; CRS not embedded in Parquet,FL,Coastal Plains,Coastal Plains,True,True,True,True,True,True,False,0,True,False,False,Multi-horizon only
185735,-81.6788752206,28.9357573653,1392799.29699718,756563.615494246,Candidate lake ledger,EPSG:4326-compatible longitude/latitude; CRS not embedded in Parquet,FL,Coastal Plains,Coastal Plains,True,True,True,True,True,True,False,0,True,False,False,Multi-horizon only
185754,-81.6584298476,28.8103893614,1396858.58430135,743145.98370068,Candidate lake ledger,EPSG:4326-compatible longitude/latitude; CRS not embedded in Parquet,FL,Coastal Plains,Coastal Plains,True,True,True,True,True,True,False,0,False,False,False,neither
185755,-81.6588585774,28.942380218,1394621.01219867,757581.958799899,Candidate lake ledger,EPSG:4326-compatible longitude/latitude; CRS not embedded in Parquet,FL,Coastal Plains,Coastal Plains,True,True,True,True,True,True,False,0,True,False,False,Multi-horizon only
185919,-81.4676373803,28.617429552,1418549.2329967,724870.577100789,Candidate lake ledger,EPSG:4326-compatible longitude/latitude; CRS not embedded in Parquet,FL,Coastal Plains,Coastal Plains,True,True,True,False,True,False,False,0,True,False,False,Multi-horizon only
185922,-81.4811708654,28.6569080014,1416573.94859589,728984.503296474,Candidate lake ledger,EPSG:4326-compatible longitude/latitude; CRS not embedded in Parquet,FL,Coastal Plains,Coastal Plains,True,True,True,False,True,False,False,0,False,False,False,neither
185950,-81.4483494083,28.5990122414,1420727.95390236,723145.522597425,Candidate lake ledger,EPSG:4326-compatible longitude/latitude; CRS not embedded in Parquet,FL,Coastal Plains,Coastal Plains,True,True,True,False,True,False,False,0,True,False,False,Multi-horizon only
185952,-81.4365737936,28.6371787613,1421224.25690449,727493.555095736,Candidate lake ledger,EPSG:4326-compatible longitude/latitude; CRS not embedded in Parquet,FL,Coastal Plains,Coastal Plains,True,True,True,False,True,False,False,0,True,False,False,Multi-horizon only
185961,-81.425095425,28.6629145338,1421900.73940118,730478.592399448,Candidate lake ledger,EPSG:4326-compatible longitude/latitude; CRS not embedded in Parquet,FL,Coastal Plains,Coastal Plains,True,True,True,True,True,True,True,1,True,False,False,Multi-horizon only
185962,-81.4181980376,28.6924601011,1422068.818095,733811.786203627,Candidate lake ledger,EPSG:4326-compatible longitude/latitude; CRS not embedded in Parquet,FL,Coastal Plains,Coastal Plains,True,True,True,True,True,True,False,0,True,False,False,Multi-horizon only
185972,-81.3907991467,28.5597311903,1426967.74170003,719714.57430218,Candidate lake ledger,EPSG:4326-compatible longitude/latitude; CRS not embedded in Parquet,FL,Coastal Plains,Coastal Plains,True,True,True,True,True,True,True,2,True,False,False,Multi-horizon only
185973,-81.4011845598,28.5820981326,1425582.83660109,722003.145104889,Candidate lake ledger,EPSG:4326-compatible longitude/latitude; CRS not embedded in Parquet,FL,Coastal Plains,Coastal Plains,True,True,True,True,True,True,False,0,True,False,False,Multi-horizon only
185998,-81.3722538208,28.5543037436,1428856.87610499,719400.10599882,Candidate lake ledger,EPSG:4326-compatible longitude/latitude; CRS not embedded in Parquet,FL,Coastal Plains,Coastal Plains,True,True,True,True,True,True,False,0,True,False,False,Multi-horizon only
186008,-81.3461401145,28.6601788319,1429588.97190429,731364.083902327,Candidate lake ledger,EPSG:4326-compatible longitude/latitude; CRS not embedded in Parquet,FL,Coastal Plains,Coastal Plains,True,True,True,True,True,True,False,0,True,False,False,Multi-horizon only
186048,-81.3088634801,28.627206075,1433758.1682982,728321.864900174,Candidate lake ledger,EPSG:4326-compatible longitude/latitude; CRS not embedded in Parquet,FL,Coastal Plains,Coastal Plains,True,True,True,True,True,True,False,0,True,False,False,Multi-horizon only
186063,-81.2911289108,28.6512479629,1435065.15869826,731217.080995854,Candidate lake ledger,EPSG:4326-compatible longitude/latitude; CRS not embedded in Parquet,FL,Coastal Plains,Coastal Plains,True,True,True,True,True,True,False,0,True,False,False,Multi-horizon only
186080,-81.2710458783,28.6067973994,1437767.8081957,726662.915903648,Candidate lake ledger,EPSG:4326-compatible longitude/latitude; CRS not embedded in Parquet,FL,Coastal Plains,Coastal Plains,True,True,True,True,True,True,False,0,True,True,True,Shared
186081,-81.267736654,28.6100530596,1438032.64940085,727068.750902811,Candidate lake ledger,EPSG:4326-compatible longitude/latitude; CRS not embedded in Parquet,FL,Coastal Plains,Coastal Plains,True,True,True,True,True,True,False,0,False,False,False,neither
186094,-81.2533353009,28.61281316,1439379.90540507,727588.382797981,Candidate lake ledger,EPSG:4326-compatible longitude/latitude; CRS not embedded in Parquet,FL,Coastal Plains,Coastal Plains,True,True,True,True,True,True,False,0,False,False,False,neither
186156,-81.1747793059,28.5973144049,1447251.72660292,727087.981699398,Candidate lake ledger,EPSG:4326-compatible longitude/latitude; CRS not embedded in Parquet,FL,Coastal Plains,Coastal Plains,True,True,True,True,True,True,False,0,True,False,False,Multi-horizon only
186194,-81.1248197701,28.5919350866,1452181.73889568,727262.414304683,Candidate lake ledger,EPSG:4326-compatible longitude/latitude; CRS not embedded in Parquet,FL,Coastal Plains,Coastal Plains,True,True,True,True,True,True,False,0,True,True,True,Shared
186200,-81.1249631249,28.7177595137,1449998.22519745,741008.127394324,Candidate lake ledger,EPSG:4326-compatible longitude/latitude; CRS not embedded in Parquet,FL,Coastal Plains,Coastal Plains,True,True,True,True,True,True,False,0,True,True,True,Shared
186508,-81.6671281599,28.7964118387,1396250.2001032,741489.024303537,Candidate lake ledger,EPSG:4326-compatible longitude/latitude; CRS not embedded in Parquet,FL,Coastal Plains,Coastal Plains,True,True,True,True,True,True,False,0,True,False,False,Multi-horizon only
186509,-81.622086066,29.0013602089,1397185.63719671,764576.954095339,Candidate lake ledger,EPSG:4326-compatible longitude/latitude; CRS not embedded in Parquet,FL,Coastal Plains,Coastal Plains,True,True,True,True,True,True,False,0,False,False,False,neither
186510,-81.3898239942,29.2868059778,1414738.2448968,799259.191504803,Candidate lake ledger,EPSG:4326-compatible longitude/latitude; CRS not embedded in Parquet,FL,Coastal Plains,Coastal Plains,True,True,True,True,True,True,False,0,True,False,False,Multi-horizon only
186511,-81.0548721991,28.7564571717,1456103.77380341,746308.655105714,Candidate lake ledger,EPSG:4326-compatible longitude/latitude; CRS not embedded in Parquet,FL,Coastal Plains,Coastal Plains,True,True,True,False,True,False,False,0,False,False,False,neither
186513,-80.754346669,27.7297560894,1503256.49079745,638969.498396274,Candidate lake ledger,EPSG:4326-compatible longitude/latitude; CRS not embedded in Parquet,FL,Coastal Plains,Coastal Plains,True,True,True,True,True,True,False,0,True,True,True,Shared
186601,-81.9772336447,29.0185826613,1362647.59230508,761305.585996328,Candidate lake ledger,EPSG:4326-compatible longitude/latitude; CRS not embedded in Parquet,FL,Coastal Plains,Coastal Plains,True,True,True,True,True,True,False,0,True,False,False,Multi-horizon only
186831,-81.66171104,28.9200073599,1394717.95780159,755091.746895829,Candidate lake ledger,EPSG:4326-compatible longitude/latitude; CRS not embedded in Parquet,FL,Coastal Plains,Coastal Plains,True,True,True,True,True,True,False,0,True,True,True,Shared
186898,-81.5934503578,28.5199274941,1407991.23769936,712341.50510034,Candidate lake ledger,EPSG:4326-compatible longitude/latitude; CRS not embedded in Parquet,FL,Coastal Plains,Coastal Plains,True,True,True,True,True,True,False,0,True,False,False,Multi-horizon only
186965,-81.5233719229,28.5680663893,1413979.47550359,718644.002502505,Candidate lake ledger,EPSG:4326-compatible longitude/latitude; CRS not embedded in Parquet,FL,Coastal Plains,Coastal Plains,True,True,True,True,True,True,False,0,False,False,False,neither
186978,-81.5045972628,28.535834152,1416340.59989627,715400.481902014,Candidate lake ledger,EPSG:4326-compatible longitude/latitude; CRS not embedded in Parquet,FL,Coastal Plains,Coastal Plains,True,True,True,True,True,True,False,0,True,False,False,Multi-horizon only
186986,-81.5039960164,29.3321189357,1403006.0883,802528.233194435,Candidate lake ledger,EPSG:4326-compatible longitude/latitude; CRS not embedded in Parquet,FL,Coastal Plains,Coastal Plains,True,True,True,False,True,False,False,0,True,False,False,Multi-horizon only
187037,-81.4433017195,28.5990915105,1421215.5798954,723229.662000781,Candidate lake ledger,EPSG:4326-compatible longitude/latitude; CRS not embedded in Parquet,FL,Coastal Plains,Coastal Plains,True,True,True,True,True,True,True,2,True,False,False,Multi-horizon only
187044,-81.4416283059,29.2319015816,1410689.41130151,792478.240203908,Candidate lake ledger,EPSG:4326-compatible longitude/latitude; CRS not embedded in Parquet,FL,Coastal Plains,Coastal Plains,True,True,True,False,True,False,False,0,True,False,False,Multi-horizon only
187051,-81.4234405305,28.6489279895,1422297.29429588,728974.394095384,Candidate lake ledger,EPSG:4326-compatible longitude/latitude; CRS not embedded in Parquet,FL,Coastal Plains,Coastal Plains,True,True,True,True,True,True,False,0,True,True,True,Shared
187064,-81.4058087844,28.5928220237,1424953.41329654,723105.848798886,Candidate lake ledger,EPSG:4326-compatible longitude/latitude; CRS not embedded in Parquet,FL,Coastal Plains,Coastal Plains,True,True,True,True,True,True,False,0,True,False,False,Multi-horizon only
187076,-81.3889619033,28.5917540908,1426603.42970453,723241.882896785,Candidate lake ledger,EPSG:4326-compatible longitude/latitude; CRS not embedded in Parquet,FL,Coastal Plains,Coastal Plains,True,True,True,True,True,True,False,0,False,False,False,neither
187077,-81.3908280923,28.6394880489,1425614.23710188,728431.168003155,Candidate lake ledger,EPSG:4326-compatible longitude/latitude; CRS not embedded in Parquet,FL,Coastal Plains,Coastal Plains,True,True,True,True,True,True,False,0,True,False,False,Multi-horizon only
187078,-81.395884087,28.6501240655,1424944.66390506,729517.942296864,Candidate lake ledger,EPSG:4326-compatible longitude/latitude; CRS not embedded in Parquet,FL,Coastal Plains,Coastal Plains,True,True,True,True,True,True,False,0,True,False,False,Multi-horizon only
187093,-81.3866540886,28.5520628915,1427499.30509461,718938.815503433,Candidate lake ledger,EPSG:4326-compatible longitude/latitude; CRS not embedded in Parquet,FL,Coastal Plains,Coastal Plains,True,True,True,True,True,True,False,0,True,False,False,Multi-horizon only
187094,-81.3708579128,28.598454461,1428243.47999637,724246.105298696,Candidate lake ledger,EPSG:4326-compatible longitude/latitude; CRS not embedded in Parquet,FL,Coastal Plains,Coastal Plains,True,True,True,True,True,True,False,0,False,False,False,neither
187097,-81.370543626,28.6591649636,1427244.28259913,730886.459898356,Candidate lake ledger,EPSG:4326-compatible longitude/latitude; CRS not embedded in Parquet,FL,Coastal Plains,Coastal Plains,True,True,True,True,True,True,False,0,False,False,False,neither
187109,-81.3703778157,28.5600299165,1428941.57879914,720054.067597426,Candidate lake ledger,EPSG:4326-compatible longitude/latitude; CRS not embedded in Parquet,FL,Coastal Plains,Coastal Plains,True,True,True,True,True,True,True,1,True,False,False,Multi-horizon only
187119,-81.3545847762,28.5769548649,1430184.62189747,722141.218801958,Candidate lake ledger,EPSG:4326-compatible longitude/latitude; CRS not embedded in Parquet,FL,Coastal Plains,Coastal Plains,True,True,True,True,True,True,False,0,True,True,True,Shared
187120,-81.3484374959,28.6442919564,1429636.4830036,729593.057603735,Candidate lake ledger,EPSG:4326-compatible longitude/latitude; CRS not embedded in Parquet,FL,Coastal Plains,Coastal Plains,True,True,True,True,True,True,False,0,False,False,False,neither
187122,-81.3559277304,28.7059304169,1427864.87779618,736218.095499305,Candidate lake ledger,EPSG:4326-compatible longitude/latitude; CRS not embedded in Parquet,FL,Coastal Plains,Coastal Plains,True,True,True,False,True,False,False,0,True,False,False,Multi-horizon only
187138,-81.3156940064,28.5509689217,1434394.51390048,719887.742397273,Candidate lake ledger,EPSG:4326-compatible longitude/latitude; CRS not embedded in Parquet,FL,Coastal Plains,Coastal Plains,True,True,True,True,True,True,False,0,False,False,False,neither
187195,-81.2514108871,28.7646554269,1436969.81800322,744213.108101824,Candidate lake ledger,EPSG:4326-compatible longitude/latitude; CRS not embedded in Parquet,FL,Coastal Plains,Coastal Plains,True,True,True,True,True,True,False,0,False,False,False,neither
187230,-81.2138359236,28.8487344193,1439159.46920083,753973.552501509,Candidate lake ledger,EPSG:4326-compatible longitude/latitude; CRS not embedded in Parquet,FL,Coastal Plains,Coastal Plains,True,True,True,False,True,False,False,0,True,False,False,Multi-horizon only
187306,-81.1374710611,28.6375842356,1450170.34639564,732056.513703277,Candidate lake ledger,EPSG:4326-compatible longitude/latitude; CRS not embedded in Parquet,FL,Coastal Plains,Coastal Plains,True,True,True,True,True,True,False,0,True,False,False,Multi-horizon only
187326,-81.1294423455,28.5823098847,1451900.04460224,726140.28769882,Candidate lake ledger,EPSG:4326-compatible longitude/latitude; CRS not embedded in Parquet,FL,Coastal Plains,Coastal Plains,True,True,True,True,True,True,False,0,True,False,False,Multi-horizon only
187345,-81.0985220673,28.590896461,1454745.91990263,727551.15649618,Candidate lake ledger,EPSG:4326-compatible longitude/latitude; CRS not embedded in Parquet,FL,Coastal Plains,Coastal Plains,True,True,True,True,True,True,False,0,True,False,False,Multi-horizon only
187649,-81.8161894032,28.5971370796,1385115.86729653,717510.274503417,Candidate lake ledger,EPSG:4326-compatible longitude/latitude; CRS not embedded in Parquet,FL,Coastal Plains,Coastal Plains,True,True,True,True,True,True,False,0,False,False,False,neither
187650,-81.26921427,28.8384134612,1433989.07229635,752007.973597156,Candidate lake ledger,EPSG:4326-compatible longitude/latitude; CRS not embedded in Parquet,FL,Coastal Plains,Coastal Plains,True,True,True,True,True,True,False,0,False,False,False,neither
187712,-82.0610361528,29.5649645414,1345715.96770446,819990.604796153,Candidate lake ledger,EPSG:4326-compatible longitude/latitude; CRS not embedded in Parquet,FL,Coastal Plains,Coastal Plains,True,True,True,False,True,False,False,0,False,False,False,neither
187739,-81.9842611097,29.5595302345,1353162.95599749,820484.84029657,Candidate lake ledger,EPSG:4326-compatible longitude/latitude; CRS not embedded in Parquet,FL,Coastal Plains,Coastal Plains,True,True,True,True,True,True,False,0,False,False,False,neither
187869,-81.7925227898,28.5684004884,1387883.15399562,714712.842296967,Candidate lake ledger,EPSG:4326-compatible longitude/latitude; CRS not embedded in Parquet,FL,Coastal Plains,Coastal Plains,True,True,True,False,True,False,False,0,True,False,False,Multi-horizon only
1879,-92.8767107596,46.6665393271,239812.840496454,2634711.61819744,Candidate lake ledger,EPSG:4326-compatible longitude/latitude; CRS not embedded in Parquet,MN,Upper Midwest,Upper Midwest,True,True,True,True,True,True,False,0,True,False,False,Multi-horizon only
187914,-81.7176154289,28.8227385534,1390932.90289654,743628.976001998,Candidate lake ledger,EPSG:4326-compatible longitude/latitude; CRS not embedded in Parquet,FL,Coastal Plains,Coastal Plains,True,True,True,False,True,False,False,0,False,False,False,neither
187927,-81.6931148336,28.8130173488,1393462.26859897,742924.293895843,Candidate lake ledger,EPSG:4326-compatible longitude/latitude; CRS not embedded in Parquet,FL,Coastal Plains,Coastal Plains,True,True,True,True,True,True,False,0,True,False,False,Multi-horizon only
187945,-81.6643515287,28.8326966215,1395915.23149952,745499.481000157,Candidate lake ledger,EPSG:4326-compatible longitude/latitude; CRS not embedded in Parquet,FL,Coastal Plains,Coastal Plains,True,True,True,True,True,True,False,0,False,False,False,neither
188,-93.5208727737,45.0003911961,195191.083098093,2448310.3469044,Candidate lake ledger,EPSG:4326-compatible longitude/latitude; CRS not embedded in Parquet,MN,Upper Midwest,Upper Midwest,True,True,True,False,True,False,False,0,True,True,True,Shared
188039,-81.5184772722,28.5231689808,1415207.49769866,713809.438998533,Candidate lake ledger,EPSG:4326-compatible longitude/latitude; CRS not embedded in Parquet,FL,Coastal Plains,Coastal Plains,True,True,True,True,True,True,False,0,True,False,False,Multi-horizon only
188054,-81.5115060157,28.6840569501,1413181.11080075,731501.155902637,Candidate lake ledger,EPSG:4326-compatible longitude/latitude; CRS not embedded in Parquet,FL,Coastal Plains,Coastal Plains,True,True,True,True,True,True,False,0,False,False,False,neither
1881,-93.4667324907,45.114867007,199113.270596317,2461155.14730154,Candidate lake ledger,EPSG:4326-compatible longitude/latitude; CRS not embedded in Parquet,MN,Upper Midwest,Upper Midwest,True,True,True,True,True,True,True,2,True,True,True,Shared
188104,-81.4400291176,28.5666853995,1422079.53789658,719736.6497014,Candidate lake ledger,EPSG:4326-compatible longitude/latitude; CRS not embedded in Parquet,FL,Coastal Plains,Coastal Plains,True,True,True,True,True,True,False,0,True,False,False,Multi-horizon only
188106,-81.4469885558,28.6593874728,1419841.13369748,729765.682294454,Candidate lake ledger,EPSG:4326-compatible longitude/latitude; CRS not embedded in Parquet,FL,Coastal Plains,Coastal Plains,True,True,True,True,True,True,False,0,True,True,True,Shared
188107,-81.4393885913,28.6662616312,1420460.75219734,730630.750595404,Candidate lake ledger,EPSG:4326-compatible longitude/latitude; CRS not embedded in Parquet,FL,Coastal Plains,Coastal Plains,True,True,True,True,True,True,False,0,False,False,False,neither
188121,-81.4316951015,28.5973919933,1422368.58470154,723217.546399876,Candidate lake ledger,EPSG:4326-compatible longitude/latitude; CRS not embedded in Parquet,FL,Coastal Plains,Coastal Plains,True,True,True,True,True,True,False,0,True,True,True,Shared
188138,-81.3988909641,28.5566697243,1426235.40910458,719258.5333007,Candidate lake ledger,EPSG:4326-compatible longitude/latitude; CRS not embedded in Parquet,FL,Coastal Plains,Coastal Plains,True,True,True,True,True,True,False,0,True,False,False,Multi-horizon only
188156,-81.3805828637,28.8045356649,1423808.174898,746629.103699671,Candidate lake ledger,EPSG:4326-compatible longitude/latitude; CRS not embedded in Parquet,FL,Coastal Plains,Coastal Plains,True,True,True,True,True,True,False,0,False,False,False,neither
188167,-81.3683359952,28.5782656935,1428830.15999684,722077.622496881,Candidate lake ledger,EPSG:4326-compatible longitude/latitude; CRS not embedded in Parquet,FL,Coastal Plains,Coastal Plains,True,True,True,True,True,True,False,0,True,False,False,Multi-horizon only
188169,-81.3616231923,28.6582254042,1428123.61070382,730917.771096433,Candidate lake ledger,EPSG:4326-compatible longitude/latitude; CRS not embedded in Parquet,FL,Coastal Plains,Coastal Plains,True,True,True,False,True,False,False,0,True,False,False,Multi-horizon only
188187,-81.3519751447,28.6725289391,1428814.49980451,732626.273901159,Candidate lake ledger,EPSG:4326-compatible longitude/latitude; CRS not embedded in Parquet,FL,Coastal Plains,Coastal Plains,True,True,True,True,True,True,False,0,False,False,False,neither
188190,-81.353656624,28.7179420406,1427880.57409711,737565.327404222,Candidate lake ledger,EPSG:4326-compatible longitude/latitude; CRS not embedded in Parquet,FL,Coastal Plains,Coastal Plains,True,True,True,True,True,True,True,1,True,False,False,Multi-horizon only
1882,-95.6644309883,47.6113920483,25401.2704973379,2735322.85689985,Candidate lake ledger,EPSG:4326-compatible longitude/latitude; CRS not embedded in Parquet,MN,Upper Midwest,Upper Midwest,True,True,True,True,True,True,False,0,True,True,True,Shared
188237,-81.3070518792,28.50834735,1435957.74199852,715361.368101429,Candidate lake ledger,EPSG:4326-compatible longitude/latitude; CRS not embedded in Parquet,FL,Coastal Plains,Coastal Plains,True,True,True,False,True,False,False,0,False,False,False,neither
188250,-81.2806756023,28.6073881922,1436825.25319702,726581.834301131,Candidate lake ledger,EPSG:4326-compatible longitude/latitude; CRS not embedded in Parquet,FL,Coastal Plains,Coastal Plains,True,True,True,True,True,True,False,0,True,False,False,Multi-horizon only
188251,-81.2825895433,28.6285491437,1436278.90400429,728865.38460377,Candidate lake ledger,EPSG:4326-compatible longitude/latitude; CRS not embedded in Parquet,FL,Coastal Plains,Coastal Plains,True,True,True,True,True,True,False,0,True,False,False,Multi-horizon only
188323,-81.2122157285,28.5733083577,1444038.19369693,723895.702694992,Candidate lake ledger,EPSG:4326-compatible longitude/latitude; CRS not embedded in Parquet,FL,Coastal Plains,Coastal Plains,True,True,True,True,True,True,False,0,True,False,False,Multi-horizon only
188340,-81.1963388737,28.6794109663,1443755.30299802,735730.658494446,Candidate lake ledger,EPSG:4326-compatible longitude/latitude; CRS not embedded in Parquet,FL,Coastal Plains,Coastal Plains,True,True,True,True,True,True,False,0,True,False,False,Multi-horizon only
188388,-81.1146082074,28.6346609916,1452433.30620379,732086.277700214,Candidate lake ledger,EPSG:4326-compatible longitude/latitude; CRS not embedded in Parquet,FL,Coastal Plains,Coastal Plains,True,True,True,True,True,True,False,0,True,False,False,Multi-horizon only
188390,-81.1266291956,28.6418918373,1451145.29700374,732692.659305111,Candidate lake ledger,EPSG:4326-compatible longitude/latitude; CRS not embedded in Parquet,FL,Coastal Plains,Coastal Plains,True,True,True,True,True,True,False,0,False,False,False,neither
1884,-95.3970154112,47.1293393478,45981.4233990748,2682146.20280295,Candidate lake ledger,EPSG:4326-compatible longitude/latitude; CRS not embedded in Parquet,MN,Upper Midwest,Upper Midwest,True,True,True,True,True,True,False,0,False,False,False,neither
188716,-81.3508538541,28.6168140562,1429869.21999677,726553.470800173,Candidate lake ledger,EPSG:4326-compatible longitude/latitude; CRS not embedded in Parquet,FL,Coastal Plains,Coastal Plains,True,True,True,True,True,True,False,0,True,True,True,Shared
188717,-81.1072552558,28.6022450658,1453704.45169696,728657.267298631,Candidate lake ledger,EPSG:4326-compatible longitude/latitude; CRS not embedded in Parquet,FL,Coastal Plains,Coastal Plains,True,True,True,True,True,True,False,0,True,True,True,Shared
188720,-81.7803714824,29.3530092364,1376113.72580354,800775.449704694,Candidate lake ledger,EPSG:4326-compatible longitude/latitude; CRS not embedded in Parquet,FL,Coastal Plains,Coastal Plains,True,True,True,True,True,True,False,0,False,False,False,neither
188721,-81.7271825351,28.8466198208,1389612.77099698,746102.067604644,Candidate lake ledger,EPSG:4326-compatible longitude/latitude; CRS not embedded in Parquet,FL,Coastal Plains,Coastal Plains,True,True,True,True,True,True,False,0,True,False,False,Multi-horizon only
188722,-81.3461671123,28.9885796012,1424004.78590324,767274.014605302,Candidate lake ledger,EPSG:4326-compatible longitude/latitude; CRS not embedded in Parquet,FL,Coastal Plains,Coastal Plains,True,True,True,True,True,True,False,0,True,True,True,Shared
188723,-80.934692667,28.625485895,1470002.24960005,733850.371105259,Candidate lake ledger,EPSG:4326-compatible longitude/latitude; CRS not embedded in Parquet,FL,Coastal Plains,Coastal Plains,True,True,True,False,True,False,False,0,True,True,True,Shared
188798,-81.9845259847,29.5677818352,1353003.14640329,821385.91610571,Candidate lake ledger,EPSG:4326-compatible longitude/latitude; CRS not embedded in Parquet,FL,Coastal Plains,Coastal Plains,True,True,True,False,True,False,False,0,False,False,False,neither
188910,-81.8546879567,29.6024580314,1364874.85219883,827044.850194948,Candidate lake ledger,EPSG:4326-compatible longitude/latitude; CRS not embedded in Parquet,FL,Coastal Plains,Coastal Plains,True,True,True,False,True,False,False,0,False,False,False,neither
188996,-81.7500070853,28.452286857,1393923.24230077,702639.594804944,Candidate lake ledger,EPSG:4326-compatible longitude/latitude; CRS not embedded in Parquet,FL,Coastal Plains,Coastal Plains,True,True,True,True,True,True,False,0,True,False,False,Multi-horizon only
189072,-81.6122526432,29.1313992839,1395962.24400275,778955.913002999,Candidate lake ledger,EPSG:4326-compatible longitude/latitude; CRS not embedded in Parquet,FL,Coastal Plains,Coastal Plains,True,True,True,True,True,True,False,0,False,False,False,neither
189080,-81.6015559969,28.5273511578,1407081.22640134,713032.935598383,Candidate lake ledger,EPSG:4326-compatible longitude/latitude; CRS not embedded in Parquet,FL,Coastal Plains,Coastal Plains,True,True,True,True,True,True,False,0,True,False,False,Multi-horizon only
189109,-81.5708368445,29.4442957651,1394706.58929685,813831.530901965,Candidate lake ledger,EPSG:4326-compatible longitude/latitude; CRS not embedded in Parquet,FL,Coastal Plains,Coastal Plains,True,True,True,True,True,True,False,0,True,False,False,Multi-horizon only
189149,-81.5328529019,28.541723992,1413502.36479602,715623.55559857,Candidate lake ledger,EPSG:4326-compatible longitude/latitude; CRS not embedded in Parquet,FL,Coastal Plains,Coastal Plains,True,True,True,True,True,True,True,3,True,True,True,Shared
189157,-81.5222905336,28.9971626484,1406878.99489871,765589.877499767,Candidate lake ledger,EPSG:4326-compatible longitude/latitude; CRS not embedded in Parquet,FL,Coastal Plains,Coastal Plains,True,True,True,True,True,True,False,0,True,False,False,Multi-horizon only
189170,-81.509684244,28.5930701506,1414886.01840201,721580.935595181,Candidate lake ledger,EPSG:4326-compatible longitude/latitude; CRS not embedded in Parquet,FL,Coastal Plains,Coastal Plains,True,True,True,True,True,True,False,0,False,False,False,neither
1892,-95.7501938115,46.5697541972,19212.272600278,2620072.66919684,Candidate lake ledger,EPSG:4326-compatible longitude/latitude; CRS not embedded in Parquet,MN,Upper Midwest,Upper Midwest,True,True,True,True,True,True,False,0,False,False,False,neither
189207,-81.4467697762,28.5976013334,1420904.77460332,723014.920295829,Candidate lake ledger,EPSG:4326-compatible longitude/latitude; CRS not embedded in Parquet,FL,Coastal Plains,Coastal Plains,True,True,True,False,True,False,False,0,True,False,False,Multi-horizon only
189209,-81.4448959549,28.6450744544,1420285.23259831,728232.259596899,Candidate lake ledger,EPSG:4326-compatible longitude/latitude; CRS not embedded in Parquet,FL,Coastal Plains,Coastal Plains,True,True,True,True,True,True,False,0,True,False,False,Multi-horizon only
189241,-81.3848285262,28.5566448061,1427598.60809705,719466.956704786,Candidate lake ledger,EPSG:4326-compatible longitude/latitude; CRS not embedded in Parquet,FL,Coastal Plains,Coastal Plains,True,True,True,True,True,True,False,0,True,False,False,Multi-horizon only
189242,-81.3854990883,28.5668012579,1427361.57800195,720566.816202641,Candidate lake ledger,EPSG:4326-compatible longitude/latitude; CRS not embedded in Parquet,FL,Coastal Plains,Coastal Plains,True,True,True,True,True,True,False,0,False,False,False,neither
189270,-81.344490683,28.5885213357,1430966.0387996,723557.187605122,Candidate lake ledger,EPSG:4326-compatible longitude/latitude; CRS not embedded in Parquet,FL,Coastal Plains,Coastal Plains,True,True,True,True,True,True,False,0,True,True,True,Shared
189278,-81.3378815368,28.5924506634,1431539.44779729,724086.136201153,Candidate lake ledger,EPSG:4326-compatible longitude/latitude; CRS not embedded in Parquet,FL,Coastal Plains,Coastal Plains,True,True,True,True,True,True,False,0,False,False,False,neither
189281,-81.3330174309,28.6893200799,1430363.46190398,734746.879106164,Candidate lake ledger,EPSG:4326-compatible longitude/latitude; CRS not embedded in Parquet,FL,Coastal Plains,Coastal Plains,True,True,True,True,True,True,False,0,False,False,False,neither
189292,-81.3094804422,28.6399022515,1433482.21829575,729700.121703958,Candidate lake ledger,EPSG:4326-compatible longitude/latitude; CRS not embedded in Parquet,FL,Coastal Plains,Coastal Plains,True,True,True,True,True,True,False,0,True,True,True,Shared
189299,-81.3138833933,28.7699820333,1430840.97749671,743852.809903579,Candidate lake ledger,EPSG:4326-compatible longitude/latitude; CRS not embedded in Parquet,FL,Coastal Plains,Coastal Plains,True,True,True,True,True,True,False,0,False,False,False,neither
189304,-81.2984721042,28.5251854325,1436502.67100166,717330.696695125,Candidate lake ledger,EPSG:4326-compatible longitude/latitude; CRS not embedded in Parquet,FL,Coastal Plains,Coastal Plains,True,True,True,True,True,True,False,0,True,False,False,Multi-horizon only
189344,-81.2500307502,29.0231466902,1432680.46809573,772500.230199965,Candidate lake ledger,EPSG:4326-compatible longitude/latitude; CRS not embedded in Parquet,FL,Coastal Plains,Coastal Plains,True,True,True,True,True,True,False,0,False,False,False,neither
189356,-81.2411984169,28.5676240675,1441328.06060118,722834.670099288,Candidate lake ledger,EPSG:4326-compatible longitude/latitude; CRS not embedded in Parquet,FL,Coastal Plains,Coastal Plains,True,True,True,True,True,True,False,0,True,False,False,Multi-horizon only
189459,-81.1041652912,28.6499224909,1453180.3963029,733913.337197192,Candidate lake ledger,EPSG:4326-compatible longitude/latitude; CRS not embedded in Parquet,FL,Coastal Plains,Coastal Plains,True,True,True,True,True,True,False,0,False,False,False,neither
1895,-93.4963436372,46.629845005,192355.553398425,2629239.37600338,Candidate lake ledger,EPSG:4326-compatible longitude/latitude; CRS not embedded in Parquet,MN,Upper Midwest,Upper Midwest,True,True,True,False,True,False,False,0,True,False,False,Multi-horizon only
1897,-94.4708857361,45.594396933,119338.670702808,2512776.35899742,Candidate lake ledger,EPSG:4326-compatible longitude/latitude; CRS not embedded in Parquet,MN,Upper Midwest,Upper Midwest,True,True,True,False,True,False,False,0,False,False,False,neither
189765,-81.7679772182,28.5745481756,1390161.55820138,715743.889099974,Candidate lake ledger,EPSG:4326-compatible longitude/latitude; CRS not embedded in Parquet,FL,Coastal Plains,Coastal Plains,True,True,True,True,True,True,False,0,False,False,False,neither
189766,-81.7385636821,28.4802514204,1394571.97409854,705864.563596047,Candidate lake ledger,EPSG:4326-compatible longitude/latitude; CRS not embedded in Parquet,FL,Coastal Plains,Coastal Plains,True,True,True,True,True,True,False,0,False,False,False,neither
189767,-82.2240199331,29.644637141,1328815.9694966,826436.828395939,Candidate lake ledger,EPSG:4326-compatible longitude/latitude; CRS not embedded in Parquet,FL,Coastal Plains,Coastal Plains,True,True,True,True,True,True,False,0,False,False,False,neither
189769,-82.1710044045,29.4577431987,1336897.99820253,806679.949300474,Candidate lake ledger,EPSG:4326-compatible longitude/latitude; CRS not embedded in Parquet,FL,Coastal Plains,Coastal Plains,True,True,True,False,True,False,False,0,True,False,False,Multi-horizon only
189772,-81.9411266436,29.014436385,1366198.31569594,761369.932197701,Candidate lake ledger,EPSG:4326-compatible longitude/latitude; CRS not embedded in Parquet,FL,Coastal Plains,Coastal Plains,True,True,True,True,True,True,False,0,False,False,False,neither
189773,-81.8402418673,28.8416549826,1378768.69640395,743912.009001343,Candidate lake ledger,EPSG:4326-compatible longitude/latitude; CRS not embedded in Parquet,FL,Coastal Plains,Coastal Plains,True,True,True,False,True,False,False,0,True,False,False,Multi-horizon only
189774,-81.7367106046,28.9169842882,1387527.62070355,753663.045199724,Candidate lake ledger,EPSG:4326-compatible longitude/latitude; CRS not embedded in Parquet,FL,Coastal Plains,Coastal Plains,True,True,True,True,True,True,False,0,True,False,False,Multi-horizon only
189775,-81.66018672,28.7734465067,1397303.25479763,739078.765400453,Candidate lake ledger,EPSG:4326-compatible longitude/latitude; CRS not embedded in Parquet,FL,Coastal Plains,Coastal Plains,True,True,True,True,True,True,False,0,True,True,True,Shared
189776,-81.5410485476,28.9393468368,1406040.30339825,758985.979396323,Candidate lake ledger,EPSG:4326-compatible longitude/latitude; CRS not embedded in Parquet,FL,Coastal Plains,Coastal Plains,True,True,True,True,True,True,False,0,True,False,False,Multi-horizon only
189777,-81.5284782416,29.500054787,1397831.80259562,820562.724903565,Candidate lake ledger,EPSG:4326-compatible longitude/latitude; CRS not embedded in Parquet,FL,Coastal Plains,Coastal Plains,True,True,True,False,True,False,False,0,True,False,False,Multi-horizon only
189779,-81.2294498446,28.7224051801,1439815.88199481,739927.212304706,Candidate lake ledger,EPSG:4326-compatible longitude/latitude; CRS not embedded in Parquet,FL,Coastal Plains,Coastal Plains,True,True,True,False,True,False,False,0,True,False,False,Multi-horizon only
189780,-80.7868619766,27.809665729,1498672.19409767,647161.526198415,Candidate lake ledger,EPSG:4326-compatible longitude/latitude; CRS not embedded in Parquet,FL,Coastal Plains,Coastal Plains,True,True,True,True,True,True,True,1,True,True,True,Shared
189781,-80.7254529405,27.7904576977,1505008.890904,646039.294699425,Candidate lake ledger,EPSG:4326-compatible longitude/latitude; CRS not embedded in Parquet,FL,Coastal Plains,Coastal Plains,True,True,True,False,True,False,False,0,True,False,False,Multi-horizon only
189861,-81.9772604049,29.6989948424,1351560.47029781,835880.007403277,Candidate lake ledger,EPSG:4326-compatible longitude/latitude; CRS not embedded in Parquet,FL,Coastal Plains,Coastal Plains,True,True,True,True,True,True,False,0,True,False,False,Multi-horizon only
189910,-81.9071789963,28.7673442713,1373513.78579535,734810.417001817,Candidate lake ledger,EPSG:4326-compatible longitude/latitude; CRS not embedded in Parquet,FL,Coastal Plains,Coastal Plains,True,True,True,True,True,True,True,5,True,True,True,Shared
189913,-81.9060246444,29.2319377147,1366025.25200125,785697.733198857,Candidate lake ledger,EPSG:4326-compatible longitude/latitude; CRS not embedded in Parquet,FL,Coastal Plains,Coastal Plains,True,True,True,True,True,True,False,0,True,True,True,Shared
189947,-81.8675187479,29.2589439979,1369286.57430219,789210.625900688,Candidate lake ledger,EPSG:4326-compatible longitude/latitude; CRS not embedded in Parquet,FL,Coastal Plains,Coastal Plains,True,True,True,True,True,True,False,0,True,True,True,Shared
18995,-94.7528387798,47.2896800419,94869.2268019761,2700353.81119724,Candidate lake ledger,EPSG:4326-compatible longitude/latitude; CRS not embedded in Parquet,MN,Upper Midwest,Upper Midwest,True,True,True,True,True,True,False,0,False,True,False,Direct 60-day 60-day only
189966,-81.867652351,29.6513202633,1362830.4654954,832216.641202584,Candidate lake ledger,EPSG:4326-compatible longitude/latitude; CRS not embedded in Parquet,FL,Coastal Plains,Coastal Plains,True,True,True,True,True,True,False,0,False,False,False,neither
190012,-81.8036413615,28.8378261636,1382369.12020204,744024.697799252,Candidate lake ledger,EPSG:4326-compatible longitude/latitude; CRS not embedded in Parquet,FL,Coastal Plains,Coastal Plains,True,True,True,True,True,True,False,0,True,True,True,Shared
190042,-81.757608796,28.5147456967,1392154.13370399,709356.561296389,Candidate lake ledger,EPSG:4326-compatible longitude/latitude; CRS not embedded in Parquet,FL,Coastal Plains,Coastal Plains,True,True,True,True,True,True,False,0,False,False,False,neither
190092,-81.6821420149,28.8661714145,1393640.00530355,748900.98359617,Candidate lake ledger,EPSG:4326-compatible longitude/latitude; CRS not embedded in Parquet,FL,Coastal Plains,Coastal Plains,True,True,True,True,True,True,True,5,True,True,True,Shared
19013,-94.2603379364,46.5088776978,133911.342697491,2614526.83630058,Candidate lake ledger,EPSG:4326-compatible longitude/latitude; CRS not embedded in Parquet,MN,Upper Midwest,Upper Midwest,True,True,True,True,True,True,False,0,False,False,False,neither
190146,-81.579449685,28.5033596059,1409625.971996,710738.103303576,Candidate lake ledger,EPSG:4326-compatible longitude/latitude; CRS not embedded in Parquet,FL,Coastal Plains,Coastal Plains,True,True,True,True,True,True,False,0,True,False,False,Multi-horizon only
190150,-81.5824515353,29.470343197,1393156.25910024,816514.895100722,Candidate lake ledger,EPSG:4326-compatible longitude/latitude; CRS not embedded in Parquet,FL,Coastal Plains,Coastal Plains,True,True,True,False,True,False,False,0,True,False,False,Multi-horizon only
19016,-94.9321814544,47.0373399396,81541.1707968129,2672280.60490451,Candidate lake ledger,EPSG:4326-compatible longitude/latitude; CRS not embedded in Parquet,MN,Upper Midwest,Upper Midwest,True,True,True,True,True,True,False,0,False,False,False,neither
19019,-94.1983105443,46.6053110496,138482.788796749,2625299.98349618,Candidate lake ledger,EPSG:4326-compatible longitude/latitude; CRS not embedded in Parquet,MN,Upper Midwest,Upper Midwest,True,True,True,False,True,False,False,0,False,False,False,neither
1902,-93.2681745872,47.6695503861,206575.946702053,2744669.1190978,Candidate lake ledger,EPSG:4326-compatible longitude/latitude; CRS not embedded in Parquet,MN,Upper Midwest,Upper Midwest,True,True,True,False,True,False,False,0,False,False,False,neither
190298,-81.4091857686,28.6162757684,1424229.58110339,725618.706103809,Candidate lake ledger,EPSG:4326-compatible longitude/latitude; CRS not embedded in Parquet,FL,Coastal Plains,Coastal Plains,True,True,True,True,True,True,False,0,True,False,False,Multi-horizon only
1903,-95.0987254899,45.3323283175,70617.5827028969,2483021.7005987,Candidate lake ledger,EPSG:4326-compatible longitude/latitude; CRS not embedded in Parquet,MN,Upper Midwest,Upper Midwest,True,True,True,True,True,True,False,0,False,False,False,neither
190331,-81.3599141335,28.6419382724,1428565.46660055,729163.213802854,Candidate lake ledger,EPSG:4326-compatible longitude/latitude; CRS not embedded in Parquet,FL,Coastal Plains,Coastal Plains,True,True,True,True,True,True,False,0,False,False,False,neither
190332,-81.362521766,28.7221553106,1426951.64200421,737892.777201228,Candidate lake ledger,EPSG:4326-compatible longitude/latitude; CRS not embedded in Parquet,FL,Coastal Plains,Coastal Plains,True,True,True,True,True,True,False,0,True,False,False,Multi-horizon only
190343,-81.3525999377,28.657605083,1429007.47600136,730985.606803101,Candidate lake ledger,EPSG:4326-compatible longitude/latitude; CRS not embedded in Parquet,FL,Coastal Plains,Coastal Plains,True,True,True,True,True,True,False,0,True,False,False,Multi-horizon only
190360,-81.3331943895,28.5859791869,1432103.46180535,723449.537697216,Candidate lake ledger,EPSG:4326-compatible longitude/latitude; CRS not embedded in Parquet,FL,Coastal Plains,Coastal Plains,True,True,True,True,True,True,False,0,True,False,False,Multi-horizon only
190364,-81.3354501992,28.6742343774,1430384.59209509,733061.277904289,Candidate lake ledger,EPSG:4326-compatible longitude/latitude; CRS not embedded in Parquet,FL,Coastal Plains,Coastal Plains,True,True,True,True,True,True,False,0,True,False,False,Multi-horizon only
190378,-81.3180865728,28.5331186129,1434466.41269711,717901.202204427,Candidate lake ledger,EPSG:4326-compatible longitude/latitude; CRS not embedded in Parquet,FL,Coastal Plains,Coastal Plains,True,True,True,False,True,False,False,0,True,False,False,Multi-horizon only
190379,-81.3232411584,28.562248798,1433471.28120327,721006.420304989,Candidate lake ledger,EPSG:4326-compatible longitude/latitude; CRS not embedded in Parquet,FL,Coastal Plains,Coastal Plains,True,True,True,True,True,True,False,0,True,False,False,Multi-horizon only
190393,-81.3098717616,28.7824644962,1431016.0551986,745277.919694675,Candidate lake ledger,EPSG:4326-compatible longitude/latitude; CRS not embedded in Parquet,FL,Coastal Plains,Coastal Plains,True,True,True,True,True,True,False,0,False,False,False,neither
190427,-81.265475204,29.0392343036,1430917.31430277,774027.355604207,Candidate lake ledger,EPSG:4326-compatible longitude/latitude; CRS not embedded in Parquet,FL,Coastal Plains,Coastal Plains,True,True,True,True,True,True,False,0,False,False,False,neither
190428,-81.2649491302,29.046634309,1430841.46060179,774844.792795192,Candidate lake ledger,EPSG:4326-compatible longitude/latitude; CRS not embedded in Parquet,FL,Coastal Plains,Coastal Plains,True,True,True,True,True,True,False,0,True,True,True,Shared
190436,-81.2466979583,28.6062724265,1440134.40140199,726974.215901617,Candidate lake ledger,EPSG:4326-compatible longitude/latitude; CRS not embedded in Parquet,FL,Coastal Plains,Coastal Plains,True,True,True,True,True,True,False,0,True,False,False,Multi-horizon only
190473,-81.2093903512,28.6328259702,1443291.49269884,730441.739303328,Candidate lake ledger,EPSG:4326-compatible longitude/latitude; CRS not embedded in Parquet,FL,Coastal Plains,Coastal Plains,True,True,True,True,True,True,False,0,False,False,False,neither
1908,-90.4217440083,48.057564524,419122.629302423,2796813.72130421,Candidate lake ledger,EPSG:4326-compatible longitude/latitude; CRS not embedded in Parquet,MN,Upper Midwest,Upper Midwest,True,True,True,False,True,False,False,0,False,False,False,neither
190851,-81.6456420861,28.5090550503,1403110.22119906,710381.0996047,Candidate lake ledger,EPSG:4326-compatible longitude/latitude; CRS not embedded in Parquet,FL,Coastal Plains,Coastal Plains,True,True,True,True,True,True,False,0,True,True,True,Shared
190852,-81.632281542,28.5323593333,1404018.1153004,713125.973094556,Candidate lake ledger,EPSG:4326-compatible longitude/latitude; CRS not embedded in Parquet,FL,Coastal Plains,Coastal Plains,True,True,True,True,True,True,False,0,True,True,True,Shared
190854,-81.8065720743,28.7693649572,1383213.1102984,736490.732701056,Candidate lake ledger,EPSG:4326-compatible longitude/latitude; CRS not embedded in Parquet,FL,Coastal Plains,Coastal Plains,True,True,True,True,True,True,True,2,True,False,False,Multi-horizon only
190855,-81.7356446207,30.1311862147,1367504.10189978,886758.171302672,Candidate lake ledger,EPSG:4326-compatible longitude/latitude; CRS not embedded in Parquet,FL,Coastal Plains,Coastal Plains,True,True,True,False,True,False,False,0,False,False,False,neither
1909,-95.6063472204,46.8913917809,30127.7189995309,2655732.48999462,Candidate lake ledger,EPSG:4326-compatible longitude/latitude; CRS not embedded in Parquet,MN,Upper Midwest,Upper Midwest,True,True,True,False,True,False,False,0,False,False,False,neither
190926,-81.9968492711,29.7027624373,1349624.77910365,836014.891699385,Candidate lake ledger,EPSG:4326-compatible longitude/latitude; CRS not embedded in Parquet,FL,Coastal Plains,Coastal Plains,True,True,True,True,True,True,False,0,True,True,True,Shared
191,-93.5618473064,44.9613240809,192077.243197873,2443880.8062032,Candidate lake ledger,EPSG:4326-compatible longitude/latitude; CRS not embedded in Parquet,MN,Upper Midwest,Upper Midwest,True,True,True,True,True,True,True,2,True,False,False,Multi-horizon only
191170,-81.6662318462,28.9526505709,1393738.61059496,758597.764502229,Candidate lake ledger,EPSG:4326-compatible longitude/latitude; CRS not embedded in Parquet,FL,Coastal Plains,Coastal Plains,True,True,True,False,True,False,False,0,True,False,False,Multi-horizon only
191194,-81.6355370422,28.8731010028,1398026.31179829,750343.724704888,Candidate lake ledger,EPSG:4326-compatible longitude/latitude; CRS not embedded in Parquet,FL,Coastal Plains,Coastal Plains,True,True,True,True,True,True,False,0,True,False,False,Multi-horizon only
191241,-81.5701717631,28.5177931081,1410284.51969618,712453.374903489,Candidate lake ledger,EPSG:4326-compatible longitude/latitude; CRS not embedded in Parquet,FL,Coastal Plains,Coastal Plains,True,True,True,True,True,True,True,1,True,True,True,Shared
191305,-81.5118436849,28.550351358,1415394.25390131,716879.251302445,Candidate lake ledger,EPSG:4326-compatible longitude/latitude; CRS not embedded in Parquet,FL,Coastal Plains,Coastal Plains,True,True,True,True,True,True,True,2,True,False,False,Multi-horizon only
191306,-81.510994426,28.5528557368,1415434.51599599,717165.636204313,Candidate lake ledger,EPSG:4326-compatible longitude/latitude; CRS not embedded in Parquet,FL,Coastal Plains,Coastal Plains,True,True,True,False,True,False,False,0,False,False,False,neither
191324,-81.4962446518,28.6882863505,1414586.97840179,732190.65049959,Candidate lake ledger,EPSG:4326-compatible longitude/latitude; CRS not embedded in Parquet,FL,Coastal Plains,Coastal Plains,True,True,True,True,True,True,False,0,True,False,False,Multi-horizon only
191328,-81.4895805869,28.7117665699,1414836.80679997,734857.207896285,Candidate lake ledger,EPSG:4326-compatible longitude/latitude; CRS not embedded in Parquet,FL,Coastal Plains,Coastal Plains,True,True,True,False,True,False,False,0,True,False,False,Multi-horizon only
191335,-81.481781545,28.5280926831,1418682.83020091,714894.702105053,Candidate lake ledger,EPSG:4326-compatible longitude/latitude; CRS not embedded in Parquet,FL,Coastal Plains,Coastal Plains,True,True,True,True,True,True,False,0,True,True,True,Shared
191355,-81.4476665374,28.6520075856,1419900.02069877,728948.778199242,Candidate lake ledger,EPSG:4326-compatible longitude/latitude; CRS not embedded in Parquet,FL,Coastal Plains,Coastal Plains,True,True,True,True,True,True,False,0,False,False,False,neither
191380,-81.4216614287,28.5911015897,1423446.82799895,722680.237394458,Candidate lake ledger,EPSG:4326-compatible longitude/latitude; CRS not embedded in Parquet,FL,Coastal Plains,Coastal Plains,True,True,True,True,True,True,False,0,False,False,False,neither
191399,-81.4117585573,28.6243384996,1423844.0662971,726461.445098123,Candidate lake ledger,EPSG:4326-compatible longitude/latitude; CRS not embedded in Parquet,FL,Coastal Plains,Coastal Plains,True,True,True,True,True,True,False,0,True,False,False,Multi-horizon only
1914,-93.0844412034,45.3854561903,228229.24679931,2492094.90060022,Candidate lake ledger,EPSG:4326-compatible longitude/latitude; CRS not embedded in Parquet,MN,Upper Midwest,Upper Midwest,True,True,True,True,True,True,False,0,True,True,True,Shared
191410,-81.4031273172,28.6220767409,1424718.1343976,726343.582594229,Candidate lake ledger,EPSG:4326-compatible longitude/latitude; CRS not embedded in Parquet,FL,Coastal Plains,Coastal Plains,True,True,True,True,True,True,False,0,False,False,False,neither
191423,-81.3764811068,28.5623803278,1428310.31670301,720219.173101533,Candidate lake ledger,EPSG:4326-compatible longitude/latitude; CRS not embedded in Parquet,FL,Coastal Plains,Coastal Plains,True,True,True,True,True,True,False,0,False,False,False,neither
191435,-81.3703699467,28.6151892251,1428006.93739986,726082.438303869,Candidate lake ledger,EPSG:4326-compatible longitude/latitude; CRS not embedded in Parquet,FL,Coastal Plains,Coastal Plains,True,True,True,True,True,True,False,0,True,False,False,Multi-horizon only
191437,-81.3658574123,28.6796217635,1427350.75949566,733192.983399596,Candidate lake ledger,EPSG:4326-compatible longitude/latitude; CRS not embedded in Parquet,FL,Coastal Plains,Coastal Plains,True,True,True,True,True,True,True,1,True,False,False,Multi-horizon only
191448,-81.3552026964,28.6320087984,1429190.14039573,728148.766204521,Candidate lake ledger,EPSG:4326-compatible longitude/latitude; CRS not embedded in Parquet,FL,Coastal Plains,Coastal Plains,True,True,True,True,True,True,False,0,True,True,True,Shared
191460,-81.3324519843,28.6417402615,1431227.27180306,729554.774697043,Candidate lake ledger,EPSG:4326-compatible longitude/latitude; CRS not embedded in Parquet,FL,Coastal Plains,Coastal Plains,True,True,True,True,True,True,False,0,False,False,False,neither
191467,-81.3196766973,28.5312809219,1434343.5572981,717676.409096356,Candidate lake ledger,EPSG:4326-compatible longitude/latitude; CRS not embedded in Parquet,FL,Coastal Plains,Coastal Plains,True,True,True,True,True,True,False,0,True,False,False,Multi-horizon only
191470,-81.3224102803,28.572639792,1433375.00959645,722154.417194139,Candidate lake ledger,EPSG:4326-compatible longitude/latitude; CRS not embedded in Parquet,FL,Coastal Plains,Coastal Plains,True,True,True,True,True,True,False,0,True,True,True,Shared
191474,-81.3111327346,28.885324497,1429141.77799781,756506.216303974,Candidate lake ledger,EPSG:4326-compatible longitude/latitude; CRS not embedded in Parquet,FL,Coastal Plains,Coastal Plains,True,True,True,False,True,False,False,0,True,False,False,Multi-horizon only
191500,-81.2911454411,28.6286874714,1435448.25140394,728751.229995741,Candidate lake ledger,EPSG:4326-compatible longitude/latitude; CRS not embedded in Parquet,FL,Coastal Plains,Coastal Plains,True,True,True,True,True,True,False,0,False,False,False,neither
191501,-81.2809915689,28.6677508724,1435764.67809648,733173.851101186,Candidate lake ledger,EPSG:4326-compatible longitude/latitude; CRS not embedded in Parquet,FL,Coastal Plains,Coastal Plains,True,True,True,True,True,True,False,0,False,False,False,neither
191518,-81.27268757,28.6254330257,1437290.69580185,728674.553301202,Candidate lake ledger,EPSG:4326-compatible longitude/latitude; CRS not embedded in Parquet,FL,Coastal Plains,Coastal Plains,True,True,True,True,True,True,False,0,True,True,True,Shared
191619,-81.1340491163,28.6312545869,1450610.57819554,731417.168804849,Candidate lake ledger,EPSG:4326-compatible longitude/latitude; CRS not embedded in Parquet,FL,Coastal Plains,Coastal Plains,True,True,True,True,True,True,False,0,False,False,False,neither
191722,-80.8660865243,28.5918270787,1477230.29809718,731238.364697248,Candidate lake ledger,EPSG:4326-compatible longitude/latitude; CRS not embedded in Parquet,FL,Coastal Plains,Coastal Plains,True,True,True,True,True,True,True,1,True,False,False,Multi-horizon only
191949,-81.7644411738,28.5322972425,1391201.65279852,711175.573003015,Candidate lake ledger,EPSG:4326-compatible longitude/latitude; CRS not embedded in Parquet,FL,Coastal Plains,Coastal Plains,True,True,True,True,True,True,False,0,False,False,False,neither
191952,-81.9990283184,29.9650218875,1345145.67450231,864761.171004264,Candidate lake ledger,EPSG:4326-compatible longitude/latitude; CRS not embedded in Parquet,FL,Coastal Plains,Coastal Plains,True,True,True,True,True,True,False,0,False,False,False,neither
191955,-81.0928689079,28.9311916161,1449411.31579994,764827.219395539,Candidate lake ledger,EPSG:4326-compatible longitude/latitude; CRS not embedded in Parquet,FL,Coastal Plains,Coastal Plains,True,True,True,True,True,True,False,0,True,False,False,Multi-horizon only
192036,-82.0074094213,29.7119475153,1348464.92260093,836872.558896536,Candidate lake ledger,EPSG:4326-compatible longitude/latitude; CRS not embedded in Parquet,FL,Coastal Plains,Coastal Plains,True,True,True,True,True,True,False,0,False,False,False,neither
192068,-81.9439162216,28.9451649067,1367059.33690029,753744.862603622,Candidate lake ledger,EPSG:4326-compatible longitude/latitude; CRS not embedded in Parquet,FL,Coastal Plains,Coastal Plains,True,True,True,True,True,True,False,0,False,False,False,neither
192134,-81.8507881801,28.6136741045,1381490.85659832,718815.381102387,Candidate lake ledger,EPSG:4326-compatible longitude/latitude; CRS not embedded in Parquet,FL,Coastal Plains,Coastal Plains,True,True,True,True,True,True,False,0,True,False,False,Multi-horizon only
192194,-81.7840848102,28.5500730382,1389003.33419533,712831.949000582,Candidate lake ledger,EPSG:4326-compatible longitude/latitude; CRS not embedded in Parquet,FL,Coastal Plains,Coastal Plains,True,True,True,True,True,True,False,0,True,True,True,Shared
192220,-81.7463741458,28.7666155388,1389081.16190336,737067.962498343,Candidate lake ledger,EPSG:4326-compatible longitude/latitude; CRS not embedded in Parquet,FL,Coastal Plains,Coastal Plains,True,True,True,False,True,False,False,0,True,False,False,Multi-horizon only
192303,-81.634847021,28.7543155758,1400072.34269456,737359.057104284,Candidate lake ledger,EPSG:4326-compatible longitude/latitude; CRS not embedded in Parquet,FL,Coastal Plains,Coastal Plains,True,True,True,True,True,True,False,0,False,True,False,Direct 60-day 60-day only
192385,-81.5364164742,28.570804751,1412669.31620444,718749.339001006,Candidate lake ledger,EPSG:4326-compatible longitude/latitude; CRS not embedded in Parquet,FL,Coastal Plains,Coastal Plains,True,True,True,True,True,True,False,0,True,False,False,Multi-horizon only
192397,-81.519927377,28.5816286162,1414085.65719901,720177.760094292,Candidate lake ledger,EPSG:4326-compatible longitude/latitude; CRS not embedded in Parquet,FL,Coastal Plains,Coastal Plains,True,True,True,True,True,True,False,0,False,False,False,neither
192451,-81.4732334654,28.6596834921,1417295.59820409,729406.284403745,Candidate lake ledger,EPSG:4326-compatible longitude/latitude; CRS not embedded in Parquet,FL,Coastal Plains,Coastal Plains,True,True,True,True,True,True,False,0,True,False,False,Multi-horizon only
192501,-81.3964179679,28.578227611,1426110.14810278,721651.648195809,Candidate lake ledger,EPSG:4326-compatible longitude/latitude; CRS not embedded in Parquet,FL,Coastal Plains,Coastal Plains,True,True,True,True,True,True,False,0,True,False,False,Multi-horizon only
192505,-81.392579463,28.8171080308,1422436.02259675,747824.277196707,Candidate lake ledger,EPSG:4326-compatible longitude/latitude; CRS not embedded in Parquet,FL,Coastal Plains,Coastal Plains,True,True,True,True,True,True,False,0,True,False,False,Multi-horizon only
192511,-81.3846295055,28.666549587,1425755.79320167,731482.23850196,Candidate lake ledger,EPSG:4326-compatible longitude/latitude; CRS not embedded in Parquet,FL,Coastal Plains,Coastal Plains,True,True,True,False,True,False,False,0,False,False,False,neither
192520,-81.3700161862,28.568232676,1428837.5221037,720955.914297583,Candidate lake ledger,EPSG:4326-compatible longitude/latitude; CRS not embedded in Parquet,FL,Coastal Plains,Coastal Plains,True,True,True,True,True,True,False,0,True,True,True,Shared
192521,-81.3670583069,28.5748924821,1429011.15779598,721728.194198832,Candidate lake ledger,EPSG:4326-compatible longitude/latitude; CRS not embedded in Parquet,FL,Coastal Plains,Coastal Plains,True,True,True,True,True,True,False,0,True,False,False,Multi-horizon only
192522,-81.3596501368,28.5708080272,1429798.20039767,721393.261204692,Candidate lake ledger,EPSG:4326-compatible longitude/latitude; CRS not embedded in Parquet,FL,Coastal Plains,Coastal Plains,True,True,True,True,True,True,True,1,True,False,False,Multi-horizon only
192523,-81.36492258,28.665783561,1427676.02599985,731694.360097986,Candidate lake ledger,EPSG:4326-compatible longitude/latitude; CRS not embedded in Parquet,FL,Coastal Plains,Coastal Plains,True,True,True,True,True,True,False,0,True,False,False,Multi-horizon only
192524,-81.3636875059,28.6740044106,1427656.0519976,732611.534404257,Candidate lake ledger,EPSG:4326-compatible longitude/latitude; CRS not embedded in Parquet,FL,Coastal Plains,Coastal Plains,True,True,True,True,True,True,True,1,True,False,False,Multi-horizon only
192560,-81.312711125,28.7802820327,1430778.84259476,744996.556603132,Candidate lake ledger,EPSG:4326-compatible longitude/latitude; CRS not embedded in Parquet,FL,Coastal Plains,Coastal Plains,True,True,True,True,True,True,False,0,True,False,False,Multi-horizon only
192592,-81.2787944218,28.6023364919,1437093.6170039,726058.246096116,Candidate lake ledger,EPSG:4326-compatible longitude/latitude; CRS not embedded in Parquet,FL,Coastal Plains,Coastal Plains,True,True,True,True,True,True,False,0,True,True,True,Shared
192594,-81.2894898636,28.6722399815,1434865.78509469,733536.139304172,Candidate lake ledger,EPSG:4326-compatible longitude/latitude; CRS not embedded in Parquet,FL,Coastal Plains,Coastal Plains,True,True,True,True,True,True,False,0,False,False,False,neither
192607,-81.2655309872,28.8926971771,1433416.99840425,757999.26740117,Candidate lake ledger,EPSG:4326-compatible longitude/latitude; CRS not embedded in Parquet,FL,Coastal Plains,Coastal Plains,True,True,True,True,True,True,False,0,True,False,False,Multi-horizon only
1927,-93.1823544072,45.2955443374,220863.267099628,2481871.12399639,Candidate lake ledger,EPSG:4326-compatible longitude/latitude; CRS not embedded in Parquet,MN,Upper Midwest,Upper Midwest,True,True,True,False,True,False,False,0,False,False,False,neither
192709,-81.1526723721,28.5824519997,1449648.01329643,725801.18419777,Candidate lake ledger,EPSG:4326-compatible longitude/latitude; CRS not embedded in Parquet,FL,Coastal Plains,Coastal Plains,True,True,True,True,True,True,False,0,True,True,True,Shared
192818,-80.909728049,28.6501190044,1471986.85659972,736927.240895785,Candidate lake ledger,EPSG:4326-compatible longitude/latitude; CRS not embedded in Parquet,FL,Coastal Plains,Coastal Plains,True,True,True,False,True,False,False,0,False,False,False,neither
1930,-94.4276281724,46.853040742,120404.591498132,2652420.54349661,Candidate lake ledger,EPSG:4326-compatible longitude/latitude; CRS not embedded in Parquet,MN,Upper Midwest,Upper Midwest,True,True,True,True,True,True,False,0,False,False,False,neither
193047,-81.526210257,28.066706783,1422110.80199857,663833.718602339,Candidate lake ledger,EPSG:4326-compatible longitude/latitude; CRS not embedded in Parquet,FL,Coastal Plains,Coastal Plains,True,True,True,False,True,False,False,0,True,False,False,Multi-horizon only
193048,-81.5263152174,28.5047540353,1414756.39079976,711680.087204348,Candidate lake ledger,EPSG:4326-compatible longitude/latitude; CRS not embedded in Parquet,FL,Coastal Plains,Coastal Plains,True,True,True,True,True,True,False,0,False,False,False,neither
193049,-81.4401759346,27.3928574473,1441845.3062051,591640.486297637,Candidate lake ledger,EPSG:4326-compatible longitude/latitude; CRS not embedded in Parquet,FL,Coastal Plains,Coastal Plains,True,True,True,True,True,True,False,0,True,True,True,Shared
193056,-81.9777091127,26.6377195712,1401233.80200005,501380.628301587,Candidate lake ledger,EPSG:4326-compatible longitude/latitude; CRS not embedded in Parquet,FL,Coastal Plains,Coastal Plains,True,True,True,False,True,False,False,0,True,True,True,Shared
19306,-95.662164869,46.9398470821,25836.738403764,2661079.51080038,Candidate lake ledger,EPSG:4326-compatible longitude/latitude; CRS not embedded in Parquet,MN,Upper Midwest,Upper Midwest,True,True,True,True,True,True,False,0,False,False,False,neither
19307,-95.7836911169,46.6258001517,16621.9081968096,2626276.20879646,Candidate lake ledger,EPSG:4326-compatible longitude/latitude; CRS not embedded in Parquet,MN,Upper Midwest,Upper Midwest,True,True,True,True,True,True,False,0,False,False,False,neither
1932,-93.8748211522,44.8153432277,167788.961799868,2427044.21170478,Candidate lake ledger,EPSG:4326-compatible longitude/latitude; CRS not embedded in Parquet,MN,Upper Midwest,Upper Midwest,True,True,True,True,True,True,True,4,True,True,True,Shared
19332,-91.6231764963,47.8578189279,329939.790501477,2770078.19550351,Candidate lake ledger,EPSG:4326-compatible longitude/latitude; CRS not embedded in Parquet,MN,Upper Midwest,Upper Midwest,True,True,True,False,True,False,False,0,False,False,False,neither
193370,-81.5319853558,27.640307332,1428685.63970485,617224.955598485,Candidate lake ledger,EPSG:4326-compatible longitude/latitude; CRS not embedded in Parquet,FL,Coastal Plains,Coastal Plains,True,True,True,True,True,True,False,0,True,False,False,Multi-horizon only
193371,-81.521199097,27.762281197,1427700.01800095,630689.395695228,Candidate lake ledger,EPSG:4326-compatible longitude/latitude; CRS not embedded in Parquet,FL,Coastal Plains,Coastal Plains,True,True,True,False,True,False,False,0,True,True,True,Shared
193383,-81.5201537674,28.4321320867,1416572.64119796,703835.622096969,Candidate lake ledger,EPSG:4326-compatible longitude/latitude; CRS not embedded in Parquet,FL,Coastal Plains,Coastal Plains,True,True,True,True,True,True,False,0,False,False,False,neither
193386,-81.5264843867,28.4888714227,1415006.41010197,709941.753799854,Candidate lake ledger,EPSG:4326-compatible longitude/latitude; CRS not embedded in Parquet,FL,Coastal Plains,Coastal Plains,True,True,True,True,True,True,False,0,False,False,False,neither
1934,-92.974494913,45.0703510878,237948.478099775,2457336.60290076,Candidate lake ledger,EPSG:4326-compatible longitude/latitude; CRS not embedded in Parquet,MN,Upper Midwest,Upper Midwest,True,True,True,True,True,True,False,0,False,False,False,neither
193419,-81.498605411,28.4948750159,1417609.93709596,711013.353696758,Candidate lake ledger,EPSG:4326-compatible longitude/latitude; CRS not embedded in Parquet,FL,Coastal Plains,Coastal Plains,True,True,True,True,True,True,False,0,True,False,False,Multi-horizon only
193439,-81.4681013817,28.5003191242,1420476.97029922,712063.790103145,Candidate lake ledger,EPSG:4326-compatible longitude/latitude; CRS not embedded in Parquet,FL,Coastal Plains,Coastal Plains,True,True,True,True,True,True,False,0,True,False,False,Multi-horizon only
193500,-81.4265402255,28.5365537202,1423895.65219947,716645.560703339,Candidate lake ledger,EPSG:4326-compatible longitude/latitude; CRS not embedded in Parquet,FL,Coastal Plains,Coastal Plains,True,True,True,True,True,True,False,0,True,True,True,Shared
193544,-81.3615571384,28.4524986319,1431620.56009935,708437.477302229,Candidate lake ledger,EPSG:4326-compatible longitude/latitude; CRS not embedded in Parquet,FL,Coastal Plains,Coastal Plains,True,True,True,True,True,True,False,0,False,False,False,neither
193545,-81.3671171978,28.5076965772,1430145.09150503,714384.510896288,Candidate lake ledger,EPSG:4326-compatible longitude/latitude; CRS not embedded in Parquet,FL,Coastal Plains,Coastal Plains,True,True,True,True,True,True,False,0,True,False,False,Multi-horizon only
193546,-81.3730988296,28.5441012116,1428947.95520026,718272.491394848,Candidate lake ledger,EPSG:4326-compatible longitude/latitude; CRS not embedded in Parquet,FL,Coastal Plains,Coastal Plains,True,True,True,True,True,True,False,0,True,False,False,Multi-horizon only
193547,-81.36127996,28.5354873993,1430239.58190214,717509.017402604,Candidate lake ledger,EPSG:4326-compatible longitude/latitude; CRS not embedded in Parquet,FL,Coastal Plains,Coastal Plains,True,True,True,True,True,True,False,0,True,False,False,Multi-horizon only
193565,-81.3416518389,27.252071506,1453908.80499561,577807.177803088,Candidate lake ledger,EPSG:4326-compatible longitude/latitude; CRS not embedded in Parquet,FL,Coastal Plains,Coastal Plains,True,True,True,True,True,True,False,0,True,True,True,Shared
193574,-81.3211963386,28.4604698717,1435400.81329517,709917.118500035,Candidate lake ledger,EPSG:4326-compatible longitude/latitude; CRS not embedded in Parquet,FL,Coastal Plains,Coastal Plains,True,True,True,True,True,True,False,0,True,True,True,Shared
193647,-81.2362193359,28.3889555579,1444866.99649825,703393.652100207,Candidate lake ledger,EPSG:4326-compatible longitude/latitude; CRS not embedded in Parquet,FL,Coastal Plains,Coastal Plains,True,True,True,True,True,True,False,0,True,True,True,Shared
193665,-81.1913775386,28.2781960248,1451119.77750412,691983.258099975,Candidate lake ledger,EPSG:4326-compatible longitude/latitude; CRS not embedded in Parquet,FL,Coastal Plains,Coastal Plains,True,True,True,True,True,True,False,0,True,True,True,Shared
1938,-93.3410468892,45.2085178268,208698.135902194,2471838.20359591,Candidate lake ledger,EPSG:4326-compatible longitude/latitude; CRS not embedded in Parquet,MN,Upper Midwest,Upper Midwest,True,True,True,True,True,True,False,0,False,True,False,Direct 60-day 60-day only
1942,-94.4193533409,45.0667694149,124335.840299831,2454184.12310436,Candidate lake ledger,EPSG:4326-compatible longitude/latitude; CRS not embedded in Parquet,MN,Upper Midwest,Upper Midwest,True,True,True,False,True,False,False,0,False,False,False,neither
194329,-81.4937040991,26.4227526064,1452824.41269916,485275.307301821,Candidate lake ledger,EPSG:4326-compatible longitude/latitude; CRS not embedded in Parquet,FL,Coastal Plains,Coastal Plains,True,True,True,True,True,True,False,0,True,False,False,Multi-horizon only
194331,-81.5514336571,28.4883413716,1412594.95480133,709512.656295277,Candidate lake ledger,EPSG:4326-compatible longitude/latitude; CRS not embedded in Parquet,FL,Coastal Plains,Coastal Plains,True,True,True,True,True,True,False,0,False,False,False,neither
194332,-81.5445537163,27.8282226127,1424312.18360348,637532.377299983,Candidate lake ledger,EPSG:4326-compatible longitude/latitude; CRS not embedded in Parquet,FL,Coastal Plains,Coastal Plains,True,True,True,True,True,True,False,0,False,False,False,neither
194333,-81.4875065131,28.4335446303,1419717.95060071,704477.151103368,Candidate lake ledger,EPSG:4326-compatible longitude/latitude; CRS not embedded in Parquet,FL,Coastal Plains,Coastal Plains,True,True,True,True,True,True,False,0,False,False,False,neither
194334,-81.403345351,27.9334264284,1436339.79199709,651135.744395122,Candidate lake ledger,EPSG:4326-compatible longitude/latitude; CRS not embedded in Parquet,FL,Coastal Plains,Coastal Plains,True,True,True,True,True,True,False,0,False,False,False,neither
194335,-81.2827286233,28.2966733574,1441925.08579986,692610.122904047,Candidate lake ledger,EPSG:4326-compatible longitude/latitude; CRS not embedded in Parquet,FL,Coastal Plains,Coastal Plains,True,True,True,True,True,True,False,0,False,False,False,neither
194336,-81.2665094375,27.9095795767,1450103.70650061,650612.339398595,Candidate lake ledger,EPSG:4326-compatible longitude/latitude; CRS not embedded in Parquet,FL,Coastal Plains,Coastal Plains,True,True,True,False,True,False,False,0,True,False,False,Multi-horizon only
194337,-81.1630063104,27.9091117146,1460216.14019638,652146.16450143,Candidate lake ledger,EPSG:4326-compatible longitude/latitude; CRS not embedded in Parquet,FL,Coastal Plains,Coastal Plains,True,True,True,False,True,False,False,0,True,True,True,Shared
194341,-80.0820440537,26.5862519201,1589941.57519711,525623.470504336,Candidate lake ledger,EPSG:4326-compatible longitude/latitude; CRS not embedded in Parquet,FL,Coastal Plains,Coastal Plains,True,True,True,True,True,True,False,0,True,False,False,Multi-horizon only
194594,-81.6437587914,28.4608433355,1404095.11970031,705139.003202284,Candidate lake ledger,EPSG:4326-compatible longitude/latitude; CRS not embedded in Parquet,FL,Coastal Plains,Coastal Plains,True,True,True,True,True,True,False,0,True,True,True,Shared
194617,-81.5987103443,28.4790734435,1408163.03479615,707798.087799793,Candidate lake ledger,EPSG:4326-compatible longitude/latitude; CRS not embedded in Parquet,FL,Coastal Plains,Coastal Plains,True,True,True,True,True,True,False,0,True,True,True,Shared
194637,-81.5663989029,28.4803444862,1411276.89330277,708416.313895319,Candidate lake ledger,EPSG:4326-compatible longitude/latitude; CRS not embedded in Parquet,FL,Coastal Plains,Coastal Plains,True,True,True,True,True,True,True,1,True,True,True,Shared
194649,-81.5655851108,28.435545302,1412105.25659573,703532.466999043,Candidate lake ledger,EPSG:4326-compatible longitude/latitude; CRS not embedded in Parquet,FL,Coastal Plains,Coastal Plains,True,True,True,True,True,True,False,0,True,False,False,Multi-horizon only
194656,-81.5311455711,27.7804013896,1426423.54649898,632516.582394267,Candidate lake ledger,EPSG:4326-compatible longitude/latitude; CRS not embedded in Parquet,FL,Coastal Plains,Coastal Plains,True,True,True,False,True,False,False,0,True,True,True,Shared
194671,-81.5188503153,27.6476569255,1429849.57530325,618223.913102867,Candidate lake ledger,EPSG:4326-compatible longitude/latitude; CRS not embedded in Parquet,FL,Coastal Plains,Coastal Plains,True,True,True,True,True,True,False,0,True,False,False,Multi-horizon only
194682,-81.5062346922,27.5637205358,1432492.16819993,609262.508902492,Candidate lake ledger,EPSG:4326-compatible longitude/latitude; CRS not embedded in Parquet,FL,Coastal Plains,Coastal Plains,True,True,True,True,True,True,True,4,True,True,True,Shared
194683,-81.5043032705,27.5733256548,1432520.60979614,610338.726496968,Candidate lake ledger,EPSG:4326-compatible longitude/latitude; CRS not embedded in Parquet,FL,Coastal Plains,Coastal Plains,True,True,True,True,True,True,False,0,True,False,False,Multi-horizon only
194686,-81.5129991373,28.4098962581,1417640.4267013,701512.665205436,Candidate lake ledger,EPSG:4326-compatible longitude/latitude; CRS not embedded in Parquet,FL,Coastal Plains,Coastal Plains,True,True,True,True,True,True,False,0,False,False,False,neither
194688,-81.5124929101,28.4194117554,1417529.84040245,702559.923700703,Candidate lake ledger,EPSG:4326-compatible longitude/latitude; CRS not embedded in Parquet,FL,Coastal Plains,Coastal Plains,True,True,True,True,True,True,False,0,False,False,False,neither
194700,-81.4966271163,27.6355176873,1432230.39979884,617234.922596924,Candidate lake ledger,EPSG:4326-compatible longitude/latitude; CRS not embedded in Parquet,FL,Coastal Plains,Coastal Plains,True,True,True,True,True,True,False,0,True,True,True,Shared
194718,-81.4714564772,27.5404676706,1436293.22979852,607252.704901697,Candidate lake ledger,EPSG:4326-compatible longitude/latitude; CRS not embedded in Parquet,FL,Coastal Plains,Coastal Plains,True,True,True,True,True,True,True,1,True,False,False,Multi-horizon only
194731,-81.479129393,28.3985802803,1421119.37550322,700782.161605733,Candidate lake ledger,EPSG:4326-compatible longitude/latitude; CRS not embedded in Parquet,FL,Coastal Plains,Coastal Plains,True,True,True,True,True,True,False,0,False,False,False,neither
194758,-81.4422170247,27.5431562629,1439115.97699724,607988.104999566,Candidate lake ledger,EPSG:4326-compatible longitude/latitude; CRS not embedded in Parquet,FL,Coastal Plains,Coastal Plains,True,True,True,True,True,True,True,1,True,True,True,Shared
194790,-81.4342982498,28.5120282775,1423557.64070118,713849.170397496,Candidate lake ledger,EPSG:4326-compatible longitude/latitude; CRS not embedded in Parquet,FL,Coastal Plains,Coastal Plains,True,True,True,True,True,True,False,0,True,False,False,Multi-horizon only
194794,-81.4058303623,27.3394778074,1446119.85230101,586347.230595278,Candidate lake ledger,EPSG:4326-compatible longitude/latitude; CRS not embedded in Parquet,FL,Coastal Plains,Coastal Plains,True,True,True,True,True,True,False,0,True,False,False,Multi-horizon only
194813,-81.3949152803,27.346767124,1447069.89489619,587307.389198706,Candidate lake ledger,EPSG:4326-compatible longitude/latitude; CRS not embedded in Parquet,FL,Coastal Plains,Coastal Plains,True,True,True,True,True,True,False,0,True,True,True,Shared
194814,-81.4057263422,27.3550812871,1445866.98539638,588048.501103669,Candidate lake ledger,EPSG:4326-compatible longitude/latitude; CRS not embedded in Parquet,FL,Coastal Plains,Coastal Plains,True,True,True,True,True,True,False,0,True,False,False,Multi-horizon only
194818,-81.4030292723,28.5415225565,1426090.63869847,717541.106201407,Candidate lake ledger,EPSG:4326-compatible longitude/latitude; CRS not embedded in Parquet,FL,Coastal Plains,Coastal Plains,True,True,True,True,True,True,False,0,False,False,False,neither
194821,-81.3834706052,27.3235191942,1448587.44679875,584949.505796954,Candidate lake ledger,EPSG:4326-compatible longitude/latitude; CRS not embedded in Parquet,FL,Coastal Plains,Coastal Plains,True,True,True,True,True,True,False,0,True,True,True,Shared
194834,-81.3792018862,28.5293611673,1428606.22370326,716570.0193005,Candidate lake ledger,EPSG:4326-compatible longitude/latitude; CRS not embedded in Parquet,FL,Coastal Plains,Coastal Plains,True,True,True,True,True,True,True,4,True,False,False,Multi-horizon only
194835,-81.3759931816,28.5346616328,1428827.43019675,717197.460300006,Candidate lake ledger,EPSG:4326-compatible longitude/latitude; CRS not embedded in Parquet,FL,Coastal Plains,Coastal Plains,True,True,True,False,True,False,False,0,False,False,False,neither
194850,-81.3701667939,28.4966895173,1430036.01949692,713135.946703663,Candidate lake ledger,EPSG:4326-compatible longitude/latitude; CRS not embedded in Parquet,FL,Coastal Plains,Coastal Plains,True,True,True,True,True,True,False,0,False,False,False,neither
194879,-81.3410436919,28.5301738425,1432291.29610449,717233.181098767,Candidate lake ledger,EPSG:4326-compatible longitude/latitude; CRS not embedded in Parquet,FL,Coastal Plains,Coastal Plains,True,True,True,True,True,True,False,0,True,False,False,Multi-horizon only
194880,-81.3342151385,28.5301980367,1432952.78260453,717338.76489915,Candidate lake ledger,EPSG:4326-compatible longitude/latitude; CRS not embedded in Parquet,FL,Coastal Plains,Coastal Plains,True,True,True,True,True,True,False,0,False,False,False,neither
194882,-81.3310096729,28.5563211168,1432819.35559629,720241.535600137,Candidate lake ledger,EPSG:4326-compatible longitude/latitude; CRS not embedded in Parquet,FL,Coastal Plains,Coastal Plains,True,True,True,True,True,True,False,0,True,False,False,Multi-horizon only
194896,-81.3210902431,28.5083488469,1434596.66570279,715149.511597646,Candidate lake ledger,EPSG:4326-compatible longitude/latitude; CRS not embedded in Parquet,FL,Coastal Plains,Coastal Plains,True,True,True,True,True,True,False,0,True,False,False,Multi-horizon only
1949,-96.4560366575,44.4935665795,-36180.2243039362,2389420.06319492,Candidate lake ledger,EPSG:4326-compatible longitude/latitude; CRS not embedded in Parquet,SD,Temporate Plains,Temperate Plains,True,True,True,False,True,False,False,0,True,True,True,Shared
1951,-94.6904342647,47.4116596695,99430.1448990303,2713898.84769804,Candidate lake ledger,EPSG:4326-compatible longitude/latitude; CRS not embedded in Parquet,MN,Upper Midwest,Upper Midwest,True,True,True,False,True,False,False,0,False,False,False,neither
195565,-80.0736734038,26.64971002,1589605.53189607,532645.786893988,Candidate lake ledger,EPSG:4326-compatible longitude/latitude; CRS not embedded in Parquet,FL,Coastal Plains,Coastal Plains,True,True,True,True,True,True,False,0,True,False,False,Multi-horizon only
195569,-81.612230265,28.4604562596,1407161.61420248,705563.032495001,Candidate lake ledger,EPSG:4326-compatible longitude/latitude; CRS not embedded in Parquet,FL,Coastal Plains,Coastal Plains,True,True,True,True,True,True,False,0,True,False,False,Multi-horizon only
195570,-81.3635449947,27.2423813382,1451918.32110199,576417.305196932,Candidate lake ledger,EPSG:4326-compatible longitude/latitude; CRS not embedded in Parquet,FL,Coastal Plains,Coastal Plains,True,True,True,True,True,True,False,0,True,False,False,Multi-horizon only
195571,-81.3600225455,28.4843051994,1431229.85619724,711935.549899878,Candidate lake ledger,EPSG:4326-compatible longitude/latitude; CRS not embedded in Parquet,FL,Coastal Plains,Coastal Plains,True,True,True,True,True,True,False,0,False,False,False,neither
195573,-81.2604930042,27.3409255328,1460381.4306017,588727.413402354,Candidate lake ledger,EPSG:4326-compatible longitude/latitude; CRS not embedded in Parquet,FL,Coastal Plains,Coastal Plains,True,True,True,True,True,True,True,2,True,True,True,Shared
195841,-81.5727682399,28.441092554,1411315.20149839,704031.973004514,Candidate lake ledger,EPSG:4326-compatible longitude/latitude; CRS not embedded in Parquet,FL,Coastal Plains,Coastal Plains,True,True,True,True,True,True,False,0,True,False,False,Multi-horizon only
195963,-81.4660086116,28.4585196606,1421383.99030276,707527.45079634,Candidate lake ledger,EPSG:4326-compatible longitude/latitude; CRS not embedded in Parquet,FL,Coastal Plains,Coastal Plains,True,True,True,True,True,True,False,0,True,False,False,Multi-horizon only
195966,-81.4624463776,28.5208519652,1420679.46520301,714392.219405819,Candidate lake ledger,EPSG:4326-compatible longitude/latitude; CRS not embedded in Parquet,FL,Coastal Plains,Coastal Plains,True,True,True,True,True,True,False,0,False,False,False,neither
195999,-81.4226073223,28.5246104842,1424478.68630376,715399.322701391,Candidate lake ledger,EPSG:4326-compatible longitude/latitude; CRS not embedded in Parquet,FL,Coastal Plains,Coastal Plains,True,True,True,True,True,True,True,10,True,False,False,Multi-horizon only
196005,-81.4038185068,27.43279136,1444743.88240337,596543.577698497,Candidate lake ledger,EPSG:4326-compatible longitude/latitude; CRS not embedded in Parquet,FL,Coastal Plains,Coastal Plains,True,True,True,True,True,True,False,0,True,False,False,Multi-horizon only
196028,-81.3928786281,28.4803494629,1428110.11390389,711009.06419632,Candidate lake ledger,EPSG:4326-compatible longitude/latitude; CRS not embedded in Parquet,FL,Coastal Plains,Coastal Plains,True,True,True,True,True,True,False,0,True,False,False,Multi-horizon only
196029,-81.3852138359,28.4819126299,1428827.09590248,711295.069603955,Candidate lake ledger,EPSG:4326-compatible longitude/latitude; CRS not embedded in Parquet,FL,Coastal Plains,Coastal Plains,True,True,True,True,True,True,False,0,True,False,False,Multi-horizon only
196030,-81.3986751825,28.4906435768,1427373.67419733,712046.754104778,Candidate lake ledger,EPSG:4326-compatible longitude/latitude; CRS not embedded in Parquet,FL,Coastal Plains,Coastal Plains,True,True,True,True,True,True,False,0,False,False,False,neither
196072,-81.345187915,28.5642392176,1431310.97440344,720893.129698742,Candidate lake ledger,EPSG:4326-compatible longitude/latitude; CRS not embedded in Parquet,FL,Coastal Plains,Coastal Plains,True,True,True,True,True,True,False,0,True,False,False,Multi-horizon only
196083,-81.3284138046,28.5208882149,1433673.40710277,716409.036701694,Candidate lake ledger,EPSG:4326-compatible longitude/latitude; CRS not embedded in Parquet,FL,Coastal Plains,Coastal Plains,True,True,True,True,True,True,False,0,True,False,False,Multi-horizon only
1964,-93.5563252354,44.9883932611,192434.723599273,2446903.36749828,Candidate lake ledger,EPSG:4326-compatible longitude/latitude; CRS not embedded in Parquet,MN,Upper Midwest,Upper Midwest,True,True,True,False,True,False,False,0,True,False,False,Multi-horizon only
1968,-94.6674833837,45.772707574,103718.688299866,2532351.64570078,Candidate lake ledger,EPSG:4326-compatible longitude/latitude; CRS not embedded in Parquet,MN,Upper Midwest,Upper Midwest,True,True,True,False,True,False,False,0,False,False,False,neither
196835,-80.0758542165,26.7396014542,1587740.47710358,542360.585700933,Candidate lake ledger,EPSG:4326-compatible longitude/latitude; CRS not embedded in Parquet,FL,Coastal Plains,Coastal Plains,True,True,True,True,True,True,False,0,False,False,False,neither
196849,-80.7968705761,26.950170069,1512787.59030086,553465.591705266,Candidate lake ledger,EPSG:4326-compatible longitude/latitude; CRS not embedded in Parquet,FL,Coastal Plains,Coastal Plains,True,True,True,False,True,False,False,0,True,False,False,Multi-horizon only
196850,-81.642702725,28.4255819391,1404784.32699484,701300.692603238,Candidate lake ledger,EPSG:4326-compatible longitude/latitude; CRS not embedded in Parquet,FL,Coastal Plains,Coastal Plains,True,True,True,True,True,True,False,0,True,False,False,Multi-horizon only
196851,-81.4102995906,28.5213671403,1425726.7611988,715229.460904215,Candidate lake ledger,EPSG:4326-compatible longitude/latitude; CRS not embedded in Parquet,FL,Coastal Plains,Coastal Plains,True,True,True,True,True,True,False,0,False,False,False,neither
196852,-81.4104677712,28.0151567152,1434264.43909823,659946.482397083,Candidate lake ledger,EPSG:4326-compatible longitude/latitude; CRS not embedded in Parquet,FL,Coastal Plains,Coastal Plains,True,True,True,False,True,False,False,0,False,False,False,neither
196853,-81.3977853951,28.2217606187,1432008.54910105,682690.690194996,Candidate lake ledger,EPSG:4326-compatible longitude/latitude; CRS not embedded in Parquet,FL,Coastal Plains,Coastal Plains,True,True,True,True,True,True,False,0,True,False,False,Multi-horizon only
196854,-81.2719485032,28.4094925313,1441047.98740164,705094.07860402,Candidate lake ledger,EPSG:4326-compatible longitude/latitude; CRS not embedded in Parquet,FL,Coastal Plains,Coastal Plains,True,True,True,True,True,True,False,0,False,False,False,neither
196855,-81.2113246061,28.3795929649,1447444.05500407,702750.047602376,Candidate lake ledger,EPSG:4326-compatible longitude/latitude; CRS not embedded in Parquet,FL,Coastal Plains,Coastal Plains,True,True,True,True,True,True,False,0,True,False,False,Multi-horizon only
196856,-81.2096105482,28.2101097149,1450513.72349773,684272.588995285,Candidate lake ledger,EPSG:4326-compatible longitude/latitude; CRS not embedded in Parquet,FL,Coastal Plains,Coastal Plains,True,True,True,True,True,True,False,0,False,False,False,neither
196859,-81.0935110352,27.8787480153,1467523.24429961,649905.639900802,Candidate lake ledger,EPSG:4326-compatible longitude/latitude; CRS not embedded in Parquet,FL,Coastal Plains,Coastal Plains,True,True,True,True,True,True,True,1,True,False,False,Multi-horizon only
196871,-81.9346634015,26.6466843422,1405358.49029782,502991.653498108,Candidate lake ledger,EPSG:4326-compatible longitude/latitude; CRS not embedded in Parquet,FL,Coastal Plains,Coastal Plains,True,True,True,False,True,False,False,0,True,False,False,Multi-horizon only
197,-93.243905564,45.0758743512,216748.410001804,2457306.31809657,Candidate lake ledger,EPSG:4326-compatible longitude/latitude; CRS not embedded in Parquet,MN,Upper Midwest,Upper Midwest,True,True,True,False,True,False,False,0,False,False,False,neither
197077,-81.6427313542,28.3629658868,1405823.26810118,694457.481102034,Candidate lake ledger,EPSG:4326-compatible longitude/latitude; CRS not embedded in Parquet,FL,Coastal Plains,Coastal Plains,True,True,True,True,True,True,False,0,True,False,False,Multi-horizon only
197085,-81.6281973563,28.3531992632,1407398.16780476,693605.402298396,Candidate lake ledger,EPSG:4326-compatible longitude/latitude; CRS not embedded in Parquet,FL,Coastal Plains,Coastal Plains,True,True,True,True,True,True,False,0,True,False,False,Multi-horizon only
197149,-81.5477149364,27.6327005324,1427271.50049897,616159.142097414,Candidate lake ledger,EPSG:4326-compatible longitude/latitude; CRS not embedded in Parquet,FL,Coastal Plains,Coastal Plains,True,True,True,True,True,True,False,0,True,False,False,Multi-horizon only
197167,-81.5161853955,28.4805928262,1416144.45309885,709190.429002771,Candidate lake ledger,EPSG:4326-compatible longitude/latitude; CRS not embedded in Parquet,FL,Coastal Plains,Coastal Plains,True,True,True,True,True,True,False,0,False,False,False,neither
197222,-81.4617931822,27.5603254152,1436907.34390533,609563.334395684,Candidate lake ledger,EPSG:4326-compatible longitude/latitude; CRS not embedded in Parquet,FL,Coastal Plains,Coastal Plains,True,True,True,True,True,True,False,0,True,True,True,Shared
197248,-81.4506194637,27.4331205152,1440142.25350366,595869.08319689,Candidate lake ledger,EPSG:4326-compatible longitude/latitude; CRS not embedded in Parquet,FL,Coastal Plains,Coastal Plains,True,True,True,False,True,False,False,0,False,False,False,neither
197264,-81.4452190909,28.5217678706,1422334.37169659,714749.999302974,Candidate lake ledger,EPSG:4326-compatible longitude/latitude; CRS not embedded in Parquet,FL,Coastal Plains,Coastal Plains,True,True,True,True,True,True,False,0,True,False,False,Multi-horizon only
197273,-81.4278619586,27.3374860325,1443987.44829642,585795.260402555,Candidate lake ledger,EPSG:4326-compatible longitude/latitude; CRS not embedded in Parquet,FL,Coastal Plains,Coastal Plains,True,True,True,True,True,True,False,0,True,False,False,Multi-horizon only
197306,-81.4056554468,28.4966444417,1426595.18639924,712597.639500339,Candidate lake ledger,EPSG:4326-compatible longitude/latitude; CRS not embedded in Parquet,FL,Coastal Plains,Coastal Plains,True,True,True,True,True,True,True,2,True,False,False,Multi-horizon only
197307,-81.411037151,28.5043612703,1425942.7916975,713360.090996834,Candidate lake ledger,EPSG:4326-compatible longitude/latitude; CRS not embedded in Parquet,FL,Coastal Plains,Coastal Plains,True,True,True,True,True,True,False,0,False,False,False,neither
197313,-81.3910953623,27.3487949976,1447411.15989606,587586.454004781,Candidate lake ledger,EPSG:4326-compatible longitude/latitude; CRS not embedded in Parquet,FL,Coastal Plains,Coastal Plains,True,True,True,True,True,True,False,0,True,False,False,Multi-horizon only
197317,-81.4066914173,28.4403620201,1427446.5252024,706432.61190385,Candidate lake ledger,EPSG:4326-compatible longitude/latitude; CRS not embedded in Parquet,FL,Coastal Plains,Coastal Plains,True,True,True,True,True,True,False,0,True,False,False,Multi-horizon only
197318,-81.394137088,28.486186617,1427889.2453011,711627.938399525,Candidate lake ledger,EPSG:4326-compatible longitude/latitude; CRS not embedded in Parquet,FL,Coastal Plains,Coastal Plains,True,True,True,True,True,True,True,2,False,False,False,neither
197319,-81.4014723138,28.5469049428,1426150.47860421,718152.666397357,Candidate lake ledger,EPSG:4326-compatible longitude/latitude; CRS not embedded in Parquet,FL,Coastal Plains,Coastal Plains,True,True,True,True,True,True,False,0,False,False,False,neither
197332,-81.361105794,27.2835879321,1451461.63759854,580941.811395327,Candidate lake ledger,EPSG:4326-compatible longitude/latitude; CRS not embedded in Parquet,FL,Coastal Plains,Coastal Plains,True,True,True,True,True,True,False,0,False,False,False,neither
197346,-81.3636485551,28.5260076724,1430170.8061963,716437.514794236,Candidate lake ledger,EPSG:4326-compatible longitude/latitude; CRS not embedded in Parquet,FL,Coastal Plains,Coastal Plains,True,True,True,True,True,True,False,0,True,False,False,Multi-horizon only
197347,-81.3597533992,28.5302183151,1430476.95509885,716956.236104207,Candidate lake ledger,EPSG:4326-compatible longitude/latitude; CRS not embedded in Parquet,FL,Coastal Plains,Coastal Plains,True,True,True,True,True,True,True,2,True,False,False,Multi-horizon only
197360,-81.3461663641,28.5209349256,1431951.65390205,716146.485698543,Candidate lake ledger,EPSG:4326-compatible longitude/latitude; CRS not embedded in Parquet,FL,Coastal Plains,Coastal Plains,True,True,True,True,True,True,False,0,True,False,False,Multi-horizon only
197364,-81.3326024108,27.2353157459,1455083.09179649,576121.215402167,Candidate lake ledger,EPSG:4326-compatible longitude/latitude; CRS not embedded in Parquet,FL,Coastal Plains,Coastal Plains,True,True,True,True,True,True,False,0,True,True,True,Shared
198081,-80.0811053502,26.4825404946,1591935.94179664,514393.99699834,Candidate lake ledger,EPSG:4326-compatible longitude/latitude; CRS not embedded in Parquet,FL,Coastal Plains,Coastal Plains,True,True,True,True,True,True,True,1,True,False,False,Multi-horizon only
198109,-81.4135967743,27.8208918897,1437238.20150022,638704.314397071,Candidate lake ledger,EPSG:4326-compatible longitude/latitude; CRS not embedded in Parquet,FL,Coastal Plains,Coastal Plains,True,True,True,True,True,True,False,0,True,True,True,Shared
198110,-81.3989608411,27.3039771418,1447393.99709999,582585.021700399,Candidate lake ledger,EPSG:4326-compatible longitude/latitude; CRS not embedded in Parquet,FL,Coastal Plains,Coastal Plains,True,True,True,True,True,True,False,0,False,False,False,neither
198112,-81.333003238,27.2534363259,1454736.68879807,578088.143495277,Candidate lake ledger,EPSG:4326-compatible longitude/latitude; CRS not embedded in Parquet,FL,Coastal Plains,Coastal Plains,True,True,True,True,True,True,False,0,True,False,False,Multi-horizon only
198113,-81.2439068155,28.1409210274,1448359.45799985,676197.894601321,Candidate lake ledger,EPSG:4326-compatible longitude/latitude; CRS not embedded in Parquet,FL,Coastal Plains,Coastal Plains,True,True,True,False,True,False,False,0,True,False,False,Multi-horizon only
198118,-80.0703783747,26.711870374,1588790.39309541,539443.618001072,Candidate lake ledger,EPSG:4326-compatible longitude/latitude; CRS not embedded in Parquet,FL,Coastal Plains,Coastal Plains,True,True,True,True,True,True,False,0,True,False,False,Multi-horizon only
1983,-93.8891877649,46.1543754642,163349.578300706,2575805.35109646,Candidate lake ledger,EPSG:4326-compatible longitude/latitude; CRS not embedded in Parquet,MN,Upper Midwest,Upper Midwest,True,True,True,False,True,False,False,0,False,False,False,neither
198339,-81.6227084433,28.425109942,1406733.58619932,701544.869903479,Candidate lake ledger,EPSG:4326-compatible longitude/latitude; CRS not embedded in Parquet,FL,Coastal Plains,Coastal Plains,True,True,True,True,True,True,False,0,True,False,False,Multi-horizon only
198410,-81.5318477013,28.4776801402,1414673.77810179,708638.844695324,Candidate lake ledger,EPSG:4326-compatible longitude/latitude; CRS not embedded in Parquet,FL,Coastal Plains,Coastal Plains,True,True,True,True,True,True,False,0,False,False,False,neither
198426,-81.5095274293,27.6331368411,1431006.25909703,616780.992296239,Candidate lake ledger,EPSG:4326-compatible longitude/latitude; CRS not embedded in Parquet,FL,Coastal Plains,Coastal Plains,True,True,True,True,True,True,False,0,True,True,True,Shared
198475,-81.4832378378,28.4548887047,1419773.23649535,706873.150504559,Candidate lake ledger,EPSG:4326-compatible longitude/latitude; CRS not embedded in Parquet,FL,Coastal Plains,Coastal Plains,True,True,True,True,True,True,False,0,True,True,True,Shared
198476,-81.4821640292,28.4777805093,1419492.29829711,709390.668903859,Candidate lake ledger,EPSG:4326-compatible longitude/latitude; CRS not embedded in Parquet,FL,Coastal Plains,Coastal Plains,True,True,True,True,True,True,False,0,False,False,False,neither
198502,-81.4388856622,27.3499240116,1442694.40459814,586982.751901485,Candidate lake ledger,EPSG:4326-compatible longitude/latitude; CRS not embedded in Parquet,FL,Coastal Plains,Coastal Plains,True,True,True,True,True,True,False,0,False,False,False,neither
198600,-81.3741380135,28.5227966313,1429208.38229787,715928.839604044,Candidate lake ledger,EPSG:4326-compatible longitude/latitude; CRS not embedded in Parquet,FL,Coastal Plains,Coastal Plains,True,True,True,True,True,True,False,0,True,False,False,Multi-horizon only
198601,-81.3712015354,28.5334575115,1429312.30709692,717137.936404156,Candidate lake ledger,EPSG:4326-compatible longitude/latitude; CRS not embedded in Parquet,FL,Coastal Plains,Coastal Plains,True,True,True,True,True,True,True,1,True,False,False,Multi-horizon only
198607,-81.3574610977,27.3143599235,1451299.66610171,584348.756495057,Candidate lake ledger,EPSG:4326-compatible longitude/latitude; CRS not embedded in Parquet,FL,Coastal Plains,Coastal Plains,True,True,True,True,True,True,False,0,True,False,False,Multi-horizon only
198623,-81.3495590823,28.560616873,1430948.94900161,720431.464605493,Candidate lake ledger,EPSG:4326-compatible longitude/latitude; CRS not embedded in Parquet,FL,Coastal Plains,Coastal Plains,True,True,True,True,True,True,False,0,True,False,False,Multi-horizon only
198665,-81.2912019441,28.3893586206,1439522.33679706,702603.272594856,Candidate lake ledger,EPSG:4326-compatible longitude/latitude; CRS not embedded in Parquet,FL,Coastal Plains,Coastal Plains,True,True,True,False,True,False,False,0,True,False,False,Multi-horizon only
199366,-81.5484358903,27.7428875703,1425359.24630278,628165.173702944,Candidate lake ledger,EPSG:4326-compatible longitude/latitude; CRS not embedded in Parquet,FL,Coastal Plains,Coastal Plains,True,True,True,True,True,True,False,0,False,False,False,neither
199367,-81.5238405425,28.4532087683,1415861.1851011,706083.8178978,Candidate lake ledger,EPSG:4326-compatible longitude/latitude; CRS not embedded in Parquet,FL,Coastal Plains,Coastal Plains,True,True,True,True,True,True,False,0,False,False,False,neither
199368,-81.3964826887,27.6923979264,1441081.60279817,624950.705599975,Candidate lake ledger,EPSG:4326-compatible longitude/latitude; CRS not embedded in Parquet,FL,Coastal Plains,Coastal Plains,True,True,True,True,True,True,False,0,True,True,True,Shared
199369,-81.3212944178,28.0768868995,1441912.43049688,668032.665796107,Candidate lake ledger,EPSG:4326-compatible longitude/latitude; CRS not embedded in Parquet,FL,Coastal Plains,Coastal Plains,True,True,True,False,True,False,False,0,True,True,True,Shared
1996,-92.8879591454,48.4973833716,232329.617703337,2836763.31040359,Candidate lake ledger,EPSG:4326-compatible longitude/latitude; CRS not embedded in Parquet,MN,Upper Midwest,Upper Midwest,True,True,True,True,True,True,False,0,False,False,False,neither
199678,-81.5685096517,27.8638107438,1421375.72700061,641056.635101665,Candidate lake ledger,EPSG:4326-compatible longitude/latitude; CRS not embedded in Parquet,FL,Coastal Plains,Coastal Plains,True,True,True,False,True,False,False,0,True,False,False,Multi-horizon only
199694,-81.5533663116,28.4555415325,1412956.62269654,705899.302104115,Candidate lake ledger,EPSG:4326-compatible longitude/latitude; CRS not embedded in Parquet,FL,Coastal Plains,Coastal Plains,True,True,True,True,True,True,False,0,True,False,False,Multi-horizon only
199725,-81.5274934382,28.4724612919,1415183.76929761,708133.33409581,Candidate lake ledger,EPSG:4326-compatible longitude/latitude; CRS not embedded in Parquet,FL,Coastal Plains,Coastal Plains,True,True,True,True,True,True,False,0,False,False,False,neither
199726,-81.5217482843,28.474743046,1415702.91679587,708468.261396121,Candidate lake ledger,EPSG:4326-compatible longitude/latitude; CRS not embedded in Parquet,FL,Coastal Plains,Coastal Plains,True,True,True,True,True,True,False,0,False,False,False,neither
199732,-81.5123569819,27.795738238,1428004.43520078,634471.755804978,Candidate lake ledger,EPSG:4326-compatible longitude/latitude; CRS not embedded in Parquet,FL,Coastal Plains,Coastal Plains,True,True,True,True,True,True,False,0,True,True,True,Shared
199754,-81.4838500761,27.5277075795,1435291.66499744,605674.610100757,Candidate lake ledger,EPSG:4326-compatible longitude/latitude; CRS not embedded in Parquet,FL,Coastal Plains,Coastal Plains,True,True,True,True,True,True,False,0,True,False,False,Multi-horizon only
199782,-81.4725503653,28.4851443552,1420300.97199898,710339.008102465,Candidate lake ledger,EPSG:4326-compatible longitude/latitude; CRS not embedded in Parquet,FL,Coastal Plains,Coastal Plains,True,True,True,True,True,True,False,0,True,False,False,Multi-horizon only
19981,-93.6268122654,45.0290504687,186772.209002891,2451285.44699737,Candidate lake ledger,EPSG:4326-compatible longitude/latitude; CRS not embedded in Parquet,MN,Upper Midwest,Upper Midwest,True,True,True,True,True,True,True,2,True,True,True,Shared
199817,-81.4397949558,28.5260990152,1422787.18949741,715304.514299853,Candidate lake ledger,EPSG:4326-compatible longitude/latitude; CRS not embedded in Parquet,FL,Coastal Plains,Coastal Plains,True,True,True,False,True,False,False,0,True,False,False,Multi-horizon only
199861,-81.3949450203,28.5216508249,1427210.60479947,715490.936001312,Candidate lake ledger,EPSG:4326-compatible longitude/latitude; CRS not embedded in Parquet,FL,Coastal Plains,Coastal Plains,True,True,True,True,True,True,True,1,True,False,False,Multi-horizon only
199877,-81.3776413761,28.4762485785,1429657.55199854,710790.103204992,Candidate lake ledger,EPSG:4326-compatible longitude/latitude; CRS not embedded in Parquet,FL,Coastal Plains,Coastal Plains,True,True,True,True,True,True,False,0,True,False,False,Multi-horizon only
199879,-81.3746023015,28.5272943092,1429087.13329999,716413.324202025,Candidate lake ledger,EPSG:4326-compatible longitude/latitude; CRS not embedded in Parquet,FL,Coastal Plains,Coastal Plains,True,True,True,True,True,True,False,0,True,True,True,Shared
199880,-81.3782982346,28.5345365135,1428606.11720279,717149.134096812,Candidate lake ledger,EPSG:4326-compatible longitude/latitude; CRS not embedded in Parquet,FL,Coastal Plains,Coastal Plains,True,True,True,True,True,True,False,0,False,False,False,neither
199885,-81.3692575659,27.2853826776,1450629.44740173,581012.797405807,Candidate lake ledger,EPSG:4326-compatible longitude/latitude; CRS not embedded in Parquet,FL,Coastal Plains,Coastal Plains,True,True,True,True,True,True,False,0,False,False,False,neither
199892,-81.3682865006,28.4907785155,1430318.58989566,712518.398798006,Candidate lake ledger,EPSG:4326-compatible longitude/latitude; CRS not embedded in Parquet,FL,Coastal Plains,Coastal Plains,True,True,True,True,True,True,False,0,False,False,False,neither
199893,-81.3676013007,28.5162067083,1429953.83639478,715307.096604401,Candidate lake ledger,EPSG:4326-compatible longitude/latitude; CRS not embedded in Parquet,FL,Coastal Plains,Coastal Plains,True,True,True,True,True,True,False,0,True,False,False,Multi-horizon only
199894,-81.3667841928,28.5314502004,1429774.53320359,716985.041000001,Candidate lake ledger,EPSG:4326-compatible longitude/latitude; CRS not embedded in Parquet,FL,Coastal Plains,Coastal Plains,True,True,True,True,True,True,False,0,True,True,True,Shared
199920,-81.3347337775,28.507743601,1433284.15110147,714877.518496834,Candidate lake ledger,EPSG:4326-compatible longitude/latitude; CRS not embedded in Parquet,FL,Coastal Plains,Coastal Plains,True,True,True,True,True,True,True,4,True,False,False,Multi-horizon only
199921,-81.3370271819,28.538893664,1432532.43400039,718246.514696717,Candidate lake ledger,EPSG:4326-compatible longitude/latitude; CRS not embedded in Parquet,FL,Coastal Plains,Coastal Plains,True,True,True,True,True,True,False,0,True,False,False,Multi-horizon only
199930,-81.3231740218,28.5120720391,1434331.30780255,715524.845795495,Candidate lake ledger,EPSG:4326-compatible longitude/latitude; CRS not embedded in Parquet,FL,Coastal Plains,Coastal Plains,True,True,True,True,True,True,False,0,False,False,False,neither
199962,-81.2581122971,28.4041987481,1442481.31709604,704725.812104823,Candidate lake ledger,EPSG:4326-compatible longitude/latitude; CRS not embedded in Parquet,FL,Coastal Plains,Coastal Plains,True,True,True,False,True,False,False,0,True,False,False,Multi-horizon only
2000,-92.9572764697,45.8323674065,236590.745297485,2542037.74060197,Candidate lake ledger,EPSG:4326-compatible longitude/latitude; CRS not embedded in Parquet,MN,Upper Midwest,Upper Midwest,True,True,True,False,True,False,False,0,True,False,False,Multi-horizon only
20012,-95.0870507989,46.7835407154,69985.251402616,2644065.29970193,Candidate lake ledger,EPSG:4326-compatible longitude/latitude; CRS not embedded in Parquet,MN,Upper Midwest,Upper Midwest,True,True,True,False,True,False,False,0,True,False,False,Multi-horizon only
2002,-93.2026041474,45.0754127781,219997.070599696,2457349.89100403,Candidate lake ledger,EPSG:4326-compatible longitude/latitude; CRS not embedded in Parquet,MN,Upper Midwest,Upper Midwest,True,True,True,False,True,False,False,0,False,False,False,neither
2003,-94.1572870517,46.7203715765,141388.44170282,2638104.16810242,Candidate lake ledger,EPSG:4326-compatible longitude/latitude; CRS not embedded in Parquet,MN,Upper Midwest,Upper Midwest,True,True,True,False,True,False,False,0,False,False,False,neither
2004,-93.389761531,47.6765018858,197363.039202563,2745177.90220147,Candidate lake ledger,EPSG:4326-compatible longitude/latitude; CRS not embedded in Parquet,MN,Upper Midwest,Upper Midwest,True,True,True,False,True,False,False,0,False,False,False,neither
20042,-95.0668571928,46.8538287597,71456.7957036627,2651862.51070433,Candidate lake ledger,EPSG:4326-compatible longitude/latitude; CRS not embedded in Parquet,MN,Upper Midwest,Upper Midwest,True,True,True,False,True,False,False,0,True,False,False,Multi-horizon only
200686,-80.0721029888,26.6817299565,1589173.17999541,536145.205102032,Candidate lake ledger,EPSG:4326-compatible longitude/latitude; CRS not embedded in Parquet,FL,Coastal Plains,Coastal Plains,True,True,True,True,True,True,False,0,True,False,False,Multi-horizon only
200695,-81.4959958211,27.7401770986,1430536.7393983,628657.494904106,Candidate lake ledger,EPSG:4326-compatible longitude/latitude; CRS not embedded in Parquet,FL,Coastal Plains,Coastal Plains,True,True,True,True,True,True,False,0,True,False,False,Multi-horizon only
200696,-81.3491702014,28.4683186941,1432553.79989792,710352.476004239,Candidate lake ledger,EPSG:4326-compatible longitude/latitude; CRS not embedded in Parquet,FL,Coastal Plains,Coastal Plains,True,True,True,True,True,True,False,0,False,False,False,neither
200697,-81.3426589801,27.2873442049,1453212.54610052,581632.786703682,Candidate lake ledger,EPSG:4326-compatible longitude/latitude; CRS not embedded in Parquet,FL,Coastal Plains,Coastal Plains,True,True,True,True,True,True,False,0,True,False,False,Multi-horizon only
200902,-81.6120905271,28.4346681568,1407605.17190157,702746.682904184,Candidate lake ledger,EPSG:4326-compatible longitude/latitude; CRS not embedded in Parquet,FL,Coastal Plains,Coastal Plains,True,True,True,True,True,True,False,0,False,False,False,neither
200903,-81.6073683349,28.4441248724,1407905.88780162,703850.146403113,Candidate lake ledger,EPSG:4326-compatible longitude/latitude; CRS not embedded in Parquet,FL,Coastal Plains,Coastal Plains,True,True,True,True,True,True,False,0,True,False,False,Multi-horizon only
20093,-92.8350927016,45.3015559605,248051.866699037,2483396.00880345,Candidate lake ledger,EPSG:4326-compatible longitude/latitude; CRS not embedded in Parquet,MN,Upper Midwest,Upper Midwest,True,True,True,False,True,False,False,0,True,False,False,Multi-horizon only
201013,-81.4764870282,27.6500271272,1433960.09709803,619120.660702776,Candidate lake ledger,EPSG:4326-compatible longitude/latitude; CRS not embedded in Parquet,FL,Coastal Plains,Coastal Plains,True,True,True,True,True,True,False,0,True,True,True,Shared
201099,-81.4114179269,28.5363522439,1425364.96039671,716850.239302274,Candidate lake ledger,EPSG:4326-compatible longitude/latitude; CRS not embedded in Parquet,FL,Coastal Plains,Coastal Plains,True,True,True,True,True,True,True,1,True,True,True,Shared
201116,-81.3891397144,28.5006435736,1428129.14759796,713282.676197361,Candidate lake ledger,EPSG:4326-compatible longitude/latitude; CRS not embedded in Parquet,FL,Coastal Plains,Coastal Plains,True,True,True,True,True,True,False,0,True,False,False,Multi-horizon only
201130,-81.3689821861,27.3041612086,1450339.16330191,583062.120494887,Candidate lake ledger,EPSG:4326-compatible longitude/latitude; CRS not embedded in Parquet,FL,Coastal Plains,Coastal Plains,True,True,True,False,True,False,False,0,False,False,False,neither
201138,-81.3719595576,28.4604904225,1430475.80110236,709153.940996451,Candidate lake ledger,EPSG:4326-compatible longitude/latitude; CRS not embedded in Parquet,FL,Coastal Plains,Coastal Plains,True,True,True,True,True,True,False,0,True,False,False,Multi-horizon only
201144,-81.3510765676,27.2074494116,1453736.34230237,572804.402800767,Candidate lake ledger,EPSG:4326-compatible longitude/latitude; CRS not embedded in Parquet,FL,Coastal Plains,Coastal Plains,True,True,True,True,True,True,False,0,False,False,False,neither
201145,-81.3489298285,27.3108290414,1452198.29640051,584094.533699362,Candidate lake ledger,EPSG:4326-compatible longitude/latitude; CRS not embedded in Parquet,FL,Coastal Plains,Coastal Plains,True,True,True,True,True,True,False,0,True,False,False,Multi-horizon only
201165,-81.3369517648,28.463351157,1433823.42830432,709994.043099478,Candidate lake ledger,EPSG:4326-compatible longitude/latitude; CRS not embedded in Parquet,FL,Coastal Plains,Coastal Plains,True,True,True,False,True,False,False,0,False,False,False,neither
201168,-81.341152274,28.5647674227,1431693.02349976,721011.639795216,Candidate lake ledger,EPSG:4326-compatible longitude/latitude; CRS not embedded in Parquet,FL,Coastal Plains,Coastal Plains,True,True,True,False,True,False,False,0,False,False,False,neither
2012,-90.6923472138,48.0754882626,398702.218599227,2797622.16200026,Candidate lake ledger,EPSG:4326-compatible longitude/latitude; CRS not embedded in Parquet,MN,Upper Midwest,Upper Midwest,True,True,True,False,True,False,False,0,False,False,False,neither
201226,-81.2489352086,28.4092697843,1443285.40300261,705418.986503718,Candidate lake ledger,EPSG:4326-compatible longitude/latitude; CRS not embedded in Parquet,FL,Coastal Plains,Coastal Plains,True,True,True,True,True,True,False,0,True,False,False,Multi-horizon only
2015,-92.804378403,45.1566600191,251000.001603035,2467370.79500266,Candidate lake ledger,EPSG:4326-compatible longitude/latitude; CRS not embedded in Parquet,MN,Upper Midwest,Upper Midwest,True,True,True,True,True,True,False,0,False,False,False,neither
201697,-80.2398185118,27.2546849895,1562179.92319676,595576.256893933,Candidate lake ledger,EPSG:4326-compatible longitude/latitude; CRS not embedded in Parquet,FL,Coastal Plains,Coastal Plains,True,True,True,True,True,True,False,0,True,False,False,Multi-horizon only
2017,-94.1624906761,45.2092749652,144232.172099788,2470397.060396,Candidate lake ledger,EPSG:4326-compatible longitude/latitude; CRS not embedded in Parquet,MN,Upper Midwest,Upper Midwest,True,True,True,True,True,True,False,0,True,False,False,Multi-horizon only
201887,-81.5234121104,27.9784294537,1423862.89940333,654239.8110992,Candidate lake ledger,EPSG:4326-compatible longitude/latitude; CRS not embedded in Parquet,FL,Coastal Plains,Coastal Plains,True,True,True,True,True,True,True,3,True,True,True,Shared
201888,-81.4625389945,27.4900758106,1438014.7113053,601895.237695521,Candidate lake ledger,EPSG:4326-compatible longitude/latitude; CRS not embedded in Parquet,FL,Coastal Plains,Coastal Plains,True,True,True,True,True,True,False,0,False,False,False,neither
201889,-81.1793545668,28.3731703104,1450658.01419796,702536.186501879,Candidate lake ledger,EPSG:4326-compatible longitude/latitude; CRS not embedded in Parquet,FL,Coastal Plains,Coastal Plains,True,True,True,True,True,True,False,0,False,False,False,neither
202163,-81.575012436,28.473257653,1410559.64459533,707513.895202246,Candidate lake ledger,EPSG:4326-compatible longitude/latitude; CRS not embedded in Parquet,FL,Coastal Plains,Coastal Plains,True,True,True,True,True,True,False,0,True,False,False,Multi-horizon only
202164,-81.5674674808,28.4688656009,1411365.21880215,707145.904201848,Candidate lake ledger,EPSG:4326-compatible longitude/latitude; CRS not embedded in Parquet,FL,Coastal Plains,Coastal Plains,True,True,True,True,True,True,False,0,False,False,False,neither
202183,-81.5442623699,28.4314122521,1414244.37389961,703397.894199505,Candidate lake ledger,EPSG:4326-compatible longitude/latitude; CRS not embedded in Parquet,FL,Coastal Plains,Coastal Plains,True,True,True,True,True,True,False,0,True,True,True,Shared
202184,-81.5601531125,28.5086973004,1411408.37210418,711607.922695411,Candidate lake ledger,EPSG:4326-compatible longitude/latitude; CRS not embedded in Parquet,FL,Coastal Plains,Coastal Plains,True,True,True,True,True,True,False,0,False,False,False,neither
202191,-81.5370507406,28.4182420568,1415165.17899666,702066.11030202,Candidate lake ledger,EPSG:4326-compatible longitude/latitude; CRS not embedded in Parquet,FL,Coastal Plains,Coastal Plains,True,True,True,True,True,True,False,0,True,True,True,Shared
2022,-93.1913616097,45.5536439948,219309.615997755,2510528.76529835,Candidate lake ledger,EPSG:4326-compatible longitude/latitude; CRS not embedded in Parquet,MN,Upper Midwest,Upper Midwest,True,True,True,False,True,False,False,0,False,False,False,neither
202234,-81.4957007736,28.3682230647,1420020.35749756,697217.885794302,Candidate lake ledger,EPSG:4326-compatible longitude/latitude; CRS not embedded in Parquet,FL,Coastal Plains,Coastal Plains,True,True,True,True,True,True,False,0,True,False,False,Multi-horizon only
202236,-81.4862044019,28.4454217284,1419644.58470068,705794.378899315,Candidate lake ledger,EPSG:4326-compatible longitude/latitude; CRS not embedded in Parquet,FL,Coastal Plains,Coastal Plains,True,True,True,True,True,True,False,0,False,False,False,neither
202237,-81.4972765897,28.4771447421,1418036.83679621,709095.575703576,Candidate lake ledger,EPSG:4326-compatible longitude/latitude; CRS not embedded in Parquet,FL,Coastal Plains,Coastal Plains,True,True,True,True,True,True,False,0,False,False,False,neither
202248,-81.4735743386,27.4219404283,1438075.52999644,594303.238201084,Candidate lake ledger,EPSG:4326-compatible longitude/latitude; CRS not embedded in Parquet,FL,Coastal Plains,Coastal Plains,True,True,True,True,True,True,False,0,True,True,True,Shared
202250,-81.4758824339,27.5605930871,1435521.17969601,609379.584795458,Candidate lake ledger,EPSG:4326-compatible longitude/latitude; CRS not embedded in Parquet,FL,Coastal Plains,Coastal Plains,True,True,True,True,True,True,False,0,True,True,True,Shared
202262,-81.4633535419,27.4525885252,1438564.59040167,597797.613898138,Candidate lake ledger,EPSG:4326-compatible longitude/latitude; CRS not embedded in Parquet,FL,Coastal Plains,Coastal Plains,True,True,True,True,True,True,True,1,True,False,False,Multi-horizon only
202327,-81.4135374083,27.2750437615,1446447.91169808,579211.885800343,Candidate lake ledger,EPSG:4326-compatible longitude/latitude; CRS not embedded in Parquet,FL,Coastal Plains,Coastal Plains,True,True,True,True,True,True,False,0,True,False,False,Multi-horizon only
202341,-81.4031855571,28.5367069956,1426156.96179803,717012.515004952,Candidate lake ledger,EPSG:4326-compatible longitude/latitude; CRS not embedded in Parquet,FL,Coastal Plains,Coastal Plains,True,True,True,True,True,True,True,1,True,False,False,Multi-horizon only
202353,-81.3881764942,28.5173533973,1427939.58419584,715123.020199174,Candidate lake ledger,EPSG:4326-compatible longitude/latitude; CRS not embedded in Parquet,FL,Coastal Plains,Coastal Plains,True,True,True,False,True,False,False,0,True,False,False,Multi-horizon only
202368,-81.3654694748,28.4954376932,1430512.76889671,713069.86590033,Candidate lake ledger,EPSG:4326-compatible longitude/latitude; CRS not embedded in Parquet,FL,Coastal Plains,Coastal Plains,True,True,True,True,True,True,False,0,False,False,False,neither
202371,-81.3673039114,28.5396280632,1429585.46240091,717870.840799954,Candidate lake ledger,EPSG:4326-compatible longitude/latitude; CRS not embedded in Parquet,FL,Coastal Plains,Coastal Plains,True,True,True,True,True,True,True,2,True,True,True,Shared
202372,-81.3641647371,28.5408266214,1429869.39370273,718049.039300688,Candidate lake ledger,EPSG:4326-compatible longitude/latitude; CRS not embedded in Parquet,FL,Coastal Plains,Coastal Plains,True,True,True,True,True,True,False,0,True,False,False,Multi-horizon only
202387,-81.3424325922,28.5118403118,1432468.10779606,715209.047398366,Candidate lake ledger,EPSG:4326-compatible longitude/latitude; CRS not embedded in Parquet,FL,Coastal Plains,Coastal Plains,True,True,True,True,True,True,True,2,True,True,True,Shared
202408,-81.336827941,28.499070586,1433228.49020469,713898.33669812,Candidate lake ledger,EPSG:4326-compatible longitude/latitude; CRS not embedded in Parquet,FL,Coastal Plains,Coastal Plains,True,True,True,True,True,True,False,0,True,False,False,Multi-horizon only
202409,-81.3324036512,28.5103355893,1433466.01109754,715195.862700654,Candidate lake ledger,EPSG:4326-compatible longitude/latitude; CRS not embedded in Parquet,FL,Coastal Plains,Coastal Plains,True,True,True,True,True,True,True,1,False,False,False,neither
202440,-81.3019306266,28.4569451879,1437329.74979836,709823.266194945,Candidate lake ledger,EPSG:4326-compatible longitude/latitude; CRS not embedded in Parquet,FL,Coastal Plains,Coastal Plains,True,True,True,False,True,False,False,0,True,False,False,Multi-horizon only
2027,-93.3054470499,44.8455316728,212636.631298969,2431543.40449667,Candidate lake ledger,EPSG:4326-compatible longitude/latitude; CRS not embedded in Parquet,MN,Upper Midwest,Upper Midwest,True,True,True,True,True,True,False,0,False,True,False,Direct 60-day 60-day only
2028,-94.8844016907,47.6614609241,84379.7944982641,2741301.9207996,Candidate lake ledger,EPSG:4326-compatible longitude/latitude; CRS not embedded in Parquet,MN,Upper Midwest,Upper Midwest,True,True,True,True,True,True,False,0,True,False,False,Multi-horizon only
2029,-92.9234113527,45.0155140225,242162.177400721,2451367.23999984,Candidate lake ledger,EPSG:4326-compatible longitude/latitude; CRS not embedded in Parquet,MN,Upper Midwest,Upper Midwest,True,True,True,True,True,True,False,0,False,True,False,Direct 60-day 60-day only
203,-93.1248116993,44.7979715708,227047.148703791,2426668.96559813,Candidate lake ledger,EPSG:4326-compatible longitude/latitude; CRS not embedded in Parquet,MN,Upper Midwest,Upper Midwest,True,True,True,True,True,True,False,0,False,False,False,neither
203120,-81.9310174632,28.0670922808,1382625.73630061,657902.223204292,Candidate lake ledger,EPSG:4326-compatible longitude/latitude; CRS not embedded in Parquet,FL,Coastal Plains,Coastal Plains,True,True,True,True,True,True,True,1,True,False,False,Multi-horizon only
203121,-81.8383136534,27.9710929465,1393242.81889609,648771.526298635,Candidate lake ledger,EPSG:4326-compatible longitude/latitude; CRS not embedded in Parquet,FL,Coastal Plains,Coastal Plains,True,True,True,True,True,True,True,17,True,True,True,Shared
203122,-81.8187723725,28.1686618935,1391906.92250488,670636.471799351,Candidate lake ledger,EPSG:4326-compatible longitude/latitude; CRS not embedded in Parquet,FL,Coastal Plains,Coastal Plains,True,True,True,True,True,True,False,0,True,True,True,Shared
203123,-82.1226809064,28.8021360091,1352101.0556974,735528.187598851,Candidate lake ledger,EPSG:4326-compatible longitude/latitude; CRS not embedded in Parquet,FL,Coastal Plains,Coastal Plains,True,True,True,True,True,True,False,0,True,True,True,Shared
203153,-82.7227089707,28.0044628364,1306307.78369802,639856.674796408,Candidate lake ledger,EPSG:4326-compatible longitude/latitude; CRS not embedded in Parquet,FL,Coastal Plains,Coastal Plains,True,True,True,True,True,True,False,0,True,False,False,Multi-horizon only
203195,-82.6532227138,27.7373462161,1317226.95750016,611618.380100369,Candidate lake ledger,EPSG:4326-compatible longitude/latitude; CRS not embedded in Parquet,FL,Coastal Plains,Coastal Plains,True,True,True,True,True,True,True,5,True,False,False,Multi-horizon only
203199,-82.6687035853,28.2847338603,1307257.36519606,671257.435098702,Candidate lake ledger,EPSG:4326-compatible longitude/latitude; CRS not embedded in Parquet,FL,Coastal Plains,Coastal Plains,True,True,True,True,True,True,False,0,True,False,False,Multi-horizon only
203220,-82.6256070774,28.1350084762,1313775.93669657,655472.000300281,Candidate lake ledger,EPSG:4326-compatible longitude/latitude; CRS not embedded in Parquet,FL,Coastal Plains,Coastal Plains,True,True,True,True,True,True,False,0,True,False,False,Multi-horizon only
203222,-82.6205939972,28.442374016,1309498.79430022,689172.281003181,Candidate lake ledger,EPSG:4326-compatible longitude/latitude; CRS not embedded in Parquet,FL,Coastal Plains,Coastal Plains,True,True,True,True,True,True,False,0,True,False,False,Multi-horizon only
203249,-82.5914501438,28.1631521064,1316671.72290062,659022.919798348,Candidate lake ledger,EPSG:4326-compatible longitude/latitude; CRS not embedded in Parquet,FL,Coastal Plains,Coastal Plains,True,True,True,True,True,True,False,0,True,False,False,Multi-horizon only
20327,-95.6987556529,46.6740293558,23131.6820994467,2631636.88019942,Candidate lake ledger,EPSG:4326-compatible longitude/latitude; CRS not embedded in Parquet,MN,Upper Midwest,Upper Midwest,True,True,True,False,True,False,False,0,True,True,True,Shared
2033,-94.1408642727,46.6884838946,142717.467298728,2634597.40149767,Candidate lake ledger,EPSG:4326-compatible longitude/latitude; CRS not embedded in Parquet,MN,Upper Midwest,Upper Midwest,True,True,True,False,True,False,False,0,False,False,False,neither
203307,-82.5259635295,28.1197825992,1323736.22730099,655189.585196517,Candidate lake ledger,EPSG:4326-compatible longitude/latitude; CRS not embedded in Parquet,FL,Coastal Plains,Coastal Plains,True,True,True,False,True,False,False,0,False,False,False,neither
203327,-82.4926050518,28.0117191946,1328682.07650234,643840.090104325,Candidate lake ledger,EPSG:4326-compatible longitude/latitude; CRS not embedded in Parquet,FL,Coastal Plains,Coastal Plains,True,True,True,True,True,True,False,0,False,False,False,neither
203330,-82.4966114601,28.061441713,1327513.00819825,649219.925497632,Candidate lake ledger,EPSG:4326-compatible longitude/latitude; CRS not embedded in Parquet,FL,Coastal Plains,Coastal Plains,True,True,True,False,True,False,False,0,False,False,False,neither
203332,-82.5052275927,28.1235415092,1325700.93459632,655889.676895523,Candidate lake ledger,EPSG:4326-compatible longitude/latitude; CRS not embedded in Parquet,FL,Coastal Plains,Coastal Plains,True,True,True,True,True,True,False,0,True,True,True,Shared
203359,-82.4821833965,28.0819688447,1328600.45039872,651665.837894518,Candidate lake ledger,EPSG:4326-compatible longitude/latitude; CRS not embedded in Parquet,FL,Coastal Plains,Coastal Plains,True,True,True,True,True,True,False,0,False,False,False,neither
203398,-82.4770301231,28.2521051774,1326437.94459802,670343.712398604,Candidate lake ledger,EPSG:4326-compatible longitude/latitude; CRS not embedded in Parquet,FL,Coastal Plains,Coastal Plains,True,True,True,False,True,False,False,0,True,False,False,Multi-horizon only
203606,-82.3644329044,28.4652861019,1334037.49499713,695242.666197941,Candidate lake ledger,EPSG:4326-compatible longitude/latitude; CRS not embedded in Parquet,FL,Coastal Plains,Coastal Plains,True,True,True,True,True,True,True,1,True,True,True,Shared
203661,-82.3003891772,28.8314457662,1334441.45509994,736225.66649949,Candidate lake ledger,EPSG:4326-compatible longitude/latitude; CRS not embedded in Parquet,FL,Coastal Plains,Coastal Plains,True,True,True,True,True,True,False,0,True,False,False,Multi-horizon only
20376,-96.1554318415,41.160824165,-12940.3906025213,2017008.39619442,Candidate lake ledger,EPSG:4326-compatible longitude/latitude; CRS not embedded in Parquet,NE,Temporate Plains,Temperate Plains,True,True,True,False,True,False,False,0,True,False,False,Multi-horizon only
203993,-82.0030073998,28.9032119014,1362035.4720951,748303.114699859,Candidate lake ledger,EPSG:4326-compatible longitude/latitude; CRS not embedded in Parquet,FL,Coastal Plains,Coastal Plains,True,True,True,True,True,True,False,0,True,False,False,Multi-horizon only
204033,-81.9768416926,28.0477341595,1378469.4943036,655121.881498616,Candidate lake ledger,EPSG:4326-compatible longitude/latitude; CRS not embedded in Parquet,FL,Coastal Plains,Coastal Plains,True,True,True,True,True,True,True,10,True,False,False,Multi-horizon only
204255,-82.3563150964,28.8913917641,1328082.21009547,742008.071398962,Candidate lake ledger,EPSG:4326-compatible longitude/latitude; CRS not embedded in Parquet,FL,Coastal Plains,Coastal Plains,True,True,True,False,True,False,False,0,True,False,False,Multi-horizon only
204397,-82.5839038508,28.1059645341,1318296.67759648,652873.101299342,Candidate lake ledger,EPSG:4326-compatible longitude/latitude; CRS not embedded in Parquet,FL,Coastal Plains,Coastal Plains,True,True,True,False,True,False,False,0,False,False,False,neither
204413,-82.5598088216,28.1012744596,1320721.54049669,652694.768696483,Candidate lake ledger,EPSG:4326-compatible longitude/latitude; CRS not embedded in Parquet,FL,Coastal Plains,Coastal Plains,True,True,True,True,True,True,False,0,False,False,False,neither
204479,-82.4876668659,28.0512238332,1328546.33029897,648227.814305432,Candidate lake ledger,EPSG:4326-compatible longitude/latitude; CRS not embedded in Parquet,FL,Coastal Plains,Coastal Plains,True,True,True,True,True,True,False,0,False,False,False,neither
204551,-82.4607121914,28.1999024942,1328846.67879566,664862.062597351,Candidate lake ledger,EPSG:4326-compatible longitude/latitude; CRS not embedded in Parquet,FL,Coastal Plains,Coastal Plains,True,True,True,True,True,True,False,0,False,False,False,neither
2046,-95.8023024006,46.0576274754,15322.8176989994,2563271.94410169,Candidate lake ledger,EPSG:4326-compatible longitude/latitude; CRS not embedded in Parquet,MN,Upper Midwest,Upper Midwest,True,True,True,False,True,False,False,0,True,False,False,Multi-horizon only
204755,-82.3420477657,29.0730367245,1326581.33029739,762109.364903141,Candidate lake ledger,EPSG:4326-compatible longitude/latitude; CRS not embedded in Parquet,FL,Coastal Plains,Coastal Plains,True,True,True,True,True,True,False,0,True,False,False,Multi-horizon only
205118,-81.9818741745,28.8348099426,1365189.64339436,741118.08120475,Candidate lake ledger,EPSG:4326-compatible longitude/latitude; CRS not embedded in Parquet,FL,Coastal Plains,Coastal Plains,True,True,True,True,True,True,False,0,False,False,False,neither
205154,-81.9530300891,28.0380267278,1380950.99440102,654407.180195078,Candidate lake ledger,EPSG:4326-compatible longitude/latitude; CRS not embedded in Parquet,FL,Coastal Plains,Coastal Plains,True,True,True,True,True,True,True,7,True,False,False,Multi-horizon only
205292,-81.7775518287,27.9992415463,1398712.60460363,652737.688997006,Candidate lake ledger,EPSG:4326-compatible longitude/latitude; CRS not embedded in Parquet,FL,Coastal Plains,Coastal Plains,True,True,True,False,True,False,False,0,True,False,False,Multi-horizon only
205322,-81.7112720035,28.0583863347,1404203.47889992,660173.379803162,Candidate lake ledger,EPSG:4326-compatible longitude/latitude; CRS not embedded in Parquet,FL,Coastal Plains,Coastal Plains,True,True,True,True,True,True,False,0,True,True,True,Shared
205355,-82.7812697228,27.8537458341,1302890.55700388,622574.337100087,Candidate lake ledger,EPSG:4326-compatible longitude/latitude; CRS not embedded in Parquet,FL,Coastal Plains,Coastal Plains,True,True,True,True,True,True,True,4,True,True,True,Shared
205356,-82.3324198047,27.4859261507,1352646.7160974,588670.508597085,Candidate lake ledger,EPSG:4326-compatible longitude/latitude; CRS not embedded in Parquet,FL,Coastal Plains,Coastal Plains,True,True,True,True,True,True,False,0,True,False,False,Multi-horizon only
205360,-81.7803459561,28.1377663523,1396159.16360075,667825.121404333,Candidate lake ledger,EPSG:4326-compatible longitude/latitude; CRS not embedded in Parquet,FL,Coastal Plains,Coastal Plains,True,True,True,True,True,True,True,1,False,False,False,neither
205363,-82.271422798,28.77332947,1338169.14539919,730268.898201011,Candidate lake ledger,EPSG:4326-compatible longitude/latitude; CRS not embedded in Parquet,FL,Coastal Plains,Coastal Plains,True,True,True,False,True,False,False,0,False,False,False,neither
205367,-82.7943573403,27.9469359609,1300183.92659974,632583.648896838,Candidate lake ledger,EPSG:4326-compatible longitude/latitude; CRS not embedded in Parquet,FL,Coastal Plains,Coastal Plains,True,True,True,True,True,True,False,0,True,False,False,Multi-horizon only
205410,-82.6946837199,28.0522277248,1308310.96399942,645465.56540058,Candidate lake ledger,EPSG:4326-compatible longitude/latitude; CRS not embedded in Parquet,FL,Coastal Plains,Coastal Plains,True,True,True,False,True,False,False,0,True,False,False,Multi-horizon only
205520,-82.5875505237,28.0972675312,1318075.85849738,651871.43960047,Candidate lake ledger,EPSG:4326-compatible longitude/latitude; CRS not embedded in Parquet,FL,Coastal Plains,Coastal Plains,True,True,True,True,True,True,False,0,False,False,False,neither
205522,-82.5817154705,28.1423401213,1317944.82220276,656881.606000066,Candidate lake ledger,EPSG:4326-compatible longitude/latitude; CRS not embedded in Parquet,FL,Coastal Plains,Coastal Plains,True,True,True,True,True,True,False,0,False,False,False,neither
205552,-82.5567996549,28.1136310825,1320822.83629657,654087.840698976,Candidate lake ledger,EPSG:4326-compatible longitude/latitude; CRS not embedded in Parquet,FL,Coastal Plains,Coastal Plains,True,True,True,False,True,False,False,0,False,False,False,neither
205635,-82.4871164353,28.1234829123,1327469.05880474,656136.086195333,Candidate lake ledger,EPSG:4326-compatible longitude/latitude; CRS not embedded in Parquet,FL,Coastal Plains,Coastal Plains,True,True,True,True,True,True,False,0,True,False,False,Multi-horizon only
205911,-82.3262436079,28.8349850289,1331884.30490074,736250.586804865,Candidate lake ledger,EPSG:4326-compatible longitude/latitude; CRS not embedded in Parquet,FL,Coastal Plains,Coastal Plains,True,True,True,True,True,True,False,0,False,False,False,neither
205929,-82.3021045272,28.8058179156,1334682.88690135,733394.996397913,Candidate lake ledger,EPSG:4326-compatible longitude/latitude; CRS not embedded in Parquet,FL,Coastal Plains,Coastal Plains,True,True,True,True,True,True,False,0,True,True,True,Shared
2060,-90.1916162113,48.0002085407,436778.481196313,2791537.13990365,Candidate lake ledger,EPSG:4326-compatible longitude/latitude; CRS not embedded in Parquet,MN,Upper Midwest,Upper Midwest,True,True,True,True,True,True,False,0,False,False,False,neither
2065,-93.9613978393,45.2346407715,159953.797501011,2473539.46579481,Candidate lake ledger,EPSG:4326-compatible longitude/latitude; CRS not embedded in Parquet,MN,Upper Midwest,Upper Midwest,True,True,True,True,True,True,False,0,False,False,False,neither
206550,-82.7218319991,28.103859753,1304864.68909835,650739.316704195,Candidate lake ledger,EPSG:4326-compatible longitude/latitude; CRS not embedded in Parquet,FL,Coastal Plains,Coastal Plains,True,True,True,True,True,True,False,0,True,False,False,Multi-horizon only
206551,-82.5901437235,28.1330993172,1317266.06620107,655754.105601406,Candidate lake ledger,EPSG:4326-compatible longitude/latitude; CRS not embedded in Parquet,FL,Coastal Plains,Coastal Plains,True,True,True,True,True,True,False,0,True,False,False,Multi-horizon only
206552,-82.5279482346,28.3756651562,1319547.71140231,683152.914703885,Candidate lake ledger,EPSG:4326-compatible longitude/latitude; CRS not embedded in Parquet,FL,Coastal Plains,Coastal Plains,True,True,True,False,True,False,False,0,True,False,False,Multi-horizon only
206553,-82.5793697296,29.0247785796,1304437.4094004,753535.007197363,Candidate lake ledger,EPSG:4326-compatible longitude/latitude; CRS not embedded in Parquet,FL,Coastal Plains,Coastal Plains,True,True,True,True,True,True,False,0,True,False,False,Multi-horizon only
206557,-81.6608980996,27.7997057103,1413409.21639841,632683.972094895,Candidate lake ledger,EPSG:4326-compatible longitude/latitude; CRS not embedded in Parquet,FL,Coastal Plains,Coastal Plains,True,True,True,True,True,True,False,0,True,True,True,Shared
206558,-81.653172047,28.0509415757,1409993.46790435,660220.731197158,Candidate lake ledger,EPSG:4326-compatible longitude/latitude; CRS not embedded in Parquet,FL,Coastal Plains,Coastal Plains,True,True,True,True,True,True,True,1,True,True,True,Shared
206601,-82.6982020738,27.9815458345,1309056.23200154,637688.021102091,Candidate lake ledger,EPSG:4326-compatible longitude/latitude; CRS not embedded in Parquet,FL,Coastal Plains,Coastal Plains,True,True,True,True,True,True,True,2,True,False,False,Multi-horizon only
206667,-82.6297365919,28.1375854403,1313333.05410255,655696.774995008,Candidate lake ledger,EPSG:4326-compatible longitude/latitude; CRS not embedded in Parquet,FL,Coastal Plains,Coastal Plains,True,True,True,True,True,True,False,0,True,False,False,Multi-horizon only
2067,-94.0750573307,45.2306155703,151046.113797577,2472905.91860151,Candidate lake ledger,EPSG:4326-compatible longitude/latitude; CRS not embedded in Parquet,MN,Upper Midwest,Upper Midwest,True,True,True,True,True,True,True,2,True,True,True,Shared
206706,-82.5789096337,28.1107711904,1318709.42260181,653468.040000856,Candidate lake ledger,EPSG:4326-compatible longitude/latitude; CRS not embedded in Parquet,FL,Coastal Plains,Coastal Plains,True,True,True,True,True,True,False,0,True,False,False,Multi-horizon only
206708,-82.5742672355,28.1694748106,1318249.43830023,659952.677998593,Candidate lake ledger,EPSG:4326-compatible longitude/latitude; CRS not embedded in Parquet,FL,Coastal Plains,Coastal Plains,True,True,True,True,True,True,False,0,False,False,False,neither
206739,-82.5473241862,28.0966837039,1322011.70150203,652366.354094777,Candidate lake ledger,EPSG:4326-compatible longitude/latitude; CRS not embedded in Parquet,FL,Coastal Plains,Coastal Plains,True,True,True,True,True,True,False,0,False,False,False,neither
206799,-82.5008327888,28.0709379927,1326952.32539696,650199.222897151,Candidate lake ledger,EPSG:4326-compatible longitude/latitude; CRS not embedded in Parquet,FL,Coastal Plains,Coastal Plains,True,True,True,False,True,False,False,0,False,False,False,neither
2068,-92.9955063199,48.5387224589,224159.588500522,2841052.20090497,Candidate lake ledger,EPSG:4326-compatible longitude/latitude; CRS not embedded in Parquet,MN,Upper Midwest,Upper Midwest,True,True,True,True,True,True,False,0,False,False,False,neither
206829,-82.4722595572,28.1263895139,1328873.14309914,656661.550694501,Candidate lake ledger,EPSG:4326-compatible longitude/latitude; CRS not embedded in Parquet,FL,Coastal Plains,Coastal Plains,True,True,True,True,True,True,False,0,True,False,False,Multi-horizon only
206863,-82.4659284634,28.1195874484,1329597.50170172,656006.337601405,Candidate lake ledger,EPSG:4326-compatible longitude/latitude; CRS not embedded in Parquet,FL,Coastal Plains,Coastal Plains,True,True,True,True,True,True,False,0,False,False,False,neither
207094,-82.3316718666,28.4320161617,1337747.77330242,692062.875103157,Candidate lake ledger,EPSG:4326-compatible longitude/latitude; CRS not embedded in Parquet,FL,Coastal Plains,Coastal Plains,True,True,True,False,True,False,False,0,True,False,False,Multi-horizon only
2071,-93.6493574955,46.4444455585,181110.148696953,2608399.43540537,Candidate lake ledger,EPSG:4326-compatible longitude/latitude; CRS not embedded in Parquet,MN,Upper Midwest,Upper Midwest,True,True,True,False,True,False,False,0,False,False,False,neither
207134,-82.3170773672,27.9452462444,1346882.66170135,639046.072904639,Candidate lake ledger,EPSG:4326-compatible longitude/latitude; CRS not embedded in Parquet,FL,Coastal Plains,Coastal Plains,True,True,True,True,True,True,False,0,True,False,False,Multi-horizon only
207168,-82.2717067405,28.7923292326,1337839.01749706,732345.338902066,Candidate lake ledger,EPSG:4326-compatible longitude/latitude; CRS not embedded in Parquet,FL,Coastal Plains,Coastal Plains,True,True,True,True,True,True,False,0,False,False,False,neither
207183,-82.2582218483,27.9537821329,1352499.97090415,640814.61709757,Candidate lake ledger,EPSG:4326-compatible longitude/latitude; CRS not embedded in Parquet,FL,Coastal Plains,Coastal Plains,True,True,True,True,True,True,True,3,True,True,True,Shared
2073,-94.8668155578,45.3263165923,88795.6242967556,2482547.80630241,Candidate lake ledger,EPSG:4326-compatible longitude/latitude; CRS not embedded in Parquet,MN,Upper Midwest,Upper Midwest,True,True,True,True,True,True,False,0,False,False,False,neither
207514,-81.9377272041,27.9624990846,1383674.04239553,646380.613999175,Candidate lake ledger,EPSG:4326-compatible longitude/latitude; CRS not embedded in Parquet,FL,Coastal Plains,Coastal Plains,True,True,True,True,True,True,True,4,True,False,False,Multi-horizon only
207516,-81.9390235199,28.0330514374,1382398.91570358,654067.364899928,Candidate lake ledger,EPSG:4326-compatible longitude/latitude; CRS not embedded in Parquet,FL,Coastal Plains,Coastal Plains,True,True,True,True,True,True,False,0,True,False,False,Multi-horizon only
207559,-81.9098568099,28.0262170866,1385356.90119867,653745.607405288,Candidate lake ledger,EPSG:4326-compatible longitude/latitude; CRS not embedded in Parquet,FL,Coastal Plains,Coastal Plains,True,True,True,True,True,True,True,1,True,False,False,Multi-horizon only
207734,-81.6061793946,27.9085090453,1416949.53470127,645371.78819886,Candidate lake ledger,EPSG:4326-compatible longitude/latitude; CRS not embedded in Parquet,FL,Coastal Plains,Coastal Plains,True,True,True,True,True,True,True,5,True,False,False,Multi-horizon only
207749,-81.7980183448,28.0790833804,1395402.02310408,661155.912005726,Candidate lake ledger,EPSG:4326-compatible longitude/latitude; CRS not embedded in Parquet,FL,Coastal Plains,Coastal Plains,True,True,True,True,True,True,False,0,True,False,False,Multi-horizon only
207753,-82.8039576945,27.9062343171,1299866.76049886,628001.983795164,Candidate lake ledger,EPSG:4326-compatible longitude/latitude; CRS not embedded in Parquet,FL,Coastal Plains,Coastal Plains,True,True,True,False,True,False,False,0,True,False,False,Multi-horizon only
207769,-82.7478556308,27.9968917673,1303965.96829584,638683.41239859,Candidate lake ledger,EPSG:4326-compatible longitude/latitude; CRS not embedded in Parquet,FL,Coastal Plains,Coastal Plains,True,True,True,True,True,True,False,0,True,False,False,Multi-horizon only
207904,-82.5775795613,28.1550899938,1318150.07619673,658333.419904519,Candidate lake ledger,EPSG:4326-compatible longitude/latitude; CRS not embedded in Parquet,FL,Coastal Plains,Coastal Plains,True,True,True,True,True,True,False,0,False,False,False,neither
207924,-82.5707674195,28.1552498173,1318812.11879835,658445.410905045,Candidate lake ledger,EPSG:4326-compatible longitude/latitude; CRS not embedded in Parquet,FL,Coastal Plains,Coastal Plains,True,True,True,True,True,True,True,1,True,False,False,Multi-horizon only
208034,-82.4869630227,27.4305111733,1338321.66479523,580434.699998233,Candidate lake ledger,EPSG:4326-compatible longitude/latitude; CRS not embedded in Parquet,FL,Coastal Plains,Coastal Plains,True,True,True,True,True,True,True,1,True,True,True,Shared
208044,-82.4912750895,28.1472508106,1326691.3220976,658677.059500175,Candidate lake ledger,EPSG:4326-compatible longitude/latitude; CRS not embedded in Parquet,FL,Coastal Plains,Coastal Plains,True,True,True,True,True,True,False,0,True,False,False,Multi-horizon only
208045,-82.4888834985,28.1570651253,1326770.99190294,659783.703401096,Candidate lake ledger,EPSG:4326-compatible longitude/latitude; CRS not embedded in Parquet,FL,Coastal Plains,Coastal Plains,True,True,True,True,True,True,False,0,False,False,False,neither
208080,-82.4693512954,28.2403135153,1327370.93489558,669161.149998955,Candidate lake ledger,EPSG:4326-compatible longitude/latitude; CRS not embedded in Parquet,FL,Coastal Plains,Coastal Plains,True,True,True,True,True,True,False,0,True,False,False,Multi-horizon only
208206,-82.3799199499,27.9904940482,1340025.65710375,643102.31650042,Candidate lake ledger,EPSG:4326-compatible longitude/latitude; CRS not embedded in Parquet,FL,Coastal Plains,Coastal Plains,True,True,True,True,True,True,True,9,True,True,True,Shared
2086,-94.039204624,45.3174719623,153659.72890056,2482620.21550384,Candidate lake ledger,EPSG:4326-compatible longitude/latitude; CRS not embedded in Parquet,MN,Upper Midwest,Upper Midwest,True,True,True,True,True,True,False,0,False,False,False,neither
208737,-81.9660162037,28.0328075268,1379768.44270147,653648.447195228,Candidate lake ledger,EPSG:4326-compatible longitude/latitude; CRS not embedded in Parquet,FL,Coastal Plains,Coastal Plains,True,True,True,True,True,True,True,17,True,False,False,Multi-horizon only
208738,-81.9685562102,28.0405962074,1379393.99720313,654462.369095258,Candidate lake ledger,EPSG:4326-compatible longitude/latitude; CRS not embedded in Parquet,FL,Coastal Plains,Coastal Plains,True,True,True,True,True,True,False,0,True,False,False,Multi-horizon only
208808,-81.898256789,28.9168081042,1371931.53110163,751298.368597299,Candidate lake ledger,EPSG:4326-compatible longitude/latitude; CRS not embedded in Parquet,FL,Coastal Plains,Coastal Plains,True,True,True,True,True,True,False,0,True,False,False,Multi-horizon only
208928,-81.7072261876,28.0921031319,1404040.109003,663915.081898214,Candidate lake ledger,EPSG:4326-compatible longitude/latitude; CRS not embedded in Parquet,FL,Coastal Plains,Coastal Plains,True,True,True,True,True,True,True,1,True,False,False,Multi-horizon only
208958,-81.6112430664,27.9752724235,1415343.07180288,652583.211694859,Candidate lake ledger,EPSG:4326-compatible longitude/latitude; CRS not embedded in Parquet,FL,Coastal Plains,Coastal Plains,True,True,True,True,True,True,False,0,True,False,False,Multi-horizon only
208979,-82.2825028531,28.7350160972,1337706.41700452,725917.931600589,Candidate lake ledger,EPSG:4326-compatible longitude/latitude; CRS not embedded in Parquet,FL,Coastal Plains,Coastal Plains,True,True,True,True,True,True,False,0,True,False,False,Multi-horizon only
208985,-82.8091021248,27.8781701219,1299791.91849684,624863.321095167,Candidate lake ledger,EPSG:4326-compatible longitude/latitude; CRS not embedded in Parquet,FL,Coastal Plains,Coastal Plains,True,True,True,True,True,True,False,0,False,False,False,neither
209014,-82.723901945,27.7750028691,1309718.36880284,614756.323303025,Candidate lake ledger,EPSG:4326-compatible longitude/latitude; CRS not embedded in Parquet,FL,Coastal Plains,Coastal Plains,True,True,True,False,True,False,False,0,True,False,False,Multi-horizon only
209069,-82.641531735,27.7880857655,1317588.67330058,617324.61519694,Candidate lake ledger,EPSG:4326-compatible longitude/latitude; CRS not embedded in Parquet,FL,Coastal Plains,Coastal Plains,True,True,True,True,True,True,True,1,True,False,False,Multi-horizon only
2091,-93.3703949691,44.3533055924,209029.479500396,2376597.37400053,Candidate lake ledger,EPSG:4326-compatible longitude/latitude; CRS not embedded in Parquet,MN,Upper Midwest,Upper Midwest,True,True,True,True,True,True,False,0,False,False,False,neither
209119,-82.6012379841,28.1038705247,1316637.19679592,652403.794999663,Candidate lake ledger,EPSG:4326-compatible longitude/latitude; CRS not embedded in Parquet,FL,Coastal Plains,Coastal Plains,True,True,True,True,True,True,False,0,False,False,False,neither
209120,-82.5886999463,28.1088899282,1317783.08560276,653126.501000123,Candidate lake ledger,EPSG:4326-compatible longitude/latitude; CRS not embedded in Parquet,FL,Coastal Plains,Coastal Plains,True,True,True,False,True,False,False,0,False,False,False,neither
209135,-82.5817054852,28.1778542454,1317393.67489948,660766.047904965,Candidate lake ledger,EPSG:4326-compatible longitude/latitude; CRS not embedded in Parquet,FL,Coastal Plains,Coastal Plains,True,True,True,False,True,False,False,0,True,False,False,Multi-horizon only
209224,-82.5029727618,28.316204041,1322907.7871042,676994.141102802,Candidate lake ledger,EPSG:4326-compatible longitude/latitude; CRS not embedded in Parquet,FL,Coastal Plains,Coastal Plains,True,True,True,True,True,True,False,0,True,False,False,Multi-horizon only
209251,-82.488820618,28.1613815712,1326709.55799501,660256.619103124,Candidate lake ledger,EPSG:4326-compatible longitude/latitude; CRS not embedded in Parquet,FL,Coastal Plains,Coastal Plains,True,True,True,True,True,True,False,0,False,False,False,neither
209278,-82.4713034005,28.0558383553,1330072.02089515,648961.189603683,Candidate lake ledger,EPSG:4326-compatible longitude/latitude; CRS not embedded in Parquet,FL,Coastal Plains,Coastal Plains,True,True,True,True,True,True,False,0,False,False,False,neither
209279,-82.470391009,28.065641999,1330007.48779989,650045.755704785,Candidate lake ledger,EPSG:4326-compatible longitude/latitude; CRS not embedded in Parquet,FL,Coastal Plains,Coastal Plains,True,True,True,False,True,False,False,0,True,False,False,Multi-horizon only
209285,-82.4709668742,28.2062423956,1327747.6360976,665412.106194275,Candidate lake ledger,EPSG:4326-compatible longitude/latitude; CRS not embedded in Parquet,FL,Coastal Plains,Coastal Plains,True,True,True,True,True,True,False,0,True,False,False,Multi-horizon only
209579,-82.2849255466,28.8215571735,1336094.63910164,735360.002902759,Candidate lake ledger,EPSG:4326-compatible longitude/latitude; CRS not embedded in Parquet,FL,Coastal Plains,Coastal Plains,True,True,True,True,True,True,False,0,False,False,False,neither
209587,-82.2773263925,28.0609797061,1348929.35009988,652257.312103592,Candidate lake ledger,EPSG:4326-compatible longitude/latitude; CRS not embedded in Parquet,FL,Coastal Plains,Coastal Plains,True,True,True,True,True,True,True,2,True,True,True,Shared
209627,-82.2494768823,28.4369648627,1345657.43560159,693764.732299486,Candidate lake ledger,EPSG:4326-compatible longitude/latitude; CRS not embedded in Parquet,FL,Coastal Plains,Coastal Plains,True,True,True,True,True,True,True,1,True,True,True,Shared
2099,-95.2986636477,47.2764877513,53361.1581014734,2698469.71419795,Candidate lake ledger,EPSG:4326-compatible longitude/latitude; CRS not embedded in Parquet,MN,Upper Midwest,Upper Midwest,True,True,True,True,True,True,False,0,False,False,False,neither
210106,-81.8039873545,28.1028080794,1394429.9255955,663659.556803625,Candidate lake ledger,EPSG:4326-compatible longitude/latitude; CRS not embedded in Parquet,FL,Coastal Plains,Coastal Plains,True,True,True,True,True,True,False,0,True,False,False,Multi-horizon only
21017,-94.1704023811,46.6590583987,140512.992398646,2631294.42420459,Candidate lake ledger,EPSG:4326-compatible longitude/latitude; CRS not embedded in Parquet,MN,Upper Midwest,Upper Midwest,True,True,True,True,True,True,False,0,False,False,False,neither
210190,-82.3161831999,28.8404503451,1332770.66600422,736990.199398631,Candidate lake ledger,EPSG:4326-compatible longitude/latitude; CRS not embedded in Parquet,FL,Coastal Plains,Coastal Plains,True,True,True,True,True,True,True,1,True,False,False,Multi-horizon only
210337,-82.5766019025,28.1907684355,1317690.54339543,662249.359204404,Candidate lake ledger,EPSG:4326-compatible longitude/latitude; CRS not embedded in Parquet,FL,Coastal Plains,Coastal Plains,True,True,True,True,True,True,False,0,True,False,False,Multi-horizon only
210351,-82.5678264928,28.1077037734,1319838.88509815,653286.45429503,Candidate lake ledger,EPSG:4326-compatible longitude/latitude; CRS not embedded in Parquet,FL,Coastal Plains,Coastal Plains,True,True,True,True,True,True,False,0,False,False,False,neither
21038,-95.1979982295,45.7040599821,62490.8177004742,2524263.32570456,Candidate lake ledger,EPSG:4326-compatible longitude/latitude; CRS not embedded in Parquet,MN,Upper Midwest,Upper Midwest,True,True,True,True,True,True,False,0,True,True,True,Shared
210441,-82.4895056605,28.0327339386,1328656.08249841,646180.721698105,Candidate lake ledger,EPSG:4326-compatible longitude/latitude; CRS not embedded in Parquet,FL,Coastal Plains,Coastal Plains,True,True,True,True,True,True,False,0,False,False,False,neither
210478,-82.4639822398,28.1053795735,1330010.18540285,654480.07540532,Candidate lake ledger,EPSG:4326-compatible longitude/latitude; CRS not embedded in Parquet,FL,Coastal Plains,Coastal Plains,True,True,True,True,True,True,False,0,True,False,False,Multi-horizon only
2105,-94.8509201731,47.5061047054,87119.5478992058,2724175.63289578,Candidate lake ledger,EPSG:4326-compatible longitude/latitude; CRS not embedded in Parquet,MN,Upper Midwest,Upper Midwest,True,True,True,False,True,False,False,0,False,False,False,neither
210507,-82.4513779393,28.2301002704,1329282.53010044,668295.296404934,Candidate lake ledger,EPSG:4326-compatible longitude/latitude; CRS not embedded in Parquet,FL,Coastal Plains,Coastal Plains,True,True,True,True,True,True,True,1,True,False,False,Multi-horizon only
21051,-93.8289653619,46.6665738076,166712.115100202,2632678.68239597,Candidate lake ledger,EPSG:4326-compatible longitude/latitude; CRS not embedded in Parquet,MN,Upper Midwest,Upper Midwest,True,True,True,True,True,True,False,0,False,False,False,neither
210703,-82.3250154414,28.5430598271,1336634.10039889,704307.521298368,Candidate lake ledger,EPSG:4326-compatible longitude/latitude; CRS not embedded in Parquet,FL,Coastal Plains,Coastal Plains,True,True,True,True,True,True,True,1,True,False,False,Multi-horizon only
210741,-82.2918092776,28.7455862681,1336637.06849579,726944.302398698,Candidate lake ledger,EPSG:4326-compatible longitude/latitude; CRS not embedded in Parquet,FL,Coastal Plains,Coastal Plains,True,True,True,True,True,True,False,0,True,False,False,Multi-horizon only
210779,-82.2686543938,27.9894357455,1350913.48489825,644561.949402655,Candidate lake ledger,EPSG:4326-compatible longitude/latitude; CRS not embedded in Parquet,FL,Coastal Plains,Coastal Plains,True,True,True,True,True,True,True,3,True,True,True,Shared
211,-73.4201706807,44.1861154547,1782661.87210138,2567852.420703,Candidate lake ledger,EPSG:4326-compatible longitude/latitude; CRS not embedded in Parquet,NY,Northern Appalachians,Northern Appalachians,True,True,True,False,True,False,False,0,False,False,False,neither
211009,-82.0029123524,28.1135189729,1374859.03449903,661931.304702956,Candidate lake ledger,EPSG:4326-compatible longitude/latitude; CRS not embedded in Parquet,FL,Coastal Plains,Coastal Plains,True,True,True,False,True,False,False,0,True,False,False,Multi-horizon only
211057,-81.9604598325,28.0468150627,1380083.03879816,655259.24129457,Candidate lake ledger,EPSG:4326-compatible longitude/latitude; CRS not embedded in Parquet,FL,Coastal Plains,Coastal Plains,True,True,True,True,True,True,False,0,True,False,False,Multi-horizon only
2111,-95.0049501691,47.0172086713,76007.9116007829,2669992.89890286,Candidate lake ledger,EPSG:4326-compatible longitude/latitude; CRS not embedded in Parquet,MN,Upper Midwest,Upper Midwest,True,True,True,True,True,True,False,0,False,False,False,neither
21113,-94.4734213577,43.6071839407,122695.820801698,2291483.40620392,Candidate lake ledger,EPSG:4326-compatible longitude/latitude; CRS not embedded in Parquet,MN,Temporate Plains,Temperate Plains,True,True,True,True,True,True,True,2,True,True,True,Shared
211229,-81.7415123552,28.0377361197,1401594.90349612,657472.033297276,Candidate lake ledger,EPSG:4326-compatible longitude/latitude; CRS not embedded in Parquet,FL,Coastal Plains,Coastal Plains,True,True,True,True,True,True,False,0,True,False,False,Multi-horizon only
211230,-81.7434827308,28.0995276477,1400382.70430276,664190.951501707,Candidate lake ledger,EPSG:4326-compatible longitude/latitude; CRS not embedded in Parquet,FL,Coastal Plains,Coastal Plains,True,True,True,True,True,True,False,0,True,False,False,Multi-horizon only
211263,-81.7440475239,28.0239843482,1401574.53449696,655933.027596293,Candidate lake ledger,EPSG:4326-compatible longitude/latitude; CRS not embedded in Parquet,FL,Coastal Plains,Coastal Plains,True,True,True,True,True,True,False,0,True,False,False,Multi-horizon only
211281,-82.7464274805,27.9912708405,1304191.86319754,638088.350803697,Candidate lake ledger,EPSG:4326-compatible longitude/latitude; CRS not embedded in Parquet,FL,Coastal Plains,Coastal Plains,True,True,True,False,True,False,False,0,True,False,False,Multi-horizon only
21138,-92.786581614,45.1400839203,252459.655802553,2465575.07939899,Candidate lake ledger,EPSG:4326-compatible longitude/latitude; CRS not embedded in Parquet,MN,Upper Midwest,Upper Midwest,True,True,True,True,True,True,False,0,False,False,False,neither
211398,-82.610874267,28.2851348545,1312884.35560068,672098.511897298,Candidate lake ledger,EPSG:4326-compatible longitude/latitude; CRS not embedded in Parquet,FL,Coastal Plains,Coastal Plains,True,True,True,False,True,False,False,0,True,False,False,Multi-horizon only
21140,-92.9112958482,45.1506898535,242626.762999605,2466429.3741019,Candidate lake ledger,EPSG:4326-compatible longitude/latitude; CRS not embedded in Parquet,MN,Upper Midwest,Upper Midwest,True,True,True,True,True,True,False,0,True,True,True,Shared
211410,-82.6026627584,28.0991152332,1316571.92140415,651864.018402098,Candidate lake ledger,EPSG:4326-compatible longitude/latitude; CRS not embedded in Parquet,FL,Coastal Plains,Coastal Plains,True,True,True,True,True,True,False,0,False,False,False,neither
211415,-82.5933696805,28.1597466535,1316537.38089571,658623.852699304,Candidate lake ledger,EPSG:4326-compatible longitude/latitude; CRS not embedded in Parquet,FL,Coastal Plains,Coastal Plains,True,True,True,False,True,False,False,0,False,False,False,neither
211430,-82.5891610584,28.11726295,1317607.9949016,654035.789496638,Candidate lake ledger,EPSG:4326-compatible longitude/latitude; CRS not embedded in Parquet,FL,Coastal Plains,Coastal Plains,True,True,True,False,True,False,False,0,True,False,False,Multi-horizon only
211460,-82.5406010243,28.1328144112,1322104.62430148,656410.92570336,Candidate lake ledger,EPSG:4326-compatible longitude/latitude; CRS not embedded in Parquet,FL,Coastal Plains,Coastal Plains,True,True,True,False,True,False,False,0,True,False,False,Multi-horizon only
211488,-82.5254872522,28.1231442267,1323730.23069951,655563.823699346,Candidate lake ledger,EPSG:4326-compatible longitude/latitude; CRS not embedded in Parquet,FL,Coastal Plains,Coastal Plains,True,True,True,True,True,True,False,0,True,False,False,Multi-horizon only
211494,-82.5113877285,28.3207151267,1322018.01789683,677370.583901852,Candidate lake ledger,EPSG:4326-compatible longitude/latitude; CRS not embedded in Parquet,FL,Coastal Plains,Coastal Plains,True,True,True,False,True,False,False,0,True,False,False,Multi-horizon only
211529,-82.4868926006,28.1301454377,1327386.60239526,656867.748401521,Candidate lake ledger,EPSG:4326-compatible longitude/latitude; CRS not embedded in Parquet,FL,Coastal Plains,Coastal Plains,True,True,True,False,True,False,False,0,True,False,False,Multi-horizon only
211531,-82.4858999435,28.163893825,1326955.07950014,660572.13379835,Candidate lake ledger,EPSG:4326-compatible longitude/latitude; CRS not embedded in Parquet,FL,Coastal Plains,Coastal Plains,True,True,True,True,True,True,False,0,False,False,False,neither
211567,-82.4725775758,28.065423073,1329797.42469737,649991.221995689,Candidate lake ledger,EPSG:4326-compatible longitude/latitude; CRS not embedded in Parquet,FL,Coastal Plains,Coastal Plains,True,True,True,False,True,False,False,0,False,False,False,neither
211602,-82.4548499094,28.1475402196,1330239.87180499,659217.893195296,Candidate lake ledger,EPSG:4326-compatible longitude/latitude; CRS not embedded in Parquet,FL,Coastal Plains,Coastal Plains,True,True,True,False,True,False,False,0,False,False,False,neither
211603,-82.4463921976,28.1695700784,1330718.9308981,661745.300300863,Candidate lake ledger,EPSG:4326-compatible longitude/latitude; CRS not embedded in Parquet,FL,Coastal Plains,Coastal Plains,True,True,True,True,True,True,False,0,True,False,False,Multi-horizon only
2118,-96.1726611552,46.7823527373,-13236.3682017583,2643609.60789768,Candidate lake ledger,EPSG:4326-compatible longitude/latitude; CRS not embedded in Parquet,MN,Upper Midwest,Upper Midwest,True,True,True,True,True,True,False,0,False,False,False,neither
211847,-82.3293280312,28.8672798384,1331073.58199736,739744.502399337,Candidate lake ledger,EPSG:4326-compatible longitude/latitude; CRS not embedded in Parquet,FL,Coastal Plains,Coastal Plains,True,True,True,False,True,False,False,0,True,False,False,Multi-horizon only
211861,-82.3027232991,27.9685610008,1347916.06910501,641797.172896175,Candidate lake ledger,EPSG:4326-compatible longitude/latitude; CRS not embedded in Parquet,FL,Coastal Plains,Coastal Plains,True,True,True,True,True,True,True,9,True,False,False,Multi-horizon only
211920,-82.2652090524,27.9671506019,1351604.48069614,642175.877595501,Candidate lake ledger,EPSG:4326-compatible longitude/latitude; CRS not embedded in Parquet,FL,Coastal Plains,Coastal Plains,True,True,True,True,True,True,False,0,True,False,False,Multi-horizon only
211925,-82.2634095924,28.3415587777,1345822.55190402,683131.399997393,Candidate lake ledger,EPSG:4326-compatible longitude/latitude; CRS not embedded in Parquet,FL,Coastal Plains,Coastal Plains,True,True,True,True,True,True,False,0,True,False,False,Multi-horizon only
212258,-81.9517812323,28.0440774852,1380974.45170436,655086.273199478,Candidate lake ledger,EPSG:4326-compatible longitude/latitude; CRS not embedded in Parquet,FL,Coastal Plains,Coastal Plains,True,True,True,True,True,True,False,0,True,False,False,Multi-horizon only
2128,-94.7032416137,45.6874895664,101064.717697559,2522848.45710459,Candidate lake ledger,EPSG:4326-compatible longitude/latitude; CRS not embedded in Parquet,MN,Upper Midwest,Upper Midwest,True,True,True,False,True,False,False,0,False,False,False,neither
213,-91.7474415218,47.9211021798,320266.316401438,2776627.29239569,Candidate lake ledger,EPSG:4326-compatible longitude/latitude; CRS not embedded in Parquet,MN,Upper Midwest,Upper Midwest,True,True,True,True,True,True,False,0,False,False,False,neither
213000,-83.4149425188,30.6150002652,1200422.75000121,917269.466495734,Candidate lake ledger,EPSG:4326-compatible longitude/latitude; CRS not embedded in Parquet,FL,Coastal Plains,Coastal Plains,True,True,True,True,True,True,False,0,True,False,False,Multi-horizon only
2131,-93.0669185323,47.632219296,221917.114702446,2741002.75659915,Candidate lake ledger,EPSG:4326-compatible longitude/latitude; CRS not embedded in Parquet,MN,Upper Midwest,Upper Midwest,True,True,True,True,True,True,False,0,False,False,False,neither
213254,-83.1029938344,31.0266448385,1223805.9898018,966598.989101855,Candidate lake ledger,EPSG:4326-compatible longitude/latitude; CRS not embedded in Parquet,GA,Coastal Plains,Coastal Plains,True,True,True,True,True,True,False,0,True,False,False,Multi-horizon only
213319,-82.8976006038,30.235310799,1255258.64860134,882164.076500384,Candidate lake ledger,EPSG:4326-compatible longitude/latitude; CRS not embedded in Parquet,FL,Coastal Plains,Coastal Plains,True,True,True,True,True,True,False,0,True,False,False,Multi-horizon only
213492,-82.3371612936,30.0338569105,1311791.99579617,867592.366499528,Candidate lake ledger,EPSG:4326-compatible longitude/latitude; CRS not embedded in Parquet,FL,Coastal Plains,Coastal Plains,True,True,True,True,True,True,False,0,True,False,False,Multi-horizon only
2135,-92.5526876076,46.5358418588,265206.815600558,2621100.12000365,Candidate lake ledger,EPSG:4326-compatible longitude/latitude; CRS not embedded in Parquet,MN,Upper Midwest,Upper Midwest,True,True,True,True,True,True,False,0,True,False,False,Multi-horizon only
213555,-82.1571525656,29.9427338498,1330421.04430253,860088.661999438,Candidate lake ledger,EPSG:4326-compatible longitude/latitude; CRS not embedded in Parquet,FL,Coastal Plains,Coastal Plains,True,True,True,False,True,False,False,0,False,False,False,neither
214354,-82.6351188788,30.1569310319,1281460.74240047,877049.806895165,Candidate lake ledger,EPSG:4326-compatible longitude/latitude; CRS not embedded in Parquet,FL,Coastal Plains,Coastal Plains,True,True,True,True,True,True,False,0,True,False,False,Multi-horizon only
214355,-82.6306042015,30.1645557401,1281772.0785958,877948.760201214,Candidate lake ledger,EPSG:4326-compatible longitude/latitude; CRS not embedded in Parquet,FL,Coastal Plains,Coastal Plains,True,True,True,False,True,False,False,0,False,False,False,neither
2145,-93.001429913,45.2603793658,235163.970999152,2478396.57390341,Candidate lake ledger,EPSG:4326-compatible longitude/latitude; CRS not embedded in Parquet,MN,Upper Midwest,Upper Midwest,True,True,True,True,True,True,False,0,True,False,False,Multi-horizon only
214509,-82.0930544777,29.7713764186,1339309.41869692,842181.598398212,Candidate lake ledger,EPSG:4326-compatible longitude/latitude; CRS not embedded in Parquet,FL,Coastal Plains,Coastal Plains,True,True,True,True,True,True,False,0,False,False,False,neither
2147,-93.8703986612,44.2330927379,169591.415003414,2362207.61910456,Candidate lake ledger,EPSG:4326-compatible longitude/latitude; CRS not embedded in Parquet,MN,Upper Midwest,Upper Midwest,True,True,True,True,True,True,True,1,True,True,True,Shared
2154,-94.4289225713,45.155341094,123420.290999809,2464023.78279665,Candidate lake ledger,EPSG:4326-compatible longitude/latitude; CRS not embedded in Parquet,MN,Upper Midwest,Upper Midwest,True,True,True,False,True,False,False,0,True,True,True,Shared
215550,-82.0752655423,29.7387983183,1341537.84969557,838857.944204619,Candidate lake ledger,EPSG:4326-compatible longitude/latitude; CRS not embedded in Parquet,FL,Coastal Plains,Coastal Plains,True,True,True,True,True,True,False,0,False,False,False,neither
2161,-93.0424836975,48.4691562515,220894.074096352,2833289.47399831,Candidate lake ledger,EPSG:4326-compatible longitude/latitude; CRS not embedded in Parquet,MN,Upper Midwest,Upper Midwest,True,True,True,False,True,False,False,0,False,False,False,neither
2164,-93.5216109358,44.8357356462,195610.852199227,2429989.01950395,Candidate lake ledger,EPSG:4326-compatible longitude/latitude; CRS not embedded in Parquet,MN,Upper Midwest,Upper Midwest,True,True,True,True,True,True,False,0,True,False,False,Multi-horizon only
2165,-95.4954926865,46.6092982703,38777.6102997516,2624531.9297997,Candidate lake ledger,EPSG:4326-compatible longitude/latitude; CRS not embedded in Parquet,MN,Upper Midwest,Upper Midwest,True,True,True,True,True,True,False,0,False,False,False,neither
216506,-82.1694216019,29.8594702225,1330589.90030247,850776.802801279,Candidate lake ledger,EPSG:4326-compatible longitude/latitude; CRS not embedded in Parquet,FL,Coastal Plains,Coastal Plains,True,True,True,True,True,True,False,0,False,False,False,neither
216510,-82.1598664418,29.9201314218,1330526.00209614,857569.382099241,Candidate lake ledger,EPSG:4326-compatible longitude/latitude; CRS not embedded in Parquet,FL,Coastal Plains,Coastal Plains,True,True,True,True,True,True,True,2,True,False,False,Multi-horizon only
217122,-83.3149539163,30.2854285496,1214775.74619845,882254.013199888,Candidate lake ledger,EPSG:4326-compatible longitude/latitude; CRS not embedded in Parquet,FL,Coastal Plains,Coastal Plains,True,True,True,False,True,False,False,0,True,False,False,Multi-horizon only
217540,-82.1875393133,29.9274973839,1327766.07210426,857990.983298002,Candidate lake ledger,EPSG:4326-compatible longitude/latitude; CRS not embedded in Parquet,FL,Coastal Plains,Coastal Plains,True,True,True,True,True,True,False,0,False,False,False,neither
21775,-92.5244980075,46.7873526797,266355.799697177,2649022.30659802,Candidate lake ledger,EPSG:4326-compatible longitude/latitude; CRS not embedded in Parquet,MN,Upper Midwest,Upper Midwest,True,True,True,True,True,True,True,1,True,True,True,Shared
2185,-93.3242747481,44.9675428277,210768.958503792,2445076.15989505,Candidate lake ledger,EPSG:4326-compatible longitude/latitude; CRS not embedded in Parquet,MN,Upper Midwest,Upper Midwest,True,True,True,True,True,True,False,0,False,False,False,neither
2190,-94.9321807442,46.9913088723,81598.4561991442,2667187.39099925,Candidate lake ledger,EPSG:4326-compatible longitude/latitude; CRS not embedded in Parquet,MN,Upper Midwest,Upper Midwest,True,True,True,True,True,True,False,0,False,False,False,neither
2193,-93.4667364827,45.087455044,199194.239798862,2458106.60330522,Candidate lake ledger,EPSG:4326-compatible longitude/latitude; CRS not embedded in Parquet,MN,Upper Midwest,Upper Midwest,True,True,True,True,True,True,True,2,False,False,False,neither
219480,-82.5344208271,29.1525856502,1306778.41779715,768163.84369424,Candidate lake ledger,EPSG:4326-compatible longitude/latitude; CRS not embedded in Parquet,FL,Coastal Plains,Coastal Plains,True,True,True,False,True,False,False,0,True,False,False,Multi-horizon only
219561,-82.2977831325,30.1245411361,1314100.35699849,878097.404295584,Candidate lake ledger,EPSG:4326-compatible longitude/latitude; CRS not embedded in Parquet,FL,Coastal Plains,Coastal Plains,True,True,True,True,True,True,False,0,True,False,False,Multi-horizon only
2196,-95.4213850148,45.8983961672,44953.698499462,2545718.20459471,Candidate lake ledger,EPSG:4326-compatible longitude/latitude; CRS not embedded in Parquet,MN,Upper Midwest,Upper Midwest,True,True,True,True,True,True,False,0,False,False,False,neither
220067,-83.4074544025,30.4662925099,1203315.66509587,900987.138797818,Candidate lake ledger,EPSG:4326-compatible longitude/latitude; CRS not embedded in Parquet,FL,Coastal Plains,Coastal Plains,True,True,True,True,True,True,True,3,True,False,False,Multi-horizon only
2203,-93.0399094697,45.1238242686,232620.197595927,2463120.72290479,Candidate lake ledger,EPSG:4326-compatible longitude/latitude; CRS not embedded in Parquet,MN,Upper Midwest,Upper Midwest,True,True,True,True,True,True,False,0,False,True,False,Direct 60-day 60-day only
220580,-84.5669106585,30.4341178485,1093511.9236996,883430.155297307,Candidate lake ledger,EPSG:4326-compatible longitude/latitude; CRS not embedded in Parquet,FL,Coastal Plains,Coastal Plains,True,True,True,True,True,True,False,0,False,False,False,neither
220725,-84.2145550913,30.5443344293,1125527.91300041,899696.695298085,Candidate lake ledger,EPSG:4326-compatible longitude/latitude; CRS not embedded in Parquet,FL,Coastal Plains,Coastal Plains,True,True,True,True,True,True,False,0,True,False,False,Multi-horizon only
220741,-84.1751718458,30.4383204276,1130731.31049636,888477.790002367,Candidate lake ledger,EPSG:4326-compatible longitude/latitude; CRS not embedded in Parquet,FL,Coastal Plains,Coastal Plains,True,True,True,True,True,True,False,0,True,False,False,Multi-horizon only
220993,-84.4214614057,30.0241251126,1112887.23959511,839931.283604927,Candidate lake ledger,EPSG:4326-compatible longitude/latitude; CRS not embedded in Parquet,FL,Coastal Plains,Coastal Plains,True,True,True,True,True,True,False,0,True,False,False,Multi-horizon only
221,-93.4265689957,45.2384130835,201897.248300304,2474977.09869495,Candidate lake ledger,EPSG:4326-compatible longitude/latitude; CRS not embedded in Parquet,MN,Upper Midwest,Upper Midwest,True,True,True,True,True,True,False,0,True,True,True,Shared
221007,-84.403598006,30.3925304637,1109617.0829982,880737.834997922,Candidate lake ledger,EPSG:4326-compatible longitude/latitude; CRS not embedded in Parquet,FL,Coastal Plains,Coastal Plains,True,True,True,True,True,True,False,0,True,True,True,Shared
221063,-84.248342813,30.5221350799,1122621.83180328,896849.572494896,Candidate lake ledger,EPSG:4326-compatible longitude/latitude; CRS not embedded in Parquet,FL,Coastal Plains,Coastal Plains,True,True,True,True,True,True,False,0,True,False,False,Multi-horizon only
221065,-84.2356228988,30.5925914521,1122864.14940303,904768.152301317,Candidate lake ledger,EPSG:4326-compatible longitude/latitude; CRS not embedded in Parquet,FL,Coastal Plains,Coastal Plains,True,True,True,False,True,False,False,0,True,False,False,Multi-horizon only
221080,-84.2173341452,30.5671561773,1124950.29599539,902179.951704865,Candidate lake ledger,EPSG:4326-compatible longitude/latitude; CRS not embedded in Parquet,FL,Coastal Plains,Coastal Plains,True,True,True,False,True,False,False,0,True,False,False,Multi-horizon only
221089,-84.1850700712,30.44037485,1129761.39329944,888586.507795207,Candidate lake ledger,EPSG:4326-compatible longitude/latitude; CRS not embedded in Parquet,FL,Coastal Plains,Coastal Plains,True,True,True,True,True,True,False,0,True,True,True,Shared
221287,-83.9780270498,30.5709946804,1147623.55290091,905464.437096108,Candidate lake ledger,EPSG:4326-compatible longitude/latitude; CRS not embedded in Parquet,FL,Coastal Plains,Coastal Plains,True,True,True,False,True,False,False,0,True,False,False,Multi-horizon only
221339,-84.4671675729,30.5924904179,1100875.16299763,902047.981899308,Candidate lake ledger,EPSG:4326-compatible longitude/latitude; CRS not embedded in Parquet,FL,Coastal Plains,Coastal Plains,True,True,True,True,True,True,True,3,True,False,False,Multi-horizon only
221406,-84.2719409492,30.3931167177,1122143.18940359,882348.376804633,Candidate lake ledger,EPSG:4326-compatible longitude/latitude; CRS not embedded in Parquet,FL,Coastal Plains,Coastal Plains,True,True,True,True,True,True,False,0,True,False,False,Multi-horizon only
221415,-84.2563065687,30.5311946216,1121740.87909793,897754.359999118,Candidate lake ledger,EPSG:4326-compatible longitude/latitude; CRS not embedded in Parquet,FL,Coastal Plains,Coastal Plains,True,True,True,True,True,True,False,0,True,False,False,Multi-horizon only
221426,-84.2269823017,30.5894110028,1123728.30670023,904519.597904589,Candidate lake ledger,EPSG:4326-compatible longitude/latitude; CRS not embedded in Parquet,FL,Coastal Plains,Coastal Plains,True,True,True,True,True,True,True,2,True,False,False,Multi-horizon only
22162,-94.7660854505,47.513736929,93540.1485974132,2725099.33289491,Candidate lake ledger,EPSG:4326-compatible longitude/latitude; CRS not embedded in Parquet,MN,Upper Midwest,Upper Midwest,True,True,True,True,True,True,False,0,False,False,False,neither
22163,-94.9431237171,47.622972027,79985.7248983008,2737001.53599794,Candidate lake ledger,EPSG:4326-compatible longitude/latitude; CRS not embedded in Parquet,MN,Upper Midwest,Upper Midwest,True,True,True,True,True,True,False,0,False,False,False,neither
221704,-84.3396318447,30.4053766055,1115532.48180021,882902.838199096,Candidate lake ledger,EPSG:4326-compatible longitude/latitude; CRS not embedded in Parquet,FL,Coastal Plains,Coastal Plains,True,True,True,True,True,True,False,0,True,True,True,Shared
221721,-84.3028459514,30.3262869681,1120112.39979689,874618.013502721,Candidate lake ledger,EPSG:4326-compatible longitude/latitude; CRS not embedded in Parquet,FL,Coastal Plains,Coastal Plains,True,True,True,True,True,True,False,0,True,False,False,Multi-horizon only
22173,-93.9633381904,46.8037527824,156069.782899702,2647639.70100373,Candidate lake ledger,EPSG:4326-compatible longitude/latitude; CRS not embedded in Parquet,MN,Upper Midwest,Upper Midwest,True,True,True,False,True,False,False,0,False,False,False,neither
22182,-95.0057536424,47.4911537052,75398.3123035386,2722391.64699612,Candidate lake ledger,EPSG:4326-compatible longitude/latitude; CRS not embedded in Parquet,MN,Upper Midwest,Upper Midwest,True,True,True,False,True,False,False,0,False,False,False,neither
221947,-84.2397955587,30.6312152488,1121938.16699989,908977.877897473,Candidate lake ledger,EPSG:4326-compatible longitude/latitude; CRS not embedded in Parquet,FL,Coastal Plains,Coastal Plains,True,True,True,True,True,True,False,0,False,False,False,neither
22196,-95.5525226797,46.4191808977,34493.398303324,2603439.93549682,Candidate lake ledger,EPSG:4326-compatible longitude/latitude; CRS not embedded in Parquet,MN,Upper Midwest,Upper Midwest,True,True,True,False,True,False,False,0,False,False,False,neither
222,-96.022279386,45.3364717586,-1745.57539718731,2483147.74290009,Candidate lake ledger,EPSG:4326-compatible longitude/latitude; CRS not embedded in Parquet,MN,Temporate Plains,Temperate Plains,True,True,True,False,True,False,False,0,True,True,True,Shared
2220,-92.9814459471,44.9063533818,237981.555496668,2439078.58570355,Candidate lake ledger,EPSG:4326-compatible longitude/latitude; CRS not embedded in Parquet,MN,Upper Midwest,Upper Midwest,True,True,True,True,True,True,False,0,True,False,False,Multi-horizon only
222090,-84.2371196727,30.5651565332,1123098.36750417,901725.459904762,Candidate lake ledger,EPSG:4326-compatible longitude/latitude; CRS not embedded in Parquet,FL,Coastal Plains,Coastal Plains,True,True,True,True,True,True,False,0,True,False,False,Multi-horizon only
222098,-84.2318977333,30.6063635199,1123028.8677996,906330.754795825,Candidate lake ledger,EPSG:4326-compatible longitude/latitude; CRS not embedded in Parquet,FL,Coastal Plains,Coastal Plains,True,True,True,True,True,True,False,0,True,False,False,Multi-horizon only
222104,-84.2154390231,30.5075813967,1125948.97109776,895634.360101035,Candidate lake ledger,EPSG:4326-compatible longitude/latitude; CRS not embedded in Parquet,FL,Coastal Plains,Coastal Plains,True,True,True,True,True,True,False,0,True,False,False,Multi-horizon only
222105,-84.2192007489,30.5328896777,1125243.74340036,898379.909501391,Candidate lake ledger,EPSG:4326-compatible longitude/latitude; CRS not embedded in Parquet,FL,Coastal Plains,Coastal Plains,True,True,True,True,True,True,False,0,True,True,True,Shared
222106,-84.207525633,30.5312876428,1126375.19549722,898341.599194918,Candidate lake ledger,EPSG:4326-compatible longitude/latitude; CRS not embedded in Parquet,FL,Coastal Plains,Coastal Plains,True,True,True,True,True,True,False,0,True,False,False,Multi-horizon only
222115,-84.1933953696,30.5308491863,1127723.95739657,898460.839997824,Candidate lake ledger,EPSG:4326-compatible longitude/latitude; CRS not embedded in Parquet,FL,Coastal Plains,Coastal Plains,True,True,True,True,True,True,False,0,True,False,False,Multi-horizon only
22229,-95.8033138704,46.3046110577,15187.7150963546,2590671.15699776,Candidate lake ledger,EPSG:4326-compatible longitude/latitude; CRS not embedded in Parquet,MN,Upper Midwest,Upper Midwest,True,True,True,True,True,True,False,0,False,False,False,neither
222401,-84.3492369558,30.4127957365,1114517.41020208,883608.002902364,Candidate lake ledger,EPSG:4326-compatible longitude/latitude; CRS not embedded in Parquet,FL,Coastal Plains,Coastal Plains,True,True,True,True,True,True,False,0,True,False,False,Multi-horizon only
222429,-84.2480849539,30.4158433825,1124102.74419538,885135.327604335,Candidate lake ledger,EPSG:4326-compatible longitude/latitude; CRS not embedded in Parquet,FL,Coastal Plains,Coastal Plains,True,True,True,False,True,False,False,0,True,False,False,Multi-horizon only
222430,-84.237476587,30.6002799,1122582.65660066,905594.021396046,Candidate lake ledger,EPSG:4326-compatible longitude/latitude; CRS not embedded in Parquet,FL,Coastal Plains,Coastal Plains,True,True,True,True,True,True,False,0,True,False,False,Multi-horizon only
222467,-84.1563299597,30.3611770152,1133588.77580111,880200.370697148,Candidate lake ledger,EPSG:4326-compatible longitude/latitude; CRS not embedded in Parquet,FL,Coastal Plains,Coastal Plains,True,True,True,False,True,False,False,0,True,False,False,Multi-horizon only
22249,-92.8422224307,45.0967071549,248250.216301303,2460605.6839019,Candidate lake ledger,EPSG:4326-compatible longitude/latitude; CRS not embedded in Parquet,MN,Upper Midwest,Upper Midwest,True,True,True,False,True,False,False,0,True,True,True,Shared
222638,-84.1996999122,30.449585339,1128242.95519923,889427.915796632,Candidate lake ledger,EPSG:4326-compatible longitude/latitude; CRS not embedded in Parquet,FL,Coastal Plains,Coastal Plains,True,True,True,True,True,True,False,0,True,False,False,Multi-horizon only
222764,-84.3086627686,30.3689921633,1118976.20610117,879256.313795017,Candidate lake ledger,EPSG:4326-compatible longitude/latitude; CRS not embedded in Parquet,FL,Coastal Plains,Coastal Plains,True,True,True,True,True,True,False,0,True,False,False,Multi-horizon only
222849,-84.1397656337,30.3727434503,1135006.05599877,881672.683303865,Candidate lake ledger,EPSG:4326-compatible longitude/latitude; CRS not embedded in Parquet,FL,Coastal Plains,Coastal Plains,True,True,True,True,True,True,True,1,True,False,False,Multi-horizon only
2230,-94.1001586371,46.532925262,146186.374596677,2617427.48690533,Candidate lake ledger,EPSG:4326-compatible longitude/latitude; CRS not embedded in Parquet,MN,Upper Midwest,Upper Midwest,True,True,True,True,True,True,False,0,False,False,False,neither
223042,-84.3399060722,30.5365665761,1113722.78480181,897363.414698834,Candidate lake ledger,EPSG:4326-compatible longitude/latitude; CRS not embedded in Parquet,FL,Coastal Plains,Coastal Plains,True,True,True,True,True,True,False,0,True,False,False,Multi-horizon only
223043,-84.2914806486,30.5752441052,1117796.68909825,902196.82800529,Candidate lake ledger,EPSG:4326-compatible longitude/latitude; CRS not embedded in Parquet,FL,Coastal Plains,Coastal Plains,True,True,True,True,True,True,False,0,True,True,True,Shared
223123,-84.3867662344,30.333660871,1112016.61110106,874445.195901526,Candidate lake ledger,EPSG:4326-compatible longitude/latitude; CRS not embedded in Parquet,FL,Coastal Plains,Coastal Plains,True,True,True,False,True,False,False,0,True,False,False,Multi-horizon only
223145,-84.3586216917,30.4222966492,1113495.21010335,884545.374798743,Candidate lake ledger,EPSG:4326-compatible longitude/latitude; CRS not embedded in Parquet,FL,Coastal Plains,Coastal Plains,True,True,True,True,True,True,False,0,False,False,False,neither
223190,-84.2140191915,30.4420434435,1126984.53160408,888426.699901463,Candidate lake ledger,EPSG:4326-compatible longitude/latitude; CRS not embedded in Parquet,FL,Coastal Plains,Coastal Plains,True,True,True,True,True,True,True,2,True,False,False,Multi-horizon only
223192,-84.2200941048,30.5838763066,1124458.44650405,903990.812797066,Candidate lake ledger,EPSG:4326-compatible longitude/latitude; CRS not embedded in Parquet,FL,Coastal Plains,Coastal Plains,True,True,True,True,True,True,False,0,True,False,False,Multi-horizon only
2232,-93.8997069292,46.3574131222,162038.011703023,2598301.20920478,Candidate lake ledger,EPSG:4326-compatible longitude/latitude; CRS not embedded in Parquet,MN,Upper Midwest,Upper Midwest,True,True,True,True,True,True,False,0,False,False,False,neither
223605,-84.9707124533,30.6635853836,1052115.04569945,904188.730903737,Candidate lake ledger,EPSG:4326-compatible longitude/latitude; CRS not embedded in Parquet,FL,Coastal Plains,Coastal Plains,True,True,True,False,True,False,False,0,True,False,False,Multi-horizon only
2237,-95.2919843446,45.7116199148,55161.4436988903,2525044.88859832,Candidate lake ledger,EPSG:4326-compatible longitude/latitude; CRS not embedded in Parquet,MN,Upper Midwest,Upper Midwest,True,True,True,True,True,True,False,0,True,True,True,Shared
22456,-95.9682226017,46.7383715349,2437.71549920042,2638727.33760447,Candidate lake ledger,EPSG:4326-compatible longitude/latitude; CRS not embedded in Parquet,MN,Upper Midwest,Upper Midwest,True,True,True,True,True,True,False,0,False,False,False,neither
225407,-85.0817551345,31.6486011487,1029008.06880258,1011817.54359727,Candidate lake ledger,EPSG:4326-compatible longitude/latitude; CRS not embedded in Parquet,GA,Coastal Plains,Coastal Plains,True,True,True,False,True,False,False,0,False,False,False,neither
225408,-84.1161655302,31.6094388987,1120100.08600311,1018406.53429858,Candidate lake ledger,EPSG:4326-compatible longitude/latitude; CRS not embedded in Parquet,GA,Coastal Plains,Coastal Plains,True,True,True,True,True,True,False,0,True,False,False,Multi-horizon only
225409,-83.9539292646,32.0173282093,1129566.82469764,1065398.22990157,Candidate lake ledger,EPSG:4326-compatible longitude/latitude; CRS not embedded in Parquet,GA,Coastal Plains,Coastal Plains,True,True,True,False,True,False,False,0,True,False,False,Multi-horizon only
2255,-95.8102038074,46.521154402,14607.7441980315,2614676.30630297,Candidate lake ledger,EPSG:4326-compatible longitude/latitude; CRS not embedded in Parquet,MN,Upper Midwest,Upper Midwest,True,True,True,True,True,True,False,0,False,False,False,neither
22594,-94.0521246115,38.006135254,169402.796200874,1665248.58420336,Candidate lake ledger,EPSG:4326-compatible longitude/latitude; CRS not embedded in Parquet,MO,Temporate Plains,Temperate Plains,True,True,True,True,True,True,False,0,True,True,True,Shared
2260,-90.7393444735,47.7809408088,396973.0653032,2764985.91640001,Candidate lake ledger,EPSG:4326-compatible longitude/latitude; CRS not embedded in Parquet,MN,Upper Midwest,Upper Midwest,True,True,True,False,True,False,False,0,False,False,False,neither
2261,-94.0301386439,45.020312024,155055.191398352,2449587.98919472,Candidate lake ledger,EPSG:4326-compatible longitude/latitude; CRS not embedded in Parquet,MN,Upper Midwest,Upper Midwest,True,True,True,False,True,False,False,0,True,True,True,Shared
226442,-85.2065027482,32.9546459713,1000801.80669965,1155127.29669582,Candidate lake ledger,EPSG:4326-compatible longitude/latitude; CRS not embedded in Parquet,AL,Southern Appalachians,Southern Appalachians,True,True,True,False,True,False,False,0,False,False,False,neither
2269,-93.3451946052,44.3277257055,211111.782297746,2373803.54780517,Candidate lake ledger,EPSG:4326-compatible longitude/latitude; CRS not embedded in Parquet,MN,Upper Midwest,Upper Midwest,True,True,True,False,True,False,False,0,True,False,False,Multi-horizon only
2270,-93.5524000794,44.9071993916,192976.457301915,2437878.12029772,Candidate lake ledger,EPSG:4326-compatible longitude/latitude; CRS not embedded in Parquet,MN,Upper Midwest,Upper Midwest,True,True,True,False,True,False,False,0,False,False,False,neither
2274,-93.182980692,47.3001313426,214225.928296668,2704062.02949675,Candidate lake ledger,EPSG:4326-compatible longitude/latitude; CRS not embedded in Parquet,MN,Upper Midwest,Upper Midwest,True,True,True,False,True,False,False,0,False,False,False,neither
227455,-85.1657030463,30.7795629972,1032129.34669886,914855.574996473,Candidate lake ledger,EPSG:4326-compatible longitude/latitude; CRS not embedded in Parquet,FL,Coastal Plains,Coastal Plains,True,True,True,False,True,False,False,0,True,False,False,Multi-horizon only
227456,-85.0847091678,32.613039894,1016413.14179685,1118557.11610198,Candidate lake ledger,EPSG:4326-compatible longitude/latitude; CRS not embedded in Parquet,AL,Southern Appalachians,Southern Appalachians,True,True,True,False,True,False,False,0,False,False,False,neither
227457,-85.1011132276,32.6609843344,1014280.37989763,1123694.32079528,Candidate lake ledger,EPSG:4326-compatible longitude/latitude; CRS not embedded in Parquet,AL,Southern Appalachians,Southern Appalachians,True,True,True,False,True,False,False,0,False,False,False,neither
228,-93.019997637,45.2644424787,233694.102596925,2478802.3974992,Candidate lake ledger,EPSG:4326-compatible longitude/latitude; CRS not embedded in Parquet,MN,Upper Midwest,Upper Midwest,True,True,True,False,True,False,False,0,True,False,False,Multi-horizon only
2282,-94.0791656315,43.8192133687,153901.354798104,2315710.83089661,Candidate lake ledger,EPSG:4326-compatible longitude/latitude; CRS not embedded in Parquet,MN,Temporate Plains,Temperate Plains,True,True,True,False,True,False,False,0,True,True,True,Shared
2283,-94.2667481609,47.878790817,130655.156702598,2765984.33899523,Candidate lake ledger,EPSG:4326-compatible longitude/latitude; CRS not embedded in Parquet,MN,Upper Midwest,Upper Midwest,True,True,True,True,True,True,False,0,False,True,False,Direct 60-day 60-day only
228443,-85.0389294895,32.5573330086,1021372.19510024,1112876.10899856,Candidate lake ledger,EPSG:4326-compatible longitude/latitude; CRS not embedded in Parquet,GA,Southern Appalachians,Southern Appalachians,True,True,True,False,True,False,False,0,False,False,False,neither
2286,-94.9052171917,45.2523349812,85881.4023017122,2474286.28729752,Candidate lake ledger,EPSG:4326-compatible longitude/latitude; CRS not embedded in Parquet,MN,Upper Midwest,Upper Midwest,True,True,True,False,True,False,False,0,False,False,False,neither
2287,-94.3331648967,44.9995195796,131246.103297077,2446818.26499912,Candidate lake ledger,EPSG:4326-compatible longitude/latitude; CRS not embedded in Parquet,MN,Upper Midwest,Upper Midwest,True,True,True,True,True,True,False,0,True,True,True,Shared
229464,-84.8882096125,30.7312846282,1059071.71600332,912578.168495255,Candidate lake ledger,EPSG:4326-compatible longitude/latitude; CRS not embedded in Parquet,FL,Coastal Plains,Coastal Plains,True,True,True,False,True,False,False,0,False,False,False,neither
229465,-84.8152286407,30.7633492175,1065577.04689854,916933.480703818,Candidate lake ledger,EPSG:4326-compatible longitude/latitude; CRS not embedded in Parquet,GA,Coastal Plains,Coastal Plains,True,True,True,True,True,True,False,0,True,False,False,Multi-horizon only
230302,-84.1470797986,31.6132209581,1117149.04989672,1018460.45919569,Candidate lake ledger,EPSG:4326-compatible longitude/latitude; CRS not embedded in Parquet,GA,Coastal Plains,Coastal Plains,True,True,True,True,True,True,False,0,True,False,False,Multi-horizon only
230494,-85.1475243778,29.8013404128,1046231.10890279,807137.176797122,Candidate lake ledger,EPSG:4326-compatible longitude/latitude; CRS not embedded in Parquet,FL,Coastal Plains,Coastal Plains,True,True,True,False,True,False,False,0,False,False,False,neither
230497,-83.9155711263,34.2465979763,1101588.55440107,1312673.6372012,Candidate lake ledger,EPSG:4326-compatible longitude/latitude; CRS not embedded in Parquet,GA,Southern Appalachians,Southern Appalachians,True,True,True,True,True,True,False,0,False,False,False,neither
23185,-93.4661491975,45.0525207289,199344.028102247,2454222.4357999,Candidate lake ledger,EPSG:4326-compatible longitude/latitude; CRS not embedded in Parquet,MN,Upper Midwest,Upper Midwest,True,True,True,False,True,False,False,0,False,False,False,neither
2319,-92.9423148363,45.1334818701,240252.555097597,2464437.34449941,Candidate lake ledger,EPSG:4326-compatible longitude/latitude; CRS not embedded in Parquet,MN,Upper Midwest,Upper Midwest,True,True,True,True,True,True,False,0,True,True,True,Shared
232125,-86.7587854657,30.9405253838,879147.060497708,916631.498297246,Candidate lake ledger,EPSG:4326-compatible longitude/latitude; CRS not embedded in Parquet,FL,Coastal Plains,Coastal Plains,True,True,True,True,True,True,False,0,False,False,False,neither
2322,-94.6339423545,47.7326070754,103209.543602492,2749402.75849542,Candidate lake ledger,EPSG:4326-compatible longitude/latitude; CRS not embedded in Parquet,MN,Upper Midwest,Upper Midwest,True,True,True,False,True,False,False,0,False,False,False,neither
232429,-86.1849042246,30.3348873245,940492.290100639,855162.039194781,Candidate lake ledger,EPSG:4326-compatible longitude/latitude; CRS not embedded in Parquet,FL,Coastal Plains,Coastal Plains,True,True,True,True,True,True,False,0,True,False,False,Multi-horizon only
23249,-94.7606806733,47.4953047141,93976.4025013829,2723068.59650037,Candidate lake ledger,EPSG:4326-compatible longitude/latitude; CRS not embedded in Parquet,MN,Upper Midwest,Upper Midwest,True,True,True,True,True,True,False,0,False,False,False,neither
232780,-87.2901522488,30.9652763602,828490.459896873,914597.442997822,Candidate lake ledger,EPSG:4326-compatible longitude/latitude; CRS not embedded in Parquet,FL,Coastal Plains,Coastal Plains,True,True,True,True,True,True,False,0,True,False,False,Multi-horizon only
23286,-93.4600898449,44.6515134708,201013.509497971,2409612.60910218,Candidate lake ledger,EPSG:4326-compatible longitude/latitude; CRS not embedded in Parquet,MN,Upper Midwest,Upper Midwest,True,True,True,True,True,True,True,1,True,True,True,Shared
2329,-93.4414496297,44.7156782757,202296.030498241,2416794.88419764,Candidate lake ledger,EPSG:4326-compatible longitude/latitude; CRS not embedded in Parquet,MN,Upper Midwest,Upper Midwest,True,True,True,True,True,True,True,1,True,True,True,Shared
233011,-86.2887691437,30.3650170314,930233.365100797,857468.223805029,Candidate lake ledger,EPSG:4326-compatible longitude/latitude; CRS not embedded in Parquet,FL,Coastal Plains,Coastal Plains,True,True,True,True,True,True,False,0,True,False,False,Multi-horizon only
233071,-86.1302774919,30.7704178779,940691.399500523,903833.024103236,Candidate lake ledger,EPSG:4326-compatible longitude/latitude; CRS not embedded in Parquet,FL,Coastal Plains,Coastal Plains,True,True,True,False,True,False,False,0,True,False,False,Multi-horizon only
233096,-86.060754701,30.7525409925,947501.025401867,902547.390899563,Candidate lake ledger,EPSG:4326-compatible longitude/latitude; CRS not embedded in Parquet,FL,Coastal Plains,Coastal Plains,True,True,True,True,True,True,False,0,True,False,False,Multi-horizon only
233118,-86.0302907369,30.8165613244,949649.288101043,909928.89520112,Candidate lake ledger,EPSG:4326-compatible longitude/latitude; CRS not embedded in Parquet,FL,Coastal Plains,Coastal Plains,True,True,True,True,True,True,False,0,False,False,False,neither
233339,-86.4341511208,31.4492946028,904240.286604902,976001.58329769,Candidate lake ledger,EPSG:4326-compatible longitude/latitude; CRS not embedded in Parquet,AL,Coastal Plains,Coastal Plains,True,True,True,False,True,False,False,0,False,False,False,neither
233495,-86.8294856892,30.8632356418,873270.057301356,907426.41840155,Candidate lake ledger,EPSG:4326-compatible longitude/latitude; CRS not embedded in Parquet,FL,Coastal Plains,Coastal Plains,True,True,True,True,True,True,False,0,True,False,False,Multi-horizon only
233838,-85.7030171566,30.4533732006,985067.494603646,873130.415299255,Candidate lake ledger,EPSG:4326-compatible longitude/latitude; CRS not embedded in Parquet,FL,Coastal Plains,Coastal Plains,True,True,True,True,True,True,False,0,True,False,False,Multi-horizon only
233944,-86.2715089473,31.3145403432,921093.78000338,962643.785803208,Candidate lake ledger,EPSG:4326-compatible longitude/latitude; CRS not embedded in Parquet,AL,Coastal Plains,Coastal Plains,True,True,True,False,True,False,False,0,True,False,False,Multi-horizon only
234129,-86.6438150785,30.8962106307,890533.748803997,912798.208995912,Candidate lake ledger,EPSG:4326-compatible longitude/latitude; CRS not embedded in Parquet,FL,Coastal Plains,Coastal Plains,True,True,True,True,True,True,False,0,False,False,False,neither
2344,-93.3452790849,45.4743551059,207540.474098452,2501374.76310181,Candidate lake ledger,EPSG:4326-compatible longitude/latitude; CRS not embedded in Parquet,MN,Upper Midwest,Upper Midwest,True,True,True,False,True,False,False,0,True,True,True,Shared
234508,-86.5136811551,31.3665750054,897665.035099097,966087.399397811,Candidate lake ledger,EPSG:4326-compatible longitude/latitude; CRS not embedded in Parquet,AL,Coastal Plains,Coastal Plains,True,True,True,False,True,False,False,0,True,False,False,Multi-horizon only
2347,-93.0698620879,45.0208705528,230620.224900874,2451598.69109946,Candidate lake ledger,EPSG:4326-compatible longitude/latitude; CRS not embedded in Parquet,MN,Upper Midwest,Upper Midwest,True,True,True,True,True,True,False,0,True,False,False,Multi-horizon only
234759,-86.3174705914,30.3734743174,927398.069696603,858122.102301002,Candidate lake ledger,EPSG:4326-compatible longitude/latitude; CRS not embedded in Parquet,FL,Coastal Plains,Coastal Plains,True,True,True,True,True,True,False,0,True,False,False,Multi-horizon only
234763,-86.3053604628,30.3690423628,928604.086800618,857750.691405294,Candidate lake ledger,EPSG:4326-compatible longitude/latitude; CRS not embedded in Parquet,FL,Coastal Plains,Coastal Plains,True,True,True,True,True,True,False,0,True,False,False,Multi-horizon only
234778,-86.2625778253,30.3564694208,932830.540404243,856780.626798503,Candidate lake ledger,EPSG:4326-compatible longitude/latitude; CRS not embedded in Parquet,FL,Coastal Plains,Coastal Plains,True,True,True,True,True,True,False,0,True,False,False,Multi-horizon only
234801,-86.1517924148,30.3275392149,943738.163095697,854678.631296389,Candidate lake ledger,EPSG:4326-compatible longitude/latitude; CRS not embedded in Parquet,FL,Coastal Plains,Coastal Plains,True,True,True,True,True,True,False,0,True,True,True,Shared
234830,-86.0934831118,30.3095830054,949513.143601545,853276.183194986,Candidate lake ledger,EPSG:4326-compatible longitude/latitude; CRS not embedded in Parquet,FL,Coastal Plains,Coastal Plains,True,True,True,True,True,True,False,0,True,True,True,Shared
2351,-95.1029458674,46.7496082162,68802.2671974175,2640296.11629552,Candidate lake ledger,EPSG:4326-compatible longitude/latitude; CRS not embedded in Parquet,MN,Upper Midwest,Upper Midwest,True,True,True,True,True,True,False,0,False,False,False,neither
235369,-86.2441954214,30.3525409072,934630.072603984,856527.238804605,Candidate lake ledger,EPSG:4326-compatible longitude/latitude; CRS not embedded in Parquet,FL,Coastal Plains,Coastal Plains,True,True,True,True,True,True,False,0,True,True,True,Shared
235370,-86.251848521,30.3545570859,933876.533303184,856674.737304114,Candidate lake ledger,EPSG:4326-compatible longitude/latitude; CRS not embedded in Parquet,FL,Coastal Plains,Coastal Plains,True,True,True,True,True,True,False,0,True,False,False,Multi-horizon only
235399,-86.1376864763,30.7388510715,940351.253703006,900269.873896044,Candidate lake ledger,EPSG:4326-compatible longitude/latitude; CRS not embedded in Parquet,FL,Coastal Plains,Coastal Plains,True,True,True,True,True,True,False,0,True,False,False,Multi-horizon only
2357,-93.0521302097,46.155448045,228105.494198208,2577648.29710088,Candidate lake ledger,EPSG:4326-compatible longitude/latitude; CRS not embedded in Parquet,MN,Upper Midwest,Upper Midwest,True,True,True,False,True,False,False,0,False,False,False,neither
235932,-86.2130924771,30.3461674483,937672.05150197,856129.548803613,Candidate lake ledger,EPSG:4326-compatible longitude/latitude; CRS not embedded in Parquet,FL,Coastal Plains,Coastal Plains,True,True,True,True,True,True,False,0,True,True,True,Shared
236,-93.151921116,45.0755493099,223981.324900849,2457483.46569486,Candidate lake ledger,EPSG:4326-compatible longitude/latitude; CRS not embedded in Parquet,MN,Upper Midwest,Upper Midwest,True,True,True,True,True,True,False,0,False,False,False,neither
2361,-96.0599238337,47.6038759785,-4536.53390291503,2734449.42650294,Candidate lake ledger,EPSG:4326-compatible longitude/latitude; CRS not embedded in Parquet,MN,Temporate Plains,Temperate Plains,True,True,True,False,True,False,False,0,False,False,False,neither
236196,-86.3930535467,32.7603976395,893367.250603304,1121752.74460195,Candidate lake ledger,EPSG:4326-compatible longitude/latitude; CRS not embedded in Parquet,AL,Southern Appalachians,Southern Appalachians,True,True,True,False,True,False,False,0,False,False,False,neither
236199,-86.1962580509,33.5393140102,902649.572402901,1210107.11929787,Candidate lake ledger,EPSG:4326-compatible longitude/latitude; CRS not embedded in Parquet,AL,Southern Appalachians,Southern Appalachians,True,True,True,False,True,False,False,0,False,False,False,neither
2362,-94.0700218452,46.7028376716,148122.700599456,2636295.40390392,Candidate lake ledger,EPSG:4326-compatible longitude/latitude; CRS not embedded in Parquet,MN,Upper Midwest,Upper Midwest,True,True,True,True,True,True,False,0,False,False,False,neither
236201,-86.0620449995,33.7934222062,911999.017999889,1239621.75390039,Candidate lake ledger,EPSG:4326-compatible longitude/latitude; CRS not embedded in Parquet,AL,Southern Appalachians,Southern Appalachians,True,True,True,False,True,False,False,0,False,False,False,neither
236203,-84.6212679939,34.6071465164,1032760.60949642,1344757.55679875,Candidate lake ledger,EPSG:4326-compatible longitude/latitude; CRS not embedded in Parquet,GA,Southern Appalachians,Southern Appalachians,True,True,True,False,True,False,False,0,False,False,False,neither
237209,-86.529099909,32.3385940929,885438.518901166,1073675.71499781,Candidate lake ledger,EPSG:4326-compatible longitude/latitude; CRS not embedded in Parquet,AL,Coastal Plains,Coastal Plains,True,True,True,False,True,False,False,0,False,False,False,neither
237212,-85.5983218935,33.3288710379,960056.160995984,1192598.78640127,Candidate lake ledger,EPSG:4326-compatible longitude/latitude; CRS not embedded in Parquet,AL,Southern Appalachians,Southern Appalachians,True,True,True,False,True,False,False,0,False,False,False,neither
237213,-85.5349151352,34.180285439,955431.245300316,1287786.54650524,Candidate lake ledger,EPSG:4326-compatible longitude/latitude; CRS not embedded in Parquet,AL,Southern Appalachians,Southern Appalachians,True,True,True,False,True,False,False,0,False,False,False,neither
2376,-94.5590403273,44.8025926019,113794.542200376,2424611.28600466,Candidate lake ledger,EPSG:4326-compatible longitude/latitude; CRS not embedded in Parquet,MN,Temporate Plains,Temperate Plains,True,True,True,True,True,True,True,1,True,True,True,Shared
2377,-91.0805570623,47.6678743821,371894.499599192,2751142.55920507,Candidate lake ledger,EPSG:4326-compatible longitude/latitude; CRS not embedded in Parquet,MN,Upper Midwest,Upper Midwest,True,True,True,True,True,True,False,0,False,False,False,neither
2380,-90.3514303896,48.0795676641,424255.36619832,2799547.25729956,Candidate lake ledger,EPSG:4326-compatible longitude/latitude; CRS not embedded in Parquet,MN,Upper Midwest,Upper Midwest,True,True,True,True,True,True,False,0,False,False,False,neither
2388,-95.0839333506,43.6266948968,73608.1324017239,2293030.03300261,Candidate lake ledger,EPSG:4326-compatible longitude/latitude; CRS not embedded in Parquet,MN,Temporate Plains,Temperate Plains,True,True,True,True,True,True,False,0,True,True,True,Shared
239134,-86.6445832392,33.4684349826,862286.073099118,1198068.10319453,Candidate lake ledger,EPSG:4326-compatible longitude/latitude; CRS not embedded in Parquet,AL,Southern Appalachians,Southern Appalachians,True,True,True,False,True,False,False,0,False,False,False,neither
23974,-86.4519822449,46.529168911,733542.919598932,2652430.60179949,Candidate lake ledger,EPSG:4326-compatible longitude/latitude; CRS not embedded in Parquet,MI,Upper Midwest,Upper Midwest,True,True,True,True,True,True,False,0,False,False,False,neither
240,-92.0876497796,47.7786255643,295306.840601931,2759819.66579572,Candidate lake ledger,EPSG:4326-compatible longitude/latitude; CRS not embedded in Parquet,MN,Upper Midwest,Upper Midwest,True,True,True,True,True,True,False,0,False,False,False,neither
2402,-93.7734292854,46.4164591678,171625.259002868,2605067.62669901,Candidate lake ledger,EPSG:4326-compatible longitude/latitude; CRS not embedded in Parquet,MN,Upper Midwest,Upper Midwest,True,True,True,True,True,True,False,0,False,False,False,neither
2405,-96.1068840054,46.7566770475,-8197.03010047621,2640758.84650225,Candidate lake ledger,EPSG:4326-compatible longitude/latitude; CRS not embedded in Parquet,MN,Upper Midwest,Upper Midwest,True,True,True,True,True,True,False,0,False,False,False,neither
241071,-86.3944593678,32.862588104,892086.530102604,1133082.67760513,Candidate lake ledger,EPSG:4326-compatible longitude/latitude; CRS not embedded in Parquet,AL,Southern Appalachians,Southern Appalachians,True,True,True,False,True,False,False,0,False,False,False,neither
241072,-85.9114160477,32.6957282151,938755.66170465,1119219.93590001,Candidate lake ledger,EPSG:4326-compatible longitude/latitude; CRS not embedded in Parquet,AL,Southern Appalachians,Southern Appalachians,True,True,True,False,True,False,False,0,False,False,False,neither
241074,-85.854342886,34.0326290495,928139.680201445,1268213.89510346,Candidate lake ledger,EPSG:4326-compatible longitude/latitude; CRS not embedded in Parquet,AL,Southern Appalachians,Southern Appalachians,True,True,True,False,True,False,False,0,False,False,False,neither
241075,-85.6318330974,33.2808293821,957559.491198819,1186928.70219499,Candidate lake ledger,EPSG:4326-compatible longitude/latitude; CRS not embedded in Parquet,AL,Southern Appalachians,Southern Appalachians,True,True,True,False,True,False,False,0,False,False,False,neither
2416,-93.9138351868,46.3943245133,160858.358502098,2602368.7117973,Candidate lake ledger,EPSG:4326-compatible longitude/latitude; CRS not embedded in Parquet,MN,Upper Midwest,Upper Midwest,True,True,True,False,True,False,False,0,False,False,False,neither
2419,-95.9310459103,45.0637215806,5424.51920380694,2452812.94989535,Candidate lake ledger,EPSG:4326-compatible longitude/latitude; CRS not embedded in Parquet,MN,Temporate Plains,Temperate Plains,True,True,True,False,True,False,False,0,True,True,True,Shared
2424,-93.3234694516,44.9818622812,210787.500901572,2446670.84980044,Candidate lake ledger,EPSG:4326-compatible longitude/latitude; CRS not embedded in Parquet,MN,Upper Midwest,Upper Midwest,True,True,True,True,True,True,False,0,True,False,False,Multi-horizon only
243039,-84.7000302857,34.0616119317,1032881.09699611,1283342.45600389,Candidate lake ledger,EPSG:4326-compatible longitude/latitude; CRS not embedded in Parquet,GA,Southern Appalachians,Southern Appalachians,True,True,True,False,True,False,False,0,False,False,False,neither
2431,-94.4675619989,46.9120059738,117241.668000439,2658897.26739618,Candidate lake ledger,EPSG:4326-compatible longitude/latitude; CRS not embedded in Parquet,MN,Upper Midwest,Upper Midwest,True,True,True,True,True,True,False,0,False,False,False,neither
24324,-94.6005219074,47.5948703969,105958.313601216,2734233.6596953,Candidate lake ledger,EPSG:4326-compatible longitude/latitude; CRS not embedded in Parquet,MN,Upper Midwest,Upper Midwest,True,True,True,False,True,False,False,0,False,False,False,neither
24325,-93.6228243874,44.8746610757,187515.743999434,2434116.58570164,Candidate lake ledger,EPSG:4326-compatible longitude/latitude; CRS not embedded in Parquet,MN,Upper Midwest,Upper Midwest,True,True,True,True,True,True,False,0,False,False,False,neither
244044,-86.514148763,32.9803065129,879698.889997574,1145036.76489499,Candidate lake ledger,EPSG:4326-compatible longitude/latitude; CRS not embedded in Parquet,AL,Southern Appalachians,Southern Appalachians,True,True,True,False,True,False,False,0,False,False,False,neither
244047,-88.1966689468,32.9151091216,724650.87129999,1123588.46269807,Candidate lake ledger,EPSG:4326-compatible longitude/latitude; CRS not embedded in Parquet,AL,Coastal Plains,Coastal Plains,True,True,True,False,True,False,False,0,True,False,False,Multi-horizon only
244048,-88.129712221,31.7561199391,741542.702997131,995338.25940438,Candidate lake ledger,EPSG:4326-compatible longitude/latitude; CRS not embedded in Parquet,AL,Coastal Plains,Coastal Plains,True,True,True,False,True,False,False,0,True,False,False,Multi-horizon only
244053,-87.8561644187,32.5154348781,760011.754598495,1081820.42480422,Candidate lake ledger,EPSG:4326-compatible longitude/latitude; CRS not embedded in Parquet,AL,Coastal Plains,Coastal Plains,True,True,True,False,True,False,False,0,False,False,False,neither
244056,-87.5940430504,33.3513623432,776170.80560239,1176866.70880252,Candidate lake ledger,EPSG:4326-compatible longitude/latitude; CRS not embedded in Parquet,AL,Coastal Plains,Coastal Plains,True,True,True,False,True,False,False,0,False,False,False,neither
244057,-87.3916331322,33.2924517951,795404.956102231,1171989.00100164,Candidate lake ledger,EPSG:4326-compatible longitude/latitude; CRS not embedded in Parquet,AL,Southern Appalachians,Southern Appalachians,True,True,True,False,True,False,False,0,False,False,False,neither
244745,-88.0259672332,32.5995141442,743416.885899262,1089820.45030141,Candidate lake ledger,EPSG:4326-compatible longitude/latitude; CRS not embedded in Parquet,AL,Coastal Plains,Coastal Plains,True,True,True,True,True,True,False,0,True,False,False,Multi-horizon only
245407,-88.7843120925,33.2793114881,667105.358401104,1159810.44829495,Candidate lake ledger,EPSG:4326-compatible longitude/latitude; CRS not embedded in Parquet,MS,Coastal Plains,Coastal Plains,True,True,True,False,True,False,False,0,True,False,False,Multi-horizon only
246088,-87.3595051411,33.4848723749,796414.471799237,1193656.50279967,Candidate lake ledger,EPSG:4326-compatible longitude/latitude; CRS not embedded in Parquet,AL,Southern Appalachians,Southern Appalachians,True,True,True,False,True,False,False,0,False,False,False,neither
24673,-93.0720048137,47.6640258926,221424.221096359,2744501.18120314,Candidate lake ledger,EPSG:4326-compatible longitude/latitude; CRS not embedded in Parquet,MN,Upper Midwest,Upper Midwest,True,True,True,True,True,True,False,0,False,False,False,neither
2468,-90.8966328747,48.1338816877,383026.167902195,2803209.08259841,Candidate lake ledger,EPSG:4326-compatible longitude/latitude; CRS not embedded in Parquet,MN,Upper Midwest,Upper Midwest,True,True,True,False,True,False,False,0,False,False,False,neither
2469,-93.757650419,45.3467474385,175643.375096979,2486362.33770124,Candidate lake ledger,EPSG:4326-compatible longitude/latitude; CRS not embedded in Parquet,MN,Upper Midwest,Upper Midwest,True,True,True,False,True,False,False,0,False,False,False,neither
24707,-93.1001890039,40.1966338657,244679.41429674,1912741.94720072,Candidate lake ledger,EPSG:4326-compatible longitude/latitude; CRS not embedded in Parquet,MO,Temporate Plains,Temperate Plains,True,True,True,True,True,True,False,0,True,True,True,Shared
247437,-88.375567815,33.3349255567,704318.036403493,1168950.3207039,Candidate lake ledger,EPSG:4326-compatible longitude/latitude; CRS not embedded in Parquet,MS,Coastal Plains,Coastal Plains,True,True,True,False,True,False,False,0,False,False,False,neither
247439,-88.3139872832,34.5747919961,698800.551497944,1307510.63289426,Candidate lake ledger,EPSG:4326-compatible longitude/latitude; CRS not embedded in Parquet,MS,Coastal Plains,Coastal Plains,True,True,True,False,True,False,False,0,False,False,False,neither
247444,-87.2311735888,33.6031228724,806992.807896541,1207891.20710033,Candidate lake ledger,EPSG:4326-compatible longitude/latitude; CRS not embedded in Parquet,AL,Southern Appalachians,Southern Appalachians,True,True,True,False,True,False,False,0,False,False,False,neither
247445,-87.1568377578,33.9972688361,809722.307101617,1252372.16099756,Candidate lake ledger,EPSG:4326-compatible longitude/latitude; CRS not embedded in Parquet,AL,Southern Appalachians,Southern Appalachians,True,True,True,False,True,False,False,0,False,False,False,neither
248116,-88.5080171983,33.5418852305,690288.256396123,1191017.42840493,Candidate lake ledger,EPSG:4326-compatible longitude/latitude; CRS not embedded in Parquet,MS,Coastal Plains,Coastal Plains,True,True,True,False,True,False,False,0,True,False,False,Multi-horizon only
248121,-87.5218106597,33.2263903091,784065.962697456,1163561.5408014,Candidate lake ledger,EPSG:4326-compatible longitude/latitude; CRS not embedded in Parquet,AL,Coastal Plains,Coastal Plains,True,True,True,False,True,False,False,0,False,False,False,neither
2483,-94.2552795357,45.0517629129,137271.381296643,2452740.5482048,Candidate lake ledger,EPSG:4326-compatible longitude/latitude; CRS not embedded in Parquet,MN,Upper Midwest,Upper Midwest,True,True,True,True,True,True,True,2,True,False,False,Multi-horizon only
2490,-93.614105061,44.1864254711,190127.959102023,2357492.13140432,Candidate lake ledger,EPSG:4326-compatible longitude/latitude; CRS not embedded in Parquet,MN,Upper Midwest,Upper Midwest,True,True,True,False,True,False,False,0,True,False,False,Multi-horizon only
249460,-88.7121325008,32.0344572142,684403.236603527,1021876.3413038,Candidate lake ledger,EPSG:4326-compatible longitude/latitude; CRS not embedded in Parquet,MS,Coastal Plains,Coastal Plains,True,True,True,False,True,False,False,0,True,False,False,Multi-horizon only
2498,-93.6460816207,46.2423943448,181917.377801017,2586008.29359803,Candidate lake ledger,EPSG:4326-compatible longitude/latitude; CRS not embedded in Parquet,MN,Upper Midwest,Upper Midwest,True,True,True,False,True,False,False,0,False,False,False,neither
2500,-92.4763367798,48.2897621181,263893.498600653,2814990.98330068,Candidate lake ledger,EPSG:4326-compatible longitude/latitude; CRS not embedded in Parquet,MN,Upper Midwest,Upper Midwest,True,True,True,False,True,False,False,0,False,False,False,neither
250875,-89.1394077646,30.8817946219,653603.74809847,890925.230604159,Candidate lake ledger,EPSG:4326-compatible longitude/latitude; CRS not embedded in Parquet,MS,Coastal Plains,Coastal Plains,True,True,True,False,True,False,False,0,True,False,False,Multi-horizon only
251,-92.8789632613,45.3676589863,244373.387803264,2490628.19300504,Candidate lake ledger,EPSG:4326-compatible longitude/latitude; CRS not embedded in Parquet,MN,Upper Midwest,Upper Midwest,True,True,True,True,True,True,False,0,True,False,False,Multi-horizon only
2511,-95.5518146112,47.3174346135,34079.0084982312,2702879.87459553,Candidate lake ledger,EPSG:4326-compatible longitude/latitude; CRS not embedded in Parquet,MN,Upper Midwest,Upper Midwest,True,True,True,True,True,True,False,0,False,False,False,neither
251755,-88.3281930932,30.7186186312,732191.272703929,878753.70000213,Candidate lake ledger,EPSG:4326-compatible longitude/latitude; CRS not embedded in Parquet,AL,Coastal Plains,Coastal Plains,True,True,True,False,True,False,False,0,False,False,False,neither
252717,-88.7946503146,32.4905099882,672818.299399721,1071975.06819571,Candidate lake ledger,EPSG:4326-compatible longitude/latitude; CRS not embedded in Parquet,MS,Coastal Plains,Coastal Plains,True,True,True,False,True,False,False,0,True,False,False,Multi-horizon only
2532,-93.04959127,44.9827960279,232346.670698701,2447413.25350447,Candidate lake ledger,EPSG:4326-compatible longitude/latitude; CRS not embedded in Parquet,MN,Upper Midwest,Upper Midwest,True,True,True,False,True,False,False,0,False,False,False,neither
25326,-93.5725623152,45.0053873517,191108.064796868,2448761.06440427,Candidate lake ledger,EPSG:4326-compatible longitude/latitude; CRS not embedded in Parquet,MN,Upper Midwest,Upper Midwest,True,True,True,False,True,False,False,0,False,False,False,neither
25348,-93.4303008765,45.0548335964,202156.660002353,2454555.40869856,Candidate lake ledger,EPSG:4326-compatible longitude/latitude; CRS not embedded in Parquet,MN,Upper Midwest,Upper Midwest,True,True,True,True,True,True,True,1,True,False,False,Multi-horizon only
25351,-94.9869645491,47.6570811956,76627.7767011478,2740731.49570464,Candidate lake ledger,EPSG:4326-compatible longitude/latitude; CRS not embedded in Parquet,MN,Upper Midwest,Upper Midwest,True,True,True,False,True,False,False,0,False,False,False,neither
2537,-73.051906937,43.3655252967,1833065.49760007,2485924.60860553,Candidate lake ledger,EPSG:4326-compatible longitude/latitude; CRS not embedded in Parquet,VT,Northern Appalachians,Northern Appalachians,True,True,True,True,True,True,False,0,False,False,False,neither
254047,-90.1576241121,32.2882802775,547111.463003478,1040732.08619806,Candidate lake ledger,EPSG:4326-compatible longitude/latitude; CRS not embedded in Parquet,MS,Coastal Plains,Coastal Plains,True,True,True,True,True,True,False,0,True,False,False,Multi-horizon only
25449,-92.8480755452,45.1642076324,247541.23789823,2468095.27280506,Candidate lake ledger,EPSG:4326-compatible longitude/latitude; CRS not embedded in Parquet,MN,Upper Midwest,Upper Midwest,True,True,True,True,True,True,False,0,True,False,False,Multi-horizon only
2545,-93.0156917028,45.1141275909,234556.609196967,2462102.05400329,Candidate lake ledger,EPSG:4326-compatible longitude/latitude; CRS not embedded in Parquet,MN,Upper Midwest,Upper Midwest,True,True,True,True,True,True,False,0,True,True,True,Shared
254722,-89.6485152016,30.5650110144,607527.99479782,852423.240402348,Candidate lake ledger,EPSG:4326-compatible longitude/latitude; CRS not embedded in Parquet,MS,Coastal Plains,Coastal Plains,True,True,True,True,True,True,False,0,True,False,False,Multi-horizon only
2549,-95.7815010141,46.7055652579,16769.886999658,2635112.6752945,Candidate lake ledger,EPSG:4326-compatible longitude/latitude; CRS not embedded in Parquet,MN,Upper Midwest,Upper Midwest,True,True,True,True,True,True,False,0,False,False,False,neither
2554,-92.4204949455,47.8644539926,269839.251398167,2768293.55949892,Candidate lake ledger,EPSG:4326-compatible longitude/latitude; CRS not embedded in Parquet,MN,Upper Midwest,Upper Midwest,True,True,True,False,True,False,False,0,False,False,False,neither
255758,-90.0026854825,32.4595778162,560397.304000886,1060695.85349845,Candidate lake ledger,EPSG:4326-compatible longitude/latitude; CRS not embedded in Parquet,MS,Coastal Plains,Coastal Plains,True,True,True,False,True,False,False,0,False,False,False,neither
256,-92.9366499782,45.3129026698,240054.382103491,2484396.22799683,Candidate lake ledger,EPSG:4326-compatible longitude/latitude; CRS not embedded in Parquet,MN,Upper Midwest,Upper Midwest,True,True,True,True,True,True,False,0,False,False,False,neither
2565,-94.2876274631,46.9419273023,130946.769403374,2662443.60269932,Candidate lake ledger,EPSG:4326-compatible longitude/latitude; CRS not embedded in Parquet,MN,Upper Midwest,Upper Midwest,True,True,True,False,True,False,False,0,False,False,False,neither
2572,-94.1182212062,45.3006062792,147505.472701223,2480620.01380552,Candidate lake ledger,EPSG:4326-compatible longitude/latitude; CRS not embedded in Parquet,MN,Upper Midwest,Upper Midwest,True,True,True,False,True,False,False,0,False,False,False,neither
2576,-94.0693419979,45.0723407148,151852.177502342,2455312.48669843,Candidate lake ledger,EPSG:4326-compatible longitude/latitude; CRS not embedded in Parquet,MN,Upper Midwest,Upper Midwest,True,True,True,True,True,True,True,2,True,False,False,Multi-horizon only
25760,-94.0297345968,40.3163502618,165982.331601311,1924141.29779679,Candidate lake ledger,EPSG:4326-compatible longitude/latitude; CRS not embedded in Parquet,MO,Temporate Plains,Temperate Plains,True,True,True,False,True,False,False,0,True,True,True,Shared
2578,-95.6789834293,44.1199492697,25608.9438023575,2347737.62980234,Candidate lake ledger,EPSG:4326-compatible longitude/latitude; CRS not embedded in Parquet,MN,Temporate Plains,Temperate Plains,True,True,True,True,True,True,False,0,True,True,True,Shared
257872,-86.3630549926,46.5284560368,740359.581001147,2653041.602801,Candidate lake ledger,EPSG:4326-compatible longitude/latitude; CRS not embedded in Parquet,MI,Upper Midwest,Upper Midwest,True,True,True,True,True,True,False,0,True,False,False,Multi-horizon only
2583,-93.0984943678,45.1526310051,227919.895997095,2466181.74979458,Candidate lake ledger,EPSG:4326-compatible longitude/latitude; CRS not embedded in Parquet,MN,Upper Midwest,Upper Midwest,True,True,True,True,True,True,True,1,True,True,True,Shared
2584,-93.9964212013,45.2083767291,157267.768096794,2470560.61069817,Candidate lake ledger,EPSG:4326-compatible longitude/latitude; CRS not embedded in Parquet,MN,Upper Midwest,Upper Midwest,True,True,True,True,True,True,True,2,False,False,False,neither
2588,-94.4854399755,45.6542501305,118096.913498403,2519407.35990329,Candidate lake ledger,EPSG:4326-compatible longitude/latitude; CRS not embedded in Parquet,MN,Upper Midwest,Upper Midwest,True,True,True,False,True,False,False,0,True,False,False,Multi-horizon only
2589,-94.5014808324,45.4228859059,117251.654899115,2493679.124295,Candidate lake ledger,EPSG:4326-compatible longitude/latitude; CRS not embedded in Parquet,MN,Upper Midwest,Upper Midwest,True,True,True,True,True,True,True,1,True,False,False,Multi-horizon only
259,-91.8381062133,47.7447426308,314294.600098973,2756883.7025997,Candidate lake ledger,EPSG:4326-compatible longitude/latitude; CRS not embedded in Parquet,MN,Upper Midwest,Upper Midwest,True,True,True,False,True,False,False,0,False,False,False,neither
259266,-80.8674000954,37.0435923411,1327693.3871996,1661572.16659782,Candidate lake ledger,EPSG:4326-compatible longitude/latitude; CRS not embedded in Parquet,VA,Southern Appalachians,Southern Appalachians,True,True,True,False,True,False,False,0,False,False,False,neither
259267,-80.6270740183,37.0451806422,1348567.50030297,1665131.80270435,Candidate lake ledger,EPSG:4326-compatible longitude/latitude; CRS not embedded in Parquet,VA,Southern Appalachians,Southern Appalachians,True,True,True,False,True,False,False,0,False,False,False,neither
2593,-95.2990367328,47.4908900207,53157.9979965821,2722164.14729658,Candidate lake ledger,EPSG:4326-compatible longitude/latitude; CRS not embedded in Parquet,MN,Upper Midwest,Upper Midwest,True,True,True,True,True,True,False,0,False,False,False,neither
259398,-81.2828418096,36.8662352545,1294604.87600233,1636212.65730179,Candidate lake ledger,EPSG:4326-compatible longitude/latitude; CRS not embedded in Parquet,VA,Southern Appalachians,Southern Appalachians,True,True,True,True,True,True,False,0,False,False,False,neither
2596,-94.7231524558,45.8873487791,99214.8212020209,2545021.33139634,Candidate lake ledger,EPSG:4326-compatible longitude/latitude; CRS not embedded in Parquet,MN,Upper Midwest,Upper Midwest,True,True,True,False,True,False,False,0,False,False,False,neither
259603,-82.370163263,37.2058971142,1194201.23819788,1659612.12250139,Candidate lake ledger,EPSG:4326-compatible longitude/latitude; CRS not embedded in Parquet,VA,Southern Appalachians,Southern Appalachians,True,True,True,True,True,True,False,0,False,False,False,neither
259618,-82.6376885689,37.1196317965,1172272.50839552,1646711.91860152,Candidate lake ledger,EPSG:4326-compatible longitude/latitude; CRS not embedded in Parquet,VA,Southern Appalachians,Southern Appalachians,True,True,True,False,True,False,False,0,False,False,False,neither
260,-91.7704767773,47.8915715609,318677.581200871,2773295.48959559,Candidate lake ledger,EPSG:4326-compatible longitude/latitude; CRS not embedded in Parquet,MN,Upper Midwest,Upper Midwest,True,True,True,True,True,True,False,0,False,False,False,neither
2604,-93.20844364,45.0675515626,219563.652798547,2456462.13120252,Candidate lake ledger,EPSG:4326-compatible longitude/latitude; CRS not embedded in Parquet,MN,Upper Midwest,Upper Midwest,True,True,True,True,True,True,True,1,True,True,True,Shared
2606,-93.7307696394,44.8804529924,178987.099003594,2434552.94019538,Candidate lake ledger,EPSG:4326-compatible longitude/latitude; CRS not embedded in Parquet,MN,Upper Midwest,Upper Midwest,True,True,True,True,True,True,True,3,True,True,True,Shared
2610,-93.3584772917,47.2136821245,201149.132501077,2694124.12639625,Candidate lake ledger,EPSG:4326-compatible longitude/latitude; CRS not embedded in Parquet,MN,Upper Midwest,Upper Midwest,True,True,True,False,True,False,False,0,False,False,False,neither
263,-93.4877792373,44.946274714,197955.243203293,2442358.52269639,Candidate lake ledger,EPSG:4326-compatible longitude/latitude; CRS not embedded in Parquet,MN,Upper Midwest,Upper Midwest,True,True,True,False,True,False,False,0,False,False,False,neither
26374,-94.184568071,46.6760534467,139389.238900373,2633155.85929623,Candidate lake ledger,EPSG:4326-compatible longitude/latitude; CRS not embedded in Parquet,MN,Upper Midwest,Upper Midwest,True,True,True,True,True,True,False,0,False,False,False,neither
26412,-93.0172651574,45.0697470135,234587.925996613,2457163.09350174,Candidate lake ledger,EPSG:4326-compatible longitude/latitude; CRS not embedded in Parquet,MN,Upper Midwest,Upper Midwest,True,True,True,False,True,False,False,0,True,True,True,Shared
26427,-94.6012193046,45.0590926367,110043.685097376,2453105.83029632,Candidate lake ledger,EPSG:4326-compatible longitude/latitude; CRS not embedded in Parquet,MN,Temporate Plains,Temperate Plains,True,True,True,True,True,True,True,1,True,True,True,Shared
2643,-72.9686402299,43.1045625149,1846579.75870051,2459243.78409496,Candidate lake ledger,EPSG:4326-compatible longitude/latitude; CRS not embedded in Parquet,VT,Northern Appalachians,Northern Appalachians,True,True,True,True,True,True,False,0,False,False,False,neither
2648,-93.6981086845,44.8333801995,181689.662397308,2429376.52690492,Candidate lake ledger,EPSG:4326-compatible longitude/latitude; CRS not embedded in Parquet,MN,Upper Midwest,Upper Midwest,True,True,True,False,True,False,False,0,True,True,True,Shared
2654,-94.1238763471,46.67000388,144061.795201751,2632576.36170071,Candidate lake ledger,EPSG:4326-compatible longitude/latitude; CRS not embedded in Parquet,MN,Upper Midwest,Upper Midwest,True,True,True,True,True,True,False,0,False,False,False,neither
2655,-92.1822713552,46.8941569413,292095.005299019,2661844.08200022,Candidate lake ledger,EPSG:4326-compatible longitude/latitude; CRS not embedded in Parquet,MN,Upper Midwest,Upper Midwest,True,True,True,False,True,False,False,0,False,False,False,neither
2660,-94.6009533484,46.2549504921,108108.876700583,2585943.63149642,Candidate lake ledger,EPSG:4326-compatible longitude/latitude; CRS not embedded in Parquet,MN,Upper Midwest,Upper Midwest,True,True,True,False,True,False,False,0,False,False,False,neither
2667,-95.3685828344,46.040825626,48950.8987030841,2561553.99239996,Candidate lake ledger,EPSG:4326-compatible longitude/latitude; CRS not embedded in Parquet,MN,Upper Midwest,Upper Midwest,True,True,True,True,True,True,False,0,False,False,False,neither
2670,-94.2906922306,46.5388548059,131515.308901094,2617806.09960195,Candidate lake ledger,EPSG:4326-compatible longitude/latitude; CRS not embedded in Parquet,MN,Upper Midwest,Upper Midwest,True,True,True,True,True,True,False,0,False,False,False,neither
26713,-95.3168224147,47.3768517272,51899.8193995325,2709553.54469821,Candidate lake ledger,EPSG:4326-compatible longitude/latitude; CRS not embedded in Parquet,MN,Upper Midwest,Upper Midwest,True,True,True,True,True,True,False,0,True,False,False,Multi-horizon only
2679,-94.7369087889,47.7293816975,95435.3449975716,2748939.15080498,Candidate lake ledger,EPSG:4326-compatible longitude/latitude; CRS not embedded in Parquet,MN,Upper Midwest,Upper Midwest,True,True,True,True,True,True,False,0,False,False,False,neither
2680,-92.9453564261,45.2529614809,239586.565699359,2477712.11440359,Candidate lake ledger,EPSG:4326-compatible longitude/latitude; CRS not embedded in Parquet,MN,Upper Midwest,Upper Midwest,True,True,True,True,True,True,False,0,False,False,False,neither
2686,-94.9891762334,45.0588545943,79524.3212013303,2452692.40699708,Candidate lake ledger,EPSG:4326-compatible longitude/latitude; CRS not embedded in Parquet,MN,Temporate Plains,Temperate Plains,True,True,True,False,True,False,False,0,True,True,True,Shared
2689,-94.3921170677,46.8705698063,123090.770599424,2654406.38290302,Candidate lake ledger,EPSG:4326-compatible longitude/latitude; CRS not embedded in Parquet,MN,Upper Midwest,Upper Midwest,True,True,True,True,True,True,False,0,False,False,False,neither
268931,-86.5268158608,36.0577671552,844282.920699301,1487321.78679608,Candidate lake ledger,EPSG:4326-compatible longitude/latitude; CRS not embedded in Parquet,TN,Southern Appalachians,Southern Appalachians,True,True,True,False,True,False,False,0,False,False,False,neither
2691,-95.6735761394,46.5318923756,25119.2301973587,2615894.8812982,Candidate lake ledger,EPSG:4326-compatible longitude/latitude; CRS not embedded in Parquet,MN,Upper Midwest,Upper Midwest,True,True,True,True,True,True,False,0,False,False,False,neither
269106,-85.8576825212,36.2936584433,900885.124698217,1519744.36569803,Candidate lake ledger,EPSG:4326-compatible longitude/latitude; CRS not embedded in Parquet,TN,Southern Appalachians,Southern Appalachians,True,True,True,False,True,False,False,0,False,False,False,neither
269108,-84.7583750467,36.9624313784,989255.118703242,1605125.26219952,Candidate lake ledger,EPSG:4326-compatible longitude/latitude; CRS not embedded in Parquet,KY,Southern Appalachians,Southern Appalachians,True,True,True,False,True,False,False,0,False,False,False,neither
2694,-94.3263623216,46.8918012261,128082.695902568,2656843.28289845,Candidate lake ledger,EPSG:4326-compatible longitude/latitude; CRS not embedded in Parquet,MN,Upper Midwest,Upper Midwest,True,True,True,True,True,True,False,0,False,False,False,neither
269459,-85.6883412041,35.8920986301,920738.193497899,1476656.74499531,Candidate lake ledger,EPSG:4326-compatible longitude/latitude; CRS not embedded in Parquet,TN,Southern Appalachians,Southern Appalachians,True,True,True,False,True,False,False,0,False,False,False,neither
269664,-84.6036867211,36.8793666248,1003916.12860211,1597506.38190244,Candidate lake ledger,EPSG:4326-compatible longitude/latitude; CRS not embedded in Parquet,KY,Southern Appalachians,Southern Appalachians,True,True,True,False,True,False,False,0,False,False,False,neither
269666,-84.2197578892,36.9636214598,1036399.13830122,1610998.01989867,Candidate lake ledger,EPSG:4326-compatible longitude/latitude; CRS not embedded in Parquet,KY,Southern Appalachians,Southern Appalachians,True,True,True,False,True,False,False,0,False,False,False,neither
270227,-86.2937224863,36.315659542,862040.703504001,1518150.7957984,Candidate lake ledger,EPSG:4326-compatible longitude/latitude; CRS not embedded in Parquet,TN,Southern Appalachians,Southern Appalachians,True,True,True,False,True,False,False,0,False,False,False,neither
270228,-85.1984680881,36.5022998208,956544.225902777,1549415.51899898,Candidate lake ledger,EPSG:4326-compatible longitude/latitude; CRS not embedded in Parquet,TN,Southern Appalachians,Southern Appalachians,True,True,True,False,True,False,False,0,False,False,False,neither
2703,-72.388688586,43.4845359866,1881696.79510089,2511775.98760519,Candidate lake ledger,EPSG:4326-compatible longitude/latitude; CRS not embedded in Parquet,VT,Northern Appalachians,Northern Appalachians,True,True,True,True,True,True,False,0,False,False,False,neither
2709,-93.059188194,45.1772902674,230921.639203414,2469018.30000187,Candidate lake ledger,EPSG:4326-compatible longitude/latitude; CRS not embedded in Parquet,MN,Upper Midwest,Upper Midwest,True,True,True,True,True,True,True,1,True,True,True,Shared
2713,-93.2669972424,44.7219132376,216065.753503736,2417872.87010558,Candidate lake ledger,EPSG:4326-compatible longitude/latitude; CRS not embedded in Parquet,MN,Upper Midwest,Upper Midwest,True,True,True,True,True,True,False,0,False,False,False,neither
2716,-92.6773482609,48.0842080724,249637.506500198,2791811.18220161,Candidate lake ledger,EPSG:4326-compatible longitude/latitude; CRS not embedded in Parquet,MN,Upper Midwest,Upper Midwest,True,True,True,False,True,False,False,0,True,False,False,Multi-horizon only
2718,-94.5321620834,45.4289566638,114840.769996436,2494316.41760312,Candidate lake ledger,EPSG:4326-compatible longitude/latitude; CRS not embedded in Parquet,MN,Upper Midwest,Upper Midwest,True,True,True,True,True,True,True,2,False,False,False,neither
272597,-81.804099405,36.961976844,1247503.5164035,1639844.38780039,Candidate lake ledger,EPSG:4326-compatible longitude/latitude; CRS not embedded in Parquet,VA,Southern Appalachians,Southern Appalachians,True,True,True,False,True,False,False,0,False,False,False,neither
272733,-82.0596209926,36.505607774,1232684.86070425,1585940.25080133,Candidate lake ledger,EPSG:4326-compatible longitude/latitude; CRS not embedded in Parquet,TN,Southern Appalachians,Southern Appalachians,True,True,True,False,True,False,False,0,False,False,False,neither
272820,-82.971531561,35.5270931634,1167547.72030033,1465947.19300158,Candidate lake ledger,EPSG:4326-compatible longitude/latitude; CRS not embedded in Parquet,NC,Southern Appalachians,Southern Appalachians,True,True,True,False,True,False,False,0,False,False,False,neither
272870,-82.6651225003,36.8450230675,1174184.91379969,1615906.90280462,Candidate lake ledger,EPSG:4326-compatible longitude/latitude; CRS not embedded in Parquet,VA,Southern Appalachians,Southern Appalachians,True,True,True,True,True,True,False,0,False,False,False,neither
273093,-82.079836544,36.8451406285,1225358.29390394,1623309.05900009,Candidate lake ledger,EPSG:4326-compatible longitude/latitude; CRS not embedded in Parquet,VA,Southern Appalachians,Southern Appalachians,True,True,True,True,True,True,False,0,False,False,False,neither
273270,-82.859884726,36.8482198685,1157096.26589799,1613872.72730331,Candidate lake ledger,EPSG:4326-compatible longitude/latitude; CRS not embedded in Parquet,VA,Southern Appalachians,Southern Appalachians,True,True,True,False,True,False,False,0,False,False,False,neither
273707,-84.2823909411,34.8423704116,1060128.25280251,1374605.66369788,Candidate lake ledger,EPSG:4326-compatible longitude/latitude; CRS not embedded in Parquet,GA,Southern Appalachians,Southern Appalachians,True,True,True,True,True,True,False,0,False,False,False,neither
273708,-83.7731908497,34.9896328465,1103834.20309641,1396747.69189753,Candidate lake ledger,EPSG:4326-compatible longitude/latitude; CRS not embedded in Parquet,NC,Southern Appalachians,Southern Appalachians,True,True,True,False,True,False,False,0,False,False,False,neither
273758,-84.0816785163,34.9182999832,1077130.32170337,1385291.42580595,Candidate lake ledger,EPSG:4326-compatible longitude/latitude; CRS not embedded in Parquet,GA,Southern Appalachians,Southern Appalachians,True,True,True,False,True,False,False,0,False,False,False,neither
2738,-94.1095697029,45.1854982236,148438.177096835,2467834.47659858,Candidate lake ledger,EPSG:4326-compatible longitude/latitude; CRS not embedded in Parquet,MN,Upper Midwest,Upper Midwest,True,True,True,True,True,True,False,0,True,False,False,Multi-horizon only
27410,-95.1720036389,47.293366073,62981.5987983712,2700413.16999867,Candidate lake ledger,EPSG:4326-compatible longitude/latitude; CRS not embedded in Parquet,MN,Upper Midwest,Upper Midwest,True,True,True,True,True,True,False,0,False,False,False,neither
2743,-96.0220747997,46.6997908338,-1694.39999913788,2634453.9957968,Candidate lake ledger,EPSG:4326-compatible longitude/latitude; CRS not embedded in Parquet,MN,Upper Midwest,Upper Midwest,True,True,True,True,True,True,False,0,False,False,False,neither
27432,-94.1128524257,45.3301448093,147861.037403157,2483912.19869894,Candidate lake ledger,EPSG:4326-compatible longitude/latitude; CRS not embedded in Parquet,MN,Upper Midwest,Upper Midwest,True,True,True,False,True,False,False,0,False,False,False,neither
2747,-93.4415613471,44.3700443717,203323.580499493,2378307.57680382,Candidate lake ledger,EPSG:4326-compatible longitude/latitude; CRS not embedded in Parquet,MN,Upper Midwest,Upper Midwest,True,True,True,False,True,False,False,0,True,False,False,Multi-horizon only
27482,-95.5148091302,45.663933677,37828.4131008082,2519638.64099737,Candidate lake ledger,EPSG:4326-compatible longitude/latitude; CRS not embedded in Parquet,MN,Upper Midwest,Upper Midwest,True,True,True,True,True,True,True,1,True,True,True,Shared
274828,-88.110317066,34.8986863709,714271.627600883,1345132.40620555,Candidate lake ledger,EPSG:4326-compatible longitude/latitude; CRS not embedded in Parquet,AL,Coastal Plains,Coastal Plains,True,True,True,False,True,False,False,0,True,False,False,Multi-horizon only
27495,-92.8337483782,44.9954942058,249291.297297244,2449372.54459906,Candidate lake ledger,EPSG:4326-compatible longitude/latitude; CRS not embedded in Parquet,MN,Upper Midwest,Upper Midwest,True,True,True,False,True,False,False,0,True,False,False,Multi-horizon only
2755,-94.0159930273,45.3830619105,155326.231602105,2489948.90980261,Candidate lake ledger,EPSG:4326-compatible longitude/latitude; CRS not embedded in Parquet,MN,Upper Midwest,Upper Midwest,True,True,True,True,True,True,True,3,True,False,False,Multi-horizon only
275864,-94.8716912647,47.5869368811,85438.8229018075,2733084.5032963,Candidate lake ledger,EPSG:4326-compatible longitude/latitude; CRS not embedded in Parquet,MN,Upper Midwest,Upper Midwest,True,True,True,True,True,True,False,0,False,False,False,neither
275892,-94.8844519741,47.4595809461,84637.7267978495,2719005.74230178,Candidate lake ledger,EPSG:4326-compatible longitude/latitude; CRS not embedded in Parquet,MN,Upper Midwest,Upper Midwest,True,True,True,True,True,True,False,0,False,False,False,neither
276567,-92.1292964193,41.3776850495,321175.770599491,2047816.53419525,Candidate lake ledger,EPSG:4326-compatible longitude/latitude; CRS not embedded in Parquet,IA,Temporate Plains,Temperate Plains,True,True,True,True,True,True,False,0,True,False,False,Multi-horizon only
27690,-95.7494619149,46.3628037224,19329.0366037147,2597133.74730473,Candidate lake ledger,EPSG:4326-compatible longitude/latitude; CRS not embedded in Parquet,MN,Upper Midwest,Upper Midwest,True,True,True,True,True,True,False,0,False,False,False,neither
27757,-94.3995544432,41.0639873208,133420.539797856,2007279.13149461,Candidate lake ledger,EPSG:4326-compatible longitude/latitude; CRS not embedded in Parquet,IA,Temporate Plains,Temperate Plains,True,True,True,True,True,True,True,2,True,True,True,Shared
2777,-94.286376762,45.4943352084,133937.568503425,2501904.09890464,Candidate lake ledger,EPSG:4326-compatible longitude/latitude; CRS not embedded in Parquet,MN,Upper Midwest,Upper Midwest,True,True,True,False,True,False,False,0,True,False,False,Multi-horizon only
2780,-95.2848432763,45.6931990927,55733.1918023219,2523002.87379751,Candidate lake ledger,EPSG:4326-compatible longitude/latitude; CRS not embedded in Parquet,MN,Upper Midwest,Upper Midwest,True,True,True,False,True,False,False,0,False,False,False,neither
2785,-93.1529148943,45.1387277261,223692.65779951,2464506.55580371,Candidate lake ledger,EPSG:4326-compatible longitude/latitude; CRS not embedded in Parquet,MN,Upper Midwest,Upper Midwest,True,True,True,True,True,True,False,0,True,False,False,Multi-horizon only
2787,-94.2817244873,45.274847073,134742.324997092,2477513.27679515,Candidate lake ledger,EPSG:4326-compatible longitude/latitude; CRS not embedded in Parquet,MN,Upper Midwest,Upper Midwest,True,True,True,True,True,True,True,1,True,True,True,Shared
2788,-94.5126246361,47.5020483727,112773.187803069,2724083.34960232,Candidate lake ledger,EPSG:4326-compatible longitude/latitude; CRS not embedded in Parquet,MN,Upper Midwest,Upper Midwest,True,True,True,True,True,True,False,0,False,False,False,neither
28018,-92.4101878332,47.1445294808,273619.37670252,2688849.00890083,Candidate lake ledger,EPSG:4326-compatible longitude/latitude; CRS not embedded in Parquet,MN,Upper Midwest,Upper Midwest,True,True,True,True,True,True,False,0,True,False,False,Multi-horizon only
2806,-93.952707871,46.7515918838,157008.687000568,2641882.35240087,Candidate lake ledger,EPSG:4326-compatible longitude/latitude; CRS not embedded in Parquet,MN,Upper Midwest,Upper Midwest,True,True,True,True,True,True,False,0,False,False,False,neither
2814,-92.7708551932,48.525414513,240963.910799801,2840138.23070413,Candidate lake ledger,EPSG:4326-compatible longitude/latitude; CRS not embedded in Parquet,MN,Upper Midwest,Upper Midwest,True,True,True,True,True,True,False,0,False,False,False,neither
2815,-93.7473264435,45.1507680597,176968.487401174,2464592.41669822,Candidate lake ledger,EPSG:4326-compatible longitude/latitude; CRS not embedded in Parquet,MN,Upper Midwest,Upper Midwest,True,True,True,True,True,True,False,0,False,False,False,neither
2822,-72.4309782263,43.6509456867,1873836.97810038,2528943.3930004,Candidate lake ledger,EPSG:4326-compatible longitude/latitude; CRS not embedded in Parquet,VT,Northern Appalachians,Northern Appalachians,True,True,True,False,True,False,False,0,False,False,False,neither
283,-93.0356442704,44.9947840961,233403.04500016,2448780.82829972,Candidate lake ledger,EPSG:4326-compatible longitude/latitude; CRS not embedded in Parquet,MN,Upper Midwest,Upper Midwest,True,True,True,True,True,True,True,1,True,False,False,Multi-horizon only
28356,-93.3324131958,44.8924525032,210362.613500254,2436704.15910367,Candidate lake ledger,EPSG:4326-compatible longitude/latitude; CRS not embedded in Parquet,MN,Upper Midwest,Upper Midwest,True,True,True,False,True,False,False,0,True,True,True,Shared
2837,-93.4489757034,47.0655938114,194699.100202852,2677561.88549468,Candidate lake ledger,EPSG:4326-compatible longitude/latitude; CRS not embedded in Parquet,MN,Upper Midwest,Upper Midwest,True,True,True,False,True,False,False,0,False,False,False,neither
28395,-93.2935805525,47.1236824962,206373.06239896,2684313.41560089,Candidate lake ledger,EPSG:4326-compatible longitude/latitude; CRS not embedded in Parquet,MN,Upper Midwest,Upper Midwest,True,True,True,True,True,True,False,0,False,False,False,neither
284015,-91.0062838297,32.4992985896,466482.076100119,1059695.53360502,Candidate lake ledger,EPSG:4326-compatible longitude/latitude; CRS not embedded in Parquet,LA,Coastal Plains,Coastal Plains,True,True,True,False,True,False,False,0,True,False,False,Multi-horizon only
2841,-94.3620854333,46.4997680218,126097.479100688,2613378.17069529,Candidate lake ledger,EPSG:4326-compatible longitude/latitude; CRS not embedded in Parquet,MN,Upper Midwest,Upper Midwest,True,True,True,False,True,False,False,0,True,False,False,Multi-horizon only
2842,-94.9269415511,44.9953551626,84500.0743004184,2445680.89609899,Candidate lake ledger,EPSG:4326-compatible longitude/latitude; CRS not embedded in Parquet,MN,Temporate Plains,Temperate Plains,True,True,True,True,True,True,False,0,True,True,True,Shared
28440,-92.9130023214,44.927901464,243297.85480157,2441648.95129802,Candidate lake ledger,EPSG:4326-compatible longitude/latitude; CRS not embedded in Parquet,MN,Upper Midwest,Upper Midwest,True,True,True,True,True,True,True,1,True,False,False,Multi-horizon only
28452,-93.1734944085,44.8034122484,223185.915700455,2427159.0790037,Candidate lake ledger,EPSG:4326-compatible longitude/latitude; CRS not embedded in Parquet,MN,Upper Midwest,Upper Midwest,True,True,True,True,True,True,False,0,False,True,False,Direct 60-day 60-day only
2846,-96.0502121051,46.4116960634,-3871.00879906014,2602529.97649592,Candidate lake ledger,EPSG:4326-compatible longitude/latitude; CRS not embedded in Parquet,MN,Upper Midwest,Upper Midwest,True,True,True,True,True,True,False,0,True,False,False,Multi-horizon only
284642,-89.6447065086,34.479624102,578724.121498777,1287952.34279864,Candidate lake ledger,EPSG:4326-compatible longitude/latitude; CRS not embedded in Parquet,MS,Coastal Plains,Coastal Plains,True,True,True,False,True,False,False,0,True,False,False,Multi-horizon only
28465,-93.5598085032,44.8767708903,192479.438598609,2434477.3402976,Candidate lake ledger,EPSG:4326-compatible longitude/latitude; CRS not embedded in Parquet,MN,Upper Midwest,Upper Midwest,True,True,True,True,True,True,True,2,True,True,True,Shared
28499,-92.8466338038,45.0844406915,247948.816098948,2459230.22389645,Candidate lake ledger,EPSG:4326-compatible longitude/latitude; CRS not embedded in Parquet,MN,Upper Midwest,Upper Midwest,True,True,True,False,True,False,False,0,True,True,True,Shared
286447,-91.0567423097,33.1001296489,458287.610298582,1126391.36719629,Candidate lake ledger,EPSG:4326-compatible longitude/latitude; CRS not embedded in Parquet,MS,Coastal Plains,Coastal Plains,True,True,True,False,True,False,False,0,True,False,False,Multi-horizon only
2867,-91.6310655046,47.7080955038,330104.889103198,2753544.4251948,Candidate lake ledger,EPSG:4326-compatible longitude/latitude; CRS not embedded in Parquet,MN,Upper Midwest,Upper Midwest,True,True,True,True,True,True,False,0,False,False,False,neither
287039,-89.7942909799,34.1506930597,567522.012200118,1250355.56080421,Candidate lake ledger,EPSG:4326-compatible longitude/latitude; CRS not embedded in Parquet,MS,Coastal Plains,Coastal Plains,True,True,True,True,True,True,False,0,True,False,False,Multi-horizon only
287040,-90.5157804011,34.4098292678,499947.819699339,1275219.46129644,Candidate lake ledger,EPSG:4326-compatible longitude/latitude; CRS not embedded in Parquet,MS,Coastal Plains,Coastal Plains,True,True,True,False,True,False,False,0,True,False,False,Multi-horizon only
287042,-90.064017783,34.7183556284,538925.723999273,1312130.15569545,Candidate lake ledger,EPSG:4326-compatible longitude/latitude; CRS not embedded in Parquet,MS,Coastal Plains,Coastal Plains,True,True,True,False,True,False,False,0,True,False,False,Multi-horizon only
28705,-96.1222193581,46.2475307577,-9445.68349738816,2584330.96759985,Candidate lake ledger,EPSG:4326-compatible longitude/latitude; CRS not embedded in Parquet,MN,Temporate Plains,Temperate Plains,True,True,True,False,True,False,False,0,True,True,True,Shared
28730,-95.7255480707,46.6151503222,21093.2134984798,2625107.8343053,Candidate lake ledger,EPSG:4326-compatible longitude/latitude; CRS not embedded in Parquet,MN,Upper Midwest,Upper Midwest,True,True,True,True,True,True,False,0,False,False,False,neither
28733,-96.0121494639,47.6803005659,-918.696399599775,2742886.73510031,Candidate lake ledger,EPSG:4326-compatible longitude/latitude; CRS not embedded in Parquet,MN,Temporate Plains,Temperate Plains,True,True,True,True,True,True,False,0,True,True,True,Shared
28740,-95.3981196487,47.6832264265,45509.5603967165,2743353.81449846,Candidate lake ledger,EPSG:4326-compatible longitude/latitude; CRS not embedded in Parquet,MN,Upper Midwest,Upper Midwest,True,True,True,False,True,False,False,0,False,False,False,neither
2876,-93.7710263116,44.8690840536,175842.092700929,2433212.65909562,Candidate lake ledger,EPSG:4326-compatible longitude/latitude; CRS not embedded in Parquet,MN,Upper Midwest,Upper Midwest,True,True,True,True,True,True,True,1,True,True,True,Shared
288233,-90.3687455119,33.0645727554,522236.470004798,1125978.05209513,Candidate lake ledger,EPSG:4326-compatible longitude/latitude; CRS not embedded in Parquet,MS,Coastal Plains,Coastal Plains,True,True,True,False,True,False,False,0,True,True,True,Shared
288235,-89.7211145619,33.8387401225,576506.169297333,1216008.16630496,Candidate lake ledger,EPSG:4326-compatible longitude/latitude; CRS not embedded in Parquet,MS,Coastal Plains,Coastal Plains,True,True,True,False,True,False,False,0,False,False,False,neither
28836,-93.671792251,39.0663318315,199562.490303959,1784789.34910309,Candidate lake ledger,EPSG:4326-compatible longitude/latitude; CRS not embedded in Parquet,MO,Temporate Plains,Temperate Plains,True,True,True,True,True,True,False,0,True,False,False,Multi-horizon only
2891,-94.0789914272,46.7721102592,147279.320400068,2643951.95929836,Candidate lake ledger,EPSG:4326-compatible longitude/latitude; CRS not embedded in Parquet,MN,Upper Midwest,Upper Midwest,True,True,True,True,True,True,False,0,False,False,False,neither
2895,-93.4987956192,46.6390397841,192140.404098756,2630252.72679667,Candidate lake ledger,EPSG:4326-compatible longitude/latitude; CRS not embedded in Parquet,MN,Upper Midwest,Upper Midwest,True,True,True,False,True,False,False,0,False,False,False,neither
2897,-95.0033406093,45.9061804635,77422.3587966126,2546851.57589763,Candidate lake ledger,EPSG:4326-compatible longitude/latitude; CRS not embedded in Parquet,MN,Upper Midwest,Upper Midwest,True,True,True,False,True,False,False,0,True,True,True,Shared
290083,-92.8583159056,34.8042850013,285048.260301675,1309617.41819601,Candidate lake ledger,EPSG:4326-compatible longitude/latitude; CRS not embedded in Parquet,AR,Southern Appalachians,Southern Appalachians,True,True,True,True,True,True,False,0,False,False,False,neither
2913,-94.0275229616,45.3080246741,154596.845103914,2481588.90389907,Candidate lake ledger,EPSG:4326-compatible longitude/latitude; CRS not embedded in Parquet,MN,Upper Midwest,Upper Midwest,True,True,True,False,True,False,False,0,True,False,False,Multi-horizon only
2919,-94.7515427912,45.8843907797,97013.2510969914,2544663.62869631,Candidate lake ledger,EPSG:4326-compatible longitude/latitude; CRS not embedded in Parquet,MN,Upper Midwest,Upper Midwest,True,True,True,False,True,False,False,0,True,False,False,Multi-horizon only
292666,-93.126377836,34.4342029743,261985.848997752,1267476.48319712,Candidate lake ledger,EPSG:4326-compatible longitude/latitude; CRS not embedded in Parquet,AR,Southern Appalachians,Southern Appalachians,True,True,True,False,True,False,False,0,False,False,False,neither
293295,-92.9586913059,34.452668343,277202.554602806,1270015.95059722,Candidate lake ledger,EPSG:4326-compatible longitude/latitude; CRS not embedded in Parquet,AR,Southern Appalachians,Southern Appalachians,True,True,True,False,True,False,False,0,False,False,False,neither
2934,-94.0718630752,46.2884703159,148913.137999386,2590376.14980432,Candidate lake ledger,EPSG:4326-compatible longitude/latitude; CRS not embedded in Parquet,MN,Upper Midwest,Upper Midwest,True,True,True,False,True,False,False,0,False,False,False,neither
2936,-93.6361785055,44.836608706,186567.914998643,2429855.80879982,Candidate lake ledger,EPSG:4326-compatible longitude/latitude; CRS not embedded in Parquet,MN,Upper Midwest,Upper Midwest,True,True,True,True,True,True,True,1,True,True,True,Shared
2939,-95.5271560215,45.8743290843,36749.5184967966,2543000.65940156,Candidate lake ledger,EPSG:4326-compatible longitude/latitude; CRS not embedded in Parquet,MN,Upper Midwest,Upper Midwest,True,True,True,False,True,False,False,0,False,False,False,neither
2948,-95.5142672511,43.8021885343,38930.1337994962,2312355.68879751,Candidate lake ledger,EPSG:4326-compatible longitude/latitude; CRS not embedded in Parquet,MN,Temporate Plains,Temperate Plains,True,True,True,True,True,True,True,1,True,True,True,Shared
29483,-94.3652253652,45.5508713132,127667.270297771,2508077.74349635,Candidate lake ledger,EPSG:4326-compatible longitude/latitude; CRS not embedded in Parquet,MN,Upper Midwest,Upper Midwest,True,True,True,True,True,True,False,0,True,False,False,Multi-horizon only
29505,-94.240067445,46.4783268085,135534.200398721,2611170.04879788,Candidate lake ledger,EPSG:4326-compatible longitude/latitude; CRS not embedded in Parquet,MN,Upper Midwest,Upper Midwest,True,True,True,True,True,True,False,0,False,False,False,neither
29507,-93.1391565419,44.8710764019,225669.763197392,2434769.17079801,Candidate lake ledger,EPSG:4326-compatible longitude/latitude; CRS not embedded in Parquet,MN,Upper Midwest,Upper Midwest,True,True,True,True,True,True,False,0,False,False,False,neither
2952,-93.3048659121,44.92182117,212441.688600657,2440032.93260459,Candidate lake ledger,EPSG:4326-compatible longitude/latitude; CRS not embedded in Parquet,MN,Upper Midwest,Upper Midwest,True,True,True,True,True,True,False,0,True,False,False,Multi-horizon only
2960,-93.6074285507,44.2304972948,190536.216597275,2362416.66090205,Candidate lake ledger,EPSG:4326-compatible longitude/latitude; CRS not embedded in Parquet,MN,Upper Midwest,Upper Midwest,True,True,True,True,True,True,True,2,True,False,False,Multi-horizon only
2961,-94.1761012029,46.5762014002,140251.550297007,2622107.73150309,Candidate lake ledger,EPSG:4326-compatible longitude/latitude; CRS not embedded in Parquet,MN,Upper Midwest,Upper Midwest,True,True,True,False,True,False,False,0,False,False,False,neither
2968,-93.0343255808,45.5806337994,231474.157099085,2513898.99710034,Candidate lake ledger,EPSG:4326-compatible longitude/latitude; CRS not embedded in Parquet,MN,Upper Midwest,Upper Midwest,True,True,True,True,True,True,False,0,False,False,False,neither
2978,-94.1603088171,46.5097220568,141608.386197425,2614765.4014976,Candidate lake ledger,EPSG:4326-compatible longitude/latitude; CRS not embedded in Parquet,MN,Upper Midwest,Upper Midwest,True,True,True,True,True,True,False,0,False,False,False,neither
297899,-90.6021225447,31.5067373403,510475.299396737,951349.041695455,Candidate lake ledger,EPSG:4326-compatible longitude/latitude; CRS not embedded in Parquet,MS,Coastal Plains,Coastal Plains,True,True,True,False,True,False,False,0,True,False,False,Multi-horizon only
2979,-92.102839889,47.8263853249,293944.849897598,2765038.64360474,Candidate lake ledger,EPSG:4326-compatible longitude/latitude; CRS not embedded in Parquet,MN,Upper Midwest,Upper Midwest,True,True,True,False,True,False,False,0,False,False,False,neither
2981,-93.3605574477,45.751173686,205492.219203818,2532086.6592001,Candidate lake ledger,EPSG:4326-compatible longitude/latitude; CRS not embedded in Parquet,MN,Upper Midwest,Upper Midwest,True,True,True,False,True,False,False,0,False,False,False,neither
2983,-94.6610001299,47.4562309603,101595.424903676,2718854.57920531,Candidate lake ledger,EPSG:4326-compatible longitude/latitude; CRS not embedded in Parquet,MN,Upper Midwest,Upper Midwest,True,True,True,True,True,True,False,0,False,False,False,neither
2987,-94.5487377087,46.9398513732,110984.619099609,2661881.50750399,Candidate lake ledger,EPSG:4326-compatible longitude/latitude; CRS not embedded in Parquet,MN,Upper Midwest,Upper Midwest,True,True,True,False,True,False,False,0,False,False,False,neither
299,-94.7803547334,47.5361130724,92426.7662978223,2727556.92360204,Candidate lake ledger,EPSG:4326-compatible longitude/latitude; CRS not embedded in Parquet,MN,Upper Midwest,Upper Midwest,True,True,True,True,True,True,False,0,False,False,False,neither
299391,-90.1255247224,30.184097263,564575.330004578,807263.630403096,Candidate lake ledger,EPSG:4326-compatible longitude/latitude; CRS not embedded in Parquet,LA,Coastal Plains,Coastal Plains,True,True,True,False,True,False,False,0,True,False,False,Multi-horizon only
2995,-95.5565182935,46.6347678765,34073.9077971317,2627330.31879922,Candidate lake ledger,EPSG:4326-compatible longitude/latitude; CRS not embedded in Parquet,MN,Upper Midwest,Upper Midwest,True,True,True,True,True,True,False,0,False,False,False,neither
3006,-93.5506445193,44.9411836117,193017.365796277,2441662.79729959,Candidate lake ledger,EPSG:4326-compatible longitude/latitude; CRS not embedded in Parquet,MN,Upper Midwest,Upper Midwest,True,True,True,False,True,False,False,0,False,False,False,neither
3012,-93.5480809552,47.2447811237,186625.630398269,2697174.8609998,Candidate lake ledger,EPSG:4326-compatible longitude/latitude; CRS not embedded in Parquet,MN,Upper Midwest,Upper Midwest,True,True,True,False,True,False,False,0,False,False,False,neither
3013,-94.8428758771,45.1810637003,90868.1124036789,2466418.000995,Candidate lake ledger,EPSG:4326-compatible longitude/latitude; CRS not embedded in Parquet,MN,Upper Midwest,Upper Midwest,True,True,True,True,True,True,False,0,True,True,True,Shared
3014,-94.4666022818,43.64004989,123184.666801475,2295159.417998,Candidate lake ledger,EPSG:4326-compatible longitude/latitude; CRS not embedded in Parquet,MN,Temporate Plains,Temperate Plains,True,True,True,True,True,True,True,3,True,True,True,Shared
3015,-94.8517954849,46.9914975234,87740.6339962419,2667279.88520319,Candidate lake ledger,EPSG:4326-compatible longitude/latitude; CRS not embedded in Parquet,MN,Upper Midwest,Upper Midwest,True,True,True,False,True,False,False,0,False,False,False,neither
3017,-95.3960807001,45.9185881004,46905.3671965271,2547972.12340506,Candidate lake ledger,EPSG:4326-compatible longitude/latitude; CRS not embedded in Parquet,MN,Upper Midwest,Upper Midwest,True,True,True,True,True,True,False,0,False,False,False,neither
3024,-92.8959950806,45.2474248611,243476.89350236,2477222.15770412,Candidate lake ledger,EPSG:4326-compatible longitude/latitude; CRS not embedded in Parquet,MN,Upper Midwest,Upper Midwest,True,True,True,True,True,True,False,0,True,False,False,Multi-horizon only
3028,-95.4909406713,46.8655710085,38975.4502996214,2652916.05160536,Candidate lake ledger,EPSG:4326-compatible longitude/latitude; CRS not embedded in Parquet,MN,Upper Midwest,Upper Midwest,True,True,True,True,True,True,False,0,False,False,False,neither
3039,-93.0515042325,47.6825316181,222910.66350349,2746591.2765999,Candidate lake ledger,EPSG:4326-compatible longitude/latitude; CRS not embedded in Parquet,MN,Upper Midwest,Upper Midwest,True,True,True,False,True,False,False,0,False,False,False,neither
3041,-93.6033239134,45.313174204,187823.432497132,2482925.58500137,Candidate lake ledger,EPSG:4326-compatible longitude/latitude; CRS not embedded in Parquet,MN,Upper Midwest,Upper Midwest,True,True,True,False,True,False,False,0,True,False,False,Multi-horizon only
3044,-95.5467595753,45.9890780173,35165.1841011301,2555731.83950297,Candidate lake ledger,EPSG:4326-compatible longitude/latitude; CRS not embedded in Parquet,MN,Upper Midwest,Upper Midwest,True,True,True,True,True,True,False,0,False,False,False,neither
30484,-93.9343673322,46.8207630673,158248.542199141,2649570.65190518,Candidate lake ledger,EPSG:4326-compatible longitude/latitude; CRS not embedded in Parquet,MN,Upper Midwest,Upper Midwest,True,True,True,True,True,True,False,0,False,False,False,neither
305,-95.4035447962,45.8742853754,46356.5223978373,2543049.85510469,Candidate lake ledger,EPSG:4326-compatible longitude/latitude; CRS not embedded in Parquet,MN,Upper Midwest,Upper Midwest,True,True,True,True,True,True,True,2,True,True,True,Shared
3053,-93.1703014934,45.043244942,222643.273003625,2453847.61490054,Candidate lake ledger,EPSG:4326-compatible longitude/latitude; CRS not embedded in Parquet,MN,Upper Midwest,Upper Midwest,True,True,True,True,True,True,False,0,False,False,False,neither
30544,-94.5334235037,47.5765509438,111069.344597044,2732287.29770464,Candidate lake ledger,EPSG:4326-compatible longitude/latitude; CRS not embedded in Parquet,MN,Upper Midwest,Upper Midwest,True,True,True,True,True,True,False,0,False,False,False,neither
3057,-93.9415340476,45.4951376409,160884.83739946,2502528.17129454,Candidate lake ledger,EPSG:4326-compatible longitude/latitude; CRS not embedded in Parquet,MN,Upper Midwest,Upper Midwest,True,True,True,True,True,True,True,1,True,False,False,Multi-horizon only
30606,-92.8994687909,45.1845645874,243432.571602176,2470225.63080169,Candidate lake ledger,EPSG:4326-compatible longitude/latitude; CRS not embedded in Parquet,MN,Upper Midwest,Upper Midwest,True,True,True,False,True,False,False,0,True,False,False,Multi-horizon only
3061,-86.0401340901,46.6381829733,763806.703496401,2667690.86160271,Candidate lake ledger,EPSG:4326-compatible longitude/latitude; CRS not embedded in Parquet,MI,Upper Midwest,Upper Midwest,True,True,True,False,True,False,False,0,False,False,False,neither
3064,-93.5234624774,44.590069322,196177.537500971,2402639.28829892,Candidate lake ledger,EPSG:4326-compatible longitude/latitude; CRS not embedded in Parquet,MN,Upper Midwest,Upper Midwest,True,True,True,True,True,True,True,2,True,True,True,Shared
3069,-94.1021893304,45.3219883147,148714.507299264,2483022.09329632,Candidate lake ledger,EPSG:4326-compatible longitude/latitude; CRS not embedded in Parquet,MN,Upper Midwest,Upper Midwest,True,True,True,True,True,True,False,0,False,False,False,neither
307,-93.7845825538,44.7746983654,175017.771296028,2422683.1275054,Candidate lake ledger,EPSG:4326-compatible longitude/latitude; CRS not embedded in Parquet,MN,Upper Midwest,Upper Midwest,True,True,True,True,True,True,True,4,True,True,True,Shared
3071,-92.7570787729,46.378675097,250083.373301343,2603135.35849815,Candidate lake ledger,EPSG:4326-compatible longitude/latitude; CRS not embedded in Parquet,MN,Upper Midwest,Upper Midwest,True,True,True,False,True,False,False,0,False,False,False,neither
3075,-92.1451877908,48.1361275509,289367.298396676,2799039.30189695,Candidate lake ledger,EPSG:4326-compatible longitude/latitude; CRS not embedded in Parquet,MN,Upper Midwest,Upper Midwest,True,True,True,True,True,True,False,0,False,False,False,neither
3076,-93.3218405029,45.0401596319,210732.963900342,2453158.9364991,Candidate lake ledger,EPSG:4326-compatible longitude/latitude; CRS not embedded in Parquet,MN,Upper Midwest,Upper Midwest,True,True,True,False,True,False,False,0,False,False,False,neither
3077,-94.2788305236,45.1332737597,135254.406396627,2461773.65370407,Candidate lake ledger,EPSG:4326-compatible longitude/latitude; CRS not embedded in Parquet,MN,Upper Midwest,Upper Midwest,True,True,True,True,True,True,False,0,True,False,False,Multi-horizon only
3078,-94.164814619,45.3020935696,143850.458797121,2480713.94089454,Candidate lake ledger,EPSG:4326-compatible longitude/latitude; CRS not embedded in Parquet,MN,Upper Midwest,Upper Midwest,True,True,True,True,True,True,False,0,False,False,False,neither
3089,-92.319685156,47.5303901819,278862.860000073,2731732.04650004,Candidate lake ledger,EPSG:4326-compatible longitude/latitude; CRS not embedded in Parquet,MN,Upper Midwest,Upper Midwest,True,True,True,False,True,False,False,0,False,False,False,neither
30918,-94.0666011953,39.9266009568,163765.314303081,1880419.22660459,Candidate lake ledger,EPSG:4326-compatible longitude/latitude; CRS not embedded in Parquet,MO,Temporate Plains,Temperate Plains,True,True,True,False,True,False,False,0,False,False,False,neither
3092,-93.4124145528,44.7329110422,204538.932698508,2418775.17049802,Candidate lake ledger,EPSG:4326-compatible longitude/latitude; CRS not embedded in Parquet,MN,Upper Midwest,Upper Midwest,True,True,True,True,True,True,True,1,False,False,False,neither
3103,-90.5915561217,47.7656923519,408209.133704025,2763931.72699508,Candidate lake ledger,EPSG:4326-compatible longitude/latitude; CRS not embedded in Parquet,MN,Upper Midwest,Upper Midwest,True,True,True,True,True,True,False,0,False,False,False,neither
310696,-102.770476564,48.9863144806,-501286.386596501,2904583.08860218,Candidate lake ledger,EPSG:4326-compatible longitude/latitude; CRS not embedded in Parquet,ND,Temporate Plains,Temperate Plains,True,True,True,False,True,False,False,0,True,False,False,Multi-horizon only
3110,-96.1318877646,46.7785829664,-10111.223001102,2643187.14670293,Candidate lake ledger,EPSG:4326-compatible longitude/latitude; CRS not embedded in Parquet,MN,Upper Midwest,Upper Midwest,True,True,True,True,True,True,False,0,False,False,False,neither
311086,-102.088939243,48.8403550995,-451925.121389201,2885164.18159913,Candidate lake ledger,EPSG:4326-compatible longitude/latitude; CRS not embedded in Parquet,ND,Temporate Plains,Temperate Plains,True,True,True,False,True,False,False,0,True,True,True,Shared
3113,-95.3409545635,45.8760793316,51219.5821990709,2543281.16859688,Candidate lake ledger,EPSG:4326-compatible longitude/latitude; CRS not embedded in Parquet,MN,Upper Midwest,Upper Midwest,True,True,True,True,True,True,False,0,False,False,False,neither
3116,-92.9918519674,46.6613535979,230993.241996232,2633852.24470024,Candidate lake ledger,EPSG:4326-compatible longitude/latitude; CRS not embedded in Parquet,MN,Upper Midwest,Upper Midwest,True,True,True,False,True,False,False,0,False,False,False,neither
3117,-94.0506672377,46.7569324228,149485.043700107,2642315.70010436,Candidate lake ledger,EPSG:4326-compatible longitude/latitude; CRS not embedded in Parquet,MN,Upper Midwest,Upper Midwest,True,True,True,True,True,True,False,0,False,False,False,neither
3118,-93.1088188327,47.5972664827,218865.328999582,2737047.58969758,Candidate lake ledger,EPSG:4326-compatible longitude/latitude; CRS not embedded in Parquet,MN,Upper Midwest,Upper Midwest,True,True,True,False,True,False,False,0,True,False,False,Multi-horizon only
3119,-94.5637538839,47.3553514794,109141.831301951,2707815.4384954,Candidate lake ledger,EPSG:4326-compatible longitude/latitude; CRS not embedded in Parquet,MN,Upper Midwest,Upper Midwest,True,True,True,True,True,True,False,0,False,False,False,neither
311910,-102.274623479,48.9201365089,-465108.547929515,2894808.83510363,Candidate lake ledger,EPSG:4326-compatible longitude/latitude; CRS not embedded in Parquet,ND,Temporate Plains,Temperate Plains,True,True,True,True,True,True,False,0,True,True,True,Shared
31198,-92.6709636724,46.6878554019,255521.582297736,2637607.69730121,Candidate lake ledger,EPSG:4326-compatible longitude/latitude; CRS not embedded in Parquet,MN,Upper Midwest,Upper Midwest,True,True,True,False,True,False,False,0,True,False,False,Multi-horizon only
3122,-93.5434936435,44.894327155,193715.542903824,2436463.98890345,Candidate lake ledger,EPSG:4326-compatible longitude/latitude; CRS not embedded in Parquet,MN,Upper Midwest,Upper Midwest,True,True,True,False,True,False,False,0,False,False,False,neither
312676,-101.576841272,48.4670655303,-416370.635727513,2841842.31319942,Candidate lake ledger,EPSG:4326-compatible longitude/latitude; CRS not embedded in Parquet,ND,Temporate Plains,Temperate Plains,True,True,True,True,True,True,False,0,True,True,True,Shared
312677,-100.932777544,48.8570563448,-366104.922568971,2882020.61169954,Candidate lake ledger,EPSG:4326-compatible longitude/latitude; CRS not embedded in Parquet,ND,Temporate Plains,Temperate Plains,True,True,True,False,True,False,False,0,True,True,True,Shared
313874,-99.8363558938,48.9678558837,-284289.009599023,2890430.22439553,Candidate lake ledger,EPSG:4326-compatible longitude/latitude; CRS not embedded in Parquet,ND,Temporate Plains,Temperate Plains,True,True,True,True,True,True,False,0,False,False,False,neither
3140,-92.981344989,44.952657609,237825.84319602,2444229.73140271,Candidate lake ledger,EPSG:4326-compatible longitude/latitude; CRS not embedded in Parquet,MN,Upper Midwest,Upper Midwest,True,True,True,True,True,True,False,0,False,False,False,neither
314255,-98.9730662931,48.2811275907,-222702.751801729,2812630.78990156,Candidate lake ledger,EPSG:4326-compatible longitude/latitude; CRS not embedded in Parquet,ND,Temporate Plains,Temperate Plains,True,True,True,False,True,False,False,0,True,True,True,Shared
314256,-98.9975048405,48.0463243041,-225348.822597062,2786824.32670232,Candidate lake ledger,EPSG:4326-compatible longitude/latitude; CRS not embedded in Parquet,ND,Temporate Plains,Temperate Plains,True,True,True,False,True,False,False,0,True,False,False,Multi-horizon only
314257,-98.6404446254,47.9699639321,-198746.763296628,2777610.9503958,Candidate lake ledger,EPSG:4326-compatible longitude/latitude; CRS not embedded in Parquet,ND,Temporate Plains,Temperate Plains,True,True,True,False,True,False,False,0,True,False,False,Multi-horizon only
314507,-98.0378573251,46.683108387,-156447.875301346,2634283.39169947,Candidate lake ledger,EPSG:4326-compatible longitude/latitude; CRS not embedded in Parquet,ND,Temporate Plains,Temperate Plains,True,True,True,False,True,False,False,0,True,False,False,Multi-horizon only
314560,-97.6380451248,47.5678987464,-124070.559300211,2731543.95879862,Candidate lake ledger,EPSG:4326-compatible longitude/latitude; CRS not embedded in Parquet,ND,Temporate Plains,Temperate Plains,True,True,True,False,True,False,False,0,True,True,True,Shared
314644,-97.755531451,48.7760525641,-130509.054397082,2864818.46620223,Candidate lake ledger,EPSG:4326-compatible longitude/latitude; CRS not embedded in Parquet,ND,Temporate Plains,Temperate Plains,True,True,True,True,True,True,False,0,True,True,True,Shared
3148,-93.2574893717,46.7031082288,210467.641396216,2637858.34349883,Candidate lake ledger,EPSG:4326-compatible longitude/latitude; CRS not embedded in Parquet,MN,Upper Midwest,Upper Midwest,True,True,True,False,True,False,False,0,False,False,False,neither
3149,-94.5848099704,44.1305937038,112874.479998994,2349721.56829571,Candidate lake ledger,EPSG:4326-compatible longitude/latitude; CRS not embedded in Parquet,MN,Temporate Plains,Temperate Plains,True,True,True,False,True,False,False,0,True,True,True,Shared
314992,-99.1122441885,48.3474040148,-232885.451800598,2820260.52539563,Candidate lake ledger,EPSG:4326-compatible longitude/latitude; CRS not embedded in Parquet,ND,Temporate Plains,Temperate Plains,True,True,True,False,True,False,False,0,True,True,True,Shared
314996,-98.3612819856,47.8773896131,-177992.416896425,2766849.64480164,Candidate lake ledger,EPSG:4326-compatible longitude/latitude; CRS not embedded in Parquet,ND,Temporate Plains,Temperate Plains,True,True,True,False,True,False,False,0,False,False,False,neither
315,-93.9880028864,46.861998827,154043.483301744,2654046.92200237,Candidate lake ledger,EPSG:4326-compatible longitude/latitude; CRS not embedded in Parquet,MN,Upper Midwest,Upper Midwest,True,True,True,False,True,False,False,0,False,False,False,neither
3150,-95.0641971379,46.9569528384,71548.0824987724,2663279.09029971,Candidate lake ledger,EPSG:4326-compatible longitude/latitude; CRS not embedded in Parquet,MN,Upper Midwest,Upper Midwest,True,True,True,False,True,False,False,0,False,False,False,neither
315317,-97.4210528475,47.0990865946,-108411.077303495,2679464.38590192,Candidate lake ledger,EPSG:4326-compatible longitude/latitude; CRS not embedded in Parquet,ND,Temporate Plains,Temperate Plains,True,True,True,False,True,False,False,0,True,True,True,Shared
315375,-97.9895196506,47.1706786499,-151607.79260176,2688159.67439899,Candidate lake ledger,EPSG:4326-compatible longitude/latitude; CRS not embedded in Parquet,ND,Temporate Plains,Temperate Plains,True,True,True,False,True,False,False,0,True,False,False,Multi-horizon only
31567,-93.4332080456,45.0392847838,201974.732400864,2452819.80919603,Candidate lake ledger,EPSG:4326-compatible longitude/latitude; CRS not embedded in Parquet,MN,Upper Midwest,Upper Midwest,True,True,True,True,True,True,True,1,False,False,False,neither
315713,-96.8384454966,46.2670028974,-64779.1117991558,2586770.35229966,Candidate lake ledger,EPSG:4326-compatible longitude/latitude; CRS not embedded in Parquet,ND,Temporate Plains,Temperate Plains,True,True,True,False,True,False,False,0,True,True,True,Shared
315747,-98.4398467758,47.9068401052,-183829.913700263,2770247.10919712,Candidate lake ledger,EPSG:4326-compatible longitude/latitude; CRS not embedded in Parquet,ND,Temporate Plains,Temperate Plains,True,True,True,True,True,True,False,0,True,True,True,Shared
316,-91.7462138543,47.9467490507,320232.13010249,2779457.49009714,Candidate lake ledger,EPSG:4326-compatible longitude/latitude; CRS not embedded in Parquet,MN,Upper Midwest,Upper Midwest,True,True,True,False,True,False,False,0,False,False,False,neither
3160,-95.3761556823,45.902162458,48464.8577997091,2546158.57420461,Candidate lake ledger,EPSG:4326-compatible longitude/latitude; CRS not embedded in Parquet,MN,Upper Midwest,Upper Midwest,True,True,True,True,True,True,False,0,False,False,False,neither
31602,-94.9672329052,46.9255791142,78999.0728026602,2659883.62139841,Candidate lake ledger,EPSG:4326-compatible longitude/latitude; CRS not embedded in Parquet,MN,Upper Midwest,Upper Midwest,True,True,True,False,True,False,False,0,True,True,True,Shared
316078,-96.9315901953,46.0454086338,-72216.3361974455,2562253.95729961,Candidate lake ledger,EPSG:4326-compatible longitude/latitude; CRS not embedded in Parquet,ND,Temporate Plains,Temperate Plains,True,True,True,False,True,False,False,0,True,True,True,Shared
3163,-93.4168019327,43.9030026575,206705.932800618,2326311.31899465,Candidate lake ledger,EPSG:4326-compatible longitude/latitude; CRS not embedded in Parquet,MN,Temporate Plains,Temperate Plains,True,True,True,False,True,False,False,0,True,True,True,Shared
31636,-95.0095672415,45.2285377495,77723.4456964952,2471550.04139711,Candidate lake ledger,EPSG:4326-compatible longitude/latitude; CRS not embedded in Parquet,MN,Upper Midwest,Upper Midwest,True,True,True,False,True,False,False,0,True,True,True,Shared
316492,-98.8319946263,48.2473954655,-212249.459698211,2808593.62189558,Candidate lake ledger,EPSG:4326-compatible longitude/latitude; CRS not embedded in Parquet,ND,Temporate Plains,Temperate Plains,True,True,True,False,True,False,False,0,True,True,True,Shared
316495,-98.2609540962,48.1051890869,-169833.593096737,2791779.91129815,Candidate lake ledger,EPSG:4326-compatible longitude/latitude; CRS not embedded in Parquet,ND,Temporate Plains,Temperate Plains,True,True,True,False,True,False,False,0,True,True,True,Shared
316501,-97.942572057,48.2237132901,-145654.661201651,2804310.36529824,Candidate lake ledger,EPSG:4326-compatible longitude/latitude; CRS not embedded in Parquet,ND,Temporate Plains,Temperate Plains,True,True,True,False,True,False,False,0,True,False,False,Multi-horizon only
316709,-98.159330775,46.8573950184,-165333.418300987,2653784.93140062,Candidate lake ledger,EPSG:4326-compatible longitude/latitude; CRS not embedded in Parquet,ND,Temporate Plains,Temperate Plains,True,True,True,False,True,False,False,0,True,True,True,Shared
316751,-97.796345337,48.4047729157,-134314.960497965,2824033.50980333,Candidate lake ledger,EPSG:4326-compatible longitude/latitude; CRS not embedded in Parquet,ND,Temporate Plains,Temperate Plains,True,True,True,True,True,True,False,0,True,True,True,Shared
317,-95.6918504261,46.1708190778,23842.7969992426,2575854.11950053,Candidate lake ledger,EPSG:4326-compatible longitude/latitude; CRS not embedded in Parquet,MN,Upper Midwest,Upper Midwest,True,True,True,False,True,False,False,0,False,False,False,neither
3173,-95.0007841008,45.1846909987,78463.9459006602,2466680.75569927,Candidate lake ledger,EPSG:4326-compatible longitude/latitude; CRS not embedded in Parquet,MN,Upper Midwest,Upper Midwest,True,True,True,False,True,False,False,0,False,False,False,neither
3177,-93.3301198918,45.8239960491,207634.115697577,2540237.14310521,Candidate lake ledger,EPSG:4326-compatible longitude/latitude; CRS not embedded in Parquet,MN,Upper Midwest,Upper Midwest,True,True,True,False,True,False,False,0,True,True,True,Shared
3186,-95.8052014071,46.4270433193,15014.137696462,2604245.72740081,Candidate lake ledger,EPSG:4326-compatible longitude/latitude; CRS not embedded in Parquet,MN,Upper Midwest,Upper Midwest,True,True,True,True,True,True,False,0,False,False,False,neither
3196,-94.1848991104,46.3902972498,139968.633102589,2601493.28420496,Candidate lake ledger,EPSG:4326-compatible longitude/latitude; CRS not embedded in Parquet,MN,Upper Midwest,Upper Midwest,True,True,True,True,True,True,False,0,False,False,False,neither
31964,-96.1303981745,41.3149478346,-10832.553001255,2034259.52739589,Candidate lake ledger,EPSG:4326-compatible longitude/latitude; CRS not embedded in Parquet,NE,Temporate Plains,Temperate Plains,True,True,True,False,True,False,False,0,True,False,False,Multi-horizon only
3197,-95.9482226601,46.708198832,3973.77650047026,2635386.18040113,Candidate lake ledger,EPSG:4326-compatible longitude/latitude; CRS not embedded in Parquet,MN,Upper Midwest,Upper Midwest,True,True,True,True,True,True,False,0,False,False,False,neither
3198,-94.4669408385,43.6510495233,123137.671200837,2296386.27199862,Candidate lake ledger,EPSG:4326-compatible longitude/latitude; CRS not embedded in Parquet,MN,Temporate Plains,Temperate Plains,True,True,True,True,True,True,True,3,True,True,True,Shared
320269,-106.744039764,47.7353949267,-810007.845526286,2794805.49279936,Candidate lake ledger,EPSG:4326-compatible longitude/latitude; CRS not embedded in Parquet,MT,Northern Plains,Northern Plains,True,True,True,False,True,False,False,0,False,False,False,neither
3205,-93.4048787859,47.2597510551,197477.507699961,2699118.85870079,Candidate lake ledger,EPSG:4326-compatible longitude/latitude; CRS not embedded in Parquet,MN,Upper Midwest,Upper Midwest,True,True,True,False,True,False,False,0,False,False,False,neither
3208,-93.6326025096,44.8860406665,186713.037996556,2435363.58950016,Candidate lake ledger,EPSG:4326-compatible longitude/latitude; CRS not embedded in Parquet,MN,Upper Midwest,Upper Midwest,True,True,True,False,True,False,False,0,False,False,False,neither
3209,-92.9436208357,45.0169609368,240566.836598574,2451476.83199898,Candidate lake ledger,EPSG:4326-compatible longitude/latitude; CRS not embedded in Parquet,MN,Upper Midwest,Upper Midwest,True,True,True,True,True,True,False,0,True,False,False,Multi-horizon only
3214,-94.7578080254,47.1596555296,94679.1758037189,2685972.30170188,Candidate lake ledger,EPSG:4326-compatible longitude/latitude; CRS not embedded in Parquet,MN,Upper Midwest,Upper Midwest,True,True,True,True,True,True,False,0,False,False,False,neither
3215,-95.9512690775,46.4324891122,3755.6377973246,2604835.00030463,Candidate lake ledger,EPSG:4326-compatible longitude/latitude; CRS not embedded in Parquet,MN,Upper Midwest,Upper Midwest,True,True,True,False,True,False,False,0,False,False,False,neither
3216,-95.3479839516,45.4530928721,50995.682201774,2496287.39039636,Candidate lake ledger,EPSG:4326-compatible longitude/latitude; CRS not embedded in Parquet,MN,Upper Midwest,Upper Midwest,True,True,True,False,True,False,False,0,False,False,False,neither
3238,-95.4428696316,45.7016916895,43412.6012004414,2523863.81530218,Candidate lake ledger,EPSG:4326-compatible longitude/latitude; CRS not embedded in Parquet,MN,Upper Midwest,Upper Midwest,True,True,True,True,True,True,True,3,True,True,True,Shared
3244,-95.3743622041,45.8944446445,48609.8274995371,2545302.64389744,Candidate lake ledger,EPSG:4326-compatible longitude/latitude; CRS not embedded in Parquet,MN,Upper Midwest,Upper Midwest,True,True,True,True,True,True,False,0,False,False,False,neither
3260,-90.4284871616,48.0662013026,418560.770501942,2797734.56109884,Candidate lake ledger,EPSG:4326-compatible longitude/latitude; CRS not embedded in Parquet,MN,Upper Midwest,Upper Midwest,True,True,True,True,True,True,False,0,False,False,False,neither
32606,-93.8572168651,46.2623784806,165553.185701651,2587838.19949898,Candidate lake ledger,EPSG:4326-compatible longitude/latitude; CRS not embedded in Parquet,MN,Upper Midwest,Upper Midwest,True,True,True,False,True,False,False,0,False,False,False,neither
32609,-94.9436109465,45.2113075468,82920.4099983092,2469689.56459597,Candidate lake ledger,EPSG:4326-compatible longitude/latitude; CRS not embedded in Parquet,MN,Upper Midwest,Upper Midwest,True,True,True,True,True,True,False,0,True,False,False,Multi-horizon only
32612,-94.1653811061,46.4549244975,141335.245603198,2608685.31060294,Candidate lake ledger,EPSG:4326-compatible longitude/latitude; CRS not embedded in Parquet,MN,Upper Midwest,Upper Midwest,True,True,True,True,True,True,False,0,True,True,True,Shared
32638,-93.387485657,45.0608744457,205505.590899996,2455319.11299626,Candidate lake ledger,EPSG:4326-compatible longitude/latitude; CRS not embedded in Parquet,MN,Upper Midwest,Upper Midwest,True,True,True,True,True,True,False,0,True,True,True,Shared
3264,-92.9685690954,45.1793557966,238027.62610227,2469471.52070373,Candidate lake ledger,EPSG:4326-compatible longitude/latitude; CRS not embedded in Parquet,MN,Upper Midwest,Upper Midwest,True,True,True,False,True,False,False,0,True,True,True,Shared
32704,-92.9049577846,44.961435308,243810.126596796,2445399.65800024,Candidate lake ledger,EPSG:4326-compatible longitude/latitude; CRS not embedded in Parquet,MN,Upper Midwest,Upper Midwest,True,True,True,True,True,True,True,1,True,True,True,Shared
3277,-93.6710320717,47.1570119732,177507.080599651,2687236.30990064,Candidate lake ledger,EPSG:4326-compatible longitude/latitude; CRS not embedded in Parquet,MN,Upper Midwest,Upper Midwest,True,True,True,True,True,True,False,0,False,False,False,neither
328,-93.9006148564,44.195459596,167278.197000286,2357960.16520142,Candidate lake ledger,EPSG:4326-compatible longitude/latitude; CRS not embedded in Parquet,MN,Upper Midwest,Upper Midwest,True,True,True,False,True,False,False,0,True,False,False,Multi-horizon only
3289,-93.9086951689,46.3664340456,161322.670298124,2599285.89729498,Candidate lake ledger,EPSG:4326-compatible longitude/latitude; CRS not embedded in Parquet,MN,Upper Midwest,Upper Midwest,True,True,True,True,True,True,False,0,False,False,False,neither
3295,-94.5248575199,45.3874597316,115483.822601495,2489712.71249821,Candidate lake ledger,EPSG:4326-compatible longitude/latitude; CRS not embedded in Parquet,MN,Upper Midwest,Upper Midwest,True,True,True,True,True,True,True,1,True,True,True,Shared
3299,-93.1286885564,44.7844966494,226786.414596145,2425160.20939999,Candidate lake ledger,EPSG:4326-compatible longitude/latitude; CRS not embedded in Parquet,MN,Upper Midwest,Upper Midwest,True,True,True,True,True,True,False,0,False,False,False,neither
329969,-102.640918232,48.5512814719,-495049.180904761,2856194.56119823,Candidate lake ledger,EPSG:4326-compatible longitude/latitude; CRS not embedded in Parquet,ND,Northern Plains,Northern Plains,True,True,True,False,True,False,False,0,True,True,True,Shared
3300,-94.5281965656,45.3515246952,115284.313300748,2485713.94180067,Candidate lake ledger,EPSG:4326-compatible longitude/latitude; CRS not embedded in Parquet,MN,Upper Midwest,Upper Midwest,True,True,True,True,True,True,False,0,False,False,False,neither
3301,-93.3588913721,47.825909853,199238.321000999,2761726.96499573,Candidate lake ledger,EPSG:4326-compatible longitude/latitude; CRS not embedded in Parquet,MN,Upper Midwest,Upper Midwest,True,True,True,True,True,True,False,0,False,False,False,neither
3302,-94.6813863858,43.6764738112,105874.907001781,2298964.57839677,Candidate lake ledger,EPSG:4326-compatible longitude/latitude; CRS not embedded in Parquet,MN,Temporate Plains,Temperate Plains,True,True,True,True,True,True,True,2,True,True,True,Shared
330626,-103.734800991,48.4333444289,-577480.970409589,2849423.41370176,Candidate lake ledger,EPSG:4326-compatible longitude/latitude; CRS not embedded in Parquet,ND,Northern Plains,Northern Plains,True,True,True,True,True,True,False,0,True,True,True,Shared
3307,-93.6190751489,45.036132875,187361.258897531,2452088.48650332,Candidate lake ledger,EPSG:4326-compatible longitude/latitude; CRS not embedded in Parquet,MN,Upper Midwest,Upper Midwest,True,True,True,True,True,True,True,2,True,True,True,Shared
3312,-95.5331320798,46.9270955432,35711.6904966453,2659709.92590242,Candidate lake ledger,EPSG:4326-compatible longitude/latitude; CRS not embedded in Parquet,MN,Upper Midwest,Upper Midwest,True,True,True,True,True,True,False,0,False,False,False,neither
3313,-93.0474054033,46.2083429198,228288.698498495,2583524.76780096,Candidate lake ledger,EPSG:4326-compatible longitude/latitude; CRS not embedded in Parquet,MN,Upper Midwest,Upper Midwest,True,True,True,True,True,True,True,1,True,False,False,Multi-horizon only
3316,-94.4453953073,45.274755892,121909.09139918,2477282.12969935,Candidate lake ledger,EPSG:4326-compatible longitude/latitude; CRS not embedded in Parquet,MN,Upper Midwest,Upper Midwest,True,True,True,True,True,True,True,3,True,True,True,Shared
3324,-95.8972319995,46.7424907292,7883.06909879383,2639187.39680396,Candidate lake ledger,EPSG:4326-compatible longitude/latitude; CRS not embedded in Parquet,MN,Upper Midwest,Upper Midwest,True,True,True,True,True,True,False,0,False,True,False,Direct 60-day 60-day only
33244,-90.693801852,47.8247278007,400136.528303117,2770001.54889514,Candidate lake ledger,EPSG:4326-compatible longitude/latitude; CRS not embedded in Parquet,MN,Upper Midwest,Upper Midwest,True,True,True,False,True,False,False,0,False,False,False,neither
332619,-102.329006925,47.7875621072,-477433.900540891,2770630.34919786,Candidate lake ledger,EPSG:4326-compatible longitude/latitude; CRS not embedded in Parquet,ND,Northern Plains,Northern Plains,True,True,True,False,True,False,False,0,False,False,False,neither
332622,-101.221925557,47.5983356807,-395160.60297698,2744695.61729486,Candidate lake ledger,EPSG:4326-compatible longitude/latitude; CRS not embedded in Parquet,ND,Northern Plains,Northern Plains,True,True,True,False,True,False,False,0,True,False,False,Multi-horizon only
3331,-94.2606707752,45.2210864709,136502.534701554,2471565.49709905,Candidate lake ledger,EPSG:4326-compatible longitude/latitude; CRS not embedded in Parquet,MN,Upper Midwest,Upper Midwest,True,True,True,True,True,True,False,0,False,True,False,Direct 60-day 60-day only
333889,-102.934919642,48.5839876304,-516665.131671987,2861349.08539476,Candidate lake ledger,EPSG:4326-compatible longitude/latitude; CRS not embedded in Parquet,ND,Northern Plains,Northern Plains,True,True,True,False,True,False,False,0,True,False,False,Multi-horizon only
334,-95.8575079106,46.8711378419,10908.8413027804,2653436.1241003,Candidate lake ledger,EPSG:4326-compatible longitude/latitude; CRS not embedded in Parquet,MN,Upper Midwest,Upper Midwest,True,True,True,True,True,True,False,0,False,True,False,Direct 60-day 60-day only
334169,-101.534398995,48.0083295393,-416147.141600794,2791201.56109731,Candidate lake ledger,EPSG:4326-compatible longitude/latitude; CRS not embedded in Parquet,ND,Northern Plains,Northern Plains,True,True,True,False,True,False,False,0,True,False,False,Multi-horizon only
334231,-103.478268389,43.971906528,-597258.594502926,2354698.25049782,Candidate lake ledger,EPSG:4326-compatible longitude/latitude; CRS not embedded in Parquet,SD,Western Mountains,Western Mountains,True,True,True,False,True,False,False,0,False,False,False,neither
3345,-94.2029671773,44.1094345357,143371.331997386,2347877.65620198,Candidate lake ledger,EPSG:4326-compatible longitude/latitude; CRS not embedded in Parquet,MN,Temporate Plains,Temperate Plains,True,True,True,True,True,True,True,1,True,True,True,Shared
3349,-94.6682211028,45.103116166,104704.294097484,2457927.53600481,Candidate lake ledger,EPSG:4326-compatible longitude/latitude; CRS not embedded in Parquet,MN,Temporate Plains,Temperate Plains,True,True,True,False,True,False,False,0,True,True,True,Shared
335,-93.1846895707,44.8209230029,222244.443099516,2429081.39199746,Candidate lake ledger,EPSG:4326-compatible longitude/latitude; CRS not embedded in Parquet,MN,Upper Midwest,Upper Midwest,True,True,True,True,True,True,False,0,True,True,True,Shared
335876,-103.564918233,43.8467203024,-605274.72504198,2341327.42580154,Candidate lake ledger,EPSG:4326-compatible longitude/latitude; CRS not embedded in Parquet,SD,Western Mountains,Western Mountains,True,True,True,False,True,False,False,0,True,True,True,Shared
335894,-103.398323804,44.8421833845,-583345.296299157,2450874.10520399,Candidate lake ledger,EPSG:4326-compatible longitude/latitude; CRS not embedded in Parquet,SD,Northern Plains,Northern Plains,True,True,True,False,True,False,False,0,True,False,False,Multi-horizon only
33602,-93.6928230201,45.0685493251,181471.447101811,2455551.0729038,Candidate lake ledger,EPSG:4326-compatible longitude/latitude; CRS not embedded in Parquet,MN,Upper Midwest,Upper Midwest,True,True,True,True,True,True,True,1,True,True,True,Shared
336089,-103.705218799,44.7341887789,-608465.229776248,2440813.12169589,Candidate lake ledger,EPSG:4326-compatible longitude/latitude; CRS not embedded in Parquet,SD,Northern Plains,Northern Plains,True,True,True,False,True,False,False,0,False,False,False,neither
3363,-93.9413600889,46.1360677244,159356.751597044,2573686.05570091,Candidate lake ledger,EPSG:4326-compatible longitude/latitude; CRS not embedded in Parquet,MN,Upper Midwest,Upper Midwest,True,True,True,True,True,True,False,0,False,False,False,neither
33640,-93.1930437447,45.275871491,220090.225803953,2479659.63259513,Candidate lake ledger,EPSG:4326-compatible longitude/latitude; CRS not embedded in Parquet,MN,Upper Midwest,Upper Midwest,True,True,True,True,True,True,False,0,False,False,False,neither
336493,-103.520834158,44.0797847753,-599700.050296595,2366958.47630163,Candidate lake ledger,EPSG:4326-compatible longitude/latitude; CRS not embedded in Parquet,SD,Western Mountains,Western Mountains,True,True,True,False,True,False,False,0,True,False,False,Multi-horizon only
33651,-93.6665978387,44.8556605966,184115.444003568,2431916.64809463,Candidate lake ledger,EPSG:4326-compatible longitude/latitude; CRS not embedded in Parquet,MN,Upper Midwest,Upper Midwest,True,True,True,False,True,False,False,0,False,False,False,neither
33659,-93.4155969691,45.0305692633,203386.534801226,2451887.95859583,Candidate lake ledger,EPSG:4326-compatible longitude/latitude; CRS not embedded in Parquet,MN,Upper Midwest,Upper Midwest,True,True,True,True,True,True,False,0,True,False,False,Multi-horizon only
3368,-94.2013123334,46.6532473389,138151.579196173,2630605.47480093,Candidate lake ledger,EPSG:4326-compatible longitude/latitude; CRS not embedded in Parquet,MN,Upper Midwest,Upper Midwest,True,True,True,True,True,True,False,0,False,False,False,neither
336872,-103.802045677,44.0167311806,-622650.517288532,2361758.9689012,Candidate lake ledger,EPSG:4326-compatible longitude/latitude; CRS not embedded in Parquet,SD,Western Mountains,Western Mountains,True,True,True,False,True,False,False,0,False,False,False,neither
33689,-95.329631468,45.4431402298,52438.85269696,2495191.10610178,Candidate lake ledger,EPSG:4326-compatible longitude/latitude; CRS not embedded in Parquet,MN,Upper Midwest,Upper Midwest,True,True,True,False,True,False,False,0,True,False,False,Multi-horizon only
33700,-96.4781479285,44.708170262,-37814.1736983973,2413330.64279833,Candidate lake ledger,EPSG:4326-compatible longitude/latitude; CRS not embedded in Parquet,SD,Temporate Plains,Temperate Plains,True,True,True,False,True,False,False,0,True,True,True,Shared
337055,-103.516849477,43.7682968859,-602128.033510074,2332300.89289813,Candidate lake ledger,EPSG:4326-compatible longitude/latitude; CRS not embedded in Parquet,SD,Western Mountains,Western Mountains,True,True,True,False,True,False,False,0,True,True,True,Shared
337057,-103.488970872,43.4570626721,-602633.720464536,2297499.66050239,Candidate lake ledger,EPSG:4326-compatible longitude/latitude; CRS not embedded in Parquet,SD,Western Mountains,Western Mountains,True,True,True,False,True,False,False,0,True,True,True,Shared
33706,-93.3480482534,44.8690191453,209202.750798886,2434062.32529653,Candidate lake ledger,EPSG:4326-compatible longitude/latitude; CRS not embedded in Parquet,MN,Upper Midwest,Upper Midwest,True,True,True,False,True,False,False,0,False,True,False,Direct 60-day 60-day only
337264,-100.493108302,45.3701430202,-351724.046017671,2495207.3961035,Candidate lake ledger,EPSG:4326-compatible longitude/latitude; CRS not embedded in Parquet,SD,Northern Plains,Northern Plains,True,True,True,False,True,False,False,0,False,False,False,neither
3375,-94.5218822773,46.2031456804,114307.847300736,2580290.57260103,Candidate lake ledger,EPSG:4326-compatible longitude/latitude; CRS not embedded in Parquet,MN,Upper Midwest,Upper Midwest,True,True,True,False,True,False,False,0,False,False,False,neither
3378,-74.5324560091,41.1216538442,1773089.78790009,2213734.50109672,Candidate lake ledger,EPSG:4326-compatible longitude/latitude; CRS not embedded in Parquet,NJ,Northern Appalachians,Northern Appalachians,True,True,True,True,True,True,False,0,False,False,False,neither
338176,-99.4513808598,46.040394046,-267514.739503273,2566201.76069595,Candidate lake ledger,EPSG:4326-compatible longitude/latitude; CRS not embedded in Parquet,ND,Northern Plains,Northern Plains,True,True,True,False,True,False,False,0,True,True,True,Shared
3382,-96.0821581935,45.5301114483,-6418.43139937609,2504675.3723018,Candidate lake ledger,EPSG:4326-compatible longitude/latitude; CRS not embedded in Parquet,MN,Temporate Plains,Temperate Plains,True,True,True,False,True,False,False,0,True,True,True,Shared
3384,-94.0481744704,45.0269307788,153620.599197922,2450295.02280404,Candidate lake ledger,EPSG:4326-compatible longitude/latitude; CRS not embedded in Parquet,MN,Upper Midwest,Upper Midwest,True,True,True,True,True,True,True,2,True,True,True,Shared
338600,-101.090707486,46.8662135818,-389574.923465945,2663319.60700001,Candidate lake ledger,EPSG:4326-compatible longitude/latitude; CRS not embedded in Parquet,ND,Northern Plains,Northern Plains,True,True,True,False,True,False,False,0,True,False,False,Multi-horizon only
3387,-94.0390424205,46.3077153832,151403.537498622,2592561.81800298,Candidate lake ledger,EPSG:4326-compatible longitude/latitude; CRS not embedded in Parquet,MN,Upper Midwest,Upper Midwest,True,True,True,False,True,False,False,0,False,False,False,neither
339,-94.7255498387,47.0158429579,97351.0825034195,2670096.62889962,Candidate lake ledger,EPSG:4326-compatible longitude/latitude; CRS not embedded in Parquet,MN,Upper Midwest,Upper Midwest,True,True,True,False,True,False,False,0,False,False,False,neither
339022,-103.258736941,45.9825298199,-562687.678029141,2576420.94470689,Candidate lake ledger,EPSG:4326-compatible longitude/latitude; CRS not embedded in Parquet,ND,Northern Plains,Northern Plains,True,True,True,True,True,True,True,2,True,True,True,Shared
339024,-102.257275449,45.7314608468,-487011.16658948,2543082.22699648,Candidate lake ledger,EPSG:4326-compatible longitude/latitude; CRS not embedded in Parquet,SD,Northern Plains,Northern Plains,True,True,True,False,True,False,False,0,True,False,False,Multi-horizon only
33918,-95.457176828,47.5186793828,41147.9568974425,2725155.55730147,Candidate lake ledger,EPSG:4326-compatible longitude/latitude; CRS not embedded in Parquet,MN,Upper Midwest,Upper Midwest,True,True,True,True,True,True,False,0,False,False,False,neither
3392,-95.7282749323,46.3060672223,20981.5985987198,2590846.91990168,Candidate lake ledger,EPSG:4326-compatible longitude/latitude; CRS not embedded in Parquet,MN,Upper Midwest,Upper Midwest,True,True,True,True,True,True,False,0,True,False,False,Multi-horizon only
3400,-93.0584948448,45.6953166463,229194.008402871,2526575.73139512,Candidate lake ledger,EPSG:4326-compatible longitude/latitude; CRS not embedded in Parquet,MN,Upper Midwest,Upper Midwest,True,True,True,True,True,True,True,1,True,False,False,Multi-horizon only
340441,-100.72692355,47.5294379464,-358113.005882856,2735134.5320023,Candidate lake ledger,EPSG:4326-compatible longitude/latitude; CRS not embedded in Parquet,ND,Northern Plains,Northern Plains,True,True,True,False,True,False,False,0,True,True,True,Shared
3407,-93.8343961188,45.1206798572,170205.827499117,2461087.20269674,Candidate lake ledger,EPSG:4326-compatible longitude/latitude; CRS not embedded in Parquet,MN,Upper Midwest,Upper Midwest,True,True,True,True,True,True,True,3,True,True,True,Shared
341114,-101.85039856,46.3364239552,-451254.23139922,2608077.58459954,Candidate lake ledger,EPSG:4326-compatible longitude/latitude; CRS not embedded in Parquet,ND,Northern Plains,Northern Plains,True,True,True,True,True,True,False,0,True,False,False,Multi-horizon only
341446,-100.129832159,45.7406949916,-321516.309167042,2535056.06990005,Candidate lake ledger,EPSG:4326-compatible longitude/latitude; CRS not embedded in Parquet,SD,Northern Plains,Northern Plains,True,True,True,False,True,False,False,0,True,True,True,Shared
341692,-101.853409781,46.610046025,-449619.340309437,2638362.99920235,Candidate lake ledger,EPSG:4326-compatible longitude/latitude; CRS not embedded in Parquet,ND,Northern Plains,Northern Plains,True,True,True,True,True,True,True,1,True,False,False,Multi-horizon only
341700,-100.886643712,47.665848041,-369428.672769954,2750791.20319916,Candidate lake ledger,EPSG:4326-compatible longitude/latitude; CRS not embedded in Parquet,ND,Northern Plains,Northern Plains,True,True,True,False,True,False,False,0,True,True,True,Shared
3418,-94.8906271432,47.6353930805,83942.5445988535,2738418.29989817,Candidate lake ledger,EPSG:4326-compatible longitude/latitude; CRS not embedded in Parquet,MN,Upper Midwest,Upper Midwest,True,True,True,True,True,True,False,0,True,False,False,Multi-horizon only
342175,-100.967815474,46.9371923612,-379768.548507615,2670668.1301058,Candidate lake ledger,EPSG:4326-compatible longitude/latitude; CRS not embedded in Parquet,ND,Northern Plains,Northern Plains,True,True,True,True,True,True,False,0,False,False,False,neither
3422,-93.5526646609,47.4214412837,185773.998402947,2716686.87890037,Candidate lake ledger,EPSG:4326-compatible longitude/latitude; CRS not embedded in Parquet,MN,Upper Midwest,Upper Midwest,True,True,True,False,True,False,False,0,False,False,False,neither
342330,-100.192899009,44.7112474972,-331472.772273797,2420891.70559822,Candidate lake ledger,EPSG:4326-compatible longitude/latitude; CRS not embedded in Parquet,SD,Northern Plains,Northern Plains,True,True,True,False,True,False,False,0,True,True,True,Shared
342596,-101.270755878,46.8684424206,-403325.86126389,2664317.09660104,Candidate lake ledger,EPSG:4326-compatible longitude/latitude; CRS not embedded in Parquet,ND,Northern Plains,Northern Plains,True,True,True,True,True,True,False,0,True,True,True,Shared
342597,-100.281835321,45.9103527648,-332493.650168637,2554400.52180387,Candidate lake ledger,EPSG:4326-compatible longitude/latitude; CRS not embedded in Parquet,SD,Northern Plains,Northern Plains,True,True,True,False,True,False,False,0,True,True,True,Shared
342601,-99.7499435998,46.8188449478,-287240.396698306,2653306.25400051,Candidate lake ledger,EPSG:4326-compatible longitude/latitude; CRS not embedded in Parquet,ND,Northern Plains,Northern Plains,True,True,True,False,True,False,False,0,True,True,True,Shared
343,-94.1300834566,46.9724897195,142926.270198224,2666052.50199742,Candidate lake ledger,EPSG:4326-compatible longitude/latitude; CRS not embedded in Parquet,MN,Upper Midwest,Upper Midwest,True,True,True,False,True,False,False,0,False,False,False,neither
343127,-100.63395448,46.826112241,-354866.612905899,2657096.63380249,Candidate lake ledger,EPSG:4326-compatible longitude/latitude; CRS not embedded in Parquet,ND,Northern Plains,Northern Plains,True,True,True,True,True,True,False,0,True,False,False,Multi-horizon only
3434,-94.0266678367,45.2638693793,154765.807499422,2476681.22189683,Candidate lake ledger,EPSG:4326-compatible longitude/latitude; CRS not embedded in Parquet,MN,Upper Midwest,Upper Midwest,True,True,True,True,True,True,True,1,True,False,False,Multi-horizon only
343492,-100.700866638,44.6470959087,-371952.779098018,2415635.57469983,Candidate lake ledger,EPSG:4326-compatible longitude/latitude; CRS not embedded in Parquet,SD,Northern Plains,Northern Plains,True,True,True,False,True,False,False,0,False,False,False,neither
3441,-94.5383036542,44.7827163938,115466.051396643,2422423.71360471,Candidate lake ledger,EPSG:4326-compatible longitude/latitude; CRS not embedded in Parquet,MN,Temporate Plains,Temperate Plains,True,True,True,True,True,True,True,1,True,True,True,Shared
344134,-99.9117321054,44.8322939025,-308703.343300938,2433409.33170289,Candidate lake ledger,EPSG:4326-compatible longitude/latitude; CRS not embedded in Parquet,SD,Northern Plains,Northern Plains,True,True,True,False,True,False,False,0,True,True,True,Shared
344386,-98.4208662466,43.1986271258,-195721.534498302,2247380.74339604,Candidate lake ledger,EPSG:4326-compatible longitude/latitude; CRS not embedded in Parquet,SD,Northern Plains,Northern Plains,True,True,True,False,True,False,False,0,True,True,True,Shared
3444,-93.0847453828,46.1389155678,225638.793998316,2575737.07669589,Candidate lake ledger,EPSG:4326-compatible longitude/latitude; CRS not embedded in Parquet,MN,Upper Midwest,Upper Midwest,True,True,True,False,True,False,False,0,False,False,False,neither
344794,-99.6843495098,44.1064168296,-293902.639199497,2351883.50159651,Candidate lake ledger,EPSG:4326-compatible longitude/latitude; CRS not embedded in Parquet,SD,Northern Plains,Northern Plains,True,True,True,False,True,False,False,0,True,True,True,Shared
345199,-99.2380597447,43.4409828739,-260845.601997355,2276391.81939474,Candidate lake ledger,EPSG:4326-compatible longitude/latitude; CRS not embedded in Parquet,SD,Northern Plains,Northern Plains,True,True,True,False,True,False,False,0,True,False,False,Multi-horizon only
34613,-94.8505072346,45.9208820152,89274.4579978307,2548617.67549471,Candidate lake ledger,EPSG:4326-compatible longitude/latitude; CRS not embedded in Parquet,MN,Upper Midwest,Upper Midwest,True,True,True,True,True,True,True,1,True,True,True,Shared
346238,-101.149476528,43.8880798287,-411997.225188386,2333002.31349792,Candidate lake ledger,EPSG:4326-compatible longitude/latitude; CRS not embedded in Parquet,SD,Northern Plains,Northern Plains,True,True,True,False,True,False,False,0,True,True,True,Shared
346442,-99.2595968755,43.1755237606,-263596.308801455,2246828.6460037,Candidate lake ledger,EPSG:4326-compatible longitude/latitude; CRS not embedded in Parquet,SD,Northern Plains,Northern Plains,True,True,True,False,True,False,False,0,True,False,False,Multi-horizon only
34659,-93.5476401357,44.9182895274,193319.814002351,2439121.72420185,Candidate lake ledger,EPSG:4326-compatible longitude/latitude; CRS not embedded in Parquet,MN,Upper Midwest,Upper Midwest,True,True,True,False,True,False,False,0,True,False,False,Multi-horizon only
34663,-94.6158541828,45.7430325583,107785.058398952,2529113.53430271,Candidate lake ledger,EPSG:4326-compatible longitude/latitude; CRS not embedded in Parquet,MN,Upper Midwest,Upper Midwest,True,True,True,False,True,False,False,0,False,False,False,neither
3467,-94.1929704497,45.2533086031,141746.890401731,2475247.56099672,Candidate lake ledger,EPSG:4326-compatible longitude/latitude; CRS not embedded in Parquet,MN,Upper Midwest,Upper Midwest,True,True,True,True,True,True,False,0,False,False,False,neither
3469,-94.6729067534,45.832427504,103203.967703265,2538977.17960087,Candidate lake ledger,EPSG:4326-compatible longitude/latitude; CRS not embedded in Parquet,MN,Upper Midwest,Upper Midwest,True,True,True,False,True,False,False,0,False,False,False,neither
34726,-92.8708802363,45.1815649479,245687.326400707,2469965.7319955,Candidate lake ledger,EPSG:4326-compatible longitude/latitude; CRS not embedded in Parquet,MN,Upper Midwest,Upper Midwest,True,True,True,False,True,False,False,0,True,False,False,Multi-horizon only
347309,-98.7137846746,43.192531043,-219416.671797954,2247339.98979799,Candidate lake ledger,EPSG:4326-compatible longitude/latitude; CRS not embedded in Parquet,SD,Northern Plains,Northern Plains,True,True,True,False,True,False,False,0,True,True,True,Shared
347313,-101.654147701,44.0781957489,-451068.539903506,2356461.54260004,Candidate lake ledger,EPSG:4326-compatible longitude/latitude; CRS not embedded in Parquet,SD,Northern Plains,Northern Plains,True,True,True,False,True,False,False,0,True,True,True,Shared
347314,-103.520437771,42.6833355559,-611992.527717054,2211546.78749666,Candidate lake ledger,EPSG:4326-compatible longitude/latitude; CRS not embedded in Parquet,NE,Southern Plains,Southern Plains,True,True,True,False,True,False,False,0,True,True,True,Shared
3474,-93.4287153584,44.2945474328,204571.840297607,2369924.65640024,Candidate lake ledger,EPSG:4326-compatible longitude/latitude; CRS not embedded in Parquet,MN,Upper Midwest,Upper Midwest,True,True,True,False,True,False,False,0,True,False,False,Multi-horizon only
3476,-93.7715323894,46.3557740522,171929.202797573,2598344.73299929,Candidate lake ledger,EPSG:4326-compatible longitude/latitude; CRS not embedded in Parquet,MN,Upper Midwest,Upper Midwest,True,True,True,True,True,True,False,0,False,False,False,neither
3477,-94.397541532,46.7384849263,122922.148600005,2639775.87510082,Candidate lake ledger,EPSG:4326-compatible longitude/latitude; CRS not embedded in Parquet,MN,Upper Midwest,Upper Midwest,True,True,True,True,True,True,False,0,False,False,False,neither
3480,-94.2310333291,46.6457996513,135884.425397975,2629737.69819686,Candidate lake ledger,EPSG:4326-compatible longitude/latitude; CRS not embedded in Parquet,MN,Upper Midwest,Upper Midwest,True,True,True,True,True,True,False,0,False,False,False,neither
3482,-93.1404517528,44.9795762092,225204.320502845,2446836.37940351,Candidate lake ledger,EPSG:4326-compatible longitude/latitude; CRS not embedded in Parquet,MN,Upper Midwest,Upper Midwest,True,True,True,True,True,True,True,2,True,True,True,Shared
3484,-94.2538746356,46.6927348746,134034.527899198,2634903.63740491,Candidate lake ledger,EPSG:4326-compatible longitude/latitude; CRS not embedded in Parquet,MN,Upper Midwest,Upper Midwest,True,True,True,True,True,True,False,0,False,False,False,neither
3487,-94.1627209544,47.0323851981,140303.820303258,2672630.55469488,Candidate lake ledger,EPSG:4326-compatible longitude/latitude; CRS not embedded in Parquet,MN,Upper Midwest,Upper Midwest,True,True,True,False,True,False,False,0,False,False,False,neither
348700,-103.092217857,42.4592169237,-579079.724307351,2183885.0889058,Candidate lake ledger,EPSG:4326-compatible longitude/latitude; CRS not embedded in Parquet,NE,Southern Plains,Southern Plains,True,True,True,False,True,False,False,0,True,True,True,Shared
348931,-100.931812692,42.5975623928,-402073.519100404,2188167.58949807,Candidate lake ledger,EPSG:4326-compatible longitude/latitude; CRS not embedded in Parquet,NE,Southern Plains,Southern Plains,True,True,True,False,True,False,False,0,False,False,False,neither
3495,-95.1902416289,47.7342049163,61179.4136987587,2749097.97500199,Candidate lake ledger,EPSG:4326-compatible longitude/latitude; CRS not embedded in Parquet,MN,Upper Midwest,Upper Midwest,True,True,True,False,True,False,False,0,False,False,False,neither
349623,-97.7021305036,44.1819404157,-135655.871897147,2355820.25439932,Candidate lake ledger,EPSG:4326-compatible longitude/latitude; CRS not embedded in Parquet,SD,Temporate Plains,Temperate Plains,True,True,True,False,True,False,False,0,True,True,True,Shared
349624,-97.3183935111,45.6716883149,-102775.12599731,2521116.47109541,Candidate lake ledger,EPSG:4326-compatible longitude/latitude; CRS not embedded in Parquet,SD,Temporate Plains,Temperate Plains,True,True,True,False,True,False,False,0,True,False,False,Multi-horizon only
3497,-93.9368478309,46.1646623125,159637.117000807,2576865.3417019,Candidate lake ledger,EPSG:4326-compatible longitude/latitude; CRS not embedded in Parquet,MN,Upper Midwest,Upper Midwest,True,True,True,False,True,False,False,0,False,False,False,neither
34974,-95.6775735733,46.4352944287,24847.9430979975,2605187.17110436,Candidate lake ledger,EPSG:4326-compatible longitude/latitude; CRS not embedded in Parquet,MN,Upper Midwest,Upper Midwest,True,True,True,True,True,True,False,0,False,False,False,neither
349812,-99.0356520204,45.5582130301,-237013.720103723,2511581.29100491,Candidate lake ledger,EPSG:4326-compatible longitude/latitude; CRS not embedded in Parquet,SD,Northern Plains,Northern Plains,True,True,True,False,True,False,False,0,True,True,True,Shared
3501,-95.1031157067,45.3079372615,70299.2013984284,2480306.47639532,Candidate lake ledger,EPSG:4326-compatible longitude/latitude; CRS not embedded in Parquet,MN,Upper Midwest,Upper Midwest,True,True,True,True,True,True,False,0,True,False,False,Multi-horizon only
350285,-97.2942680151,45.630861318,-100956.316302145,2516555.24550336,Candidate lake ledger,EPSG:4326-compatible longitude/latitude; CRS not embedded in Parquet,SD,Temporate Plains,Temperate Plains,True,True,True,False,True,False,False,0,True,True,True,Shared
350312,-98.7073403539,45.8550942241,-210448.218902963,2543771.36710328,Candidate lake ledger,EPSG:4326-compatible longitude/latitude; CRS not embedded in Parquet,SD,Temporate Plains,Temperate Plains,True,True,True,False,True,False,False,0,True,True,True,Shared
350316,-98.0485491654,43.7567733529,-164282.747797012,2308960.26110106,Candidate lake ledger,EPSG:4326-compatible longitude/latitude; CRS not embedded in Parquet,SD,Temporate Plains,Temperate Plains,True,True,True,False,True,False,False,0,True,True,True,Shared
350982,-99.1456679171,44.6221533439,-249046.766599939,2407778.60529659,Candidate lake ledger,EPSG:4326-compatible longitude/latitude; CRS not embedded in Parquet,SD,Temporate Plains,Temperate Plains,True,True,True,False,True,False,False,0,True,False,False,Multi-horizon only
350983,-98.6187972066,45.5380193209,-204537.794302668,2508369.7812954,Candidate lake ledger,EPSG:4326-compatible longitude/latitude; CRS not embedded in Parquet,SD,Temporate Plains,Temperate Plains,True,True,True,False,True,False,False,0,True,True,True,Shared
350988,-98.5874870324,47.0743482709,-197454.956302313,2678605.30609624,Candidate lake ledger,EPSG:4326-compatible longitude/latitude; CRS not embedded in Parquet,ND,Temporate Plains,Temperate Plains,True,True,True,True,True,True,False,0,True,True,True,Shared
351099,-99.1722158033,45.0302703392,-249631.559201252,2453255.75259511,Candidate lake ledger,EPSG:4326-compatible longitude/latitude; CRS not embedded in Parquet,SD,Temporate Plains,Temperate Plains,True,True,True,False,True,False,False,0,True,False,False,Multi-horizon only
351341,-98.3255092988,43.9640247171,-185923.653296213,2332582.57329768,Candidate lake ledger,EPSG:4326-compatible longitude/latitude; CRS not embedded in Parquet,SD,Temporate Plains,Temperate Plains,True,True,True,False,True,False,False,0,True,True,True,Shared
351717,-98.7376516884,47.0162078181,-209096.447200243,2672496.18739494,Candidate lake ledger,EPSG:4326-compatible longitude/latitude; CRS not embedded in Parquet,ND,Temporate Plains,Temperate Plains,True,True,True,True,True,True,False,0,True,True,True,Shared
351721,-97.3594123914,45.6935091128,-105937.856702891,2523585.31860359,Candidate lake ledger,EPSG:4326-compatible longitude/latitude; CRS not embedded in Parquet,SD,Temporate Plains,Temperate Plains,True,True,True,False,True,False,False,0,True,False,False,Multi-horizon only
352,-91.0698745747,47.6074149291,373047.517103032,2744517.44870359,Candidate lake ledger,EPSG:4326-compatible longitude/latitude; CRS not embedded in Parquet,MN,Upper Midwest,Upper Midwest,True,True,True,True,True,True,False,0,False,False,False,neither
352117,-97.9667444927,45.3580110051,-154032.595097457,2487136.30420374,Candidate lake ledger,EPSG:4326-compatible longitude/latitude; CRS not embedded in Parquet,SD,Temporate Plains,Temperate Plains,True,True,True,False,True,False,False,0,True,False,False,Multi-horizon only
3523,-92.1983200762,44.4340084802,301797.003898911,2388735.09650349,Candidate lake ledger,EPSG:4326-compatible longitude/latitude; CRS not embedded in Parquet,MN,Upper Midwest,Upper Midwest,True,True,True,False,True,False,False,0,True,False,False,Multi-horizon only
352431,-97.4407901602,45.6977290649,-112271.978400074,2524147.46830525,Candidate lake ledger,EPSG:4326-compatible longitude/latitude; CRS not embedded in Parquet,SD,Temporate Plains,Temperate Plains,True,True,True,False,True,False,False,0,True,False,False,Multi-horizon only
352433,-97.2872528736,45.6095505941,-100441.221497427,2514180.26070388,Candidate lake ledger,EPSG:4326-compatible longitude/latitude; CRS not embedded in Parquet,SD,Temporate Plains,Temperate Plains,True,True,True,False,True,False,False,0,False,False,False,neither
3528,-93.9714058941,45.0742485183,159549.48030172,2455685.15749683,Candidate lake ledger,EPSG:4326-compatible longitude/latitude; CRS not embedded in Parquet,MN,Upper Midwest,Upper Midwest,True,True,True,True,True,True,False,0,True,False,False,Multi-horizon only
3529,-92.4493320882,46.415563737,273652.449802773,2608070.47879949,Candidate lake ledger,EPSG:4326-compatible longitude/latitude; CRS not embedded in Parquet,MN,Upper Midwest,Upper Midwest,True,True,True,False,True,False,False,0,True,True,True,Shared
3530,-92.8221660053,45.1780435369,249523.874598046,2469701.18309807,Candidate lake ledger,EPSG:4326-compatible longitude/latitude; CRS not embedded in Parquet,MN,Upper Midwest,Upper Midwest,True,True,True,False,True,False,False,0,True,True,True,Shared
3535,-94.4622494825,45.5152927432,120154.857398154,2503997.86570337,Candidate lake ledger,EPSG:4326-compatible longitude/latitude; CRS not embedded in Parquet,MN,Upper Midwest,Upper Midwest,True,True,True,True,True,True,False,0,False,False,False,neither
353800,-98.8433783575,46.9693444378,-217324.418202142,2667549.62620253,Candidate lake ledger,EPSG:4326-compatible longitude/latitude; CRS not embedded in Parquet,ND,Temporate Plains,Temperate Plains,True,True,True,False,True,False,False,0,True,False,False,Multi-horizon only
3542,-93.2360495013,44.92091971,217867.491701456,2440088.44280136,Candidate lake ledger,EPSG:4326-compatible longitude/latitude; CRS not embedded in Parquet,MN,Upper Midwest,Upper Midwest,True,True,True,True,True,True,True,1,True,False,False,Multi-horizon only
354491,-98.2855234317,46.2943911302,-176493.981201566,2591644.48570076,Candidate lake ledger,EPSG:4326-compatible longitude/latitude; CRS not embedded in Parquet,ND,Temporate Plains,Temperate Plains,True,True,True,False,True,False,False,0,True,True,True,Shared
3548,-93.9559641497,45.3602054611,160079.779696562,2487507.96739452,Candidate lake ledger,EPSG:4326-compatible longitude/latitude; CRS not embedded in Parquet,MN,Upper Midwest,Upper Midwest,True,True,True,True,True,True,True,1,True,False,False,Multi-horizon only
354805,-98.5840802245,43.8593834091,-206908.784799762,2321449.66380455,Candidate lake ledger,EPSG:4326-compatible longitude/latitude; CRS not embedded in Parquet,SD,Northern Plains,Northern Plains,True,True,True,False,True,False,False,0,True,True,True,Shared
355172,-97.2755169194,45.5066482934,-99679.0224960662,2502733.93570424,Candidate lake ledger,EPSG:4326-compatible longitude/latitude; CRS not embedded in Parquet,SD,Temporate Plains,Temperate Plains,True,True,True,False,True,False,False,0,False,False,False,neither
355174,-96.9679573275,44.4363157841,-76858.0074971869,2383346.2891001,Candidate lake ledger,EPSG:4326-compatible longitude/latitude; CRS not embedded in Parquet,SD,Temporate Plains,Temperate Plains,True,True,True,False,True,False,False,0,True,True,True,Shared
355281,-97.4729114055,42.8548163024,-119684.874300487,2207409.55050041,Candidate lake ledger,EPSG:4326-compatible longitude/latitude; CRS not embedded in Parquet,SD,Temporate Plains,Temperate Plains,True,True,True,False,True,False,False,0,True,True,True,Shared
355320,-97.4133129343,43.450034924,-113853.845999435,2273804.59859789,Candidate lake ledger,EPSG:4326-compatible longitude/latitude; CRS not embedded in Parquet,SD,Temporate Plains,Temperate Plains,True,True,True,False,True,False,False,0,True,True,True,Shared
355465,-97.2642837356,45.4417003001,-98897.2588036401,2495503.94730164,Candidate lake ledger,EPSG:4326-compatible longitude/latitude; CRS not embedded in Parquet,SD,Temporate Plains,Temperate Plains,True,True,True,False,True,False,False,0,False,False,False,neither
355468,-97.0834539084,44.5609996493,-85869.9661004567,2397334.55629639,Candidate lake ledger,EPSG:4326-compatible longitude/latitude; CRS not embedded in Parquet,SD,Temporate Plains,Temperate Plains,True,True,True,False,True,False,False,0,True,True,True,Shared
3555,-94.7494529539,45.8566115894,97216.2222985989,2541581.63160239,Candidate lake ledger,EPSG:4326-compatible longitude/latitude; CRS not embedded in Parquet,MN,Upper Midwest,Upper Midwest,True,True,True,False,True,False,False,0,False,False,False,neither
355715,-96.656988854,44.7511895035,-51924.4409003718,2418205.06240404,Candidate lake ledger,EPSG:4326-compatible longitude/latitude; CRS not embedded in Parquet,SD,Temporate Plains,Temperate Plains,True,True,True,False,True,False,False,0,True,True,True,Shared
355722,-97.681236565,42.8419581163,-136636.583503421,2206253.96569964,Candidate lake ledger,EPSG:4326-compatible longitude/latitude; CRS not embedded in Parquet,NE,Temporate Plains,Temperate Plains,True,True,True,False,True,False,False,0,True,True,True,Shared
355723,-97.3687240953,45.3910814767,-107147.493496749,2489990.65549733,Candidate lake ledger,EPSG:4326-compatible longitude/latitude; CRS not embedded in Parquet,SD,Temporate Plains,Temperate Plains,True,True,True,False,True,False,False,0,True,True,True,Shared
355997,-97.4854227542,44.3282313439,-118131.418596082,2371834.19270365,Candidate lake ledger,EPSG:4326-compatible longitude/latitude; CRS not embedded in Parquet,SD,Temporate Plains,Temperate Plains,True,True,True,False,True,False,False,0,True,True,True,Shared
356,-93.2478842253,45.0765597132,216433.394502947,2457373.47029655,Candidate lake ledger,EPSG:4326-compatible longitude/latitude; CRS not embedded in Parquet,MN,Upper Midwest,Upper Midwest,True,True,True,False,True,False,False,0,False,True,False,Direct 60-day 60-day only
3560,-93.4637566834,46.5100857997,195212.731797123,2616040.08630115,Candidate lake ledger,EPSG:4326-compatible longitude/latitude; CRS not embedded in Parquet,MN,Upper Midwest,Upper Midwest,True,True,True,False,True,False,False,0,False,False,False,neither
356001,-97.1795363608,44.8690074735,-93059.0034992412,2431719.40380311,Candidate lake ledger,EPSG:4326-compatible longitude/latitude; CRS not embedded in Parquet,SD,Temporate Plains,Temperate Plains,True,True,True,False,True,False,False,0,True,True,True,Shared
356003,-98.2953781222,43.4118469274,-185003.160800371,2270929.30340207,Candidate lake ledger,EPSG:4326-compatible longitude/latitude; CRS not embedded in Parquet,SD,Northern Plains,Northern Plains,True,True,True,False,True,False,False,0,True,True,True,Shared
3561,-93.6086921035,44.8792797336,188617.353599158,2434658.49329705,Candidate lake ledger,EPSG:4326-compatible longitude/latitude; CRS not embedded in Parquet,MN,Upper Midwest,Upper Midwest,True,True,True,True,True,True,False,0,False,False,False,neither
3562,-94.7554456477,45.8314079083,96787.0330988521,2538777.12079952,Candidate lake ledger,EPSG:4326-compatible longitude/latitude; CRS not embedded in Parquet,MN,Upper Midwest,Upper Midwest,True,True,True,False,True,False,False,0,True,True,True,Shared
356289,-97.4099770401,45.4081930656,-110348.431503857,2491939.95220138,Candidate lake ledger,EPSG:4326-compatible longitude/latitude; CRS not embedded in Parquet,SD,Temporate Plains,Temperate Plains,True,True,True,False,True,False,False,0,True,False,False,Multi-horizon only
356292,-97.3007094348,45.3520170272,-101882.901300586,2485573.18540315,Candidate lake ledger,EPSG:4326-compatible longitude/latitude; CRS not embedded in Parquet,SD,Temporate Plains,Temperate Plains,True,True,True,False,True,False,False,0,True,True,True,Shared
356580,-96.8045190467,44.9492971031,-63397.3972963486,2440346.59679452,Candidate lake ledger,EPSG:4326-compatible longitude/latitude; CRS not embedded in Parquet,SD,Temporate Plains,Temperate Plains,True,True,True,False,True,False,False,0,True,True,True,Shared
356594,-96.9924174587,44.4341657875,-78802.6291971028,2383126.78520386,Candidate lake ledger,EPSG:4326-compatible longitude/latitude; CRS not embedded in Parquet,SD,Temporate Plains,Temperate Plains,True,True,True,False,True,False,False,0,True,True,True,Shared
35683,-93.1191233278,45.1003611402,226476.185803052,2460320.38039503,Candidate lake ledger,EPSG:4326-compatible longitude/latitude; CRS not embedded in Parquet,MN,Upper Midwest,Upper Midwest,True,True,True,True,True,True,False,0,True,False,False,Multi-horizon only
35686,-94.8131819441,47.6666623559,89759.1533971049,2741941.41919861,Candidate lake ledger,EPSG:4326-compatible longitude/latitude; CRS not embedded in Parquet,MN,Upper Midwest,Upper Midwest,True,True,True,True,True,True,False,0,False,False,False,neither
356876,-97.454803303,44.268757047,-115797.999799368,2365168.88459805,Candidate lake ledger,EPSG:4326-compatible longitude/latitude; CRS not embedded in Parquet,SD,Temporate Plains,Temperate Plains,True,True,True,False,True,False,False,0,True,True,True,Shared
357171,-96.8544636817,44.2007970283,-68082.6070000831,2357013.46639747,Candidate lake ledger,EPSG:4326-compatible longitude/latitude; CRS not embedded in Parquet,SD,Temporate Plains,Temperate Plains,True,True,True,False,True,False,False,0,True,True,True,Shared
357176,-97.1414974455,44.5303426877,-90511.0531038129,2393973.71289888,Candidate lake ledger,EPSG:4326-compatible longitude/latitude; CRS not embedded in Parquet,SD,Temporate Plains,Temperate Plains,True,True,True,False,True,False,False,0,True,True,True,Shared
3573,-95.3697681102,45.956317611,48921.2149007367,2552173.74320452,Candidate lake ledger,EPSG:4326-compatible longitude/latitude; CRS not embedded in Parquet,MN,Upper Midwest,Upper Midwest,True,True,True,True,True,True,False,0,False,False,False,neither
3574,-94.2721936008,45.3302321721,135377.66340321,2483684.45900547,Candidate lake ledger,EPSG:4326-compatible longitude/latitude; CRS not embedded in Parquet,MN,Upper Midwest,Upper Midwest,True,True,True,True,True,True,False,0,True,True,True,Shared
35744,-95.6749722619,45.9395669332,25236.4974032973,2550195.20499447,Candidate lake ledger,EPSG:4326-compatible longitude/latitude; CRS not embedded in Parquet,MN,Upper Midwest,Upper Midwest,True,True,True,False,True,False,False,0,True,True,True,Shared
357451,-96.5152646149,42.5491095022,-42055.7513994486,2172430.23160427,Candidate lake ledger,EPSG:4326-compatible longitude/latitude; CRS not embedded in Parquet,SD,Temporate Plains,Temperate Plains,True,True,True,False,True,False,False,0,True,False,False,Multi-horizon only
35759,-95.7945480106,46.2817150967,15870.0858989883,2588133.4222945,Candidate lake ledger,EPSG:4326-compatible longitude/latitude; CRS not embedded in Parquet,MN,Upper Midwest,Upper Midwest,True,True,True,True,True,True,False,0,False,False,False,neither
35778,-93.1654729482,44.7947221337,223847.969003563,2426210.90709617,Candidate lake ledger,EPSG:4326-compatible longitude/latitude; CRS not embedded in Parquet,MN,Upper Midwest,Upper Midwest,True,True,True,True,True,True,False,0,True,True,True,Shared
3579,-94.035366475,46.9746649522,150159.939303529,2666439.23920285,Candidate lake ledger,EPSG:4326-compatible longitude/latitude; CRS not embedded in Parquet,MN,Upper Midwest,Upper Midwest,True,True,True,True,True,True,False,0,False,False,False,neither
35794,-92.8464593387,45.05677594,248064.648397508,2456154.40719688,Candidate lake ledger,EPSG:4326-compatible longitude/latitude; CRS not embedded in Parquet,MN,Upper Midwest,Upper Midwest,True,True,True,True,True,True,False,0,True,False,False,Multi-horizon only
35808,-92.8979273684,45.3860217937,242822.423203478,2492619.9966952,Candidate lake ledger,EPSG:4326-compatible longitude/latitude; CRS not embedded in Parquet,MN,Upper Midwest,Upper Midwest,True,True,True,True,True,True,False,0,True,True,True,Shared
3583,-95.4782628804,45.8266949434,40578.5038009479,2537731.38749671,Candidate lake ledger,EPSG:4326-compatible longitude/latitude; CRS not embedded in Parquet,MN,Upper Midwest,Upper Midwest,True,True,True,False,True,False,False,0,False,False,False,neither
358471,-103.49352461,41.9334197407,-616412.206284564,2127779.42269894,Candidate lake ledger,EPSG:4326-compatible longitude/latitude; CRS not embedded in Parquet,NE,Southern Plains,Southern Plains,True,True,True,True,True,True,False,0,True,False,False,Multi-horizon only
3586,-93.4766826044,46.4156437591,194495.992100801,2605548.87619802,Candidate lake ledger,EPSG:4326-compatible longitude/latitude; CRS not embedded in Parquet,MN,Upper Midwest,Upper Midwest,True,True,True,False,True,False,False,0,False,False,False,neither
3592,-93.6214682161,46.4507585579,183240.977300221,2609152.47729734,Candidate lake ledger,EPSG:4326-compatible longitude/latitude; CRS not embedded in Parquet,MN,Upper Midwest,Upper Midwest,True,True,True,False,True,False,False,0,True,False,False,Multi-horizon only
359228,-101.809708879,41.2493365937,-482777.625404425,2041668.68490566,Candidate lake ledger,EPSG:4326-compatible longitude/latitude; CRS not embedded in Parquet,NE,Southern Plains,Southern Plains,True,True,True,False,True,False,False,0,False,False,False,neither
359516,-104.764427887,39.9432409302,-741203.721619731,1914820.78760692,Candidate lake ledger,EPSG:4326-compatible longitude/latitude; CRS not embedded in Parquet,CO,Southern Plains,Southern Plains,True,True,True,True,True,True,False,0,True,True,True,Shared
359517,-105.217861504,40.3352401122,-775179.737526647,1962161.06090125,Candidate lake ledger,EPSG:4326-compatible longitude/latitude; CRS not embedded in Parquet,CO,Western Mountains,Western Mountains,True,True,True,False,True,False,False,0,False,False,False,neither
359564,-105.493048526,40.3755881567,-797795.036732447,1968936.60059933,Candidate lake ledger,EPSG:4326-compatible longitude/latitude; CRS not embedded in Parquet,CO,Western Mountains,Western Mountains,True,True,True,False,True,False,False,0,False,False,False,neither
3598,-94.2958321148,45.1060228448,133972.876998077,2458718.49540177,Candidate lake ledger,EPSG:4326-compatible longitude/latitude; CRS not embedded in Parquet,MN,Upper Midwest,Upper Midwest,True,True,True,False,True,False,False,0,True,False,False,Multi-horizon only
360013,-100.77542085,41.0374935545,-398101.45328608,2013193.56850349,Candidate lake ledger,EPSG:4326-compatible longitude/latitude; CRS not embedded in Parquet,NE,Southern Plains,Southern Plains,True,True,True,False,True,False,False,0,True,True,True,Shared
360338,-105.143620324,39.6507794883,-776323.21983718,1885221.38700719,Candidate lake ledger,EPSG:4326-compatible longitude/latitude; CRS not embedded in Parquet,CO,Southern Plains,Southern Plains,True,True,True,False,True,False,False,0,True,True,True,Shared
36034,-95.1114386517,47.6284738051,67242.1651964884,2737478.65829512,Candidate lake ledger,EPSG:4326-compatible longitude/latitude; CRS not embedded in Parquet,MN,Upper Midwest,Upper Midwest,True,True,True,False,True,False,False,0,False,False,False,neither
3607,-93.272579896,46.7435890073,209181.214997968,2642306.68920452,Candidate lake ledger,EPSG:4326-compatible longitude/latitude; CRS not embedded in Parquet,MN,Upper Midwest,Upper Midwest,True,True,True,True,True,True,False,0,False,False,False,neither
360793,-105.159481535,40.5582776791,-767881.19600888,1986554.77859878,Candidate lake ledger,EPSG:4326-compatible longitude/latitude; CRS not embedded in Parquet,CO,Western Mountains,Western Mountains,True,True,True,False,True,False,False,0,False,False,False,neither
361,-93.795671158,44.7710858226,174151.258598883,2422260.65860014,Candidate lake ledger,EPSG:4326-compatible longitude/latitude; CRS not embedded in Parquet,MN,Upper Midwest,Upper Midwest,True,True,True,True,True,True,False,0,True,True,True,Shared
36107,-91.4808140942,38.4290566201,390650.534901641,1720205.86070091,Candidate lake ledger,EPSG:4326-compatible longitude/latitude; CRS not embedded in Parquet,MO,Southern Appalachians,Southern Appalachians,True,True,True,False,True,False,False,0,False,False,False,neither
36121,-93.7807789612,38.8477342156,190794.525100131,1760071.45250355,Candidate lake ledger,EPSG:4326-compatible longitude/latitude; CRS not embedded in Parquet,MO,Temporate Plains,Temperate Plains,True,True,True,True,True,True,False,0,True,False,False,Multi-horizon only
361261,-103.814832325,41.2238082424,-649307.536511988,2050761.42230241,Candidate lake ledger,EPSG:4326-compatible longitude/latitude; CRS not embedded in Parquet,NE,Southern Plains,Southern Plains,True,True,True,True,True,True,False,0,True,True,True,Shared
361694,-96.8495185913,40.7662390372,-71120.249597188,1973131.26589991,Candidate lake ledger,EPSG:4326-compatible longitude/latitude; CRS not embedded in Parquet,NE,Temporate Plains,Temperate Plains,True,True,True,False,True,False,False,0,True,True,True,Shared
361755,-96.8686548242,40.8414726402,-72645.2458007283,1981570.89020366,Candidate lake ledger,EPSG:4326-compatible longitude/latitude; CRS not embedded in Parquet,NE,Temporate Plains,Temperate Plains,True,True,True,False,True,False,False,0,True,True,True,Shared
3618,-93.4057180907,44.8438634557,204730.963997813,2431137.58799572,Candidate lake ledger,EPSG:4326-compatible longitude/latitude; CRS not embedded in Parquet,MN,Upper Midwest,Upper Midwest,True,True,True,False,True,False,False,0,False,True,False,Direct 60-day 60-day only
361919,-96.611295518,41.2440884777,-50832.774899343,2026483.11579519,Candidate lake ledger,EPSG:4326-compatible longitude/latitude; CRS not embedded in Parquet,NE,Temporate Plains,Temperate Plains,True,True,True,True,True,True,True,1,True,True,True,Shared
3621,-92.6786230059,46.4976524955,255670.33109627,2616525.26619821,Candidate lake ledger,EPSG:4326-compatible longitude/latitude; CRS not embedded in Parquet,MN,Upper Midwest,Upper Midwest,True,True,True,False,True,False,False,0,False,False,False,neither
362582,-96.6413127825,40.6010399644,-53814.7806015757,1954492.51849578,Candidate lake ledger,EPSG:4326-compatible longitude/latitude; CRS not embedded in Parquet,NE,Temporate Plains,Temperate Plains,True,True,True,False,True,False,False,0,True,True,True,Shared
362584,-96.6331778355,40.7819034321,-52997.1954033335,1974744.25040482,Candidate lake ledger,EPSG:4326-compatible longitude/latitude; CRS not embedded in Parquet,NE,Temporate Plains,Temperate Plains,True,True,True,False,True,False,False,0,True,True,True,Shared
3626,-93.88805537,46.4206570047,162780.972103293,2605331.20060036,Candidate lake ledger,EPSG:4326-compatible longitude/latitude; CRS not embedded in Parquet,MN,Upper Midwest,Upper Midwest,True,True,True,True,True,True,False,0,False,False,False,neither
362640,-99.853221075,40.6943480571,-322827.391399933,1971307.38250349,Candidate lake ledger,EPSG:4326-compatible longitude/latitude; CRS not embedded in Parquet,NE,Southern Plains,Southern Plains,True,True,True,False,True,False,False,0,True,True,True,Shared
362778,-96.7960049834,40.6341332396,-66764.2190029558,1958297.20089726,Candidate lake ledger,EPSG:4326-compatible longitude/latitude; CRS not embedded in Parquet,NE,Temporate Plains,Temperate Plains,True,True,True,False,True,False,False,0,True,True,True,Shared
362855,-96.8628630984,40.9747198236,-72025.4220011868,1996487.16119708,Candidate lake ledger,EPSG:4326-compatible longitude/latitude; CRS not embedded in Parquet,NE,Temporate Plains,Temperate Plains,True,True,True,False,True,False,False,0,True,False,False,Multi-horizon only
363,-93.5004015016,43.5468840778,201062.881896615,2286412.58049916,Candidate lake ledger,EPSG:4326-compatible longitude/latitude; CRS not embedded in Parquet,MN,Temporate Plains,Temperate Plains,True,True,True,False,True,False,False,0,True,True,True,Shared
3630,-93.3405157828,45.0436760825,209252.922596841,2453508.7810028,Candidate lake ledger,EPSG:4326-compatible longitude/latitude; CRS not embedded in Parquet,MN,Upper Midwest,Upper Midwest,True,True,True,True,True,True,True,2,True,False,False,Multi-horizon only
363003,-96.844940689,40.5802076868,-70922.2545993324,1952292.83990463,Candidate lake ledger,EPSG:4326-compatible longitude/latitude; CRS not embedded in Parquet,NE,Temporate Plains,Temperate Plains,True,True,True,False,True,False,False,0,True,True,True,Shared
363083,-96.5851957863,40.6312358153,-49085.0448041508,1957844.1908983,Candidate lake ledger,EPSG:4326-compatible longitude/latitude; CRS not embedded in Parquet,NE,Temporate Plains,Temperate Plains,True,True,True,False,True,False,False,0,True,True,True,Shared
363219,-96.9484591725,40.8275177388,-79334.6351973546,1980071.98559593,Candidate lake ledger,EPSG:4326-compatible longitude/latitude; CRS not embedded in Parquet,NE,Temporate Plains,Temperate Plains,True,True,True,False,True,False,False,0,True,True,True,Shared
363323,-98.7629415112,41.426856105,-229129.127702914,2050109.80559804,Candidate lake ledger,EPSG:4326-compatible longitude/latitude; CRS not embedded in Parquet,NE,Southern Plains,Southern Plains,True,True,True,False,True,False,False,0,False,False,False,neither
3634,-93.333784302,45.8152246899,207376.536503679,2539255.48320162,Candidate lake ledger,EPSG:4326-compatible longitude/latitude; CRS not embedded in Parquet,MN,Upper Midwest,Upper Midwest,True,True,True,False,True,False,False,0,False,False,False,neither
3637,-93.4123281355,45.0016948836,203731.196298135,2448683.18660257,Candidate lake ledger,EPSG:4326-compatible longitude/latitude; CRS not embedded in Parquet,MN,Upper Midwest,Upper Midwest,True,True,True,True,True,True,True,2,True,True,True,Shared
3643,-93.6650523256,44.8812188312,184167.474498927,2434763.72409573,Candidate lake ledger,EPSG:4326-compatible longitude/latitude; CRS not embedded in Parquet,MN,Upper Midwest,Upper Midwest,True,True,True,True,True,True,True,2,False,False,False,neither
3646,-93.9458990503,46.7250846373,157594.229803315,2638958.5857959,Candidate lake ledger,EPSG:4326-compatible longitude/latitude; CRS not embedded in Parquet,MN,Upper Midwest,Upper Midwest,True,True,True,True,True,True,True,2,True,False,False,Multi-horizon only
364854,-98.5309071845,41.7575317714,-208905.974100226,2086567.46239762,Candidate lake ledger,EPSG:4326-compatible longitude/latitude; CRS not embedded in Parquet,NE,Southern Plains,Southern Plains,True,True,True,True,True,True,True,2,True,True,True,Shared
364887,-98.8992709563,41.3204948163,-240794.587702396,2038546.40299919,Candidate lake ledger,EPSG:4326-compatible longitude/latitude; CRS not embedded in Parquet,NE,Southern Plains,Southern Plains,True,True,True,False,True,False,False,0,True,False,False,Multi-horizon only
3652,-94.6110500856,46.2441622392,107346.212599307,2584735.74090289,Candidate lake ledger,EPSG:4326-compatible longitude/latitude; CRS not embedded in Parquet,MN,Upper Midwest,Upper Midwest,True,True,True,True,True,True,False,0,False,False,False,neither
365518,-99.2588434058,41.8699126373,-268539.221900879,2100964.16939763,Candidate lake ledger,EPSG:4326-compatible longitude/latitude; CRS not embedded in Parquet,NE,Southern Plains,Southern Plains,True,True,True,False,True,False,False,0,True,False,False,Multi-horizon only
3658,-92.8560481174,45.3832169343,246109.751503242,2492416.0687055,Candidate lake ledger,EPSG:4326-compatible longitude/latitude; CRS not embedded in Parquet,MN,Upper Midwest,Upper Midwest,True,True,True,True,True,True,False,0,False,False,False,neither
365958,-97.5665273516,42.1789212195,-128536.618298515,2131984.23879542,Candidate lake ledger,EPSG:4326-compatible longitude/latitude; CRS not embedded in Parquet,NE,Temporate Plains,Temperate Plains,True,True,True,False,True,False,False,0,True,False,False,Multi-horizon only
366189,-97.2346458467,41.9783934889,-101598.221698837,2109155.37429738,Candidate lake ledger,EPSG:4326-compatible longitude/latitude; CRS not embedded in Parquet,NE,Temporate Plains,Temperate Plains,True,True,True,False,True,False,False,0,True,True,True,Shared
3666,-96.0143470047,46.8005204541,-1099.55189873404,2645609.43590422,Candidate lake ledger,EPSG:4326-compatible longitude/latitude; CRS not embedded in Parquet,MN,Upper Midwest,Upper Midwest,True,True,True,False,True,False,False,0,False,False,False,neither
3667,-93.7038493494,46.4709073557,176841.673199809,2611229.13500026,Candidate lake ledger,EPSG:4326-compatible longitude/latitude; CRS not embedded in Parquet,MN,Upper Midwest,Upper Midwest,True,True,True,False,True,False,False,0,False,False,False,neither
366991,-95.9932777243,40.1885535141,567.362302044693,1908103.35890297,Candidate lake ledger,EPSG:4326-compatible longitude/latitude; CRS not embedded in Parquet,NE,Temporate Plains,Temperate Plains,True,True,True,True,True,True,True,2,True,True,True,Shared
36724,-94.2926050041,45.1313136421,134176.00270381,2461536.11349853,Candidate lake ledger,EPSG:4326-compatible longitude/latitude; CRS not embedded in Parquet,MN,Upper Midwest,Upper Midwest,True,True,True,False,True,False,False,0,True,False,False,Multi-horizon only
3673,-95.0569554759,45.252250245,73978.6468035944,2474149.24100232,Candidate lake ledger,EPSG:4326-compatible longitude/latitude; CRS not embedded in Parquet,MN,Upper Midwest,Upper Midwest,True,True,True,True,True,True,False,0,True,False,False,Multi-horizon only
36735,-94.9065663556,46.8087458252,83788.2331023843,2647002.16759989,Candidate lake ledger,EPSG:4326-compatible longitude/latitude; CRS not embedded in Parquet,MN,Upper Midwest,Upper Midwest,True,True,True,True,True,True,False,0,False,False,False,neither
36738,-94.92452275,47.3900114126,81684.6474001929,2711283.58940178,Candidate lake ledger,EPSG:4326-compatible longitude/latitude; CRS not embedded in Parquet,MN,Upper Midwest,Upper Midwest,True,True,True,True,True,True,False,0,False,False,False,neither
367519,-96.3053069353,40.1651433749,-25776.3884977519,1905521.95510413,Candidate lake ledger,EPSG:4326-compatible longitude/latitude; CRS not embedded in Parquet,NE,Temporate Plains,Temperate Plains,True,True,True,True,True,True,True,2,True,False,False,Multi-horizon only
36752,-94.1269709421,46.5524645484,144080.853596701,2619551.42239975,Candidate lake ledger,EPSG:4326-compatible longitude/latitude; CRS not embedded in Parquet,MN,Upper Midwest,Upper Midwest,True,True,True,False,True,False,False,0,False,False,False,neither
367586,-99.2556026753,40.0581382753,-275220.66769794,1898206.31800514,Candidate lake ledger,EPSG:4326-compatible longitude/latitude; CRS not embedded in Parquet,NE,Southern Plains,Southern Plains,True,True,True,False,True,False,False,0,True,True,True,Shared
36762,-93.1501053206,44.9042110098,224695.774100348,2438429.6811972,Candidate lake ledger,EPSG:4326-compatible longitude/latitude; CRS not embedded in Parquet,MN,Upper Midwest,Upper Midwest,True,True,True,True,True,True,False,0,True,False,False,Multi-horizon only
367842,-101.109518959,40.1575724083,-431223.889710557,1916227.62209892,Candidate lake ledger,EPSG:4326-compatible longitude/latitude; CRS not embedded in Parquet,NE,Southern Plains,Southern Plains,True,True,True,False,True,False,False,0,True,False,False,Multi-horizon only
3679,-94.4132907348,46.9553681838,121313.270399225,2663764.20349587,Candidate lake ledger,EPSG:4326-compatible longitude/latitude; CRS not embedded in Parquet,MN,Upper Midwest,Upper Midwest,True,True,True,False,True,False,False,0,False,False,False,neither
36803,-95.402231009,46.6852158634,45892.9316968842,2632983.70369801,Candidate lake ledger,EPSG:4326-compatible longitude/latitude; CRS not embedded in Parquet,MN,Upper Midwest,Upper Midwest,True,True,True,False,True,False,False,0,False,False,False,neither
36810,-93.4324321684,44.7508071778,202903.172296705,2420724.15329632,Candidate lake ledger,EPSG:4326-compatible longitude/latitude; CRS not embedded in Parquet,MN,Upper Midwest,Upper Midwest,True,True,True,True,True,True,True,3,True,True,True,Shared
368101,-101.534936105,40.4370613892,-465265.852054474,1949495.99269708,Candidate lake ledger,EPSG:4326-compatible longitude/latitude; CRS not embedded in Parquet,NE,Southern Plains,Southern Plains,True,True,True,False,True,False,False,0,True,False,False,Multi-horizon only
36845,-93.3390007352,44.8825556529,209874.105498193,2435588.43650151,Candidate lake ledger,EPSG:4326-compatible longitude/latitude; CRS not embedded in Parquet,MN,Upper Midwest,Upper Midwest,True,True,True,False,True,False,False,0,True,True,True,Shared
3686,-93.2257923292,45.0437289743,218276.883898732,2453772.71930539,Candidate lake ledger,EPSG:4326-compatible longitude/latitude; CRS not embedded in Parquet,MN,Upper Midwest,Upper Midwest,True,True,True,True,True,True,True,2,True,False,False,Multi-horizon only
368832,-100.226359792,40.386185153,-355604.279165656,1938152.50800407,Candidate lake ledger,EPSG:4326-compatible longitude/latitude; CRS not embedded in Parquet,NE,Southern Plains,Southern Plains,True,True,True,True,True,True,False,0,True,True,True,Shared
3692,-94.3328495287,46.2364932261,128860.086700588,2584230.95819916,Candidate lake ledger,EPSG:4326-compatible longitude/latitude; CRS not embedded in Parquet,MN,Upper Midwest,Upper Midwest,True,True,True,False,True,False,False,0,False,False,False,neither
369331,-96.9881231329,39.2008535359,-84547.2261978289,1797861.38479458,Candidate lake ledger,EPSG:4326-compatible longitude/latitude; CRS not embedded in Parquet,KS,Temporate Plains,Temperate Plains,True,True,True,True,True,True,True,1,True,False,False,Multi-horizon only
3697,-94.616126618,45.3715667501,108364.929902618,2487838.51040468,Candidate lake ledger,EPSG:4326-compatible longitude/latitude; CRS not embedded in Parquet,MN,Upper Midwest,Upper Midwest,True,True,True,True,True,True,False,0,True,False,False,Multi-horizon only
3711,-95.4219744727,45.9670185283,44861.567697608,2553335.81419952,Candidate lake ledger,EPSG:4326-compatible longitude/latitude; CRS not embedded in Parquet,MN,Upper Midwest,Upper Midwest,True,True,True,True,True,True,False,0,False,False,False,neither
371305,-97.3792436523,40.413347314,-116039.055995943,1934128.7356001,Candidate lake ledger,EPSG:4326-compatible longitude/latitude; CRS not embedded in Parquet,NE,Southern Plains,Southern Plains,True,True,True,True,True,True,False,0,True,True,True,Shared
371784,-97.2619862859,40.4572422334,-106109.226900499,1938908.30149498,Candidate lake ledger,EPSG:4326-compatible longitude/latitude; CRS not embedded in Parquet,NE,Southern Plains,Southern Plains,True,True,True,False,True,False,False,0,True,True,True,Shared
3718,-94.1976295623,46.6289404667,138485.475896374,2627918.48210507,Candidate lake ledger,EPSG:4326-compatible longitude/latitude; CRS not embedded in Parquet,MN,Upper Midwest,Upper Midwest,True,True,True,False,True,False,False,0,False,False,False,neither
372145,-98.3005508137,40.2660528736,-193938.124696243,1919133.3793029,Candidate lake ledger,EPSG:4326-compatible longitude/latitude; CRS not embedded in Parquet,NE,Southern Plains,Southern Plains,True,True,True,False,True,False,False,0,True,True,True,Shared
3724,-93.9110075268,46.5311992875,160742.879598526,2617541.70459856,Candidate lake ledger,EPSG:4326-compatible longitude/latitude; CRS not embedded in Parquet,MN,Upper Midwest,Upper Midwest,True,True,True,False,True,False,False,0,False,False,False,neither
373,-93.3943142918,44.9531702917,205297.140996275,2443323.96030011,Candidate lake ledger,EPSG:4326-compatible longitude/latitude; CRS not embedded in Parquet,MN,Upper Midwest,Upper Midwest,True,True,True,True,True,True,False,0,False,False,False,neither
373121,-94.8685221235,38.8703288533,97253.6706035233,1760955.10069463,Candidate lake ledger,EPSG:4326-compatible longitude/latitude; CRS not embedded in Parquet,KS,Temporate Plains,Temperate Plains,True,True,True,False,True,False,False,0,False,False,False,neither
3734,-96.0719719621,46.6010375563,-5532.6517009918,2623515.83050088,Candidate lake ledger,EPSG:4326-compatible longitude/latitude; CRS not embedded in Parquet,MN,Upper Midwest,Upper Midwest,True,True,True,True,True,True,False,0,True,False,False,Multi-horizon only
373647,-95.627796742,39.003775347,31933.9990022719,1775395.79890168,Candidate lake ledger,EPSG:4326-compatible longitude/latitude; CRS not embedded in Parquet,KS,Temporate Plains,Temperate Plains,True,True,True,False,True,False,False,0,True,False,False,Multi-horizon only
3738,-94.5401607291,45.1068143672,114765.308003349,2458486.78930499,Candidate lake ledger,EPSG:4326-compatible longitude/latitude; CRS not embedded in Parquet,MN,Temporate Plains,Temperate Plains,True,True,True,True,True,True,False,0,True,True,True,Shared
373899,-96.5815728645,40.2227658693,-49061.1802024546,1912086.42920134,Candidate lake ledger,EPSG:4326-compatible longitude/latitude; CRS not embedded in Parquet,NE,Temporate Plains,Temperate Plains,True,True,True,True,True,True,True,2,True,True,True,Shared
374604,-95.6089478304,38.6638897176,33707.9345980383,1737306.6708976,Candidate lake ledger,EPSG:4326-compatible longitude/latitude; CRS not embedded in Parquet,KS,Temporate Plains,Temperate Plains,True,True,True,False,True,False,False,0,True,False,False,Multi-horizon only
375,-93.0611346947,45.0079450976,231351.377696797,2450182.31840072,Candidate lake ledger,EPSG:4326-compatible longitude/latitude; CRS not embedded in Parquet,MN,Upper Midwest,Upper Midwest,True,True,True,True,True,True,False,0,True,True,True,Shared
3753,-93.5301522114,44.8769789482,194817.566700922,2434560.92189722,Candidate lake ledger,EPSG:4326-compatible longitude/latitude; CRS not embedded in Parquet,MN,Upper Midwest,Upper Midwest,True,True,True,False,True,False,False,0,False,False,False,neither
375374,-92.8048806794,38.588325905,275646.655503479,1733401.84309644,Candidate lake ledger,EPSG:4326-compatible longitude/latitude; CRS not embedded in Parquet,MO,Southern Appalachians,Southern Appalachians,True,True,True,False,True,False,False,0,False,False,False,neither
375451,-91.7324704203,36.2020171471,380114.368099724,1469897.73020448,Candidate lake ledger,EPSG:4326-compatible longitude/latitude; CRS not embedded in Parquet,AR,Southern Appalachians,Southern Appalachians,True,True,True,False,True,False,False,0,False,False,False,neither
3758,-93.7541953554,45.3387195308,175935.051602567,2485476.3886052,Candidate lake ledger,EPSG:4326-compatible longitude/latitude; CRS not embedded in Parquet,MN,Upper Midwest,Upper Midwest,True,True,True,False,True,False,False,0,False,False,False,neither
375816,-92.2056139262,35.5306798309,340995.185803955,1392999.6442007,Candidate lake ledger,EPSG:4326-compatible longitude/latitude; CRS not embedded in Parquet,AR,Southern Appalachians,Southern Appalachians,True,True,True,False,True,False,False,0,False,False,False,neither
3765,-94.1618815994,45.7340018924,143151.971703178,2528709.98209603,Candidate lake ledger,EPSG:4326-compatible longitude/latitude; CRS not embedded in Parquet,MN,Upper Midwest,Upper Midwest,True,True,True,True,True,True,True,3,True,True,True,Shared
376907,-97.8351272162,37.7598278911,-160131.62450172,1637452.35450345,Candidate lake ledger,EPSG:4326-compatible longitude/latitude; CRS not embedded in Parquet,KS,Southern Plains,Southern Plains,True,True,True,False,True,False,False,0,True,False,False,Multi-horizon only
3771,-94.0731948266,46.5530924255,148215.556997984,2619703.68700538,Candidate lake ledger,EPSG:4326-compatible longitude/latitude; CRS not embedded in Parquet,MN,Upper Midwest,Upper Midwest,True,True,True,True,True,True,False,0,False,False,False,neither
3773,-94.1640765121,45.2595640992,143999.668301062,2475986.54320098,Candidate lake ledger,EPSG:4326-compatible longitude/latitude; CRS not embedded in Parquet,MN,Upper Midwest,Upper Midwest,True,True,True,True,True,True,False,0,True,False,False,Multi-horizon only
3777,-95.9685211132,46.5803752285,2420.61359867494,2621224.70760488,Candidate lake ledger,EPSG:4326-compatible longitude/latitude; CRS not embedded in Parquet,MN,Upper Midwest,Upper Midwest,True,True,True,True,True,True,False,0,False,False,False,neither
3780,-92.8915854061,46.7230546319,238466.421201305,2640930.83179647,Candidate lake ledger,EPSG:4326-compatible longitude/latitude; CRS not embedded in Parquet,MN,Upper Midwest,Upper Midwest,True,True,True,False,True,False,False,0,False,False,False,neither
3782,-95.7669286512,46.5810954823,17922.1382032111,2621326.09200494,Candidate lake ledger,EPSG:4326-compatible longitude/latitude; CRS not embedded in Parquet,MN,Upper Midwest,Upper Midwest,True,True,True,True,True,True,False,0,False,False,False,neither
3784,-94.9926487072,45.2307289898,79048.4820995271,2471807.68559959,Candidate lake ledger,EPSG:4326-compatible longitude/latitude; CRS not embedded in Parquet,MN,Upper Midwest,Upper Midwest,True,True,True,False,True,False,False,0,False,False,False,neither
37862,-93.9917496988,46.3404969753,154977.61030083,2596272.4249988,Candidate lake ledger,EPSG:4326-compatible longitude/latitude; CRS not embedded in Parquet,MN,Upper Midwest,Upper Midwest,True,True,True,True,True,True,False,0,True,True,True,Shared
37873,-93.3853618839,44.9526667608,206003.848499543,2443287.31620317,Candidate lake ledger,EPSG:4326-compatible longitude/latitude; CRS not embedded in Parquet,MN,Upper Midwest,Upper Midwest,True,True,True,True,True,True,False,0,False,False,False,neither
37886,-93.3358178676,44.9404567613,209944.432299358,2442037.38929599,Candidate lake ledger,EPSG:4326-compatible longitude/latitude; CRS not embedded in Parquet,MN,Upper Midwest,Upper Midwest,True,True,True,False,True,False,False,0,False,False,False,neither
37919,-93.4427376981,44.9090306024,201615.05740244,2438309.53390415,Candidate lake ledger,EPSG:4326-compatible longitude/latitude; CRS not embedded in Parquet,MN,Upper Midwest,Upper Midwest,True,True,True,True,True,True,False,0,False,False,False,neither
3792,-95.4220155131,45.8209184784,44957.0358013214,2537115.2531945,Candidate lake ledger,EPSG:4326-compatible longitude/latitude; CRS not embedded in Parquet,MN,Upper Midwest,Upper Midwest,True,True,True,True,True,True,False,0,False,False,False,neither
3801,-93.0932835662,45.1766440612,228247.403101343,2468864.08700331,Candidate lake ledger,EPSG:4326-compatible longitude/latitude; CRS not embedded in Parquet,MN,Upper Midwest,Upper Midwest,True,True,True,True,True,True,False,0,True,True,True,Shared
3802,-94.4204777848,44.9537813317,124456.35759769,2441611.5997962,Candidate lake ledger,EPSG:4326-compatible longitude/latitude; CRS not embedded in Parquet,MN,Upper Midwest,Upper Midwest,True,True,True,True,True,True,False,0,True,False,False,Multi-horizon only
381,-96.1713332697,47.6542031013,-12960.7600986604,2740016.97729669,Candidate lake ledger,EPSG:4326-compatible longitude/latitude; CRS not embedded in Parquet,MN,Temporate Plains,Temperate Plains,True,True,True,True,True,True,False,0,True,True,True,Shared
3810,-93.1668379091,45.0589867555,222863.501502012,2455606.46340292,Candidate lake ledger,EPSG:4326-compatible longitude/latitude; CRS not embedded in Parquet,MN,Upper Midwest,Upper Midwest,True,True,True,True,True,True,False,0,False,False,False,neither
3811,-93.9150209034,46.3520508811,160869.769396929,2597680.76830517,Candidate lake ledger,EPSG:4326-compatible longitude/latitude; CRS not embedded in Parquet,MN,Upper Midwest,Upper Midwest,True,True,True,True,True,True,False,0,False,False,False,neither
381133,-96.8609503737,36.749404283,-76155.1974963268,1523023.78609597,Candidate lake ledger,EPSG:4326-compatible longitude/latitude; CRS not embedded in Parquet,OK,Temporate Plains,Temperate Plains,True,True,True,False,True,False,False,0,True,False,False,Multi-horizon only
38156,-95.5740434572,46.2467697397,32920.1906018361,2584314.2625031,Candidate lake ledger,EPSG:4326-compatible longitude/latitude; CRS not embedded in Parquet,MN,Upper Midwest,Upper Midwest,True,True,True,False,True,False,False,0,True,False,False,Multi-horizon only
38157,-95.6873312497,46.871789043,23936.8734000672,2653539.41449535,Candidate lake ledger,EPSG:4326-compatible longitude/latitude; CRS not embedded in Parquet,MN,Upper Midwest,Upper Midwest,True,True,True,False,True,False,False,0,False,False,False,neither
3819,-94.5275135394,45.0359047048,115881.724300679,2450613.7167954,Candidate lake ledger,EPSG:4326-compatible longitude/latitude; CRS not embedded in Parquet,MN,Temporate Plains,Temperate Plains,True,True,True,True,True,True,False,0,False,False,False,neither
3829,-94.6327663964,45.8309383446,106327.726803566,2538856.08459542,Candidate lake ledger,EPSG:4326-compatible longitude/latitude; CRS not embedded in Parquet,MN,Upper Midwest,Upper Midwest,True,True,True,True,True,True,False,0,False,False,False,neither
3835,-94.1246965711,45.2749202161,147054.319896884,2477754.22229515,Candidate lake ledger,EPSG:4326-compatible longitude/latitude; CRS not embedded in Parquet,MN,Upper Midwest,Upper Midwest,True,True,True,True,True,True,False,0,False,False,False,neither
3848,-95.046942498,43.9209148616,76251.1578977406,2325881.99640042,Candidate lake ledger,EPSG:4326-compatible longitude/latitude; CRS not embedded in Parquet,MN,Temporate Plains,Temperate Plains,True,True,True,True,True,True,False,0,True,True,True,Shared
3850,-95.7157617522,45.8576676563,22096.638802438,2541092.29269672,Candidate lake ledger,EPSG:4326-compatible longitude/latitude; CRS not embedded in Parquet,MN,Upper Midwest,Upper Midwest,True,True,True,False,True,False,False,0,True,False,False,Multi-horizon only
3851,-92.6305116561,46.6906093609,258614.386802794,2638021.98389492,Candidate lake ledger,EPSG:4326-compatible longitude/latitude; CRS not embedded in Parquet,MN,Upper Midwest,Upper Midwest,True,True,True,False,True,False,False,0,False,False,False,neither
38513,-92.4175044478,47.1018062329,273240.069603867,2684105.49529645,Candidate lake ledger,EPSG:4326-compatible longitude/latitude; CRS not embedded in Parquet,MN,Upper Midwest,Upper Midwest,True,True,True,True,True,True,False,0,False,False,False,neither
3859,-92.8629503296,45.2897129539,245912.765802804,2482007.40550206,Candidate lake ledger,EPSG:4326-compatible longitude/latitude; CRS not embedded in Parquet,MN,Upper Midwest,Upper Midwest,True,True,True,True,True,True,False,0,True,True,True,Shared
386,-94.7517646017,45.7742853943,97156.6053036836,2532437.79100424,Candidate lake ledger,EPSG:4326-compatible longitude/latitude; CRS not embedded in Parquet,MN,Upper Midwest,Upper Midwest,True,True,True,False,True,False,False,0,False,False,False,neither
3863,-93.0794984363,45.0841099443,229645.822297664,2458608.3077051,Candidate lake ledger,EPSG:4326-compatible longitude/latitude; CRS not embedded in Parquet,MN,Upper Midwest,Upper Midwest,True,True,True,True,True,True,False,0,True,True,True,Shared
387457,-101.659830658,35.6390156345,-507752.19210463,1413443.47390066,Candidate lake ledger,EPSG:4326-compatible longitude/latitude; CRS not embedded in Parquet,TX,Southern Plains,Southern Plains,True,True,True,False,True,False,False,0,True,False,False,Multi-horizon only
38846,-93.4718501968,44.9935062043,199070.294096066,2447646.14790526,Candidate lake ledger,EPSG:4326-compatible longitude/latitude; CRS not embedded in Parquet,MN,Upper Midwest,Upper Midwest,True,True,True,True,True,True,True,1,False,False,False,neither
38853,-92.9378815153,44.9624904546,241213.69860194,2445433.00460026,Candidate lake ledger,EPSG:4326-compatible longitude/latitude; CRS not embedded in Parquet,MN,Upper Midwest,Upper Midwest,True,True,True,True,True,True,False,0,True,False,False,Multi-horizon only
38887,-93.8961401451,46.4802169357,162011.781503396,2611917.91990125,Candidate lake ledger,EPSG:4326-compatible longitude/latitude; CRS not embedded in Parquet,MN,Upper Midwest,Upper Midwest,True,True,True,True,True,True,False,0,False,False,False,neither
38904,-93.8828731996,46.2399953847,163626.588300886,2585311.78970224,Candidate lake ledger,EPSG:4326-compatible longitude/latitude; CRS not embedded in Parquet,MN,Upper Midwest,Upper Midwest,True,True,True,False,True,False,False,0,False,False,False,neither
3892,-94.4845981672,45.4353236577,118550.481898472,2495082.49629664,Candidate lake ledger,EPSG:4326-compatible longitude/latitude; CRS not embedded in Parquet,MN,Upper Midwest,Upper Midwest,True,True,True,False,True,False,False,0,True,False,False,Multi-horizon only
38927,-94.4587990887,46.9576631564,117830.079202559,2663960.90619515,Candidate lake ledger,EPSG:4326-compatible longitude/latitude; CRS not embedded in Parquet,MN,Upper Midwest,Upper Midwest,True,True,True,False,True,False,False,0,False,False,False,neither
3900,-93.3693225436,44.8220226855,207669.729896784,2428786.13850547,Candidate lake ledger,EPSG:4326-compatible longitude/latitude; CRS not embedded in Parquet,MN,Upper Midwest,Upper Midwest,True,True,True,True,True,True,True,1,True,True,True,Shared
39040,-93.4133412119,43.6622193113,207713.851196067,2299466.44960139,Candidate lake ledger,EPSG:4326-compatible longitude/latitude; CRS not embedded in Parquet,MN,Temporate Plains,Temperate Plains,True,True,True,False,True,False,False,0,True,True,True,Shared
390649,-93.702695068,35.1007821919,207652.714298097,1340587.42279913,Candidate lake ledger,EPSG:4326-compatible longitude/latitude; CRS not embedded in Parquet,AR,Southern Appalachians,Southern Appalachians,True,True,True,False,True,False,False,0,False,False,False,neither
390651,-92.5952870643,35.2424577801,307147.257496631,1359434.15560099,Candidate lake ledger,EPSG:4326-compatible longitude/latitude; CRS not embedded in Parquet,AR,Southern Appalachians,Southern Appalachians,True,True,True,False,True,False,False,0,True,False,False,Multi-horizon only
3924,-93.3482846475,44.2696926838,211046.571398938,2367331.42279722,Candidate lake ledger,EPSG:4326-compatible longitude/latitude; CRS not embedded in Parquet,MN,Upper Midwest,Upper Midwest,True,True,True,True,True,True,False,0,True,True,True,Shared
393135,-92.5742993024,34.8866683366,310474.539603138,1319717.8599054,Candidate lake ledger,EPSG:4326-compatible longitude/latitude; CRS not embedded in Parquet,AR,Southern Appalachians,Southern Appalachians,True,True,True,False,True,False,False,0,False,False,False,neither
3932,-74.5206885743,41.1614062003,1773047.70670273,2218291.60700594,Candidate lake ledger,EPSG:4326-compatible longitude/latitude; CRS not embedded in Parquet,NJ,Northern Appalachians,Northern Appalachians,True,True,True,False,True,False,False,0,False,False,False,neither
393298,-94.359325246,35.9705265248,146626.428196157,1436702.79570543,Candidate lake ledger,EPSG:4326-compatible longitude/latitude; CRS not embedded in Parquet,AR,Southern Appalachians,Southern Appalachians,True,True,True,True,True,True,False,0,False,False,False,neither
39362,-91.2620376916,37.3884297113,415359.26730443,1604638.99089696,Candidate lake ledger,EPSG:4326-compatible longitude/latitude; CRS not embedded in Parquet,MO,Southern Appalachians,Southern Appalachians,True,True,True,False,True,False,False,0,False,False,False,neither
3942,-95.4590747355,45.6072116695,42209.6292001593,2513360.24650261,Candidate lake ledger,EPSG:4326-compatible longitude/latitude; CRS not embedded in Parquet,MN,Upper Midwest,Upper Midwest,True,True,True,False,True,False,False,0,False,False,False,neither
3943,-93.9343786516,44.8084371508,163104.187500428,2426171.88409958,Candidate lake ledger,EPSG:4326-compatible longitude/latitude; CRS not embedded in Parquet,MN,Upper Midwest,Upper Midwest,True,True,True,True,True,True,True,3,True,True,True,Shared
3944,-93.5303304365,47.5595713729,187072.450398368,2731985.81169524,Candidate lake ledger,EPSG:4326-compatible longitude/latitude; CRS not embedded in Parquet,MN,Upper Midwest,Upper Midwest,True,True,True,False,True,False,False,0,False,False,False,neither
3946,-93.621390995,45.4918466599,185910.742796735,2502746.6339026,Candidate lake ledger,EPSG:4326-compatible longitude/latitude; CRS not embedded in Parquet,MN,Upper Midwest,Upper Midwest,True,True,True,True,True,True,True,1,True,True,True,Shared
3950,-95.1792760188,45.602512394,64047.0187024989,2512994.53779792,Candidate lake ledger,EPSG:4326-compatible longitude/latitude; CRS not embedded in Parquet,MN,Upper Midwest,Upper Midwest,True,True,True,True,True,True,False,0,True,True,True,Shared
3955,-94.6282509139,46.2122349782,106068.040901716,2581175.3852992,Candidate lake ledger,EPSG:4326-compatible longitude/latitude; CRS not embedded in Parquet,MN,Upper Midwest,Upper Midwest,True,True,True,True,True,True,False,0,False,False,False,neither
3960,-93.0451948275,45.2615578297,231728.731501792,2478420.05729808,Candidate lake ledger,EPSG:4326-compatible longitude/latitude; CRS not embedded in Parquet,MN,Upper Midwest,Upper Midwest,True,True,True,True,True,True,False,0,True,True,True,Shared
3962,-93.8202388014,47.5848934203,165052.446200337,2734244.59209932,Candidate lake ledger,EPSG:4326-compatible longitude/latitude; CRS not embedded in Parquet,MN,Upper Midwest,Upper Midwest,True,True,True,False,True,False,False,0,False,False,False,neither
3973,-94.3728832424,45.067237935,127989.997603332,2454297.93560136,Candidate lake ledger,EPSG:4326-compatible longitude/latitude; CRS not embedded in Parquet,MN,Upper Midwest,Upper Midwest,True,True,True,True,True,True,False,0,True,True,True,Shared
3978,-93.4925441004,46.4874386984,193063.72320074,2613472.11669691,Candidate lake ledger,EPSG:4326-compatible longitude/latitude; CRS not embedded in Parquet,MN,Upper Midwest,Upper Midwest,True,True,True,False,True,False,False,0,False,False,False,neither
3985,-94.9842745852,45.24248375,79691.615697974,2473121.91029961,Candidate lake ledger,EPSG:4326-compatible longitude/latitude; CRS not embedded in Parquet,MN,Upper Midwest,Upper Midwest,True,True,True,True,True,True,False,0,False,False,False,neither
3989,-92.7386182183,46.4120923259,251379.312798328,2606886.76809652,Candidate lake ledger,EPSG:4326-compatible longitude/latitude; CRS not embedded in Parquet,MN,Upper Midwest,Upper Midwest,True,True,True,False,True,False,False,0,False,False,False,neither
3990,-95.1807183806,47.0625979075,62538.7481014756,2674886.64449906,Candidate lake ledger,EPSG:4326-compatible longitude/latitude; CRS not embedded in Parquet,MN,Upper Midwest,Upper Midwest,True,True,True,False,True,False,False,0,False,False,False,neither
3993,-94.8640761761,46.9288791153,86885.0778974635,2660338.89179647,Candidate lake ledger,EPSG:4326-compatible longitude/latitude; CRS not embedded in Parquet,MN,Upper Midwest,Upper Midwest,True,True,True,True,True,True,False,0,False,False,False,neither
39951,-95.3417658133,45.8170763824,51201.9135972916,2536729.20429995,Candidate lake ledger,EPSG:4326-compatible longitude/latitude; CRS not embedded in Parquet,MN,Upper Midwest,Upper Midwest,True,True,True,False,True,False,False,0,False,False,False,neither
39957,-93.5318051731,45.0154801774,194286.924802016,2449966.41719472,Candidate lake ledger,EPSG:4326-compatible longitude/latitude; CRS not embedded in Parquet,MN,Upper Midwest,Upper Midwest,True,True,True,False,True,False,False,0,True,True,True,Shared
3996,-94.1964884122,45.3177001804,141335.087201401,2482401.47249771,Candidate lake ledger,EPSG:4326-compatible longitude/latitude; CRS not embedded in Parquet,MN,Upper Midwest,Upper Midwest,True,True,True,True,True,True,False,0,False,False,False,neither
4002,-88.409611926,44.0167950102,605794.82720017,2360398.06830022,Candidate lake ledger,EPSG:4326-compatible longitude/latitude; CRS not embedded in Parquet,WI,Temporate Plains,Temperate Plains,True,True,True,False,True,False,False,0,True,True,True,Shared
40044,-93.2930773037,44.739872978,213947.522797128,2419812.80479641,Candidate lake ledger,EPSG:4326-compatible longitude/latitude; CRS not embedded in Parquet,MN,Upper Midwest,Upper Midwest,True,True,True,True,True,True,False,0,False,False,False,neither
4005,-91.0743966745,47.7329243781,371987.750200537,2758338.26100166,Candidate lake ledger,EPSG:4326-compatible longitude/latitude; CRS not embedded in Parquet,MN,Upper Midwest,Upper Midwest,True,True,True,True,True,True,False,0,False,False,False,neither
40062,-92.9111718839,45.0509831256,242996.969803035,2455343.03009905,Candidate lake ledger,EPSG:4326-compatible longitude/latitude; CRS not embedded in Parquet,MN,Upper Midwest,Upper Midwest,True,True,True,True,True,True,False,0,False,False,False,neither
40075,-93.1658738133,44.7211723311,224060.50240047,2418024.57220519,Candidate lake ledger,EPSG:4326-compatible longitude/latitude; CRS not embedded in Parquet,MN,Temporate Plains,Temperate Plains,True,True,True,True,True,True,True,1,True,False,False,Multi-horizon only
4010,-93.1926025151,46.6965038365,215467.408699179,2637272.53069674,Candidate lake ledger,EPSG:4326-compatible longitude/latitude; CRS not embedded in Parquet,MN,Upper Midwest,Upper Midwest,True,True,True,False,True,False,False,0,False,False,False,neither
4011,-94.0614025233,45.2652607071,152038.837602524,2476779.84629831,Candidate lake ledger,EPSG:4326-compatible longitude/latitude; CRS not embedded in Parquet,MN,Upper Midwest,Upper Midwest,True,True,True,True,True,True,False,0,False,False,False,neither
4020,-93.3962485649,44.3727258074,206915.587401386,2378704.07080526,Candidate lake ledger,EPSG:4326-compatible longitude/latitude; CRS not embedded in Parquet,MN,Upper Midwest,Upper Midwest,True,True,True,False,True,False,False,0,True,False,False,Multi-horizon only
4025,-93.1721549632,45.0355255891,222523.037796565,2452984.73930233,Candidate lake ledger,EPSG:4326-compatible longitude/latitude; CRS not embedded in Parquet,MN,Upper Midwest,Upper Midwest,True,True,True,True,True,True,False,0,False,False,False,neither
4035,-93.9965754735,45.070965252,157577.881401012,2455277.95120117,Candidate lake ledger,EPSG:4326-compatible longitude/latitude; CRS not embedded in Parquet,MN,Upper Midwest,Upper Midwest,True,True,True,True,True,True,True,3,True,True,True,Shared
4036,-90.9808748311,47.528351174,380236.629998773,2736149.75660456,Candidate lake ledger,EPSG:4326-compatible longitude/latitude; CRS not embedded in Parquet,MN,Upper Midwest,Upper Midwest,True,True,True,True,True,True,False,0,False,False,False,neither
40387,-93.0261016393,39.7977362444,252327.147402099,1868261.94349631,Candidate lake ledger,EPSG:4326-compatible longitude/latitude; CRS not embedded in Parquet,MO,Temporate Plains,Temperate Plains,True,True,True,True,True,True,False,0,True,True,True,Shared
4040,-95.2627271815,47.0677247251,56274.4499975894,2675402.57110507,Candidate lake ledger,EPSG:4326-compatible longitude/latitude; CRS not embedded in Parquet,MN,Upper Midwest,Upper Midwest,True,True,True,False,True,False,False,0,False,False,False,neither
4042,-94.0822910586,46.7424795251,147092.592801538,2640666.06099787,Candidate lake ledger,EPSG:4326-compatible longitude/latitude; CRS not embedded in Parquet,MN,Upper Midwest,Upper Midwest,True,True,True,True,True,True,False,0,False,False,False,neither
4045,-93.6032326872,47.4416469825,181879.964603033,2718821.06380417,Candidate lake ledger,EPSG:4326-compatible longitude/latitude; CRS not embedded in Parquet,MN,Upper Midwest,Upper Midwest,True,True,True,True,True,True,False,0,False,False,False,neither
404579,-94.2288153396,34.2152964083,161948.873599281,1240550.0655948,Candidate lake ledger,EPSG:4326-compatible longitude/latitude; CRS not embedded in Parquet,AR,Southern Appalachians,Southern Appalachians,True,True,True,False,True,False,False,0,False,False,False,neither
4052,-93.4193264393,45.0660431298,202985.93639937,2455825.54099479,Candidate lake ledger,EPSG:4326-compatible longitude/latitude; CRS not embedded in Parquet,MN,Upper Midwest,Upper Midwest,True,True,True,True,True,True,True,1,True,False,False,Multi-horizon only
4055,-93.1375355596,45.0992616576,225032.856298124,2460154.37800044,Candidate lake ledger,EPSG:4326-compatible longitude/latitude; CRS not embedded in Parquet,MN,Upper Midwest,Upper Midwest,True,True,True,True,True,True,False,0,False,False,False,neither
405744,-94.3851556199,34.1039345148,147866.80220326,1227849.11019986,Candidate lake ledger,EPSG:4326-compatible longitude/latitude; CRS not embedded in Parquet,AR,Southern Appalachians,Southern Appalachians,True,True,True,False,True,False,False,0,True,False,False,Multi-horizon only
4059,-93.8523779431,46.3637394876,165672.986596457,2599084.09660291,Candidate lake ledger,EPSG:4326-compatible longitude/latitude; CRS not embedded in Parquet,MN,Upper Midwest,Upper Midwest,True,True,True,False,True,False,False,0,False,False,False,neither
4061,-94.4452065567,45.0570319934,122320.098001052,2453067.31679548,Candidate lake ledger,EPSG:4326-compatible longitude/latitude; CRS not embedded in Parquet,MN,Upper Midwest,Upper Midwest,True,True,True,False,True,False,False,0,True,False,False,Multi-horizon only
4065,-94.0026675396,47.6113693418,151179.543998182,2736864.24690005,Candidate lake ledger,EPSG:4326-compatible longitude/latitude; CRS not embedded in Parquet,MN,Upper Midwest,Upper Midwest,True,True,True,False,True,False,False,0,False,False,False,neither
4067,-95.9996740881,46.6168446041,25.0476000683526,2625265.09159934,Candidate lake ledger,EPSG:4326-compatible longitude/latitude; CRS not embedded in Parquet,MN,Upper Midwest,Upper Midwest,True,True,True,False,True,False,False,0,False,False,False,neither
407,-92.8295301654,45.4069501968,248096.812897091,2495122.0188001,Candidate lake ledger,EPSG:4326-compatible longitude/latitude; CRS not embedded in Parquet,MN,Upper Midwest,Upper Midwest,True,True,True,False,True,False,False,0,True,False,False,Multi-horizon only
40713,-87.2720253967,41.615483171,720954.413900448,2101020.04869894,Candidate lake ledger,EPSG:4326-compatible longitude/latitude; CRS not embedded in Parquet,IN,Upper Midwest,Upper Midwest,True,True,True,True,True,True,False,0,False,False,False,neither
4072,-93.8394703841,44.2106409293,172110.867401394,2359761.21200231,Candidate lake ledger,EPSG:4326-compatible longitude/latitude; CRS not embedded in Parquet,MN,Upper Midwest,Upper Midwest,True,True,True,True,True,True,False,0,True,False,False,Multi-horizon only
40766,-85.884704465,44.9237582571,795908.797496411,2479634.05220209,Candidate lake ledger,EPSG:4326-compatible longitude/latitude; CRS not embedded in Parquet,MI,Upper Midwest,Upper Midwest,True,True,True,True,True,True,False,0,True,True,True,Shared
408132,-93.9954141236,33.7488670767,184386.452301816,1188859.61499958,Candidate lake ledger,EPSG:4326-compatible longitude/latitude; CRS not embedded in Parquet,AR,Coastal Plains,Coastal Plains,True,True,True,False,True,False,False,0,True,False,False,Multi-horizon only
409269,-94.0925425568,34.1525301056,174548.225703216,1233776.38099492,Candidate lake ledger,EPSG:4326-compatible longitude/latitude; CRS not embedded in Parquet,AR,Southern Appalachians,Southern Appalachians,True,True,True,False,True,False,False,0,True,False,False,Multi-horizon only
4098,-93.1361056452,45.0537029444,225297.962999625,2455091.29760325,Candidate lake ledger,EPSG:4326-compatible longitude/latitude; CRS not embedded in Parquet,MN,Upper Midwest,Upper Midwest,True,True,True,True,True,True,True,2,True,True,True,Shared
41002,-94.3436642359,46.9718680988,126604.273401527,2665680.84330015,Candidate lake ledger,EPSG:4326-compatible longitude/latitude; CRS not embedded in Parquet,MN,Upper Midwest,Upper Midwest,True,True,True,True,True,True,False,0,False,False,False,neither
41014,-94.1196622061,46.7096457081,144298.467698919,2636972.95599812,Candidate lake ledger,EPSG:4326-compatible longitude/latitude; CRS not embedded in Parquet,MN,Upper Midwest,Upper Midwest,True,True,True,True,True,True,False,0,False,False,False,neither
41046,-94.0182243124,46.8003750038,151872.266099673,2647176.83940311,Candidate lake ledger,EPSG:4326-compatible longitude/latitude; CRS not embedded in Parquet,MN,Upper Midwest,Upper Midwest,True,True,True,False,True,False,False,0,False,False,False,neither
41048,-94.7888229154,45.1838319943,95108.7030991941,2466778.78330302,Candidate lake ledger,EPSG:4326-compatible longitude/latitude; CRS not embedded in Parquet,MN,Upper Midwest,Upper Midwest,True,True,True,True,True,True,True,3,True,True,True,Shared
41053,-95.5181686878,45.7928981162,37493.8557961513,2533961.87609598,Candidate lake ledger,EPSG:4326-compatible longitude/latitude; CRS not embedded in Parquet,MN,Upper Midwest,Upper Midwest,True,True,True,True,True,True,False,0,False,False,False,neither
41066,-94.1020287841,46.6367425389,145812.76600157,2628925.69080034,Candidate lake ledger,EPSG:4326-compatible longitude/latitude; CRS not embedded in Parquet,MN,Upper Midwest,Upper Midwest,True,True,True,True,True,True,False,0,True,False,False,Multi-horizon only
41071,-94.1320274585,46.5672381623,143659.7596015,2621180.55109583,Candidate lake ledger,EPSG:4326-compatible longitude/latitude; CRS not embedded in Parquet,MN,Upper Midwest,Upper Midwest,True,True,True,True,True,True,False,0,False,True,False,Direct 60-day 60-day only
4111,-93.8613584202,44.2508309487,170266.725501312,2364200.43929695,Candidate lake ledger,EPSG:4326-compatible longitude/latitude; CRS not embedded in Parquet,MN,Upper Midwest,Upper Midwest,True,True,True,True,True,True,False,0,True,True,True,Shared
41137,-92.9121952662,44.9767364725,243184.881500627,2447083.02030133,Candidate lake ledger,EPSG:4326-compatible longitude/latitude; CRS not embedded in Parquet,MN,Upper Midwest,Upper Midwest,True,True,True,True,True,True,False,0,True,True,True,Shared
41146,-92.864203942,44.969185251,246990.87529851,2446366.9004011,Candidate lake ledger,EPSG:4326-compatible longitude/latitude; CRS not embedded in Parquet,MN,Upper Midwest,Upper Midwest,True,True,True,True,True,True,False,0,False,False,False,neither
4115,-92.9476360811,45.3207286937,239165.825798005,2485238.2765003,Candidate lake ledger,EPSG:4326-compatible longitude/latitude; CRS not embedded in Parquet,MN,Upper Midwest,Upper Midwest,True,True,True,True,True,True,False,0,True,False,False,Multi-horizon only
41151,-92.8381475519,45.1626946529,248326.259202872,2467952.97109639,Candidate lake ledger,EPSG:4326-compatible longitude/latitude; CRS not embedded in Parquet,MN,Upper Midwest,Upper Midwest,True,True,True,True,True,True,False,0,False,False,False,neither
413,-95.0461892081,43.8455757321,76395.7647985959,2317479.58950499,Candidate lake ledger,EPSG:4326-compatible longitude/latitude; CRS not embedded in Parquet,MN,Temporate Plains,Temperate Plains,True,True,True,False,True,False,False,0,True,True,True,Shared
4130,-94.2837124181,46.6674666754,131794.944498721,2632063.37020471,Candidate lake ledger,EPSG:4326-compatible longitude/latitude; CRS not embedded in Parquet,MN,Upper Midwest,Upper Midwest,True,True,True,True,True,True,False,0,False,False,False,neither
4134,-86.3013654597,44.2404907504,770994.059902789,2400508.13150584,Candidate lake ledger,EPSG:4326-compatible longitude/latitude; CRS not embedded in Parquet,MI,Upper Midwest,Upper Midwest,True,True,True,False,True,False,False,0,False,False,False,neither
41352,-96.1727806681,46.864972734,-13228.8983977741,2652757.45489598,Candidate lake ledger,EPSG:4326-compatible longitude/latitude; CRS not embedded in Parquet,MN,Upper Midwest,Upper Midwest,True,True,True,False,True,False,False,0,True,False,False,Multi-horizon only
414,-91.6694048504,47.5824101956,327842.269100808,2739548.43010081,Candidate lake ledger,EPSG:4326-compatible longitude/latitude; CRS not embedded in Parquet,MN,Upper Midwest,Upper Midwest,True,True,True,True,True,True,False,0,False,False,False,neither
4141,-93.499848278,45.4723066479,195465.44449841,2500819.42269545,Candidate lake ledger,EPSG:4326-compatible longitude/latitude; CRS not embedded in Parquet,MN,Upper Midwest,Upper Midwest,True,True,True,True,True,True,False,0,True,False,False,Multi-horizon only
4149,-94.2215879234,46.9843744156,135908.3914017,2667233.26520281,Candidate lake ledger,EPSG:4326-compatible longitude/latitude; CRS not embedded in Parquet,MN,Upper Midwest,Upper Midwest,True,True,True,True,True,True,False,0,False,False,False,neither
41495,-94.03702283,38.7583525709,168974.564397546,1749570.48329535,Candidate lake ledger,EPSG:4326-compatible longitude/latitude; CRS not embedded in Parquet,MO,Temporate Plains,Temperate Plains,True,True,True,False,True,False,False,0,True,False,False,Multi-horizon only
4150,-95.8643206267,44.2454486983,10803.8003025409,2361692.30249775,Candidate lake ledger,EPSG:4326-compatible longitude/latitude; CRS not embedded in Parquet,MN,Temporate Plains,Temperate Plains,True,True,True,True,True,True,False,0,True,True,True,Shared
4152,-95.5982412616,43.8643855109,32170.562296965,2319262.39249876,Candidate lake ledger,EPSG:4326-compatible longitude/latitude; CRS not embedded in Parquet,MN,Temporate Plains,Temperate Plains,True,True,True,False,True,False,False,0,True,True,True,Shared
4153,-93.0671524713,47.7085866939,221639.254300918,2749429.71120543,Candidate lake ledger,EPSG:4326-compatible longitude/latitude; CRS not embedded in Parquet,MN,Upper Midwest,Upper Midwest,True,True,True,True,True,True,False,0,False,False,False,neither
4154,-94.4072700922,46.8602337326,121950.023501602,2653242.73050097,Candidate lake ledger,EPSG:4326-compatible longitude/latitude; CRS not embedded in Parquet,MN,Upper Midwest,Upper Midwest,True,True,True,True,True,True,False,0,False,False,False,neither
4155,-95.0664149361,46.7630385864,71589.4174004748,2641810.3822991,Candidate lake ledger,EPSG:4326-compatible longitude/latitude; CRS not embedded in Parquet,MN,Upper Midwest,Upper Midwest,True,True,True,True,True,True,False,0,False,False,False,neither
4162,-94.463129942,47.5460501185,116446.964301741,2729003.04840169,Candidate lake ledger,EPSG:4326-compatible longitude/latitude; CRS not embedded in Parquet,MN,Upper Midwest,Upper Midwest,True,True,True,True,True,True,False,0,False,False,False,neither
4164,-94.3397917707,44.9535136467,130813.794399248,2441690.17940507,Candidate lake ledger,EPSG:4326-compatible longitude/latitude; CRS not embedded in Parquet,MN,Upper Midwest,Upper Midwest,True,True,True,False,True,False,False,0,True,True,True,Shared
4166,-94.7389935602,47.6686241243,95366.8337964892,2742230.25689942,Candidate lake ledger,EPSG:4326-compatible longitude/latitude; CRS not embedded in Parquet,MN,Upper Midwest,Upper Midwest,True,True,True,True,True,True,False,0,False,False,False,neither
4176,-94.2579853647,45.2753072196,136602.7350994,2477598.32940426,Candidate lake ledger,EPSG:4326-compatible longitude/latitude; CRS not embedded in Parquet,MN,Upper Midwest,Upper Midwest,True,True,True,True,True,True,True,1,True,False,False,Multi-horizon only
41777,-86.3410026239,46.5674790289,741609.15939867,2657515.67200359,Candidate lake ledger,EPSG:4326-compatible longitude/latitude; CRS not embedded in Parquet,MI,Upper Midwest,Upper Midwest,True,True,True,True,True,True,False,0,True,False,False,Multi-horizon only
4178,-92.9447184484,45.0266045155,240445.980896812,2452546.5633043,Candidate lake ledger,EPSG:4326-compatible longitude/latitude; CRS not embedded in Parquet,MN,Upper Midwest,Upper Midwest,True,True,True,False,True,False,False,0,False,False,False,neither
4181,-94.3025566603,46.6428286883,130396.78530193,2629308.41460274,Candidate lake ledger,EPSG:4326-compatible longitude/latitude; CRS not embedded in Parquet,MN,Upper Midwest,Upper Midwest,True,True,True,True,True,True,False,0,False,False,False,neither
4188,-94.3755932811,45.3872838723,127168.454003203,2489883.72560429,Candidate lake ledger,EPSG:4326-compatible longitude/latitude; CRS not embedded in Parquet,MN,Upper Midwest,Upper Midwest,True,True,True,True,True,True,False,0,True,True,True,Shared
4190,-95.886037382,46.3122271626,8798.95999663611,2591505.30810284,Candidate lake ledger,EPSG:4326-compatible longitude/latitude; CRS not embedded in Parquet,MN,Upper Midwest,Upper Midwest,True,True,True,False,True,False,False,0,True,True,True,Shared
4195,-95.8174052503,46.7879710628,13996.6907024639,2644233.17750304,Candidate lake ledger,EPSG:4326-compatible longitude/latitude; CRS not embedded in Parquet,MN,Upper Midwest,Upper Midwest,True,True,True,False,True,False,False,0,False,False,False,neither
4196,-90.5194650655,48.0667182416,411730.398101274,2797394.02550422,Candidate lake ledger,EPSG:4326-compatible longitude/latitude; CRS not embedded in Parquet,MN,Upper Midwest,Upper Midwest,True,True,True,False,True,False,False,0,False,False,False,neither
4200,-93.6497460081,45.0302280961,184964.430397194,2451371.58710417,Candidate lake ledger,EPSG:4326-compatible longitude/latitude; CRS not embedded in Parquet,MN,Upper Midwest,Upper Midwest,True,True,True,True,True,True,True,1,True,True,True,Shared
4207,-93.9050420154,47.5371833535,158748.327701929,2728831.87429585,Candidate lake ledger,EPSG:4326-compatible longitude/latitude; CRS not embedded in Parquet,MN,Upper Midwest,Upper Midwest,True,True,True,False,True,False,False,0,False,False,False,neither
4211,-95.3599400322,45.4713877405,50046.8879037108,2498314.50350051,Candidate lake ledger,EPSG:4326-compatible longitude/latitude; CRS not embedded in Parquet,MN,Upper Midwest,Upper Midwest,True,True,True,True,True,True,True,1,True,False,False,Multi-horizon only
4218,-74.770593168,40.9281478095,1758551.30299893,2188186.88620537,Candidate lake ledger,EPSG:4326-compatible longitude/latitude; CRS not embedded in Parquet,NJ,Northern Appalachians,Northern Appalachians,True,True,True,True,True,True,False,0,False,False,False,neither
42204,-93.3906923026,44.7272272976,206272.939798029,2418189.49030206,Candidate lake ledger,EPSG:4326-compatible longitude/latitude; CRS not embedded in Parquet,MN,Upper Midwest,Upper Midwest,True,True,True,True,True,True,False,0,False,False,False,neither
42225,-93.6038279005,44.7908510421,189249.121403188,2424827.35779625,Candidate lake ledger,EPSG:4326-compatible longitude/latitude; CRS not embedded in Parquet,MN,Upper Midwest,Upper Midwest,True,True,True,True,True,True,True,1,True,True,True,Shared
4229,-95.652403006,47.5858244607,26322.0655999328,2732502.5813987,Candidate lake ledger,EPSG:4326-compatible longitude/latitude; CRS not embedded in Parquet,MN,Upper Midwest,Upper Midwest,True,True,True,True,True,True,True,1,True,True,True,Shared
4233,-91.2922968767,47.8116058004,355115.429600376,2766177.35689774,Candidate lake ledger,EPSG:4326-compatible longitude/latitude; CRS not embedded in Parquet,MN,Upper Midwest,Upper Midwest,True,True,True,True,True,True,False,0,False,False,False,neither
423800,-95.0686331332,29.7760432564,90009.7766999112,744969.265699903,Candidate lake ledger,EPSG:4326-compatible longitude/latitude; CRS not embedded in Parquet,TX,Coastal Plains,Coastal Plains,True,True,True,True,True,True,False,0,True,True,True,Shared
424032,-95.1874340281,30.0202671144,78297.1675970777,771958.585603861,Candidate lake ledger,EPSG:4326-compatible longitude/latitude; CRS not embedded in Parquet,TX,Coastal Plains,Coastal Plains,True,True,True,False,True,False,False,0,False,False,False,neither
425,-93.5843913643,46.9960723054,184561.713696497,2669601.85880314,Candidate lake ledger,EPSG:4326-compatible longitude/latitude; CRS not embedded in Parquet,MN,Upper Midwest,Upper Midwest,True,True,True,False,True,False,False,0,False,False,False,neither
4251,-88.4542948239,43.0993655403,610357.531598982,2258045.89130453,Candidate lake ledger,EPSG:4326-compatible longitude/latitude; CRS not embedded in Parquet,WI,Temporate Plains,Temperate Plains,True,True,True,True,True,True,False,0,False,False,False,neither
4274,-92.742887218,44.9905223544,256461.34600045,2449061.3682047,Candidate lake ledger,EPSG:4326-compatible longitude/latitude; CRS not embedded in Parquet,WI,Temporate Plains,Temperate Plains,True,True,True,False,True,False,False,0,True,True,True,Shared
4280,-93.5639170139,42.9420056486,197686.202499631,2218757.41320385,Candidate lake ledger,EPSG:4326-compatible longitude/latitude; CRS not embedded in Parquet,IA,Temporate Plains,Temperate Plains,True,True,True,True,True,True,True,2,True,True,True,Shared
4285,-94.1873840904,42.5866257022,147856.967902244,2177919.94860184,Candidate lake ledger,EPSG:4326-compatible longitude/latitude; CRS not embedded in Parquet,IA,Temporate Plains,Temperate Plains,True,True,True,True,True,True,True,2,True,True,True,Shared
429,-96.0305047169,46.7949910747,-2338.07260203053,2644997.45449553,Candidate lake ledger,EPSG:4326-compatible longitude/latitude; CRS not embedded in Parquet,MN,Upper Midwest,Upper Midwest,True,True,True,False,True,False,False,0,False,False,False,neither
4292,-95.801562631,42.4473930895,16220.2129974542,2160962.07370493,Candidate lake ledger,EPSG:4326-compatible longitude/latitude; CRS not embedded in Parquet,IA,Temporate Plains,Temperate Plains,True,True,True,True,True,True,False,0,False,False,False,neither
431,-94.0318345851,44.9419346729,155102.340202555,2440865.02840461,Candidate lake ledger,EPSG:4326-compatible longitude/latitude; CRS not embedded in Parquet,MN,Upper Midwest,Upper Midwest,True,True,True,False,True,False,False,0,True,True,True,Shared
4312,-93.214674198,41.0910037986,232086.721396935,2012581.94269948,Candidate lake ledger,EPSG:4326-compatible longitude/latitude; CRS not embedded in Parquet,IA,Temporate Plains,Temperate Plains,True,True,True,True,True,True,True,3,True,True,True,Shared
4314,-92.8390851695,41.7450903402,260937.052599226,2086733.33980502,Candidate lake ledger,EPSG:4326-compatible longitude/latitude; CRS not embedded in Parquet,IA,Temporate Plains,Temperate Plains,True,True,True,False,True,False,False,0,True,True,True,Shared
43198,-95.479868995,46.4083785453,40100.34649778,2602270.90389997,Candidate lake ledger,EPSG:4326-compatible longitude/latitude; CRS not embedded in Parquet,MN,Upper Midwest,Upper Midwest,True,True,True,True,True,True,False,0,True,False,False,Multi-horizon only
43201,-94.1627705852,46.5412543458,141351.36379635,2618255.61759717,Candidate lake ledger,EPSG:4326-compatible longitude/latitude; CRS not embedded in Parquet,MN,Upper Midwest,Upper Midwest,True,True,True,False,True,False,False,0,False,False,False,neither
43210,-94.1991452148,46.9655642241,137662.731398841,2665184.24280479,Candidate lake ledger,EPSG:4326-compatible longitude/latitude; CRS not embedded in Parquet,MN,Upper Midwest,Upper Midwest,True,True,True,True,True,True,False,0,False,False,False,neither
4322,-92.5202048439,42.0458774637,286017.849703779,2121281.30249688,Candidate lake ledger,EPSG:4326-compatible longitude/latitude; CRS not embedded in Parquet,IA,Temporate Plains,Temperate Plains,True,True,True,False,True,False,False,0,True,True,True,Shared
43220,-94.9065974768,47.4294081685,82995.9582994473,2715652.49849744,Candidate lake ledger,EPSG:4326-compatible longitude/latitude; CRS not embedded in Parquet,MN,Upper Midwest,Upper Midwest,True,True,True,True,True,True,False,0,False,False,False,neither
43237,-93.1146116407,44.7941899983,227865.157803868,2426272.56819554,Candidate lake ledger,EPSG:4326-compatible longitude/latitude; CRS not embedded in Parquet,MN,Upper Midwest,Upper Midwest,True,True,True,True,True,True,True,1,True,False,False,Multi-horizon only
43260,-93.127208271,44.8388199534,226720.509399603,2431208.6010967,Candidate lake ledger,EPSG:4326-compatible longitude/latitude; CRS not embedded in Parquet,MN,Upper Midwest,Upper Midwest,True,True,True,True,True,True,False,0,False,False,False,neither
43263,-93.1146252848,44.7837405077,227899.396997626,2425109.70699991,Candidate lake ledger,EPSG:4326-compatible longitude/latitude; CRS not embedded in Parquet,MN,Upper Midwest,Upper Midwest,True,True,True,True,True,True,False,0,False,True,False,Direct 60-day 60-day only
4328,-96.0222135356,41.5448743096,-1839.32750357266,2059988.14709988,Candidate lake ledger,EPSG:4326-compatible longitude/latitude; CRS not embedded in Parquet,IA,Temporate Plains,Temperate Plains,True,True,True,False,True,False,False,0,True,True,True,Shared
43282,-92.8523186283,45.0194602096,247741.410800143,2451989.35490543,Candidate lake ledger,EPSG:4326-compatible longitude/latitude; CRS not embedded in Parquet,MN,Upper Midwest,Upper Midwest,True,True,True,True,True,True,False,0,False,False,False,neither
43496,-95.9091723312,46.7800355287,6963.18340031591,2643344.3109968,Candidate lake ledger,EPSG:4326-compatible longitude/latitude; CRS not embedded in Parquet,MN,Upper Midwest,Upper Midwest,True,True,True,True,True,True,False,0,False,False,False,neither
435,-95.0233058759,47.6579250478,73877.996099499,2740795.88510522,Candidate lake ledger,EPSG:4326-compatible longitude/latitude; CRS not embedded in Parquet,MN,Upper Midwest,Upper Midwest,True,True,True,True,True,True,False,0,False,False,False,neither
4351,-93.5925307039,41.2899061848,200045.107700303,2033982.82470193,Candidate lake ledger,EPSG:4326-compatible longitude/latitude; CRS not embedded in Parquet,IA,Temporate Plains,Temperate Plains,True,True,True,True,True,True,False,0,True,True,True,Shared
436,-95.5226875614,45.5416234816,37282.4254978794,2506045.57240369,Candidate lake ledger,EPSG:4326-compatible longitude/latitude; CRS not embedded in Parquet,MN,Upper Midwest,Upper Midwest,True,True,True,True,True,True,False,0,True,True,True,Shared
43619,-91.5472105526,36.2978785321,396100.992500025,1481379.7264992,Candidate lake ledger,EPSG:4326-compatible longitude/latitude; CRS not embedded in Parquet,AR,Southern Appalachians,Southern Appalachians,True,True,True,False,True,False,False,0,False,False,False,neither
4363,-93.7323171469,41.7554602672,187188.822395809,2085787.19380295,Candidate lake ledger,EPSG:4326-compatible longitude/latitude; CRS not embedded in Parquet,IA,Temporate Plains,Temperate Plains,True,True,True,False,True,False,False,0,True,True,True,Shared
4378,-88.2625868237,43.3842834355,623243.027599989,2291003.44060509,Candidate lake ledger,EPSG:4326-compatible longitude/latitude; CRS not embedded in Parquet,WI,Temporate Plains,Temperate Plains,True,True,True,False,True,False,False,0,False,False,False,neither
438780,-97.7506467932,30.2637403171,-168183.350197016,800200.092996312,Candidate lake ledger,EPSG:4326-compatible longitude/latitude; CRS not embedded in Parquet,TX,Southern Plains,Southern Plains,True,True,True,False,True,False,False,0,True,False,False,Multi-horizon only
4389,-93.0737493487,42.3688029318,239423.777196673,2155844.77210542,Candidate lake ledger,EPSG:4326-compatible longitude/latitude; CRS not embedded in Parquet,IA,Temporate Plains,Temperate Plains,True,True,True,True,True,True,True,3,True,True,True,Shared
4393,-93.2436274665,42.7701624651,224227.410999676,2200274.63449949,Candidate lake ledger,EPSG:4326-compatible longitude/latitude; CRS not embedded in Parquet,IA,Temporate Plains,Temperate Plains,True,True,True,True,True,True,True,2,True,True,True,Shared
4394,-88.5042724652,42.5671426608,611009.153397236,2198441.13929426,Candidate lake ledger,EPSG:4326-compatible longitude/latitude; CRS not embedded in Parquet,WI,Temporate Plains,Temperate Plains,True,True,True,False,True,False,False,0,False,False,False,neither
4395,-92.5446539926,43.3747649232,278610.595797993,2269620.75770299,Candidate lake ledger,EPSG:4326-compatible longitude/latitude; CRS not embedded in Parquet,IA,Temporate Plains,Temperate Plains,True,True,True,True,True,True,True,2,True,True,True,Shared
440,-93.9457540736,45.4712079236,160612.54939633,2499861.95540063,Candidate lake ledger,EPSG:4326-compatible longitude/latitude; CRS not embedded in Parquet,MN,Upper Midwest,Upper Midwest,True,True,True,False,True,False,False,0,True,True,True,Shared
4401,-91.7737845388,42.8994837456,343089.752602475,2219102.82099867,Candidate lake ledger,EPSG:4326-compatible longitude/latitude; CRS not embedded in Parquet,IA,Upper Midwest,Upper Midwest,True,True,True,True,True,True,True,2,True,True,True,Shared
441,-94.3920520115,46.067117875,124602.491001213,2565363.34470219,Candidate lake ledger,EPSG:4326-compatible longitude/latitude; CRS not embedded in Parquet,MN,Upper Midwest,Upper Midwest,True,True,True,False,True,False,False,0,False,False,False,neither
44197,-93.8140472649,46.6424325423,167918.973800679,2630031.27080448,Candidate lake ledger,EPSG:4326-compatible longitude/latitude; CRS not embedded in Parquet,MN,Upper Midwest,Upper Midwest,True,True,True,False,True,False,False,0,False,False,False,neither
442,-92.8844493975,44.9851786886,245338.477202397,2448093.31000152,Candidate lake ledger,EPSG:4326-compatible longitude/latitude; CRS not embedded in Parquet,MN,Upper Midwest,Upper Midwest,True,True,True,True,True,True,False,0,True,False,False,Multi-horizon only
4420,-91.3229629529,42.4260112652,382263.221899725,2167963.02139819,Candidate lake ledger,EPSG:4326-compatible longitude/latitude; CRS not embedded in Parquet,IA,Temporate Plains,Temperate Plains,True,True,True,True,True,True,True,1,True,True,True,Shared
44272,-95.8565032528,46.1735262802,11102.4939003208,2576124.18089565,Candidate lake ledger,EPSG:4326-compatible longitude/latitude; CRS not embedded in Parquet,MN,Upper Midwest,Upper Midwest,True,True,True,False,True,False,False,0,True,False,False,Multi-horizon only
44274,-93.85934795,44.8711256372,168870.547997188,2433279.66709946,Candidate lake ledger,EPSG:4326-compatible longitude/latitude; CRS not embedded in Parquet,MN,Upper Midwest,Upper Midwest,True,True,True,False,True,False,False,0,True,True,True,Shared
4438,-73.1333857433,44.2503919935,1803160.13199688,2580223.91869875,Candidate lake ledger,EPSG:4326-compatible longitude/latitude; CRS not embedded in Parquet,VT,Northern Appalachians,Northern Appalachians,True,True,True,True,True,True,False,0,False,False,False,neither
4440,-93.742989297,41.0338289912,188226.241899967,2005014.09989583,Candidate lake ledger,EPSG:4326-compatible longitude/latitude; CRS not embedded in Parquet,IA,Temporate Plains,Temperate Plains,True,True,True,True,True,True,True,2,True,True,True,Shared
4448,-93.637302007,42.2693581908,193601.356802877,2143445.32970164,Candidate lake ledger,EPSG:4326-compatible longitude/latitude; CRS not embedded in Parquet,IA,Temporate Plains,Temperate Plains,True,True,True,True,True,True,True,4,True,True,True,Shared
44531,-96.1407079208,46.8597080176,-10774.1233979951,2652170.55709635,Candidate lake ledger,EPSG:4326-compatible longitude/latitude; CRS not embedded in Parquet,MN,Upper Midwest,Upper Midwest,True,True,True,False,True,False,False,0,False,False,False,neither
4465,-73.1564753992,44.380242501,1797929.46960321,2593841.31139995,Candidate lake ledger,EPSG:4326-compatible longitude/latitude; CRS not embedded in Parquet,VT,Northern Appalachians,Northern Appalachians,True,True,True,False,True,False,False,0,True,False,False,Multi-horizon only
4468,-88.1327012122,42.8278821799,638820.316900985,2229929.8856945,Candidate lake ledger,EPSG:4326-compatible longitude/latitude; CRS not embedded in Parquet,WI,Temporate Plains,Temperate Plains,True,True,True,False,True,False,False,0,True,False,False,Multi-horizon only
4473,-94.7840785509,41.5589144878,100658.005000402,2062203.22399752,Candidate lake ledger,EPSG:4326-compatible longitude/latitude; CRS not embedded in Parquet,IA,Temporate Plains,Temperate Plains,True,True,True,True,True,True,True,2,True,True,True,Shared
4478,-91.4396955234,40.7139606936,381920.354498327,1976123.65640531,Candidate lake ledger,EPSG:4326-compatible longitude/latitude; CRS not embedded in Parquet,IA,Temporate Plains,Temperate Plains,True,True,True,True,True,True,False,0,True,False,False,Multi-horizon only
4481,-94.2891333557,42.0626180937,140612.882203371,2119182.4902971,Candidate lake ledger,EPSG:4326-compatible longitude/latitude; CRS not embedded in Parquet,IA,Temporate Plains,Temperate Plains,True,True,True,True,True,True,True,2,True,True,True,Shared
4482,-93.5660178781,41.5441080411,201519.00769935,2062482.95760371,Candidate lake ledger,EPSG:4326-compatible longitude/latitude; CRS not embedded in Parquet,IA,Temporate Plains,Temperate Plains,True,True,True,True,True,True,False,0,False,False,False,neither
4494,-93.7455624452,41.8163801368,185933.992298083,2092575.56570206,Candidate lake ledger,EPSG:4326-compatible longitude/latitude; CRS not embedded in Parquet,IA,Temporate Plains,Temperate Plains,True,True,True,False,True,False,False,0,True,False,False,Multi-horizon only
449440,-106.40400313,40.1442925235,-876890.116431675,1951192.36210094,Candidate lake ledger,EPSG:4326-compatible longitude/latitude; CRS not embedded in Parquet,CO,Western Mountains,Western Mountains,True,True,True,False,True,False,False,0,False,False,False,neither
449544,-105.8425627,40.2273613901,-828781.722278801,1955407.91590016,Candidate lake ledger,EPSG:4326-compatible longitude/latitude; CRS not embedded in Parquet,CO,Western Mountains,Western Mountains,True,True,True,True,True,True,False,0,False,True,False,Direct 60-day 60-day only
449642,-105.864479907,40.161452276,-831385.712023674,1948254.85970187,Candidate lake ledger,EPSG:4326-compatible longitude/latitude; CRS not embedded in Parquet,CO,Western Mountains,Western Mountains,True,True,True,False,True,False,False,0,False,False,False,neither
449847,-108.839744705,39.2746499109,-1094179.22079813,1879721.538605,Candidate lake ledger,EPSG:4326-compatible longitude/latitude; CRS not embedded in Parquet,CO,Xeric,Xeric,True,True,True,False,True,False,False,0,True,False,False,Multi-horizon only
4500,-72.8163037003,43.4188787289,1850073.61540188,2496271.949704,Candidate lake ledger,EPSG:4326-compatible longitude/latitude; CRS not embedded in Parquet,VT,Northern Appalachians,Northern Appalachians,True,True,True,True,True,True,False,0,False,False,False,neither
450461,-109.46280172,41.3291500981,-1114432.66364123,2114911.81240887,Candidate lake ledger,EPSG:4326-compatible longitude/latitude; CRS not embedded in Parquet,WY,Xeric,Xeric,True,True,True,False,True,False,False,0,False,False,False,neither
450479,-110.386592835,40.9625032521,-1196527.36490266,2085533.66539614,Candidate lake ledger,EPSG:4326-compatible longitude/latitude; CRS not embedded in Parquet,UT,Western Mountains,Western Mountains,True,True,True,True,True,True,False,0,False,False,False,neither
450954,-109.208521597,40.7310767754,-1102798.37361937,2045637.11959853,Candidate lake ledger,EPSG:4326-compatible longitude/latitude; CRS not embedded in Parquet,UT,Xeric,Xeric,True,True,True,True,True,True,False,0,True,False,False,Multi-horizon only
4510,-93.0585316642,42.3816041952,240624.185903273,2157313.83900503,Candidate lake ledger,EPSG:4326-compatible longitude/latitude; CRS not embedded in Parquet,IA,Temporate Plains,Temperate Plains,True,True,True,False,True,False,False,0,True,True,True,Shared
451136,-109.564138673,41.3125194807,-1123029.19052315,2114261.86940419,Candidate lake ledger,EPSG:4326-compatible longitude/latitude; CRS not embedded in Parquet,WY,Xeric,Xeric,True,True,True,False,True,False,False,0,True,False,False,Multi-horizon only
451138,-109.298906586,40.7719312165,-1109657.38253452,2051220.32760792,Candidate lake ledger,EPSG:4326-compatible longitude/latitude; CRS not embedded in Parquet,UT,Xeric,Xeric,True,True,True,True,True,True,False,0,True,False,False,Multi-horizon only
451300,-110.612035914,40.939068446,-1215532.44139122,2085800.9700039,Candidate lake ledger,EPSG:4326-compatible longitude/latitude; CRS not embedded in Parquet,UT,Western Mountains,Western Mountains,True,True,True,True,True,True,False,0,False,False,False,neither
451829,-106.855087228,40.2782316796,-913036.919613225,1970352.45499707,Candidate lake ledger,EPSG:4326-compatible longitude/latitude; CRS not embedded in Parquet,CO,Western Mountains,Western Mountains,True,True,True,True,True,True,True,1,True,True,True,Shared
451890,-107.359168915,40.5870576951,-951113.158492472,2009655.11610094,Candidate lake ledger,EPSG:4326-compatible longitude/latitude; CRS not embedded in Parquet,CO,Xeric,Xeric,True,True,True,False,True,False,False,0,False,False,False,neither
452,-94.8916416855,46.9223586155,84785.1482029434,2659592.31649957,Candidate lake ledger,EPSG:4326-compatible longitude/latitude; CRS not embedded in Parquet,MN,Upper Midwest,Upper Midwest,True,True,True,True,True,True,False,0,False,False,False,neither
452450,-109.533206066,40.5159424562,-1133145.3137796,2025598.53859921,Candidate lake ledger,EPSG:4326-compatible longitude/latitude; CRS not embedded in Parquet,UT,Xeric,Xeric,True,True,True,False,True,False,False,0,False,False,False,neither
452712,-111.12576265,40.1726036419,-1271519.36978435,2007719.91049416,Candidate lake ledger,EPSG:4326-compatible longitude/latitude; CRS not embedded in Parquet,UT,Western Mountains,Western Mountains,True,True,True,False,True,False,False,0,False,False,False,neither
452793,-109.703118119,40.2557546501,-1151462.29796941,1998792.6414932,Candidate lake ledger,EPSG:4326-compatible longitude/latitude; CRS not embedded in Parquet,UT,Xeric,Xeric,True,True,True,True,True,True,False,0,False,False,False,neither
452797,-110.506747471,40.1660815693,-1220007.65383269,1998883.53180094,Candidate lake ledger,EPSG:4326-compatible longitude/latitude; CRS not embedded in Parquet,UT,Xeric,Xeric,True,True,True,False,True,False,False,0,False,False,False,neither
452798,-109.682023298,40.1925913491,-1150717.2718228,1991534.04720466,Candidate lake ledger,EPSG:4326-compatible longitude/latitude; CRS not embedded in Parquet,UT,Xeric,Xeric,True,True,True,False,True,False,False,0,True,True,True,Shared
452897,-111.14777053,39.774231765,-1280438.49007053,1963943.74519688,Candidate lake ledger,EPSG:4326-compatible longitude/latitude; CRS not embedded in Parquet,UT,Western Mountains,Western Mountains,True,True,True,False,True,False,False,0,True,False,False,Multi-horizon only
45290,-93.1293864043,44.8156539021,226626.551200612,2428625.67980525,Candidate lake ledger,EPSG:4326-compatible longitude/latitude; CRS not embedded in Parquet,MN,Upper Midwest,Upper Midwest,True,True,True,True,True,True,False,0,True,True,True,Shared
452900,-109.430607634,40.5794201395,-1123610.64782759,2031419.13189828,Candidate lake ledger,EPSG:4326-compatible longitude/latitude; CRS not embedded in Parquet,UT,Xeric,Xeric,True,True,True,False,True,False,False,0,False,False,False,neither
452903,-111.29261024,39.7077281945,-1293770.46361509,1958548.4430027,Candidate lake ledger,EPSG:4326-compatible longitude/latitude; CRS not embedded in Parquet,UT,Western Mountains,Western Mountains,True,True,True,True,True,True,False,0,False,True,False,Direct 60-day 60-day only
452982,-111.709859368,38.5480923699,-1350139.771264,1836108.06249963,Candidate lake ledger,EPSG:4326-compatible longitude/latitude; CRS not embedded in Parquet,UT,Western Mountains,Western Mountains,True,True,True,False,True,False,False,0,False,False,False,neither
453019,-111.566321717,38.5034632715,-1338730.58589183,1829142.67499469,Candidate lake ledger,EPSG:4326-compatible longitude/latitude; CRS not embedded in Parquet,UT,Western Mountains,Western Mountains,True,True,True,True,True,True,False,0,False,False,False,neither
45308,-92.8138366101,45.233520716,249970.821096832,2475889.96909586,Candidate lake ledger,EPSG:4326-compatible longitude/latitude; CRS not embedded in Parquet,MN,Upper Midwest,Upper Midwest,True,True,True,True,True,True,False,0,True,True,True,Shared
453097,-111.271059415,38.1077402156,-1320655.4548697,1781238.85269389,Candidate lake ledger,EPSG:4326-compatible longitude/latitude; CRS not embedded in Parquet,UT,Xeric,Xeric,True,True,True,True,True,True,False,0,True,False,False,Multi-horizon only
453120,-110.482382437,37.6548159571,-1260699.4421959,1720384.00850483,Candidate lake ledger,EPSG:4326-compatible longitude/latitude; CRS not embedded in Parquet,UT,Xeric,Xeric,True,True,True,False,True,False,False,0,False,False,False,neither
453125,-111.63781104,37.7873380904,-1357971.68430034,1750970.10119656,Candidate lake ledger,EPSG:4326-compatible longitude/latitude; CRS not embedded in Parquet,UT,Xeric,Xeric,True,True,True,True,True,True,False,0,True,False,False,Multi-horizon only
4532,-93.4171044145,43.4819693868,207958.416798318,2279348.89340257,Candidate lake ledger,EPSG:4326-compatible longitude/latitude; CRS not embedded in Parquet,IA,Temporate Plains,Temperate Plains,True,True,True,False,True,False,False,0,True,True,True,Shared
453443,-109.44289854,37.6687151867,-1170620.1173789,1708627.84759617,Candidate lake ledger,EPSG:4326-compatible longitude/latitude; CRS not embedded in Parquet,UT,Xeric,Xeric,True,True,True,False,True,False,False,0,False,False,False,neither
453667,-113.774962736,37.2591608533,-1552529.80481776,1725413.44670027,Candidate lake ledger,EPSG:4326-compatible longitude/latitude; CRS not embedded in Parquet,UT,Xeric,Xeric,True,True,True,True,True,True,False,0,True,False,False,Multi-horizon only
453758,-113.637862514,37.378607028,-1538223.2552862,1736337.87299682,Candidate lake ledger,EPSG:4326-compatible longitude/latitude; CRS not embedded in Parquet,UT,Xeric,Xeric,True,True,True,True,True,True,False,0,True,False,False,Multi-horizon only
454,-95.6593766096,46.3478903087,26285.0273987198,2595501.7713971,Candidate lake ledger,EPSG:4326-compatible longitude/latitude; CRS not embedded in Parquet,MN,Upper Midwest,Upper Midwest,True,True,True,True,True,True,False,0,False,False,False,neither
454129,-114.213019368,34.3613573525,-1652123.48177641,1414170.43549274,Candidate lake ledger,EPSG:4326-compatible longitude/latitude; CRS not embedded in Parquet,CA,Xeric,Xeric,True,True,True,False,True,False,False,0,True,False,False,Multi-horizon only
454185,-113.568922637,34.2700121609,-1596253.5913056,1393130.1475994,Candidate lake ledger,EPSG:4326-compatible longitude/latitude; CRS not embedded in Parquet,AZ,Xeric,Xeric,True,True,True,False,True,False,False,0,True,False,False,Multi-horizon only
4542,-95.0867475899,41.2919700381,75890.089998248,2032044.51210474,Candidate lake ledger,EPSG:4326-compatible longitude/latitude; CRS not embedded in Parquet,IA,Temporate Plains,Temperate Plains,True,True,True,True,True,True,False,0,False,False,False,neither
454392,-109.085313191,33.8306201098,-1198653.03160079,1278702.04730221,Candidate lake ledger,EPSG:4326-compatible longitude/latitude; CRS not embedded in Parquet,AZ,Western Mountains,Western Mountains,True,True,True,False,True,False,False,0,False,False,False,neither
454431,-111.086212925,31.4048719939,-1423269.51733517,1038716.90691095,Candidate lake ledger,EPSG:4326-compatible longitude/latitude; CRS not embedded in Parquet,AZ,Xeric,Xeric,True,True,True,False,True,False,False,0,True,False,False,Multi-horizon only
454700,-111.525392389,33.5693372378,-1425084.95647496,1283526.2170986,Candidate lake ledger,EPSG:4326-compatible longitude/latitude; CRS not embedded in Parquet,AZ,Xeric,Xeric,True,True,True,False,True,False,False,0,True,False,False,Multi-horizon only
454729,-111.432441186,33.5411892657,-1417136.568633,1279033.94040094,Candidate lake ledger,EPSG:4326-compatible longitude/latitude; CRS not embedded in Parquet,AZ,Xeric,Xeric,True,True,True,False,True,False,False,0,True,True,True,Shared
454753,-111.248209305,33.5832238816,-1399615.07795824,1280937.60769239,Candidate lake ledger,EPSG:4326-compatible longitude/latitude; CRS not embedded in Parquet,AZ,Xeric,Xeric,True,True,True,False,True,False,False,0,False,False,False,neither
454779,-111.122997612,33.6836213439,-1386442.49616301,1290174.16359403,Candidate lake ledger,EPSG:4326-compatible longitude/latitude; CRS not embedded in Parquet,AZ,Xeric,Xeric,True,True,True,False,True,False,False,0,False,False,False,neither
454841,-112.013315472,35.1166063541,-1440442.40467115,1461495.03079662,Candidate lake ledger,EPSG:4326-compatible longitude/latitude; CRS not embedded in Parquet,AZ,Western Mountains,Western Mountains,True,True,True,False,True,False,False,0,True,False,False,Multi-horizon only
454863,-111.61890414,33.8446935283,-1428558.27723785,1315279.65931148,Candidate lake ledger,EPSG:4326-compatible longitude/latitude; CRS not embedded in Parquet,AZ,Xeric,Xeric,True,True,True,False,True,False,False,0,False,False,False,neither
454864,-111.187759012,33.72316799,-1391626.09808614,1295482.62389312,Candidate lake ledger,EPSG:4326-compatible longitude/latitude; CRS not embedded in Parquet,AZ,Xeric,Xeric,True,True,True,False,True,False,False,0,False,False,False,neither
455025,-111.736510331,41.5189455999,-1297547.91878211,2164762.38079233,Candidate lake ledger,EPSG:4326-compatible longitude/latitude; CRS not embedded in Parquet,UT,Western Mountains,Western Mountains,True,True,True,True,True,True,False,0,False,False,False,neither
4556,-88.3473348231,42.8174657413,621524.02979902,2227346.57190096,Candidate lake ledger,EPSG:4326-compatible longitude/latitude; CRS not embedded in Parquet,WI,Temporate Plains,Temperate Plains,True,True,True,False,True,False,False,0,True,True,True,Shared
455748,-111.676357791,40.0517621361,-1319614.28740877,2001864.30730436,Candidate lake ledger,EPSG:4326-compatible longitude/latitude; CRS not embedded in Parquet,UT,Xeric,Xeric,True,True,True,True,True,True,False,0,False,True,False,Direct 60-day 60-day only
455788,-111.389966769,40.7638354416,-1282858.07820601,2076646.78649739,Candidate lake ledger,EPSG:4326-compatible longitude/latitude; CRS not embedded in Parquet,UT,Western Mountains,Western Mountains,True,True,True,False,True,False,False,0,False,False,False,neither
456077,-111.800662653,41.2687090342,-1307424.50943007,2138016.19640031,Candidate lake ledger,EPSG:4326-compatible longitude/latitude; CRS not embedded in Parquet,UT,Western Mountains,Western Mountains,True,True,True,False,True,False,False,0,False,False,False,neither
456169,-111.824265817,40.2097353173,-1329016.69847304,2021382.112196,Candidate lake ledger,EPSG:4326-compatible longitude/latitude; CRS not embedded in Parquet,UT,Xeric,Xeric,True,True,True,False,True,False,False,0,True,True,True,Shared
456172,-111.589685332,40.9082568832,-1296716.0461087,2095316.5218007,Candidate lake ledger,EPSG:4326-compatible longitude/latitude; CRS not embedded in Parquet,UT,Western Mountains,Western Mountains,True,True,True,False,True,False,False,0,False,False,False,neither
456264,-111.493366161,40.4433654381,-1297226.97443711,2042628.30200752,Candidate lake ledger,EPSG:4326-compatible longitude/latitude; CRS not embedded in Parquet,UT,Western Mountains,Western Mountains,True,True,True,False,True,False,False,0,False,False,False,neither
456265,-111.408584838,40.6188981883,-1287016.89279766,2060878.1548971,Candidate lake ledger,EPSG:4326-compatible longitude/latitude; CRS not embedded in Parquet,UT,Western Mountains,Western Mountains,True,True,True,True,True,True,False,0,False,False,False,neither
456333,-111.640497899,39.9342500384,-1318780.2113017,1988377.97739576,Candidate lake ledger,EPSG:4326-compatible longitude/latitude; CRS not embedded in Parquet,UT,Western Mountains,Western Mountains,True,True,True,True,True,True,False,0,True,True,True,Shared
456356,-111.40483408,40.9425652173,-1280856.20717539,2096600.57349549,Candidate lake ledger,EPSG:4326-compatible longitude/latitude; CRS not embedded in Parquet,UT,Western Mountains,Western Mountains,True,True,True,True,True,True,False,0,False,False,False,neither
456503,-112.678782603,37.8627415524,-1445992.35655835,1774656.65498783,Candidate lake ledger,EPSG:4326-compatible longitude/latitude; CRS not embedded in Parquet,UT,Western Mountains,Western Mountains,True,True,True,False,True,False,False,0,False,False,False,neither
456547,-112.775377444,37.5230545917,-1460965.31643356,1738651.56770318,Candidate lake ledger,EPSG:4326-compatible longitude/latitude; CRS not embedded in Parquet,UT,Western Mountains,Western Mountains,True,True,True,False,True,False,False,0,True,True,True,Shared
4566,-95.015703223,42.2984926249,80627.1868012477,2144714.02899907,Candidate lake ledger,EPSG:4326-compatible longitude/latitude; CRS not embedded in Parquet,IA,Temporate Plains,Temperate Plains,True,True,True,False,True,False,False,0,True,True,True,Shared
456619,-111.963090103,39.3603118383,-1356479.81827807,1929488.44479489,Candidate lake ledger,EPSG:4326-compatible longitude/latitude; CRS not embedded in Parquet,UT,Xeric,Xeric,True,True,True,False,True,False,False,0,True,False,False,Multi-horizon only
456650,-111.841269895,38.6004624397,-1360355.1685161,1843771.37610437,Candidate lake ledger,EPSG:4326-compatible longitude/latitude; CRS not embedded in Parquet,UT,Western Mountains,Western Mountains,True,True,True,False,True,False,False,0,True,True,True,Shared
456651,-113.868809657,37.517234466,-1555224.17561527,1755362.11280727,Candidate lake ledger,EPSG:4326-compatible longitude/latitude; CRS not embedded in Parquet,UT,Xeric,Xeric,True,True,True,True,True,True,False,0,True,False,False,Multi-horizon only
456685,-113.522436717,37.6492663867,-1522710.31358655,1764294.35009253,Candidate lake ledger,EPSG:4326-compatible longitude/latitude; CRS not embedded in Parquet,UT,Xeric,Xeric,True,True,True,False,True,False,False,0,True,True,True,Shared
4568,-72.7563680285,43.4699542665,1853380.24340222,2502972.09419928,Candidate lake ledger,EPSG:4326-compatible longitude/latitude; CRS not embedded in Parquet,VT,Northern Appalachians,Northern Appalachians,True,True,True,True,True,True,False,0,False,False,False,neither
4572,-92.3136981545,42.4766792072,301114.936598804,2170060.05259801,Candidate lake ledger,EPSG:4326-compatible longitude/latitude; CRS not embedded in Parquet,IA,Temporate Plains,Temperate Plains,True,True,True,True,True,True,False,0,False,False,False,neither
4576,-88.3883029781,42.8224372025,618159.423202288,2227633.08829964,Candidate lake ledger,EPSG:4326-compatible longitude/latitude; CRS not embedded in Parquet,WI,Temporate Plains,Temperate Plains,True,True,True,True,True,True,False,0,False,False,False,neither
459064,-116.802275565,47.5503361965,-1563574.1734275,2900350.60060214,Candidate lake ledger,EPSG:4326-compatible longitude/latitude; CRS not embedded in Parquet,ID,Western Mountains,Western Mountains,True,True,True,False,True,False,False,0,False,False,False,neither
4594,-94.6299115334,42.4853640331,111925.637601813,2165996.99669628,Candidate lake ledger,EPSG:4326-compatible longitude/latitude; CRS not embedded in Parquet,IA,Temporate Plains,Temperate Plains,True,True,True,False,True,False,False,0,True,True,True,Shared
459440,-118.580557286,47.9309672604,-1684924.09660479,2971670.63800489,Candidate lake ledger,EPSG:4326-compatible longitude/latitude; CRS not embedded in Parquet,WA,Xeric,Xeric,True,True,True,False,True,False,False,0,True,False,False,Multi-horizon only
459445,-115.19479102,48.9101291704,-1414413.63270318,3021678.28379993,Candidate lake ledger,EPSG:4326-compatible longitude/latitude; CRS not embedded in Parquet,MT,Western Mountains,Western Mountains,True,True,True,False,True,False,False,0,False,False,False,neither
460,-94.3468739477,46.9461979843,126408.377198459,2662835.98399653,Candidate lake ledger,EPSG:4326-compatible longitude/latitude; CRS not embedded in Parquet,MN,Upper Midwest,Upper Midwest,True,True,True,True,True,True,False,0,False,False,False,neither
4606,-94.779804756,41.4249574981,101204.284402636,2047215.99609733,Candidate lake ledger,EPSG:4326-compatible longitude/latitude; CRS not embedded in Parquet,IA,Temporate Plains,Temperate Plains,True,True,True,True,True,True,True,2,True,True,True,Shared
4607,-93.7958597548,42.4326006811,180188.116796186,2161381.01499443,Candidate lake ledger,EPSG:4326-compatible longitude/latitude; CRS not embedded in Parquet,IA,Temporate Plains,Temperate Plains,True,True,True,True,True,True,True,3,True,True,True,Shared
461,-95.9836449046,46.7471528089,1254.46869858396,2639699.56479943,Candidate lake ledger,EPSG:4326-compatible longitude/latitude; CRS not embedded in Parquet,MN,Upper Midwest,Upper Midwest,True,True,True,True,True,True,False,0,False,False,False,neither
4619,-73.0302823904,43.4074907488,1833637.69360132,2490890.77999472,Candidate lake ledger,EPSG:4326-compatible longitude/latitude; CRS not embedded in Parquet,VT,Northern Appalachians,Northern Appalachians,True,True,True,True,True,True,False,0,False,False,False,neither
462,-94.0441495077,46.6600133341,150205.70400365,2631593.30159474,Candidate lake ledger,EPSG:4326-compatible longitude/latitude; CRS not embedded in Parquet,MN,Upper Midwest,Upper Midwest,True,True,True,True,True,True,False,0,False,False,False,neither
4621,-94.9059011822,43.1712073676,88498.2697969889,2242334.96629489,Candidate lake ledger,EPSG:4326-compatible longitude/latitude; CRS not embedded in Parquet,IA,Temporate Plains,Temperate Plains,True,True,True,True,True,True,True,1,True,True,True,Shared
46230,-93.6786210044,44.8887977052,183076.863002161,2435580.84159449,Candidate lake ledger,EPSG:4326-compatible longitude/latitude; CRS not embedded in Parquet,MN,Upper Midwest,Upper Midwest,True,True,True,False,True,False,False,0,False,False,False,neither
4624,-91.7529274157,40.6300439916,356125.546000496,1965518.59489644,Candidate lake ledger,EPSG:4326-compatible longitude/latitude; CRS not embedded in Parquet,IA,Temporate Plains,Temperate Plains,True,True,True,True,True,True,True,3,True,True,True,Shared
46243,-93.8545121434,46.3048665135,165655.747596472,2592553.78700484,Candidate lake ledger,EPSG:4326-compatible longitude/latitude; CRS not embedded in Parquet,MN,Upper Midwest,Upper Midwest,True,True,True,True,True,True,False,0,False,False,False,neither
46246,-94.3839993167,46.9533442558,123556.366803489,2663577.97269794,Candidate lake ledger,EPSG:4326-compatible longitude/latitude; CRS not embedded in Parquet,MN,Upper Midwest,Upper Midwest,True,True,True,True,True,True,False,0,False,False,False,neither
462860,-111.082966351,43.1977088289,-1214458.06279685,2341362.876003,Candidate lake ledger,EPSG:4326-compatible longitude/latitude; CRS not embedded in Parquet,ID,Western Mountains,Western Mountains,True,True,True,True,True,True,False,0,False,False,False,neither
4631,-94.9502162828,43.1933286856,84886.6176967391,2244764.85900542,Candidate lake ledger,EPSG:4326-compatible longitude/latitude; CRS not embedded in Parquet,IA,Temporate Plains,Temperate Plains,True,True,True,False,True,False,False,0,True,True,True,Shared
463180,-112.672645659,42.9567792513,-1345901.41088874,2336240.40479599,Candidate lake ledger,EPSG:4326-compatible longitude/latitude; CRS not embedded in Parquet,ID,Xeric,Xeric,True,True,True,False,True,False,False,0,False,False,False,neither
4632,-92.5763966586,40.8177224921,286352.396698439,1983737.65500348,Candidate lake ledger,EPSG:4326-compatible longitude/latitude; CRS not embedded in Parquet,IA,Temporate Plains,Temperate Plains,True,True,True,True,True,True,False,0,True,False,False,Multi-horizon only
463337,-112.762536992,42.8969018222,-1354256.55440713,2330930.98010616,Candidate lake ledger,EPSG:4326-compatible longitude/latitude; CRS not embedded in Parquet,ID,Xeric,Xeric,True,True,True,False,True,False,False,0,True,True,True,Shared
4637,-93.405983168,43.1258784099,209938.749303258,2239628.39619669,Candidate lake ledger,EPSG:4326-compatible longitude/latitude; CRS not embedded in Parquet,IA,Temporate Plains,Temperate Plains,True,True,True,False,True,False,False,0,True,True,True,Shared
463944,-110.673378386,43.8990322089,-1169707.13297826,2413541.72009256,Candidate lake ledger,EPSG:4326-compatible longitude/latitude; CRS not embedded in Parquet,WY,Western Mountains,Western Mountains,True,True,True,False,True,False,False,0,False,False,False,neither
464102,-115.364904489,43.397561743,-1550469.60577893,2425618.59509162,Candidate lake ledger,EPSG:4326-compatible longitude/latitude; CRS not embedded in Parquet,ID,Western Mountains,Western Mountains,True,True,True,False,True,False,False,0,False,True,False,Direct 60-day 60-day only
464222,-117.306955166,43.3625682573,-1704337.83301523,2455058.7206054,Candidate lake ledger,EPSG:4326-compatible longitude/latitude; CRS not embedded in Parquet,OR,Xeric,Xeric,True,True,True,False,True,False,False,0,True,True,True,Shared
464341,-118.189399859,44.5034073903,-1744223.87119137,2594990.06689725,Candidate lake ledger,EPSG:4326-compatible longitude/latitude; CRS not embedded in Parquet,OR,Western Mountains,Western Mountains,True,True,True,True,True,True,False,0,True,False,False,Multi-horizon only
464344,-116.114276213,44.567561404,-1582177.06323236,2565641.88721179,Candidate lake ledger,EPSG:4326-compatible longitude/latitude; CRS not embedded in Parquet,ID,Western Mountains,Western Mountains,True,True,True,False,True,False,False,0,False,False,False,neither
464462,-115.834268118,43.6069899641,-1582665.56393139,2456236.54560551,Candidate lake ledger,EPSG:4326-compatible longitude/latitude; CRS not embedded in Parquet,ID,Western Mountains,Western Mountains,True,True,True,False,True,False,False,0,False,False,False,neither
464740,-118.154779226,43.9314700731,-1756280.18631031,2532327.05590094,Candidate lake ledger,EPSG:4326-compatible longitude/latitude; CRS not embedded in Parquet,OR,Western Mountains,Western Mountains,True,True,True,False,True,False,False,0,True,False,False,Multi-horizon only
4648,-93.3571140082,41.9882414596,217428.859903163,2112620.59420227,Candidate lake ledger,EPSG:4326-compatible longitude/latitude; CRS not embedded in Parquet,IA,Temporate Plains,Temperate Plains,True,True,True,True,True,True,False,0,True,True,True,Shared
464869,-117.428778183,44.0323351226,-1697208.52388583,2530089.77369546,Candidate lake ledger,EPSG:4326-compatible longitude/latitude; CRS not embedded in Parquet,OR,Xeric,Xeric,True,True,True,False,True,False,False,0,True,False,False,Multi-horizon only
4649,-93.689285272,42.7868604692,187936.181402473,2201173.5214972,Candidate lake ledger,EPSG:4326-compatible longitude/latitude; CRS not embedded in Parquet,IA,Temporate Plains,Temperate Plains,True,True,True,True,True,True,True,1,True,True,True,Shared
464995,-115.659871644,44.2902113021,-1553298.62082969,2527917.50170568,Candidate lake ledger,EPSG:4326-compatible longitude/latitude; CRS not embedded in Parquet,ID,Western Mountains,Western Mountains,True,True,True,False,True,False,False,0,False,False,False,neither
465,-94.0474518766,46.7784288552,149682.672599963,2644700.80560453,Candidate lake ledger,EPSG:4326-compatible longitude/latitude; CRS not embedded in Parquet,MN,Upper Midwest,Upper Midwest,True,True,True,True,True,True,False,0,False,False,False,neither
4652,-93.7781636461,40.7509089446,186034.023998626,1973271.2914009,Candidate lake ledger,EPSG:4326-compatible longitude/latitude; CRS not embedded in Parquet,IA,Temporate Plains,Temperate Plains,True,True,True,True,True,True,True,1,True,False,False,Multi-horizon only
4653,-93.8062162184,41.0334480922,182955.287997919,2004847.98589783,Candidate lake ledger,EPSG:4326-compatible longitude/latitude; CRS not embedded in Parquet,IA,Temporate Plains,Temperate Plains,True,True,True,False,True,False,False,0,True,False,False,Multi-horizon only
46662,-94.2606489655,39.3979631459,148414.949701725,1820871.18339873,Candidate lake ledger,EPSG:4326-compatible longitude/latitude; CRS not embedded in Parquet,MO,Temporate Plains,Temperate Plains,True,True,True,True,True,True,False,0,True,True,True,Shared
4667,-94.2411631299,43.1238322295,142359.815702821,2237851.85639551,Candidate lake ledger,EPSG:4326-compatible longitude/latitude; CRS not embedded in Parquet,IA,Temporate Plains,Temperate Plains,True,True,True,True,True,True,True,2,True,True,True,Shared
467172,-120.718792185,44.1259067107,-1949602.48878517,2603350.37020006,Candidate lake ledger,EPSG:4326-compatible longitude/latitude; CRS not embedded in Parquet,OR,Western Mountains,Western Mountains,True,True,True,True,True,True,False,0,True,True,True,Shared
4686,-95.1556771438,43.3773031357,68090.8185974968,2265141.00019695,Candidate lake ledger,EPSG:4326-compatible longitude/latitude; CRS not embedded in Parquet,IA,Temporate Plains,Temperate Plains,True,True,True,True,True,True,False,0,False,False,False,neither
469,-94.6896388074,45.888488235,101817.023297777,2545183.27770499,Candidate lake ledger,EPSG:4326-compatible longitude/latitude; CRS not embedded in Parquet,MN,Upper Midwest,Upper Midwest,True,True,True,False,True,False,False,0,True,True,True,Shared
4691,-92.8597496529,41.9288999946,258552.371401011,2107230.78749602,Candidate lake ledger,EPSG:4326-compatible longitude/latitude; CRS not embedded in Parquet,IA,Temporate Plains,Temperate Plains,True,True,True,True,True,True,False,0,True,True,True,Shared
4701,-92.3152413411,42.2656968902,301903.384300689,2146482.7779034,Candidate lake ledger,EPSG:4326-compatible longitude/latitude; CRS not embedded in Parquet,IA,Temporate Plains,Temperate Plains,True,True,True,True,True,True,True,1,True,False,False,Multi-horizon only
4709,-92.3975680965,42.534846,294020.92229995,2176295.17490435,Candidate lake ledger,EPSG:4326-compatible longitude/latitude; CRS not embedded in Parquet,IA,Temporate Plains,Temperate Plains,True,True,True,True,True,True,True,2,True,True,True,Shared
471,-95.5990351258,43.8549253926,32111.4468032231,2318206.89120297,Candidate lake ledger,EPSG:4326-compatible longitude/latitude; CRS not embedded in Parquet,MN,Temporate Plains,Temperate Plains,True,True,True,True,True,True,False,0,True,True,True,Shared
4717,-91.5607984514,41.7923031899,366148.669699488,2096229.47799783,Candidate lake ledger,EPSG:4326-compatible longitude/latitude; CRS not embedded in Parquet,IA,Temporate Plains,Temperate Plains,True,True,True,False,True,False,False,0,True,False,False,Multi-horizon only
4720,-88.1251998872,42.7033021566,640580.318997297,2216106.29130029,Candidate lake ledger,EPSG:4326-compatible longitude/latitude; CRS not embedded in Parquet,WI,Temporate Plains,Temperate Plains,True,True,True,False,True,False,False,0,True,True,True,Shared
47231,-94.1009566364,46.7414284848,145663.418396434,2640520.93110459,Candidate lake ledger,EPSG:4326-compatible longitude/latitude; CRS not embedded in Parquet,MN,Upper Midwest,Upper Midwest,True,True,True,True,True,True,False,0,False,False,False,neither
47232,-93.6045789612,45.0597902305,188435.419502033,2454748.56409902,Candidate lake ledger,EPSG:4326-compatible longitude/latitude; CRS not embedded in Parquet,MN,Upper Midwest,Upper Midwest,True,True,True,True,True,True,True,1,False,False,False,neither
47250,-94.7478369339,47.2270233209,95340.9622972996,2693431.77330211,Candidate lake ledger,EPSG:4326-compatible longitude/latitude; CRS not embedded in Parquet,MN,Upper Midwest,Upper Midwest,True,True,True,True,True,True,False,0,False,False,False,neither
47258,-93.6931560153,46.7394986561,176942.7715002,2640999.42769775,Candidate lake ledger,EPSG:4326-compatible longitude/latitude; CRS not embedded in Parquet,MN,Upper Midwest,Upper Midwest,True,True,True,False,True,False,False,0,True,False,False,Multi-horizon only
47284,-95.0150211613,47.0864500049,75159.2554020333,2677645.38880278,Candidate lake ledger,EPSG:4326-compatible longitude/latitude; CRS not embedded in Parquet,MN,Upper Midwest,Upper Midwest,True,True,True,True,True,True,False,0,False,False,False,neither
47286,-95.4421279699,45.9034381361,43338.871696233,2546268.33580522,Candidate lake ledger,EPSG:4326-compatible longitude/latitude; CRS not embedded in Parquet,MN,Upper Midwest,Upper Midwest,True,True,True,True,True,True,False,0,False,False,False,neither
473433,-122.403518558,41.9716064787,-2145152.10097169,2407666.82769221,Candidate lake ledger,EPSG:4326-compatible longitude/latitude; CRS not embedded in Parquet,CA,Western Mountains,Western Mountains,True,True,True,False,True,False,False,0,True,False,False,Multi-horizon only
473584,-121.862437661,42.350418928,-2090906.56703459,2436382.57471309,Candidate lake ledger,EPSG:4326-compatible longitude/latitude; CRS not embedded in Parquet,OR,Western Mountains,Western Mountains,True,True,True,False,True,False,False,0,True,False,False,Multi-horizon only
47359,-93.1644105552,44.7588103607,224051.124796357,2422216.94340302,Candidate lake ledger,EPSG:4326-compatible longitude/latitude; CRS not embedded in Parquet,MN,Upper Midwest,Upper Midwest,True,True,True,True,True,True,True,1,False,True,False,Direct 60-day 60-day only
473720,-122.317333598,41.9843462424,-2137940.59588512,2407095.337498,Candidate lake ledger,EPSG:4326-compatible longitude/latitude; CRS not embedded in Parquet,CA,Western Mountains,Western Mountains,True,True,True,False,True,False,False,0,True,True,True,Shared
474,-96.3581068612,44.4047795975,-28448.1623016298,2379494.65040262,Candidate lake ledger,EPSG:4326-compatible longitude/latitude; CRS not embedded in Parquet,MN,Temporate Plains,Temperate Plains,True,True,True,True,True,True,False,0,True,True,True,Shared
4742,-72.0991677274,44.1882171507,1884750.33889944,2593569.46810095,Candidate lake ledger,EPSG:4326-compatible longitude/latitude; CRS not embedded in Parquet,VT,Northern Appalachians,Northern Appalachians,True,True,True,True,True,True,False,0,False,False,False,neither
474253,-122.025053793,42.1490201258,-2109815.31352146,2418288.55910227,Candidate lake ledger,EPSG:4326-compatible longitude/latitude; CRS not embedded in Parquet,OR,Western Mountains,Western Mountains,True,True,True,False,True,False,False,0,True,True,True,Shared
474375,-121.965530647,42.5365145367,-2093419.19122804,2458688.97330504,Candidate lake ledger,EPSG:4326-compatible longitude/latitude; CRS not embedded in Parquet,OR,Western Mountains,Western Mountains,True,True,True,False,True,False,False,0,True,True,True,Shared
477,-92.5045459451,46.0718738357,270800.832497177,2569817.74610034,Candidate lake ledger,EPSG:4326-compatible longitude/latitude; CRS not embedded in Parquet,MN,Upper Midwest,Upper Midwest,True,True,True,False,True,False,False,0,False,False,False,neither
4771,-95.5888799421,41.9380624783,33851.1724034587,2104056.87150194,Candidate lake ledger,EPSG:4326-compatible longitude/latitude; CRS not embedded in Parquet,IA,Temporate Plains,Temperate Plains,True,True,True,True,True,True,True,1,True,True,True,Shared
4774,-95.0325099646,40.9754778619,80757.7544032834,1996656.14290196,Candidate lake ledger,EPSG:4326-compatible longitude/latitude; CRS not embedded in Parquet,IA,Temporate Plains,Temperate Plains,True,True,True,True,True,True,False,0,True,True,True,Shared
4781,-72.2106030198,44.3285099638,1872274.04720336,2606514.01240254,Candidate lake ledger,EPSG:4326-compatible longitude/latitude; CRS not embedded in Parquet,VT,Northern Appalachians,Northern Appalachians,True,True,True,True,True,True,False,0,False,False,False,neither
4797,-91.7304667352,41.7258669874,352497.768099221,2088162.0147984,Candidate lake ledger,EPSG:4326-compatible longitude/latitude; CRS not embedded in Parquet,IA,Temporate Plains,Temperate Plains,True,True,True,True,True,True,False,0,True,False,False,Multi-horizon only
4798,-95.465116011,41.8546059903,44094.2136024626,2094770.97389941,Candidate lake ledger,EPSG:4326-compatible longitude/latitude; CRS not embedded in Parquet,IA,Temporate Plains,Temperate Plains,True,True,True,True,True,True,False,0,True,True,True,Shared
4799,-94.6903919521,40.7135989718,109717.385903626,1967673.88109865,Candidate lake ledger,EPSG:4326-compatible longitude/latitude; CRS not embedded in Parquet,IA,Temporate Plains,Temperate Plains,True,True,True,True,True,True,True,1,True,True,True,Shared
481099,-122.47093558,37.7880343376,-2279350.5059245,1958585.86760839,Candidate lake ledger,EPSG:4326-compatible longitude/latitude; CRS not embedded in Parquet,CA,Xeric,Xeric,True,True,True,False,True,False,False,0,True,True,True,Shared
4816,-94.4667537493,41.7765311083,126532.28449804,2086932.14310306,Candidate lake ledger,EPSG:4326-compatible longitude/latitude; CRS not embedded in Parquet,IA,Temporate Plains,Temperate Plains,True,True,True,True,True,True,False,0,True,True,True,Shared
4819,-91.584240243,41.7838841147,364260.323501502,2095198.41009529,Candidate lake ledger,EPSG:4326-compatible longitude/latitude; CRS not embedded in Parquet,IA,Temporate Plains,Temperate Plains,True,True,True,False,True,False,False,0,True,True,True,Shared
482,-95.6616596356,46.3991292105,26088.6270018772,2601182.18480202,Candidate lake ledger,EPSG:4326-compatible longitude/latitude; CRS not embedded in Parquet,MN,Upper Midwest,Upper Midwest,True,True,True,False,True,False,False,0,False,False,False,neither
4821,-93.9146905115,41.4693200804,172839.699600082,2053428.11180505,Candidate lake ledger,EPSG:4326-compatible longitude/latitude; CRS not embedded in Parquet,IA,Temporate Plains,Temperate Plains,True,True,True,True,True,True,True,3,True,True,True,Shared
4828,-91.8227971349,42.1209879935,342937.496704029,2131983.58500099,Candidate lake ledger,EPSG:4326-compatible longitude/latitude; CRS not embedded in Parquet,IA,Temporate Plains,Temperate Plains,True,True,True,False,True,False,False,0,False,False,False,neither
48314,-93.2411179474,44.8930477104,217558.132301052,2436975.92680464,Candidate lake ledger,EPSG:4326-compatible longitude/latitude; CRS not embedded in Parquet,MN,Upper Midwest,Upper Midwest,True,True,True,False,True,False,False,0,True,False,False,Multi-horizon only
48362,-94.851769163,47.0288604295,87692.6926963368,2671414.03010324,Candidate lake ledger,EPSG:4326-compatible longitude/latitude; CRS not embedded in Parquet,MN,Upper Midwest,Upper Midwest,True,True,True,False,True,False,False,0,False,False,False,neither
4837,-72.9636555863,44.353802495,1813515.695,2594644.17390575,Candidate lake ledger,EPSG:4326-compatible longitude/latitude; CRS not embedded in Parquet,VT,Northern Appalachians,Northern Appalachians,True,True,True,True,True,True,False,0,False,False,False,neither
4848,-88.2278183282,43.3760315767,626112.631700109,2290313.79470113,Candidate lake ledger,EPSG:4326-compatible longitude/latitude; CRS not embedded in Parquet,WI,Temporate Plains,Temperate Plains,True,True,True,False,True,False,False,0,False,False,False,neither
485,-93.7389205131,45.1420276424,177651.857902806,2463636.09639774,Candidate lake ledger,EPSG:4326-compatible longitude/latitude; CRS not embedded in Parquet,MN,Upper Midwest,Upper Midwest,True,True,True,True,True,True,True,3,True,True,True,Shared
4863,-95.9164821555,41.3020859822,6939.33520117379,2032815.3415005,Candidate lake ledger,EPSG:4326-compatible longitude/latitude; CRS not embedded in Parquet,NE,Temporate Plains,Temperate Plains,True,True,True,False,True,False,False,0,True,False,False,Multi-horizon only
48631,-95.4787165397,47.5330310478,39506.4897020661,2726731.72919997,Candidate lake ledger,EPSG:4326-compatible longitude/latitude; CRS not embedded in Parquet,MN,Upper Midwest,Upper Midwest,True,True,True,True,True,True,False,0,False,False,False,neither
48660,-95.8350804012,46.6190047816,12674.2924029702,2625515.42120316,Candidate lake ledger,EPSG:4326-compatible longitude/latitude; CRS not embedded in Parquet,MN,Upper Midwest,Upper Midwest,True,True,True,False,True,False,False,0,False,False,False,neither
4867,-94.635248757,41.2424860282,113486.455196509,2026955.12219942,Candidate lake ledger,EPSG:4326-compatible longitude/latitude; CRS not embedded in Parquet,IA,Temporate Plains,Temperate Plains,True,True,True,True,True,True,False,0,True,False,False,Multi-horizon only
4870,-95.3367746081,43.4438346195,53434.5629039677,2272452.30039676,Candidate lake ledger,EPSG:4326-compatible longitude/latitude; CRS not embedded in Parquet,IA,Temporate Plains,Temperate Plains,True,True,True,True,True,True,True,2,True,True,True,Shared
4882,-95.1359473984,43.4126293295,69646.0331034995,2269098.92509643,Candidate lake ledger,EPSG:4326-compatible longitude/latitude; CRS not embedded in Parquet,IA,Temporate Plains,Temperate Plains,True,True,True,True,True,True,True,2,True,True,True,Shared
4884,-95.6064304629,42.2747465324,32250.1365012445,2141707.89800254,Candidate lake ledger,EPSG:4326-compatible longitude/latitude; CRS not embedded in Parquet,IA,Temporate Plains,Temperate Plains,True,True,True,True,True,True,False,0,True,True,True,Shared
4886,-93.396039054,40.7087096196,218151.32320173,1969359.20479752,Candidate lake ledger,EPSG:4326-compatible longitude/latitude; CRS not embedded in Parquet,IA,Temporate Plains,Temperate Plains,True,True,True,False,True,False,False,0,True,True,True,Shared
4890,-94.3885431514,41.1030274021,134264.287000814,2011665.17919884,Candidate lake ledger,EPSG:4326-compatible longitude/latitude; CRS not embedded in Parquet,IA,Temporate Plains,Temperate Plains,True,True,True,True,True,True,True,2,True,True,True,Shared
48981,-92.5446402053,46.7607418462,264919.945500498,2646021.10049659,Candidate lake ledger,EPSG:4326-compatible longitude/latitude; CRS not embedded in Parquet,MN,Upper Midwest,Upper Midwest,True,True,True,True,True,True,False,0,False,False,False,neither
4899,-92.1734786022,41.6352609821,316351.231401259,2076473.1851958,Candidate lake ledger,EPSG:4326-compatible longitude/latitude; CRS not embedded in Parquet,IA,Temporate Plains,Temperate Plains,True,True,True,True,True,True,True,1,True,True,True,Shared
48990,-92.1737777314,47.0632618563,291991.230702768,2680569.38940185,Candidate lake ledger,EPSG:4326-compatible longitude/latitude; CRS not embedded in Parquet,MN,Upper Midwest,Upper Midwest,True,True,True,False,True,False,False,0,False,False,False,neither
4900,-90.0925002664,43.6066617449,474522.222402125,2305193.12960393,Candidate lake ledger,EPSG:4326-compatible longitude/latitude; CRS not embedded in Parquet,WI,Upper Midwest,Upper Midwest,True,True,True,False,True,False,False,0,True,False,False,Multi-horizon only
493,-95.5523825941,46.289401288,34571.9750994248,2589050.10780049,Candidate lake ledger,EPSG:4326-compatible longitude/latitude; CRS not embedded in Parquet,MN,Upper Midwest,Upper Midwest,True,True,True,True,True,True,False,0,False,False,False,neither
4933,-94.4388432161,41.3847961283,129555.57399813,2043135.0293017,Candidate lake ledger,EPSG:4326-compatible longitude/latitude; CRS not embedded in Parquet,IA,Temporate Plains,Temperate Plains,True,True,True,True,True,True,True,2,True,True,True,Shared
4935,-95.0512781787,42.2962645146,77715.7037984847,2144435.25370153,Candidate lake ledger,EPSG:4326-compatible longitude/latitude; CRS not embedded in Parquet,IA,Temporate Plains,Temperate Plains,True,True,True,True,True,True,False,0,False,False,False,neither
4936,-91.8970283383,41.1946852336,341321.01950228,2028158.05149883,Candidate lake ledger,EPSG:4326-compatible longitude/latitude; CRS not embedded in Parquet,IA,Temporate Plains,Temperate Plains,True,True,True,False,True,False,False,0,True,True,True,Shared
4942,-95.3583606326,40.8350283504,53665.248596265,1980698.36269893,Candidate lake ledger,EPSG:4326-compatible longitude/latitude; CRS not embedded in Parquet,IA,Temporate Plains,Temperate Plains,True,True,True,True,True,True,True,1,True,True,True,Shared
49438,-92.83770589,45.1128001941,248545.591001777,2462406.85719577,Candidate lake ledger,EPSG:4326-compatible longitude/latitude; CRS not embedded in Parquet,MN,Upper Midwest,Upper Midwest,True,True,True,False,True,False,False,0,False,False,False,neither
4944,-92.8453916958,41.1152965463,262756.201401793,2016261.97529789,Candidate lake ledger,EPSG:4326-compatible longitude/latitude; CRS not embedded in Parquet,IA,Temporate Plains,Temperate Plains,True,True,True,True,True,True,True,2,True,True,True,Shared
4947,-91.4345626577,45.8951611135,354580.529800984,2553740.92340493,Candidate lake ledger,EPSG:4326-compatible longitude/latitude; CRS not embedded in Parquet,WI,Upper Midwest,Upper Midwest,True,True,True,True,True,True,False,0,False,False,False,neither
4955,-94.0204301233,42.1152431348,162571.512201329,2125496.15329763,Candidate lake ledger,EPSG:4326-compatible longitude/latitude; CRS not embedded in Parquet,IA,Temporate Plains,Temperate Plains,True,True,True,True,True,True,True,1,True,True,True,Shared
4962,-93.2773442849,40.996790815,227168.376699539,2001885.93599806,Candidate lake ledger,EPSG:4326-compatible longitude/latitude; CRS not embedded in Parquet,IA,Temporate Plains,Temperate Plains,True,True,True,True,True,True,False,0,True,False,False,Multi-horizon only
4967,-95.5926289143,41.4363286572,33783.157797379,2047911.46220451,Candidate lake ledger,EPSG:4326-compatible longitude/latitude; CRS not embedded in Parquet,IA,Temporate Plains,Temperate Plains,True,True,True,True,True,True,True,2,True,True,True,Shared
4972,-72.216945643,44.9709793285,1854065.71570159,2675709.39760511,Candidate lake ledger,EPSG:4326-compatible longitude/latitude; CRS not embedded in Parquet,VT,Northern Appalachians,Northern Appalachians,True,True,True,True,True,True,False,0,False,False,False,neither
4985,-92.7246377981,42.1289754171,268901.29619957,2129973.14950529,Candidate lake ledger,EPSG:4326-compatible longitude/latitude; CRS not embedded in Parquet,IA,Temporate Plains,Temperate Plains,True,True,True,True,True,True,True,2,True,True,True,Shared
500,-74.7954679308,40.9054830683,1757086.73279783,2185251.74289451,Candidate lake ledger,EPSG:4326-compatible longitude/latitude; CRS not embedded in Parquet,NJ,Northern Appalachians,Northern Appalachians,True,True,True,True,True,True,False,0,False,False,False,neither
5007,-72.5249812362,44.5342426876,1842435.72189644,2622587.20570421,Candidate lake ledger,EPSG:4326-compatible longitude/latitude; CRS not embedded in Parquet,VT,Northern Appalachians,Northern Appalachians,True,True,True,True,True,True,False,0,False,False,False,neither
5027,-94.6950000076,43.3185840684,105330.445098249,2259005.86670312,Candidate lake ledger,EPSG:4326-compatible longitude/latitude; CRS not embedded in Parquet,IA,Temporate Plains,Temperate Plains,True,True,True,True,True,True,True,2,True,True,True,Shared
5032,-93.9876085918,42.3981168987,164596.769802615,2157178.68490207,Candidate lake ledger,EPSG:4326-compatible longitude/latitude; CRS not embedded in Parquet,IA,Temporate Plains,Temperate Plains,True,True,True,False,True,False,False,0,True,False,False,Multi-horizon only
5035,-88.2923229945,42.5488293385,628414.543803928,2197782.69169881,Candidate lake ledger,EPSG:4326-compatible longitude/latitude; CRS not embedded in Parquet,WI,Temporate Plains,Temperate Plains,True,True,True,True,True,True,False,0,True,False,False,Multi-horizon only
5040,-95.0956487883,43.4776028593,72825.1441027157,2276381.78730354,Candidate lake ledger,EPSG:4326-compatible longitude/latitude; CRS not embedded in Parquet,IA,Temporate Plains,Temperate Plains,True,True,True,False,True,False,False,0,True,True,True,Shared
50432,-93.3559988379,45.2398173682,207428.040802981,2475285.19559642,Candidate lake ledger,EPSG:4326-compatible longitude/latitude; CRS not embedded in Parquet,MN,Upper Midwest,Upper Midwest,True,True,True,True,True,True,False,0,True,True,True,Shared
50464,-94.0754134324,45.217666677,151047.338701019,2471465.49379812,Candidate lake ledger,EPSG:4326-compatible longitude/latitude; CRS not embedded in Parquet,MN,Upper Midwest,Upper Midwest,True,True,True,True,True,True,True,3,True,True,True,Shared
50483,-92.8193195125,45.402348691,248912.64060337,2494637.4619973,Candidate lake ledger,EPSG:4326-compatible longitude/latitude; CRS not embedded in Parquet,MN,Upper Midwest,Upper Midwest,True,True,True,True,True,True,True,1,True,True,True,Shared
5052,-72.8179550594,42.8735448022,1864654.56999868,2437137.6006038,Candidate lake ledger,EPSG:4326-compatible longitude/latitude; CRS not embedded in Parquet,VT,Northern Appalachians,Northern Appalachians,True,True,True,True,True,True,False,0,False,False,False,neither
507,-93.6410941252,44.3680828677,187475.182300589,2377678.80909569,Candidate lake ledger,EPSG:4326-compatible longitude/latitude; CRS not embedded in Parquet,MN,Upper Midwest,Upper Midwest,True,True,True,True,True,True,True,2,True,False,False,Multi-horizon only
5072,-88.6278646263,42.5923157149,600736.946696963,2200458.41949944,Candidate lake ledger,EPSG:4326-compatible longitude/latitude; CRS not embedded in Parquet,WI,Temporate Plains,Temperate Plains,True,True,True,False,True,False,False,0,True,False,False,Multi-horizon only
5093,-72.9895877645,44.8546867404,1798138.11820182,2648309.42420159,Candidate lake ledger,EPSG:4326-compatible longitude/latitude; CRS not embedded in Parquet,VT,Northern Appalachians,Northern Appalachians,True,True,True,False,True,False,False,0,False,False,False,neither
51019,-75.6696901691,39.3629004656,1722468.8245995,2000531.85699934,Candidate lake ledger,EPSG:4326-compatible longitude/latitude; CRS not embedded in Parquet,DE,Coastal Plains,Coastal Plains,True,True,True,True,True,True,True,4,True,False,False,Multi-horizon only
5102,-94.7247378666,41.0616184375,106317.140298478,2006603.75620025,Candidate lake ledger,EPSG:4326-compatible longitude/latitude; CRS not embedded in Parquet,IA,Temporate Plains,Temperate Plains,True,True,True,False,True,False,False,0,True,False,False,Multi-horizon only
5118,-91.1393278547,42.1117534111,399055.859101422,2133620.06870344,Candidate lake ledger,EPSG:4326-compatible longitude/latitude; CRS not embedded in Parquet,IA,Temporate Plains,Temperate Plains,True,True,True,True,True,True,False,0,True,True,True,Shared
5143,-94.8870466958,43.0326388541,90204.5332017377,2226876.62909636,Candidate lake ledger,EPSG:4326-compatible longitude/latitude; CRS not embedded in Parquet,IA,Temporate Plains,Temperate Plains,True,True,True,True,True,True,True,1,True,True,True,Shared
51452,-93.6802397781,44.8291291925,183111.33719798,2428937.73469615,Candidate lake ledger,EPSG:4326-compatible longitude/latitude; CRS not embedded in Parquet,MN,Upper Midwest,Upper Midwest,True,True,True,False,True,False,False,0,True,True,True,Shared
51459,-95.0982371162,47.020855184,68878.4878034194,2670325.26300403,Candidate lake ledger,EPSG:4326-compatible longitude/latitude; CRS not embedded in Parquet,MN,Upper Midwest,Upper Midwest,True,True,True,True,True,True,False,0,False,False,False,neither
51486,-94.8363990223,46.8397075051,89122.8198995442,2650493.89139684,Candidate lake ledger,EPSG:4326-compatible longitude/latitude; CRS not embedded in Parquet,MN,Upper Midwest,Upper Midwest,True,True,True,False,True,False,False,0,True,False,False,Multi-horizon only
515,-93.3306761561,45.5057500421,208583.803098995,2504894.73600322,Candidate lake ledger,EPSG:4326-compatible longitude/latitude; CRS not embedded in Parquet,MN,Upper Midwest,Upper Midwest,True,True,True,True,True,True,True,1,True,True,True,Shared
5150,-89.0638937319,45.943392849,538040.034298876,2570220.2208,Candidate lake ledger,EPSG:4326-compatible longitude/latitude; CRS not embedded in Parquet,WI,Upper Midwest,Upper Midwest,True,True,True,False,True,False,False,0,False,False,False,neither
5155,-95.4691806282,42.9371758113,43083.0788985482,2215804.25719836,Candidate lake ledger,EPSG:4326-compatible longitude/latitude; CRS not embedded in Parquet,IA,Temporate Plains,Temperate Plains,True,True,True,True,True,True,False,0,True,True,True,Shared
5162,-93.1539591053,41.4202288184,236040.692897571,2049571.70440034,Candidate lake ledger,EPSG:4326-compatible longitude/latitude; CRS not embedded in Parquet,IA,Temporate Plains,Temperate Plains,True,True,True,False,True,False,False,0,True,True,True,Shared
5167,-95.2178646246,41.6035403107,64707.6897968277,2066819.79970019,Candidate lake ledger,EPSG:4326-compatible longitude/latitude; CRS not embedded in Parquet,IA,Temporate Plains,Temperate Plains,True,True,True,True,True,True,True,2,True,True,True,Shared
5168,-95.7881473387,41.7695700776,17485.7784029995,2085152.00969476,Candidate lake ledger,EPSG:4326-compatible longitude/latitude; CRS not embedded in Parquet,IA,Temporate Plains,Temperate Plains,True,True,True,True,True,True,False,0,True,True,True,Shared
5171,-93.0090894463,40.8673006618,249999.796901701,1988065.6324016,Candidate lake ledger,EPSG:4326-compatible longitude/latitude; CRS not embedded in Parquet,IA,Temporate Plains,Temperate Plains,True,True,True,False,True,False,False,0,True,False,False,Multi-horizon only
5175,-92.5418962752,41.2941821324,287295.931501322,2037155.1905042,Candidate lake ledger,EPSG:4326-compatible longitude/latitude; CRS not embedded in Parquet,IA,Temporate Plains,Temperate Plains,True,True,True,True,True,True,False,0,True,True,True,Shared
5183,-93.7932297999,43.2302890372,178333.520997363,2250494.1215996,Candidate lake ledger,EPSG:4326-compatible longitude/latitude; CRS not embedded in Parquet,IA,Temporate Plains,Temperate Plains,True,True,True,True,True,True,True,2,True,True,True,Shared
519,-93.4113005778,45.9143153247,201049.214502144,2550087.1812991,Candidate lake ledger,EPSG:4326-compatible longitude/latitude; CRS not embedded in Parquet,MN,Upper Midwest,Upper Midwest,True,True,True,True,True,True,True,2,True,False,False,Multi-horizon only
52016,-73.4517088624,41.2595820618,1857083.36000107,2249406.3111989,Candidate lake ledger,EPSG:4326-compatible longitude/latitude; CRS not embedded in Parquet,CT,Northern Appalachians,Northern Appalachians,True,True,True,False,True,False,False,0,False,False,False,neither
5233,-92.1140646722,41.8672299407,320199.41320335,2102606.69189626,Candidate lake ledger,EPSG:4326-compatible longitude/latitude; CRS not embedded in Parquet,IA,Temporate Plains,Temperate Plains,True,True,True,True,True,True,True,3,True,True,True,Shared
5241,-94.8457293632,42.0393685849,94901.6907022646,2115892.49410534,Candidate lake ledger,EPSG:4326-compatible longitude/latitude; CRS not embedded in Parquet,IA,Temporate Plains,Temperate Plains,True,True,True,True,True,True,True,2,True,True,True,Shared
5246,-94.5434670508,40.8370568562,121813.757896059,1981677.87599788,Candidate lake ledger,EPSG:4326-compatible longitude/latitude; CRS not embedded in Parquet,IA,Temporate Plains,Temperate Plains,True,True,True,True,True,True,True,1,True,True,True,Shared
5252,-93.7688384874,40.599677807,187212.306797111,1956356.12549513,Candidate lake ledger,EPSG:4326-compatible longitude/latitude; CRS not embedded in Parquet,IA,Temporate Plains,Temperate Plains,True,True,True,True,True,True,False,0,False,False,False,neither
5256,-95.6680735323,42.9859990189,26921.2988993222,2221185.34389568,Candidate lake ledger,EPSG:4326-compatible longitude/latitude; CRS not embedded in Parquet,IA,Temporate Plains,Temperate Plains,True,True,True,True,True,True,True,1,True,True,True,Shared
52571,-96.0605944899,44.2115978482,-4827.39089671716,2357912.90960465,Candidate lake ledger,EPSG:4326-compatible longitude/latitude; CRS not embedded in Parquet,MN,Temporate Plains,Temperate Plains,True,True,True,False,True,False,False,0,True,True,True,Shared
5274,-91.3881148827,40.8196631159,385662.536296205,1988156.24009971,Candidate lake ledger,EPSG:4326-compatible longitude/latitude; CRS not embedded in Parquet,IA,Temporate Plains,Temperate Plains,True,True,True,True,True,True,False,0,True,False,False,Multi-horizon only
52808,-90.6425172477,37.7277141114,467473.59679951,1645487.3517055,Candidate lake ledger,EPSG:4326-compatible longitude/latitude; CRS not embedded in Parquet,MO,Southern Appalachians,Southern Appalachians,True,True,True,True,True,True,True,2,True,False,False,Multi-horizon only
52842,-95.8268507583,46.7591157678,13278.4737986686,2641036.4091978,Candidate lake ledger,EPSG:4326-compatible longitude/latitude; CRS not embedded in Parquet,MN,Upper Midwest,Upper Midwest,True,True,True,True,True,True,False,0,True,True,True,Shared
5288,-72.1510196386,43.9227573955,1888098.2430974,2563869.4766022,Candidate lake ledger,EPSG:4326-compatible longitude/latitude; CRS not embedded in Parquet,VT,Northern Appalachians,Northern Appalachians,True,True,True,False,True,False,False,0,False,False,False,neither
5290,-95.7886976481,42.0097046428,17380.623198429,2112017.28679914,Candidate lake ledger,EPSG:4326-compatible longitude/latitude; CRS not embedded in Parquet,IA,Temporate Plains,Temperate Plains,True,True,True,True,True,True,False,0,True,True,True,Shared
52989,-91.5963453028,36.3074861935,391683.475399114,1482251.02369649,Candidate lake ledger,EPSG:4326-compatible longitude/latitude; CRS not embedded in Parquet,AR,Southern Appalachians,Southern Appalachians,True,True,True,False,True,False,False,0,False,False,False,neither
5303,-72.21569959,44.5086668189,1866909.77119628,2625861.68680183,Candidate lake ledger,EPSG:4326-compatible longitude/latitude; CRS not embedded in Parquet,VT,Northern Appalachians,Northern Appalachians,True,True,True,True,True,True,False,0,False,False,False,neither
531,-92.8669285396,45.2190008603,245860.239101495,2474137.49359479,Candidate lake ledger,EPSG:4326-compatible longitude/latitude; CRS not embedded in Parquet,MN,Upper Midwest,Upper Midwest,True,True,True,False,True,False,False,0,False,False,False,neither
5314,-91.9708788814,40.7089965107,337486.329203362,1973557.69050324,Candidate lake ledger,EPSG:4326-compatible longitude/latitude; CRS not embedded in Parquet,IA,Temporate Plains,Temperate Plains,True,True,True,True,True,True,False,0,True,False,False,Multi-horizon only
5320,-72.8059450289,43.1478806736,1858195.91069661,2467110.80149959,Candidate lake ledger,EPSG:4326-compatible longitude/latitude; CRS not embedded in Parquet,VT,Northern Appalachians,Northern Appalachians,True,True,True,True,True,True,False,0,False,False,False,neither
5329,-94.6503122549,43.1556992968,109195.40640132,2240868.98310297,Candidate lake ledger,EPSG:4326-compatible longitude/latitude; CRS not embedded in Parquet,IA,Temporate Plains,Temperate Plains,True,True,True,False,True,False,False,0,True,True,True,Shared
533,-93.4816450741,44.6996492488,199165.954000164,2414925.74719829,Candidate lake ledger,EPSG:4326-compatible longitude/latitude; CRS not embedded in Parquet,MN,Upper Midwest,Upper Midwest,True,True,True,False,True,False,False,0,True,False,False,Multi-horizon only
5336,-94.4365951132,41.1977650221,130086.546898367,2022203.65349656,Candidate lake ledger,EPSG:4326-compatible longitude/latitude; CRS not embedded in Parquet,IA,Temporate Plains,Temperate Plains,True,True,True,True,True,True,True,2,True,True,True,Shared
53586,-94.1392582063,46.5300336613,143184.457398313,2617047.5686014,Candidate lake ledger,EPSG:4326-compatible longitude/latitude; CRS not embedded in Parquet,MN,Upper Midwest,Upper Midwest,True,True,True,False,True,False,False,0,False,True,False,Direct 60-day 60-day only
53589,-94.9769378618,47.1974876208,77932.8954027576,2689957.02429795,Candidate lake ledger,EPSG:4326-compatible longitude/latitude; CRS not embedded in Parquet,MN,Upper Midwest,Upper Midwest,True,True,True,False,True,False,False,0,False,False,False,neither
53627,-93.4363035365,44.7011016529,202746.59819859,2415183.29960198,Candidate lake ledger,EPSG:4326-compatible longitude/latitude; CRS not embedded in Parquet,MN,Upper Midwest,Upper Midwest,True,True,True,True,True,True,False,0,False,False,False,neither
537,-95.4509434445,45.6480043836,42817.9401988514,2517896.07629466,Candidate lake ledger,EPSG:4326-compatible longitude/latitude; CRS not embedded in Parquet,MN,Upper Midwest,Upper Midwest,True,True,True,True,True,True,False,0,True,False,False,Multi-horizon only
5374,-92.9635032716,41.7785896509,250550.020403735,2090144.85200356,Candidate lake ledger,EPSG:4326-compatible longitude/latitude; CRS not embedded in Parquet,IA,Temporate Plains,Temperate Plains,True,True,True,True,True,True,False,0,True,True,True,Shared
5378,-73.2033236654,43.4328561456,1819418.3253989,2490314.90079989,Candidate lake ledger,EPSG:4326-compatible longitude/latitude; CRS not embedded in Parquet,VT,Northern Appalachians,Northern Appalachians,True,True,True,True,True,True,False,0,False,False,False,neither
5383,-92.5514758336,41.5878055585,285308.087403249,2069969.74709675,Candidate lake ledger,EPSG:4326-compatible longitude/latitude; CRS not embedded in Parquet,IA,Temporate Plains,Temperate Plains,True,True,True,True,True,True,True,1,True,True,True,Shared
5396,-94.0657042536,41.0214923052,161345.163599581,2003039.5389011,Candidate lake ledger,EPSG:4326-compatible longitude/latitude; CRS not embedded in Parquet,IA,Temporate Plains,Temperate Plains,True,True,True,True,True,True,True,2,True,True,True,Shared
5397,-72.2337492482,44.719519492,1859710.77549995,2648260.49579648,Candidate lake ledger,EPSG:4326-compatible longitude/latitude; CRS not embedded in Parquet,VT,Northern Appalachians,Northern Appalachians,True,True,True,True,True,True,False,0,False,False,False,neither
5407,-72.8755429058,44.9723274685,1803719.26900072,2663180.27460037,Candidate lake ledger,EPSG:4326-compatible longitude/latitude; CRS not embedded in Parquet,VT,Northern Appalachians,Northern Appalachians,True,True,True,True,True,True,True,1,False,False,False,neither
5414,-91.908890648,43.17435042,330807.183203538,2249298.14849705,Candidate lake ledger,EPSG:4326-compatible longitude/latitude; CRS not embedded in Parquet,IA,Upper Midwest,Upper Midwest,True,True,True,True,True,True,True,1,True,False,False,Multi-horizon only
54178,-75.7146394429,39.5543238737,1714174.0734958,2020684.05130134,Candidate lake ledger,EPSG:4326-compatible longitude/latitude; CRS not embedded in Parquet,DE,Coastal Plains,Coastal Plains,True,True,True,True,True,True,True,3,True,True,True,Shared
542,-95.6842229575,46.2901416903,24388.985001086,2589091.32040506,Candidate lake ledger,EPSG:4326-compatible longitude/latitude; CRS not embedded in Parquet,MN,Upper Midwest,Upper Midwest,True,True,True,False,True,False,False,0,False,False,False,neither
5421,-95.2070903847,42.6264241751,64644.5190969616,2181228.00109611,Candidate lake ledger,EPSG:4326-compatible longitude/latitude; CRS not embedded in Parquet,IA,Temporate Plains,Temperate Plains,True,True,True,True,True,True,False,0,True,True,True,Shared
54240,-92.1726053589,47.3005302309,291024.127096751,2706791.98770324,Candidate lake ledger,EPSG:4326-compatible longitude/latitude; CRS not embedded in Parquet,MN,Upper Midwest,Upper Midwest,True,True,True,False,True,False,False,0,False,False,False,neither
5426,-89.0000532792,43.8107331367,560451.454897828,2333859.59159853,Candidate lake ledger,EPSG:4326-compatible longitude/latitude; CRS not embedded in Parquet,WI,Temporate Plains,Temperate Plains,True,True,True,False,True,False,False,0,False,False,False,neither
544,-95.8832538552,46.0234162988,9053.23509809775,2559464.79089955,Candidate lake ledger,EPSG:4326-compatible longitude/latitude; CRS not embedded in Parquet,MN,Upper Midwest,Upper Midwest,True,True,True,False,True,False,False,0,True,False,False,Multi-horizon only
5458,-93.8515205559,40.6526646728,180141.663302869,1962129.56389455,Candidate lake ledger,EPSG:4326-compatible longitude/latitude; CRS not embedded in Parquet,IA,Temporate Plains,Temperate Plains,True,True,True,True,True,True,False,0,True,False,False,Multi-horizon only
546,-93.0075341416,46.1219673437,231672.146497899,2574043.31310309,Candidate lake ledger,EPSG:4326-compatible longitude/latitude; CRS not embedded in Parquet,MN,Upper Midwest,Upper Midwest,True,True,True,False,True,False,False,0,False,False,False,neither
54643,-93.3629023031,44.922801383,207865.178898755,2440013.6457975,Candidate lake ledger,EPSG:4326-compatible longitude/latitude; CRS not embedded in Parquet,MN,Upper Midwest,Upper Midwest,True,True,True,False,True,False,False,0,False,False,False,neither
54660,-95.1201632145,46.9657164869,67260.2666036562,2664208.07509563,Candidate lake ledger,EPSG:4326-compatible longitude/latitude; CRS not embedded in Parquet,MN,Upper Midwest,Upper Midwest,True,True,True,True,True,True,False,0,True,True,True,Shared
54712,-92.7881011705,44.8300187766,253506.27099915,2431086.1461953,Candidate lake ledger,EPSG:4326-compatible longitude/latitude; CRS not embedded in Parquet,MN,Temporate Plains,Temperate Plains,True,True,True,True,True,True,False,0,True,True,True,Shared
5487,-92.4293486027,41.007387409,297848.104203183,2005414.25330199,Candidate lake ledger,EPSG:4326-compatible longitude/latitude; CRS not embedded in Parquet,IA,Temporate Plains,Temperate Plains,True,True,True,True,True,True,True,3,True,True,True,Shared
549,-95.4923796236,43.7890905206,40692.1551963533,2310903.66679821,Candidate lake ledger,EPSG:4326-compatible longitude/latitude; CRS not embedded in Parquet,MN,Temporate Plains,Temperate Plains,True,True,True,True,True,True,True,1,True,True,True,Shared
5496,-94.4792988971,41.2963482528,126356.997599861,2033180.97460379,Candidate lake ledger,EPSG:4326-compatible longitude/latitude; CRS not embedded in Parquet,IA,Temporate Plains,Temperate Plains,True,True,True,True,True,True,True,2,True,True,True,Shared
5500,-94.8262902951,40.7294422782,98310.6842965037,1969299.40629758,Candidate lake ledger,EPSG:4326-compatible longitude/latitude; CRS not embedded in Parquet,IA,Temporate Plains,Temperate Plains,True,True,True,True,True,True,True,2,True,True,True,Shared
552,-92.9459930459,45.2694267517,239477.816900982,2479540.63760355,Candidate lake ledger,EPSG:4326-compatible longitude/latitude; CRS not embedded in Parquet,MN,Upper Midwest,Upper Midwest,True,True,True,True,True,True,False,0,True,False,False,Multi-horizon only
55226,-92.6894861079,46.7467830046,253873.145999335,2644080.82750299,Candidate lake ledger,EPSG:4326-compatible longitude/latitude; CRS not embedded in Parquet,MN,Upper Midwest,Upper Midwest,True,True,True,True,True,True,False,0,True,False,False,Multi-horizon only
55313,-85.9005847455,44.948544299,794371.382700249,2482244.14929787,Candidate lake ledger,EPSG:4326-compatible longitude/latitude; CRS not embedded in Parquet,MI,Upper Midwest,Upper Midwest,True,True,True,True,True,True,False,0,True,False,False,Multi-horizon only
5541,-93.5885843478,41.2753519923,200414.291896128,2032362.37409592,Candidate lake ledger,EPSG:4326-compatible longitude/latitude; CRS not embedded in Parquet,IA,Temporate Plains,Temperate Plains,True,True,True,True,True,True,False,0,True,True,True,Shared
5550,-95.8584729246,41.2061844937,11775.1951032541,2022084.95909829,Candidate lake ledger,EPSG:4326-compatible longitude/latitude; CRS not embedded in Parquet,IA,Temporate Plains,Temperate Plains,True,True,True,True,True,True,True,2,True,True,True,Shared
55528,-93.1416557622,45.0182788601,224980.010600518,2451138.34590201,Candidate lake ledger,EPSG:4326-compatible longitude/latitude; CRS not embedded in Parquet,MN,Upper Midwest,Upper Midwest,True,True,True,True,True,True,True,3,True,True,True,Shared
55548,-94.0363485118,46.690732821,150734.412602883,2635007.82760452,Candidate lake ledger,EPSG:4326-compatible longitude/latitude; CRS not embedded in Parquet,MN,Upper Midwest,Upper Midwest,True,True,True,True,True,True,False,0,False,False,False,neither
55584,-94.4280084351,45.2738396709,123274.097902152,2477202.68429494,Candidate lake ledger,EPSG:4326-compatible longitude/latitude; CRS not embedded in Parquet,MN,Upper Midwest,Upper Midwest,True,True,True,True,True,True,False,0,False,False,False,neither
55599,-92.9876337477,45.0553176001,236968.498998585,2455631.96769838,Candidate lake ledger,EPSG:4326-compatible longitude/latitude; CRS not embedded in Parquet,MN,Upper Midwest,Upper Midwest,True,True,True,False,True,False,False,0,True,False,False,Multi-horizon only
55609,-96.0453867736,44.2150210585,-3615.6532030216,2358293.81739519,Candidate lake ledger,EPSG:4326-compatible longitude/latitude; CRS not embedded in Parquet,MN,Temporate Plains,Temperate Plains,True,True,True,False,True,False,False,0,True,True,True,Shared
55617,-93.1285094714,44.788425453,226787.340601617,2425597.84190077,Candidate lake ledger,EPSG:4326-compatible longitude/latitude; CRS not embedded in Parquet,MN,Upper Midwest,Upper Midwest,True,True,True,True,True,True,False,0,True,False,False,Multi-horizon only
5564,-73.0843449385,44.3700581318,1803767.31920126,2594106.02300215,Candidate lake ledger,EPSG:4326-compatible longitude/latitude; CRS not embedded in Parquet,VT,Northern Appalachians,Northern Appalachians,True,True,True,True,True,True,False,0,False,False,False,neither
557,-94.6368170987,45.813107195,106041.133501825,2536871.66109884,Candidate lake ledger,EPSG:4326-compatible longitude/latitude; CRS not embedded in Parquet,MN,Upper Midwest,Upper Midwest,True,True,True,True,True,True,False,0,False,False,False,neither
5575,-90.6780896078,41.5215027655,440581.502498778,2069711.8288947,Candidate lake ledger,EPSG:4326-compatible longitude/latitude; CRS not embedded in Parquet,IA,Temporate Plains,Temperate Plains,True,True,True,True,True,True,False,0,True,True,True,Shared
5581,-94.5860808663,43.4962309959,113825.958798088,2278961.35429929,Candidate lake ledger,EPSG:4326-compatible longitude/latitude; CRS not embedded in Parquet,IA,Temporate Plains,Temperate Plains,True,True,True,True,True,True,True,1,True,True,True,Shared
5583,-95.1320196991,43.497437066,69876.1482010018,2278568.30649823,Candidate lake ledger,EPSG:4326-compatible longitude/latitude; CRS not embedded in Parquet,IA,Temporate Plains,Temperate Plains,True,True,True,False,True,False,False,0,True,True,True,Shared
55871,-95.4651862453,48.0149929712,40232.5541000157,2779928.64630434,Candidate lake ledger,EPSG:4326-compatible longitude/latitude; CRS not embedded in Parquet,MN,Upper Midwest,Upper Midwest,True,True,True,False,True,False,False,0,False,False,False,neither
55874,-96.4125616518,46.658780188,-31686.7028998593,2629979.75069967,Candidate lake ledger,EPSG:4326-compatible longitude/latitude; CRS not embedded in Parquet,MN,Temporate Plains,Temperate Plains,True,True,True,False,True,False,False,0,True,True,True,Shared
5588,-92.7991369018,44.7782319242,252829.730203986,2425294.6826949,Candidate lake ledger,EPSG:4326-compatible longitude/latitude; CRS not embedded in Parquet,WI,Temporate Plains,Temperate Plains,True,True,True,False,True,False,False,0,False,False,False,neither
55898,-96.0415544348,47.6123407966,-3145.46989924053,2735383.46819887,Candidate lake ledger,EPSG:4326-compatible longitude/latitude; CRS not embedded in Parquet,MN,Temporate Plains,Temperate Plains,True,True,True,True,True,True,False,0,True,True,True,Shared
5592,-71.4927201401,43.5272186461,1950325.75689921,2534452.52039575,Candidate lake ledger,EPSG:4326-compatible longitude/latitude; CRS not embedded in Parquet,NH,Northern Appalachians,Northern Appalachians,True,True,True,False,True,False,False,0,False,False,False,neither
5610,-72.0874270823,43.1417110766,1914730.48339958,2480705.85749829,Candidate lake ledger,EPSG:4326-compatible longitude/latitude; CRS not embedded in Parquet,NH,Northern Appalachians,Northern Appalachians,True,True,True,False,True,False,False,0,False,False,False,neither
562,-90.6697375678,47.7149499315,402628.507496235,2758006.20680464,Candidate lake ledger,EPSG:4326-compatible longitude/latitude; CRS not embedded in Parquet,MN,Upper Midwest,Upper Midwest,True,True,True,True,True,True,False,0,False,False,False,neither
56234,-92.7028547184,46.7269486234,252924.559002175,2641849.80870039,Candidate lake ledger,EPSG:4326-compatible longitude/latitude; CRS not embedded in Parquet,MN,Upper Midwest,Upper Midwest,True,True,True,True,True,True,False,0,False,True,False,Direct 60-day 60-day only
5649,-71.4235103713,42.7716086028,1977291.79020011,2454291.98699957,Candidate lake ledger,EPSG:4326-compatible longitude/latitude; CRS not embedded in Parquet,NH,Northern Appalachians,Northern Appalachians,True,True,True,True,True,True,False,0,False,False,False,neither
5661,-71.2153575915,43.2159886477,1980858.43189944,2506604.41879768,Candidate lake ledger,EPSG:4326-compatible longitude/latitude; CRS not embedded in Parquet,NH,Northern Appalachians,Northern Appalachians,True,True,True,True,True,True,False,0,False,False,False,neither
56645,-93.222519532,45.2569464584,217841.225600218,2477488.03369894,Candidate lake ledger,EPSG:4326-compatible longitude/latitude; CRS not embedded in Parquet,MN,Upper Midwest,Upper Midwest,True,True,True,True,True,True,False,0,False,False,False,neither
56670,-95.4446546215,45.5250970198,43388.1730974859,2504242.10010048,Candidate lake ledger,EPSG:4326-compatible longitude/latitude; CRS not embedded in Parquet,MN,Upper Midwest,Upper Midwest,True,True,True,False,True,False,False,0,True,True,True,Shared
56673,-95.8059447951,46.1884351749,15010.8727973034,2577785.06410218,Candidate lake ledger,EPSG:4326-compatible longitude/latitude; CRS not embedded in Parquet,MN,Upper Midwest,Upper Midwest,True,True,True,False,True,False,False,0,False,False,False,neither
56682,-93.1085407437,44.8536225211,228143.168600236,2432900.30609891,Candidate lake ledger,EPSG:4326-compatible longitude/latitude; CRS not embedded in Parquet,MN,Upper Midwest,Upper Midwest,True,True,True,False,True,False,False,0,False,True,False,Direct 60-day 60-day only
567,-94.2658253352,46.55213293,133401.524397624,2619311.96389874,Candidate lake ledger,EPSG:4326-compatible longitude/latitude; CRS not embedded in Parquet,MN,Upper Midwest,Upper Midwest,True,True,True,True,True,True,False,0,False,False,False,neither
5698,-72.0758941859,42.9377517011,1921309.47479729,2458873.39659707,Candidate lake ledger,EPSG:4326-compatible longitude/latitude; CRS not embedded in Parquet,NH,Northern Appalachians,Northern Appalachians,True,True,True,True,True,True,False,0,False,False,False,neither
5722,-91.0310923588,38.7469662135,427629.580903353,1757731.10210221,Candidate lake ledger,EPSG:4326-compatible longitude/latitude; CRS not embedded in Parquet,MO,Temporate Plains,Temperate Plains,True,True,True,False,True,False,False,0,True,False,False,Multi-horizon only
5723,-91.8289277275,40.1786421641,351975.590498488,1914718.37559861,Candidate lake ledger,EPSG:4326-compatible longitude/latitude; CRS not embedded in Parquet,MO,Temporate Plains,Temperate Plains,True,True,True,True,True,True,False,0,True,False,False,Multi-horizon only
5724,-93.0245965566,40.4909313185,250023.617197994,1945891.82630168,Candidate lake ledger,EPSG:4326-compatible longitude/latitude; CRS not embedded in Parquet,MO,Temporate Plains,Temperate Plains,True,True,True,False,True,False,False,0,True,False,False,Multi-horizon only
5725,-90.9792520307,38.6651598814,432571.09060233,1748809.03800218,Candidate lake ledger,EPSG:4326-compatible longitude/latitude; CRS not embedded in Parquet,MO,Temporate Plains,Temperate Plains,True,True,True,True,True,True,False,0,True,True,True,Shared
5726,-90.5330139973,38.2292798403,473785.811495786,1702154.94860097,Candidate lake ledger,EPSG:4326-compatible longitude/latitude; CRS not embedded in Parquet,MO,Southern Appalachians,Southern Appalachians,True,True,True,True,True,True,False,0,False,False,False,neither
5728,-91.0713233838,38.7617560293,424084.437199983,1759206.29960076,Candidate lake ledger,EPSG:4326-compatible longitude/latitude; CRS not embedded in Parquet,MO,Temporate Plains,Temperate Plains,True,True,True,True,True,True,False,0,True,False,False,Multi-horizon only
57287,-92.4042899172,47.1036807702,274239.629202472,2684350.77709767,Candidate lake ledger,EPSG:4326-compatible longitude/latitude; CRS not embedded in Parquet,MN,Upper Midwest,Upper Midwest,True,True,True,True,True,True,False,0,False,False,False,neither
573,-90.508970031,48.0467881129,412644.861602797,2795245.88469575,Candidate lake ledger,EPSG:4326-compatible longitude/latitude; CRS not embedded in Parquet,MN,Upper Midwest,Upper Midwest,True,True,True,True,True,True,False,0,False,False,False,neither
57306,-88.4284265263,45.4208875822,591853.508000702,2516122.36149519,Candidate lake ledger,EPSG:4326-compatible longitude/latitude; CRS not embedded in Parquet,WI,Upper Midwest,Upper Midwest,True,True,True,True,True,True,False,0,False,False,False,neither
57328,-88.8266860378,45.578459146,559462.570696056,2531170.04530341,Candidate lake ledger,EPSG:4326-compatible longitude/latitude; CRS not embedded in Parquet,WI,Upper Midwest,Upper Midwest,True,True,True,True,True,True,False,0,False,False,False,neither
574,-93.3426966708,43.6381124901,213460.498998303,2296933.95140446,Candidate lake ledger,EPSG:4326-compatible longitude/latitude; CRS not embedded in Parquet,MN,Temporate Plains,Temperate Plains,True,True,True,False,True,False,False,0,True,True,True,Shared
5760,-72.0096762466,42.7914180566,1930597.87160045,2444381.78329642,Candidate lake ledger,EPSG:4326-compatible longitude/latitude; CRS not embedded in Parquet,NH,Northern Appalachians,Northern Appalachians,True,True,True,True,True,True,False,0,False,False,False,neither
57622,-94.9282081161,46.9677634092,81931.4023020654,2664585.27320368,Candidate lake ledger,EPSG:4326-compatible longitude/latitude; CRS not embedded in Parquet,MN,Upper Midwest,Upper Midwest,True,True,True,True,True,True,False,0,False,False,False,neither
57633,-94.8151793658,47.6159192916,89677.9491032563,2736336.98580438,Candidate lake ledger,EPSG:4326-compatible longitude/latitude; CRS not embedded in Parquet,MN,Upper Midwest,Upper Midwest,True,True,True,True,True,True,False,0,False,False,False,neither
57638,-93.5070712625,45.1783162922,195758.27419903,2468126.92509992,Candidate lake ledger,EPSG:4326-compatible longitude/latitude; CRS not embedded in Parquet,MN,Upper Midwest,Upper Midwest,True,True,True,True,True,True,True,2,True,True,True,Shared
57641,-93.5775460995,45.2280170473,190084.529496101,2473509.92730057,Candidate lake ledger,EPSG:4326-compatible longitude/latitude; CRS not embedded in Parquet,MN,Upper Midwest,Upper Midwest,True,True,True,True,True,True,True,3,True,True,True,Shared
57670,-94.7747937249,46.9306669938,93711.240396297,2660621.60099764,Candidate lake ledger,EPSG:4326-compatible longitude/latitude; CRS not embedded in Parquet,MN,Upper Midwest,Upper Midwest,True,True,True,True,True,True,False,0,True,False,False,Multi-horizon only
57681,-93.0440961015,45.0999262062,232373.975500052,2460453.14359877,Candidate lake ledger,EPSG:4326-compatible longitude/latitude; CRS not embedded in Parquet,MN,Upper Midwest,Upper Midwest,True,True,True,True,True,True,True,3,True,True,True,Shared
57685,-93.6067501184,45.167567625,187962.745401631,2466730.48280003,Candidate lake ledger,EPSG:4326-compatible longitude/latitude; CRS not embedded in Parquet,MN,Upper Midwest,Upper Midwest,True,True,True,False,True,False,False,0,False,False,False,neither
57709,-93.5893938051,44.8391901601,190252.389996951,2430235.83919534,Candidate lake ledger,EPSG:4326-compatible longitude/latitude; CRS not embedded in Parquet,MN,Upper Midwest,Upper Midwest,True,True,True,True,True,True,True,4,True,True,True,Shared
57855,-91.7692336715,40.4941335986,355436.641502241,1950249.32260134,Candidate lake ledger,EPSG:4326-compatible longitude/latitude; CRS not embedded in Parquet,MO,Temporate Plains,Temperate Plains,True,True,True,True,True,True,False,0,False,False,False,neither
5790,-72.1165250496,43.4092011935,1905022.18800097,2509049.96200453,Candidate lake ledger,EPSG:4326-compatible longitude/latitude; CRS not embedded in Parquet,NH,Northern Appalachians,Northern Appalachians,True,True,True,True,True,True,False,0,False,False,False,neither
5817,-71.0216779328,42.908447835,2004906.63669905,2477484.4258039,Candidate lake ledger,EPSG:4326-compatible longitude/latitude; CRS not embedded in Parquet,NH,Northern Appalachians,Northern Appalachians,True,True,True,True,True,True,False,0,False,False,False,neither
584,-95.760624392,46.47548499,18436.3872994065,2609623.25649892,Candidate lake ledger,EPSG:4326-compatible longitude/latitude; CRS not embedded in Parquet,MN,Upper Midwest,Upper Midwest,True,True,True,False,True,False,False,0,False,False,False,neither
5848,-71.9843586045,42.9763006775,1927426.94710121,2464897.29230174,Candidate lake ledger,EPSG:4326-compatible longitude/latitude; CRS not embedded in Parquet,NH,Northern Appalachians,Northern Appalachians,True,True,True,True,True,True,False,0,False,False,False,neither
58641,-94.553026062,47.0096147593,110539.145296869,2669596.22119712,Candidate lake ledger,EPSG:4326-compatible longitude/latitude; CRS not embedded in Parquet,MN,Upper Midwest,Upper Midwest,True,True,True,False,True,False,False,0,False,False,False,neither
587,-92.5228219718,48.3968686307,259982.206397329,2826650.52320134,Candidate lake ledger,EPSG:4326-compatible longitude/latitude; CRS not embedded in Parquet,MN,Upper Midwest,Upper Midwest,True,True,True,True,True,True,False,0,False,False,False,neither
58705,-93.5417531169,46.4623656696,189347.566300541,2610594.94020223,Candidate lake ledger,EPSG:4326-compatible longitude/latitude; CRS not embedded in Parquet,MN,Upper Midwest,Upper Midwest,True,True,True,False,True,False,False,0,False,False,False,neither
58719,-95.2232028685,45.4724279457,60737.3324971258,2498509.81879984,Candidate lake ledger,EPSG:4326-compatible longitude/latitude; CRS not embedded in Parquet,MN,Upper Midwest,Upper Midwest,True,True,True,True,True,True,True,1,True,True,True,Shared
5874,-71.4798315468,43.400701415,1954932.1684,2521061.97699653,Candidate lake ledger,EPSG:4326-compatible longitude/latitude; CRS not embedded in Parquet,NH,Northern Appalachians,Northern Appalachians,True,True,True,True,True,True,False,0,False,False,False,neither
58758,-92.9074428221,45.1234546694,243027.897099512,2463411.13019716,Candidate lake ledger,EPSG:4326-compatible longitude/latitude; CRS not embedded in Parquet,MN,Upper Midwest,Upper Midwest,True,True,True,True,True,True,True,2,True,True,True,Shared
58763,-92.8525211701,45.0475620764,247621.932903117,2455113.98670152,Candidate lake ledger,EPSG:4326-compatible longitude/latitude; CRS not embedded in Parquet,MN,Upper Midwest,Upper Midwest,True,True,True,False,True,False,False,0,False,False,False,neither
58773,-92.8048040507,45.2299200951,250692.666199723,2475513.54030122,Candidate lake ledger,EPSG:4326-compatible longitude/latitude; CRS not embedded in Parquet,MN,Upper Midwest,Upper Midwest,True,True,True,True,True,True,True,1,True,True,True,Shared
588,-96.096396289,44.3622050869,-7662.59140097282,2374700.84069825,Candidate lake ledger,EPSG:4326-compatible longitude/latitude; CRS not embedded in Parquet,MN,Temporate Plains,Temperate Plains,True,True,True,False,True,False,False,0,True,True,True,Shared
5889,-71.1734175584,42.8078733846,1995908.80250289,2463436.3232981,Candidate lake ledger,EPSG:4326-compatible longitude/latitude; CRS not embedded in Parquet,NH,Northern Appalachians,Northern Appalachians,True,True,True,True,True,True,False,0,False,False,False,neither
590,-93.6217193734,46.7354090412,182432.41169813,2640681.70409555,Candidate lake ledger,EPSG:4326-compatible longitude/latitude; CRS not embedded in Parquet,MN,Upper Midwest,Upper Midwest,True,True,True,False,True,False,False,0,False,False,False,neither
59009,-95.6372597012,47.5092858549,27501.0682965567,2724052.83920125,Candidate lake ledger,EPSG:4326-compatible longitude/latitude; CRS not embedded in Parquet,MN,Upper Midwest,Upper Midwest,True,True,True,True,True,True,False,0,False,False,False,neither
5901,-72.2886127649,43.1186444112,1899594.41410167,2474172.56809673,Candidate lake ledger,EPSG:4326-compatible longitude/latitude; CRS not embedded in Parquet,NH,Northern Appalachians,Northern Appalachians,True,True,True,True,True,True,False,0,False,False,False,neither
594,-93.6688455332,45.376554697,182516.814800569,2489842.70809803,Candidate lake ledger,EPSG:4326-compatible longitude/latitude; CRS not embedded in Parquet,MN,Upper Midwest,Upper Midwest,True,True,True,False,True,False,False,0,True,False,False,Multi-horizon only
59579,-92.7071989168,46.6679644116,252817.779400886,2635308.74919606,Candidate lake ledger,EPSG:4326-compatible longitude/latitude; CRS not embedded in Parquet,MN,Upper Midwest,Upper Midwest,True,True,True,True,True,True,False,0,True,False,False,Multi-horizon only
596,-91.7902833182,47.9564063379,316869.521198851,2780373.85920544,Candidate lake ledger,EPSG:4326-compatible longitude/latitude; CRS not embedded in Parquet,MN,Upper Midwest,Upper Midwest,True,True,True,False,True,False,False,0,False,False,False,neither
59708,-94.2669117226,46.4865849655,133450.434701212,2612047.2245965,Candidate lake ledger,EPSG:4326-compatible longitude/latitude; CRS not embedded in Parquet,MN,Upper Midwest,Upper Midwest,True,True,True,True,True,True,False,0,False,False,False,neither
59714,-93.8879060164,45.0410936581,166197.687003228,2452140.2330946,Candidate lake ledger,EPSG:4326-compatible longitude/latitude; CRS not embedded in Parquet,MN,Upper Midwest,Upper Midwest,True,True,True,True,True,True,True,1,True,True,True,Shared
59748,-93.0416064962,45.0585633494,232712.863900748,2455859.54729471,Candidate lake ledger,EPSG:4326-compatible longitude/latitude; CRS not embedded in Parquet,MN,Upper Midwest,Upper Midwest,True,True,True,True,True,True,True,1,False,False,False,neither
59770,-95.3350865699,46.1375634692,51472.5651016439,2572305.99129485,Candidate lake ledger,EPSG:4326-compatible longitude/latitude; CRS not embedded in Parquet,MN,Upper Midwest,Upper Midwest,True,True,True,False,True,False,False,0,True,False,False,Multi-horizon only
59793,-93.5203836414,44.8514606953,195662.027702307,2431741.43740159,Candidate lake ledger,EPSG:4326-compatible longitude/latitude; CRS not embedded in Parquet,MN,Upper Midwest,Upper Midwest,True,True,True,True,True,True,False,0,True,True,True,Shared
59799,-93.1083543654,45.3513997051,226473.102699354,2488253.10670169,Candidate lake ledger,EPSG:4326-compatible longitude/latitude; CRS not embedded in Parquet,MN,Upper Midwest,Upper Midwest,True,True,True,True,True,True,False,0,True,False,False,Multi-horizon only
598,-94.3510670288,46.4463182331,127048.454597538,2607469.27670397,Candidate lake ledger,EPSG:4326-compatible longitude/latitude; CRS not embedded in Parquet,MN,Upper Midwest,Upper Midwest,True,True,True,False,True,False,False,0,False,False,False,neither
59814,-92.8535799518,45.1826822624,247041.074103597,2470134.79210001,Candidate lake ledger,EPSG:4326-compatible longitude/latitude; CRS not embedded in Parquet,MN,Upper Midwest,Upper Midwest,True,True,True,False,True,False,False,0,False,False,False,neither
6008,-72.0564567519,42.8504770314,1925268.17870225,2449823.29689948,Candidate lake ledger,EPSG:4326-compatible longitude/latitude; CRS not embedded in Parquet,NH,Northern Appalachians,Northern Appalachians,True,True,True,False,True,False,False,0,False,False,False,neither
60086,-94.7775447491,40.3529971381,102935.81080024,1927188.11380466,Candidate lake ledger,EPSG:4326-compatible longitude/latitude; CRS not embedded in Parquet,MO,Temporate Plains,Temperate Plains,True,True,True,True,True,True,False,0,True,False,False,Multi-horizon only
60359,-92.5942384121,46.7979219013,260971.406901238,2649998.40860123,Candidate lake ledger,EPSG:4326-compatible longitude/latitude; CRS not embedded in Parquet,MN,Upper Midwest,Upper Midwest,True,True,True,False,True,False,False,0,False,False,False,neither
6058,-91.7567462611,39.4881951578,361515.935302371,1837697.56800195,Candidate lake ledger,EPSG:4326-compatible longitude/latitude; CRS not embedded in Parquet,MO,Temporate Plains,Temperate Plains,True,True,True,False,True,False,False,0,False,False,False,neither
6059,-94.4718818618,38.9102416428,131271.515898514,1765905.15779536,Candidate lake ledger,EPSG:4326-compatible longitude/latitude; CRS not embedded in Parquet,MO,Temporate Plains,Temperate Plains,True,True,True,False,True,False,False,0,False,False,False,neither
6060,-94.3066135506,38.9870054953,145313.997103958,1774748.35970474,Candidate lake ledger,EPSG:4326-compatible longitude/latitude; CRS not embedded in Parquet,MO,Temporate Plains,Temperate Plains,True,True,True,True,True,True,False,0,False,False,False,neither
6061,-94.3859314797,39.795359564,136969.594396308,1865210.42049563,Candidate lake ledger,EPSG:4326-compatible longitude/latitude; CRS not embedded in Parquet,MO,Temporate Plains,Temperate Plains,True,True,True,False,True,False,False,0,True,False,False,Multi-horizon only
6062,-94.2664330453,39.7704659853,147160.00880377,1862599.98039699,Candidate lake ledger,EPSG:4326-compatible longitude/latitude; CRS not embedded in Parquet,MO,Temporate Plains,Temperate Plains,True,True,True,True,True,True,False,0,True,True,True,Shared
6063,-94.0362559844,39.7445818452,166756.722597808,1860080.15169907,Candidate lake ledger,EPSG:4326-compatible longitude/latitude; CRS not embedded in Parquet,MO,Temporate Plains,Temperate Plains,True,True,True,True,True,True,False,0,True,True,True,Shared
6065,-92.6438393415,40.1771909159,283247.146196472,1911832.36839619,Candidate lake ledger,EPSG:4326-compatible longitude/latitude; CRS not embedded in Parquet,MO,Temporate Plains,Temperate Plains,True,True,True,False,True,False,False,0,False,False,False,neither
6066,-92.6212880591,40.2866023055,284713.883601375,1924149.75300317,Candidate lake ledger,EPSG:4326-compatible longitude/latitude; CRS not embedded in Parquet,MO,Temporate Plains,Temperate Plains,True,True,True,False,True,False,False,0,True,False,False,Multi-horizon only
6067,-92.9650194213,38.167103267,263343.668901345,1685759.77299735,Candidate lake ledger,EPSG:4326-compatible longitude/latitude; CRS not embedded in Parquet,MO,Southern Appalachians,Southern Appalachians,True,True,True,False,True,False,False,0,False,False,False,neither
6068,-93.4561555679,38.1685839277,220734.763698306,1684674.78880336,Candidate lake ledger,EPSG:4326-compatible longitude/latitude; CRS not embedded in Parquet,MO,Southern Appalachians,Southern Appalachians,True,True,True,False,True,False,False,0,False,False,False,neither
60687,-93.6821739573,44.8404237456,182928.029697037,2430190.95209895,Candidate lake ledger,EPSG:4326-compatible longitude/latitude; CRS not embedded in Parquet,MN,Upper Midwest,Upper Midwest,True,True,True,True,True,True,True,1,True,True,True,Shared
60697,-93.082686435,45.1142864042,229292.179096531,2461956.21539871,Candidate lake ledger,EPSG:4326-compatible longitude/latitude; CRS not embedded in Parquet,MN,Upper Midwest,Upper Midwest,True,True,True,True,True,True,False,0,False,False,False,neither
6070,-93.2538504493,37.1115925727,241707.131604481,1566752.82829572,Candidate lake ledger,EPSG:4326-compatible longitude/latitude; CRS not embedded in Parquet,MO,Southern Appalachians,Southern Appalachians,True,True,True,True,True,True,False,0,False,False,False,neither
6071,-92.4564566973,39.4769697927,301979.395203089,1833997.99049877,Candidate lake ledger,EPSG:4326-compatible longitude/latitude; CRS not embedded in Parquet,MO,Temporate Plains,Temperate Plains,True,True,True,False,True,False,False,0,True,False,False,Multi-horizon only
60740,-93.6743761253,44.841360653,183540.77739997,2430310.25170235,Candidate lake ledger,EPSG:4326-compatible longitude/latitude; CRS not embedded in Parquet,MN,Upper Midwest,Upper Midwest,True,True,True,True,True,True,True,2,True,True,True,Shared
60742,-93.8206656416,44.9286159048,171774.837003482,2439746.23920069,Candidate lake ledger,EPSG:4326-compatible longitude/latitude; CRS not embedded in Parquet,MN,Upper Midwest,Upper Midwest,True,True,True,True,True,True,True,4,True,True,True,Shared
6075,-93.2177901632,37.3128264443,244220.054603177,1589385.52189479,Candidate lake ledger,EPSG:4326-compatible longitude/latitude; CRS not embedded in Parquet,MO,Southern Appalachians,Southern Appalachians,True,True,True,True,True,True,False,0,False,False,False,neither
60753,-94.8790650123,46.8269892029,85871.6990961726,2649046.5584018,Candidate lake ledger,EPSG:4326-compatible longitude/latitude; CRS not embedded in Parquet,MN,Upper Midwest,Upper Midwest,True,True,True,True,True,True,False,0,False,False,False,neither
6076,-93.2856802855,37.8720582572,236472.503396291,1651862.13479485,Candidate lake ledger,EPSG:4326-compatible longitude/latitude; CRS not embedded in Parquet,MO,Southern Appalachians,Southern Appalachians,True,True,True,False,True,False,False,0,False,False,False,neither
609,-90.1726659024,47.8702791109,439079.954903704,2777319.95180108,Candidate lake ledger,EPSG:4326-compatible longitude/latitude; CRS not embedded in Parquet,MN,Upper Midwest,Upper Midwest,True,True,True,True,True,True,False,0,False,False,False,neither
6090,-71.4214232277,42.9952114196,1971066.29240129,2478487.73179723,Candidate lake ledger,EPSG:4326-compatible longitude/latitude; CRS not embedded in Parquet,NH,Northern Appalachians,Northern Appalachians,True,True,True,True,True,True,False,0,False,False,False,neither
610,-92.9879766133,45.0268603075,237041.875796586,2452466.33719614,Candidate lake ledger,EPSG:4326-compatible longitude/latitude; CRS not embedded in Parquet,MN,Upper Midwest,Upper Midwest,True,True,True,True,True,True,False,0,True,True,True,Shared
61072,-92.0883693449,47.8146876823,295088.7965979,2763793.77189704,Candidate lake ledger,EPSG:4326-compatible longitude/latitude; CRS not embedded in Parquet,MN,Upper Midwest,Upper Midwest,True,True,True,False,True,False,False,0,False,False,False,neither
6133,-72.1114361232,43.2305256174,1910381.63830342,2489829.2537988,Candidate lake ledger,EPSG:4326-compatible longitude/latitude; CRS not embedded in Parquet,NH,Northern Appalachians,Northern Appalachians,True,True,True,False,True,False,False,0,False,False,False,neither
61342,-75.6781936594,39.4850904069,1718853.34219987,2013759.87619522,Candidate lake ledger,EPSG:4326-compatible longitude/latitude; CRS not embedded in Parquet,DE,Coastal Plains,Coastal Plains,True,True,True,True,True,True,True,1,True,True,True,Shared
6138,-71.454165033,43.0155258553,1967919.63039749,2480003.12679478,Candidate lake ledger,EPSG:4326-compatible longitude/latitude; CRS not embedded in Parquet,NH,Northern Appalachians,Northern Appalachians,True,True,True,True,True,True,False,0,False,False,False,neither
614,-93.9026635299,46.6839389139,161011.373996481,2634474.71310048,Candidate lake ledger,EPSG:4326-compatible longitude/latitude; CRS not embedded in Parquet,MN,Upper Midwest,Upper Midwest,True,True,True,False,True,False,False,0,False,False,False,neither
61403,-86.5382232482,46.4805366611,727475.066702525,2646404.65639759,Candidate lake ledger,EPSG:4326-compatible longitude/latitude; CRS not embedded in Parquet,MI,Upper Midwest,Upper Midwest,True,True,True,True,True,True,False,0,False,True,False,Direct 60-day 60-day only
61409,-86.3133922946,46.587763061,743493.020997994,2659967.37809883,Candidate lake ledger,EPSG:4326-compatible longitude/latitude; CRS not embedded in Parquet,MI,Upper Midwest,Upper Midwest,True,True,True,True,True,True,False,0,False,False,False,neither
6169,-72.2619951441,42.9014179052,1907680.84040215,2451191.88320623,Candidate lake ledger,EPSG:4326-compatible longitude/latitude; CRS not embedded in Parquet,NH,Northern Appalachians,Northern Appalachians,True,True,True,True,True,True,False,0,False,False,False,neither
6172,-71.7547599439,43.2512174977,1937705.26709965,2499287.4550975,Candidate lake ledger,EPSG:4326-compatible longitude/latitude; CRS not embedded in Parquet,NH,Northern Appalachians,Northern Appalachians,True,True,True,True,True,True,False,0,False,False,False,neither
6173,-71.4482803147,42.9354864866,1970665.32290282,2471480.15539526,Candidate lake ledger,EPSG:4326-compatible longitude/latitude; CRS not embedded in Parquet,NH,Northern Appalachians,Northern Appalachians,True,True,True,True,True,True,False,0,False,False,False,neither
6176,-92.8408318934,38.0503869289,274550.267896222,1673036.10900367,Candidate lake ledger,EPSG:4326-compatible longitude/latitude; CRS not embedded in Parquet,MO,Southern Appalachians,Southern Appalachians,True,True,True,False,True,False,False,0,False,False,False,neither
6179,-91.0357310386,38.7576977728,427167.929300122,1758911.45149853,Candidate lake ledger,EPSG:4326-compatible longitude/latitude; CRS not embedded in Parquet,MO,Temporate Plains,Temperate Plains,True,True,True,False,True,False,False,0,True,True,True,Shared
6181,-91.1515002346,39.3384360268,413895.540899883,1823402.1166013,Candidate lake ledger,EPSG:4326-compatible longitude/latitude; CRS not embedded in Parquet,MO,Temporate Plains,Temperate Plains,True,True,True,True,True,True,False,0,False,False,False,neither
6186,-90.7935921426,38.7985020602,447732.817396936,1764593.07050338,Candidate lake ledger,EPSG:4326-compatible longitude/latitude; CRS not embedded in Parquet,MO,Temporate Plains,Temperate Plains,True,True,True,True,True,True,False,0,False,False,False,neither
6187,-94.696953167,39.2355932274,111438.315903951,1802079.37920306,Candidate lake ledger,EPSG:4326-compatible longitude/latitude; CRS not embedded in Parquet,MO,Temporate Plains,Temperate Plains,True,True,True,True,True,True,False,0,True,True,True,Shared
6188,-94.6356249762,39.2305497896,116690.947899706,1801587.79030432,Candidate lake ledger,EPSG:4326-compatible longitude/latitude; CRS not embedded in Parquet,MO,Temporate Plains,Temperate Plains,True,True,True,False,True,False,False,0,False,False,False,neither
6189,-94.3264310212,38.9401428739,143706.077697577,1769466.54919556,Candidate lake ledger,EPSG:4326-compatible longitude/latitude; CRS not embedded in Parquet,MO,Temporate Plains,Temperate Plains,True,True,True,True,True,True,False,0,False,False,False,neither
6190,-92.5163429497,39.7642647665,295698.282996026,1865983.17390403,Candidate lake ledger,EPSG:4326-compatible longitude/latitude; CRS not embedded in Parquet,MO,Temporate Plains,Temperate Plains,True,True,True,False,True,False,False,0,True,False,False,Multi-horizon only
6191,-92.1216125104,38.90766635,333102.794001883,1771359.12519913,Candidate lake ledger,EPSG:4326-compatible longitude/latitude; CRS not embedded in Parquet,MO,Temporate Plains,Temperate Plains,True,True,True,True,True,True,False,0,True,False,False,Multi-horizon only
6192,-93.243681344,38.5634264516,237883.208503383,1729426.7335016,Candidate lake ledger,EPSG:4326-compatible longitude/latitude; CRS not embedded in Parquet,MO,Temporate Plains,Temperate Plains,True,True,True,False,True,False,False,0,True,True,True,Shared
6199,-94.4977945804,39.4143086817,128152.705403541,1822357.72440097,Candidate lake ledger,EPSG:4326-compatible longitude/latitude; CRS not embedded in Parquet,MO,Temporate Plains,Temperate Plains,True,True,True,False,True,False,False,0,True,False,False,Multi-horizon only
62,-95.6644037771,45.5144645898,26223.8194994206,2502979.98419956,Candidate lake ledger,EPSG:4326-compatible longitude/latitude; CRS not embedded in Parquet,MN,Temporate Plains,Temperate Plains,True,True,True,True,True,True,True,1,True,True,True,Shared
6201,-94.2556718077,37.4817480142,152781.500096473,1606142.95319696,Candidate lake ledger,EPSG:4326-compatible longitude/latitude; CRS not embedded in Parquet,MO,Temporate Plains,Temperate Plains,True,True,True,False,True,False,False,0,True,True,True,Shared
6203,-91.0714607457,38.7683972483,424034.041200623,1759949.07019873,Candidate lake ledger,EPSG:4326-compatible longitude/latitude; CRS not embedded in Parquet,MO,Temporate Plains,Temperate Plains,True,True,True,False,True,False,False,0,True,False,False,Multi-horizon only
6204,-92.2065810927,38.7566108584,326484.675299207,1754147.02960325,Candidate lake ledger,EPSG:4326-compatible longitude/latitude; CRS not embedded in Parquet,MO,Temporate Plains,Temperate Plains,True,True,True,True,True,True,False,0,True,True,True,Shared
6206,-92.4662069452,39.4167127208,301399.919797847,1827218.66060425,Candidate lake ledger,EPSG:4326-compatible longitude/latitude; CRS not embedded in Parquet,MO,Temporate Plains,Temperate Plains,True,True,True,True,True,True,False,0,True,True,True,Shared
6207,-94.3426134038,38.7673971512,142654.329598621,1750083.02689541,Candidate lake ledger,EPSG:4326-compatible longitude/latitude; CRS not embedded in Parquet,MO,Temporate Plains,Temperate Plains,True,True,True,False,True,False,False,0,True,False,False,Multi-horizon only
6208,-93.7871170705,37.4574136536,193877.94390226,1604271.00220059,Candidate lake ledger,EPSG:4326-compatible longitude/latitude; CRS not embedded in Parquet,MO,Southern Appalachians,Southern Appalachians,True,True,True,False,True,False,False,0,False,False,False,neither
6209,-90.9877827851,38.6751996001,431777.467597616,1749893.99039434,Candidate lake ledger,EPSG:4326-compatible longitude/latitude; CRS not embedded in Parquet,MO,Temporate Plains,Temperate Plains,True,True,True,True,True,True,True,1,True,True,True,Shared
6210,-90.9774090818,38.6738089899,432678.512903574,1749785.52079601,Candidate lake ledger,EPSG:4326-compatible longitude/latitude; CRS not embedded in Parquet,MO,Temporate Plains,Temperate Plains,True,True,True,True,True,True,False,0,True,True,True,Shared
6211,-90.9723279418,38.6729453223,433120.945999928,1749711.99670544,Candidate lake ledger,EPSG:4326-compatible longitude/latitude; CRS not embedded in Parquet,MO,Temporate Plains,Temperate Plains,True,True,True,True,True,True,False,0,True,True,True,Shared
6212,-91.0593417353,38.7782249603,425018.537398279,1761103.26609627,Candidate lake ledger,EPSG:4326-compatible longitude/latitude; CRS not embedded in Parquet,MO,Temporate Plains,Temperate Plains,True,True,True,False,True,False,False,0,True,False,False,Multi-horizon only
6213,-90.5940276703,38.3130494404,467970.087402736,1711226.66889481,Candidate lake ledger,EPSG:4326-compatible longitude/latitude; CRS not embedded in Parquet,MO,Southern Appalachians,Southern Appalachians,True,True,True,True,True,True,False,0,False,False,False,neither
6214,-93.5443033597,36.6474921729,217491.964803508,1514071.5563955,Candidate lake ledger,EPSG:4326-compatible longitude/latitude; CRS not embedded in Parquet,MO,Southern Appalachians,Southern Appalachians,True,True,True,False,True,False,False,0,False,False,False,neither
6215,-91.0570082904,38.7710790566,425260.731597749,1760313.83609692,Candidate lake ledger,EPSG:4326-compatible longitude/latitude; CRS not embedded in Parquet,MO,Temporate Plains,Temperate Plains,True,True,True,True,True,True,False,0,True,True,True,Shared
6217,-92.2079082656,39.1924511702,324421.774102,1802953.64190278,Candidate lake ledger,EPSG:4326-compatible longitude/latitude; CRS not embedded in Parquet,MO,Temporate Plains,Temperate Plains,True,True,True,True,True,True,False,0,True,False,False,Multi-horizon only
6218,-94.3580502347,38.6898498205,141475.954896488,1741369.30380309,Candidate lake ledger,EPSG:4326-compatible longitude/latitude; CRS not embedded in Parquet,MO,Temporate Plains,Temperate Plains,True,True,True,False,True,False,False,0,True,False,False,Multi-horizon only
6219,-92.4623500409,39.4222565246,301705.60330269,1827851.77269468,Candidate lake ledger,EPSG:4326-compatible longitude/latitude; CRS not embedded in Parquet,MO,Temporate Plains,Temperate Plains,True,True,True,False,True,False,False,0,True,False,False,Multi-horizon only
6220,-92.305071314,38.5969813621,318707.820202663,1735934.32180051,Candidate lake ledger,EPSG:4326-compatible longitude/latitude; CRS not embedded in Parquet,MO,Temporate Plains,Temperate Plains,True,True,True,False,True,False,False,0,True,False,False,Multi-horizon only
6221,-94.2584076538,38.9334442727,149560.227901445,1768820.82650381,Candidate lake ledger,EPSG:4326-compatible longitude/latitude; CRS not embedded in Parquet,MO,Temporate Plains,Temperate Plains,True,True,True,False,True,False,False,0,False,False,False,neither
6226,-91.0796584908,38.7562262736,423399.966502781,1758550.1604953,Candidate lake ledger,EPSG:4326-compatible longitude/latitude; CRS not embedded in Parquet,MO,Temporate Plains,Temperate Plains,True,True,True,True,True,True,False,0,True,True,True,Shared
6227,-93.1681025517,36.6936236315,250647.488100015,1520164.30460381,Candidate lake ledger,EPSG:4326-compatible longitude/latitude; CRS not embedded in Parquet,MO,Southern Appalachians,Southern Appalachians,True,True,True,True,True,True,False,0,False,False,False,neither
6228,-91.0500357578,38.7672815465,425882.218202425,1759919.99079938,Candidate lake ledger,EPSG:4326-compatible longitude/latitude; CRS not embedded in Parquet,MO,Temporate Plains,Temperate Plains,True,True,True,True,True,True,False,0,True,False,False,Multi-horizon only
62783,-94.1075011957,46.5575647353,145567.092902063,2620146.15470049,Candidate lake ledger,EPSG:4326-compatible longitude/latitude; CRS not embedded in Parquet,MN,Upper Midwest,Upper Midwest,True,True,True,True,True,True,False,0,True,False,False,Multi-horizon only
6285,-71.1911692797,42.9150536173,1991423.33149739,2474633.56550059,Candidate lake ledger,EPSG:4326-compatible longitude/latitude; CRS not embedded in Parquet,NH,Northern Appalachians,Northern Appalachians,True,True,True,True,True,True,False,0,False,False,False,neither
62854,-93.155992426,44.8714362325,224340.910002483,2434769.34450252,Candidate lake ledger,EPSG:4326-compatible longitude/latitude; CRS not embedded in Parquet,MN,Upper Midwest,Upper Midwest,True,True,True,True,True,True,False,0,True,False,False,Multi-horizon only
62864,-93.2658616495,44.741216151,216093.678497939,2420023.87590523,Candidate lake ledger,EPSG:4326-compatible longitude/latitude; CRS not embedded in Parquet,MN,Upper Midwest,Upper Midwest,True,True,True,True,True,True,False,0,False,False,False,neither
6298,-94.3107671308,39.0182109981,144895.438001653,1778239.04690444,Candidate lake ledger,EPSG:4326-compatible longitude/latitude; CRS not embedded in Parquet,MO,Temporate Plains,Temperate Plains,True,True,True,True,True,True,False,0,False,False,False,neither
6299,-90.7778545061,37.143404487,459273.097802559,1579446.87650495,Candidate lake ledger,EPSG:4326-compatible longitude/latitude; CRS not embedded in Parquet,MO,Southern Appalachians,Southern Appalachians,True,True,True,True,True,True,False,0,False,False,False,neither
6300,-94.3010284197,39.774828011,144214.835101481,1863035.66480043,Candidate lake ledger,EPSG:4326-compatible longitude/latitude; CRS not embedded in Parquet,MO,Temporate Plains,Temperate Plains,True,True,True,False,True,False,False,0,True,True,True,Shared
6301,-93.406130906,36.5564437542,230004.793003326,1504200.63300302,Candidate lake ledger,EPSG:4326-compatible longitude/latitude; CRS not embedded in Parquet,MO,Southern Appalachians,Southern Appalachians,True,True,True,False,True,False,False,0,False,False,False,neither
6302,-92.8113945813,36.4748555266,283030.189203282,1496670.567796,Candidate lake ledger,EPSG:4326-compatible longitude/latitude; CRS not embedded in Parquet,AR,Southern Appalachians,Southern Appalachians,True,True,True,False,True,False,False,0,False,False,False,neither
6303,-90.4090968632,37.0123278721,492531.696100316,1566629.7570986,Candidate lake ledger,EPSG:4326-compatible longitude/latitude; CRS not embedded in Parquet,MO,Southern Appalachians,Southern Appalachians,True,True,True,False,True,False,False,0,False,False,False,neither
6304,-94.3329195146,39.0084967941,143014.592597741,1777116.87249776,Candidate lake ledger,EPSG:4326-compatible longitude/latitude; CRS not embedded in Parquet,MO,Temporate Plains,Temperate Plains,True,True,True,True,True,True,False,0,False,False,False,neither
63080,-89.8429410075,37.2840400972,540369.481702691,1600095.47110338,Candidate lake ledger,EPSG:4326-compatible longitude/latitude; CRS not embedded in Parquet,MO,Southern Appalachians,Southern Appalachians,True,True,True,False,True,False,False,0,False,False,False,neither
6310,-91.1622208981,39.3406934567,412968.281899595,1823608.14870084,Candidate lake ledger,EPSG:4326-compatible longitude/latitude; CRS not embedded in Parquet,MO,Temporate Plains,Temperate Plains,True,True,True,False,True,False,False,0,True,False,False,Multi-horizon only
63125,-95.7904567389,46.551700506,16120.1192966529,2618064.62130492,Candidate lake ledger,EPSG:4326-compatible longitude/latitude; CRS not embedded in Parquet,MN,Upper Midwest,Upper Midwest,True,True,True,False,True,False,False,0,True,True,True,Shared
6324,-71.9759916492,43.5871998409,1911023.25049746,2531111.8032011,Candidate lake ledger,EPSG:4326-compatible longitude/latitude; CRS not embedded in Parquet,NH,Northern Appalachians,Northern Appalachians,True,True,True,False,True,False,False,0,False,False,False,neither
637,-93.6405722829,47.3833004977,179207.079498835,2712304.44599906,Candidate lake ledger,EPSG:4326-compatible longitude/latitude; CRS not embedded in Parquet,MN,Upper Midwest,Upper Midwest,True,True,True,False,True,False,False,0,False,False,False,neither
6389,-85.9249152271,44.2579266295,800604.269802755,2405553.80460569,Candidate lake ledger,EPSG:4326-compatible longitude/latitude; CRS not embedded in Parquet,MI,Upper Midwest,Upper Midwest,True,True,True,True,True,True,False,0,False,False,False,neither
63895,-92.9492875837,45.0794542246,239897.786999719,2458412.25930322,Candidate lake ledger,EPSG:4326-compatible longitude/latitude; CRS not embedded in Parquet,MN,Upper Midwest,Upper Midwest,True,True,True,False,True,False,False,0,False,False,False,neither
63910,-93.0626943705,44.9940167067,231276.534703157,2448629.34189699,Candidate lake ledger,EPSG:4326-compatible longitude/latitude; CRS not embedded in Parquet,MN,Upper Midwest,Upper Midwest,True,True,True,True,True,True,False,0,False,False,False,neither
64,-93.4848337679,44.0871122202,200720.02959772,2346689.5468027,Candidate lake ledger,EPSG:4326-compatible longitude/latitude; CRS not embedded in Parquet,MN,Temporate Plains,Temperate Plains,True,True,True,False,True,False,False,0,True,False,False,Multi-horizon only
6453,-89.2802373905,37.6373698639,586878.281503468,1642939.22440089,Candidate lake ledger,EPSG:4326-compatible longitude/latitude; CRS not embedded in Parquet,IL,Southern Appalachians,Southern Appalachians,True,True,True,False,True,False,False,0,False,False,False,neither
6455,-88.3881047735,37.6877577596,664184.976900838,1654442.74050389,Candidate lake ledger,EPSG:4326-compatible longitude/latitude; CRS not embedded in Parquet,IL,Southern Appalachians,Southern Appalachians,True,True,True,False,True,False,False,0,False,False,False,neither
6456,-88.9192572936,37.5948988587,618702.34980149,1640481.55600245,Candidate lake ledger,EPSG:4326-compatible longitude/latitude; CRS not embedded in Parquet,IL,Southern Appalachians,Southern Appalachians,True,True,True,False,True,False,False,0,False,False,False,neither
6457,-89.9359040252,38.9216380322,520517.857096686,1782739.90689576,Candidate lake ledger,EPSG:4326-compatible longitude/latitude; CRS not embedded in Parquet,IL,Temporate Plains,Temperate Plains,True,True,True,False,True,False,False,0,True,False,False,Multi-horizon only
6462,-89.6756851497,38.8114983267,543642.636699915,1771878.10969594,Candidate lake ledger,EPSG:4326-compatible longitude/latitude; CRS not embedded in Parquet,IL,Temporate Plains,Temperate Plains,True,True,True,True,True,True,True,2,True,True,True,Shared
6465,-87.9884597514,40.0652577259,676539.196497414,1922823.24030085,Candidate lake ledger,EPSG:4326-compatible longitude/latitude; CRS not embedded in Parquet,IL,Temporate Plains,Temperate Plains,True,True,True,False,True,False,False,0,True,True,True,Shared
6471,-88.9626719804,38.1097162245,610646.927295632,1697742.06190193,Candidate lake ledger,EPSG:4326-compatible longitude/latitude; CRS not embedded in Parquet,IL,Temporate Plains,Temperate Plains,True,True,True,False,True,False,False,0,True,False,False,Multi-horizon only
6473,-88.1333588945,42.3745861213,642956.395498905,2179431.42059528,Candidate lake ledger,EPSG:4326-compatible longitude/latitude; CRS not embedded in Parquet,IL,Temporate Plains,Temperate Plains,True,True,True,True,True,True,False,0,True,True,True,Shared
6482,-76.5074711902,42.8176997675,1573736.03009806,2364299.66289528,Candidate lake ledger,EPSG:4326-compatible longitude/latitude; CRS not embedded in Parquet,NY,Northern Appalachians,Northern Appalachians,True,True,True,False,True,False,False,0,False,False,False,neither
6490,-76.9476555346,42.7500897268,1540185.17580024,2349687.55340298,Candidate lake ledger,EPSG:4326-compatible longitude/latitude; CRS not embedded in Parquet,NY,Northern Appalachians,Northern Appalachians,True,True,True,False,True,False,False,0,False,False,False,neither
64909,-95.3681192972,47.1164799661,48194.3625976735,2680738.11039468,Candidate lake ledger,EPSG:4326-compatible longitude/latitude; CRS not embedded in Parquet,MN,Upper Midwest,Upper Midwest,True,True,True,True,True,True,False,0,False,False,False,neither
64935,-94.2042261109,46.5171385529,138212.772798626,2615522.55069574,Candidate lake ledger,EPSG:4326-compatible longitude/latitude; CRS not embedded in Parquet,MN,Upper Midwest,Upper Midwest,True,True,True,False,True,False,False,0,True,True,True,Shared
64981,-95.4211434146,45.7398448995,45079.7129031771,2528111.81819717,Candidate lake ledger,EPSG:4326-compatible longitude/latitude; CRS not embedded in Parquet,MN,Upper Midwest,Upper Midwest,True,True,True,False,True,False,False,0,True,False,False,Multi-horizon only
6520,-88.3205219154,42.1827443125,629424.564999818,2156797.61809627,Candidate lake ledger,EPSG:4326-compatible longitude/latitude; CRS not embedded in Parquet,IL,Temporate Plains,Temperate Plains,True,True,True,True,True,True,False,0,False,False,False,neither
65247,-95.3311274815,47.7336246374,50535.7552962967,2748951.11610361,Candidate lake ledger,EPSG:4326-compatible longitude/latitude; CRS not embedded in Parquet,MN,Upper Midwest,Upper Midwest,True,True,True,True,True,True,False,0,False,False,False,neither
65300,-96.0584017066,46.6386666484,-4486.912801156,2627684.12389493,Candidate lake ledger,EPSG:4326-compatible longitude/latitude; CRS not embedded in Parquet,MN,Upper Midwest,Upper Midwest,True,True,True,False,True,False,False,0,True,False,False,Multi-horizon only
65913,-95.4288388957,45.8987681929,44374.3510964952,2545756.00449952,Candidate lake ledger,EPSG:4326-compatible longitude/latitude; CRS not embedded in Parquet,MN,Upper Midwest,Upper Midwest,True,True,True,True,True,True,False,0,False,False,False,neither
65915,-93.6785427258,45.0946040135,182523.640299025,2458476.31739852,Candidate lake ledger,EPSG:4326-compatible longitude/latitude; CRS not embedded in Parquet,MN,Upper Midwest,Upper Midwest,True,True,True,False,True,False,False,0,False,False,False,neither
65941,-93.548184705,47.238465027,186635.751197241,2696476.51090454,Candidate lake ledger,EPSG:4326-compatible longitude/latitude; CRS not embedded in Parquet,MN,Upper Midwest,Upper Midwest,True,True,True,False,True,False,False,0,False,False,False,neither
65948,-94.7862551224,45.0826786295,95454.0420969517,2455529.68889481,Candidate lake ledger,EPSG:4326-compatible longitude/latitude; CRS not embedded in Parquet,MN,Temporate Plains,Temperate Plains,True,True,True,True,True,True,False,0,True,True,True,Shared
65957,-94.8641702849,46.8748510908,86949.3579970137,2654358.63190528,Candidate lake ledger,EPSG:4326-compatible longitude/latitude; CRS not embedded in Parquet,MN,Upper Midwest,Upper Midwest,True,True,True,False,True,False,False,0,False,False,False,neither
65989,-94.2572593297,46.4726489376,134221.925297476,2610516.41650219,Candidate lake ledger,EPSG:4326-compatible longitude/latitude; CRS not embedded in Parquet,MN,Upper Midwest,Upper Midwest,True,True,True,True,True,True,False,0,False,False,False,neither
660,-93.7434529704,46.4829907569,173760.316901254,2612495.02359689,Candidate lake ledger,EPSG:4326-compatible longitude/latitude; CRS not embedded in Parquet,MN,Upper Midwest,Upper Midwest,True,True,True,False,True,False,False,0,False,False,False,neither
66001,-94.1898977683,46.9433203571,138416.436902777,2662736.26260257,Candidate lake ledger,EPSG:4326-compatible longitude/latitude; CRS not embedded in Parquet,MN,Upper Midwest,Upper Midwest,True,True,True,True,True,True,False,0,False,False,False,neither
66005,-93.454822664,44.8374179096,200875.965502289,2430315.54719586,Candidate lake ledger,EPSG:4326-compatible longitude/latitude; CRS not embedded in Parquet,MN,Upper Midwest,Upper Midwest,True,True,True,True,True,True,True,1,True,True,True,Shared
66038,-92.7604317593,45.2182045515,254217.151900164,2474329.17819989,Candidate lake ledger,EPSG:4326-compatible longitude/latitude; CRS not embedded in Parquet,MN,Upper Midwest,Upper Midwest,True,True,True,False,True,False,False,0,False,False,False,neither
66241,-96.0813593803,46.6634742937,-6248.36219636223,2630433.64980452,Candidate lake ledger,EPSG:4326-compatible longitude/latitude; CRS not embedded in Parquet,MN,Upper Midwest,Upper Midwest,True,True,True,False,True,False,False,0,True,True,True,Shared
666,-96.7310845233,45.7044518723,-56964.827803337,2524262.28529841,Candidate lake ledger,EPSG:4326-compatible longitude/latitude; CRS not embedded in Parquet,MN,Temporate Plains,Temperate Plains,True,True,True,False,True,False,False,0,True,True,True,Shared
66962,-93.1229907449,44.975795013,226591.783798629,2446457.29040132,Candidate lake ledger,EPSG:4326-compatible longitude/latitude; CRS not embedded in Parquet,MN,Upper Midwest,Upper Midwest,True,True,True,True,True,True,False,0,True,False,False,Multi-horizon only
66981,-94.3959772808,46.8167428238,122895.863898702,2648442.78710249,Candidate lake ledger,EPSG:4326-compatible longitude/latitude; CRS not embedded in Parquet,MN,Upper Midwest,Upper Midwest,True,True,True,True,True,True,False,0,False,False,False,neither
67,-93.9046160815,45.3032740998,164240.049402567,2481266.95650013,Candidate lake ledger,EPSG:4326-compatible longitude/latitude; CRS not embedded in Parquet,MN,Upper Midwest,Upper Midwest,True,True,True,True,True,True,False,0,False,False,False,neither
67008,-93.6885410496,44.8515857873,182395.405001591,2431420.87900551,Candidate lake ledger,EPSG:4326-compatible longitude/latitude; CRS not embedded in Parquet,MN,Upper Midwest,Upper Midwest,True,True,True,False,True,False,False,0,True,False,False,Multi-horizon only
67017,-92.8765639827,46.6850604838,239756.687398119,2636762.52690322,Candidate lake ledger,EPSG:4326-compatible longitude/latitude; CRS not embedded in Parquet,MN,Upper Midwest,Upper Midwest,True,True,True,True,True,True,False,0,False,False,False,neither
67054,-93.769491608,44.7223524059,176346.519400883,2416884.299098,Candidate lake ledger,EPSG:4326-compatible longitude/latitude; CRS not embedded in Parquet,MN,Upper Midwest,Upper Midwest,True,True,True,False,True,False,False,0,True,True,True,Shared
67057,-94.1474669069,44.0832409085,147855.643000538,2345042.76189457,Candidate lake ledger,EPSG:4326-compatible longitude/latitude; CRS not embedded in Parquet,MN,Temporate Plains,Temperate Plains,True,True,True,False,True,False,False,0,True,True,True,Shared
673,-92.835605775,48.4708284027,236333.936997144,2833971.11170404,Candidate lake ledger,EPSG:4326-compatible longitude/latitude; CRS not embedded in Parquet,MN,Upper Midwest,Upper Midwest,True,True,True,True,True,True,False,0,False,False,False,neither
678,-93.3053960859,44.9526456082,212302.650298532,2443460.95529826,Candidate lake ledger,EPSG:4326-compatible longitude/latitude; CRS not embedded in Parquet,MN,Upper Midwest,Upper Midwest,True,True,True,True,True,True,False,0,False,False,False,neither
67985,-93.2409334971,45.1248597171,216823.880496841,2462760.5041022,Candidate lake ledger,EPSG:4326-compatible longitude/latitude; CRS not embedded in Parquet,MN,Upper Midwest,Upper Midwest,True,True,True,True,True,True,False,0,True,True,True,Shared
67995,-94.8421256489,47.6095927826,87647.0245028602,2735613.26329859,Candidate lake ledger,EPSG:4326-compatible longitude/latitude; CRS not embedded in Parquet,MN,Upper Midwest,Upper Midwest,True,True,True,True,True,True,False,0,False,False,False,neither
67996,-93.4479548298,45.3382056918,199921.872196529,2486024.86670362,Candidate lake ledger,EPSG:4326-compatible longitude/latitude; CRS not embedded in Parquet,MN,Upper Midwest,Upper Midwest,True,True,True,False,True,False,False,0,True,True,True,Shared
680,-93.6526567145,46.4918477564,180726.238200334,2613645.75769677,Candidate lake ledger,EPSG:4326-compatible longitude/latitude; CRS not embedded in Parquet,MN,Upper Midwest,Upper Midwest,True,True,True,False,True,False,False,0,False,False,False,neither
68062,-95.6268253481,46.151922111,28882.2628989534,2573775.69149449,Candidate lake ledger,EPSG:4326-compatible longitude/latitude; CRS not embedded in Parquet,MN,Upper Midwest,Upper Midwest,True,True,True,True,True,True,False,0,False,False,False,neither
68075,-92.8469896391,45.0781750302,247943.97109778,2458532.58259604,Candidate lake ledger,EPSG:4326-compatible longitude/latitude; CRS not embedded in Parquet,MN,Upper Midwest,Upper Midwest,True,True,True,True,True,True,False,0,True,True,True,Shared
68332,-95.8004919079,46.5860128406,15340.1350015359,2621865.08230198,Candidate lake ledger,EPSG:4326-compatible longitude/latitude; CRS not embedded in Parquet,MN,Upper Midwest,Upper Midwest,True,True,True,True,True,True,False,0,False,True,False,Direct 60-day 60-day only
685,-93.1241144354,45.0378455357,226294.390503244,2453356.20149809,Candidate lake ledger,EPSG:4326-compatible longitude/latitude; CRS not embedded in Parquet,MN,Upper Midwest,Upper Midwest,True,True,True,True,True,True,False,0,False,False,False,neither
687,-94.3063991081,45.3989459863,132561.729796825,2491274.5809018,Candidate lake ledger,EPSG:4326-compatible longitude/latitude; CRS not embedded in Parquet,MN,Upper Midwest,Upper Midwest,True,True,True,True,True,True,False,0,True,True,True,Shared
68958,-93.0405117452,45.0829010828,232714.639500035,2458568.71889871,Candidate lake ledger,EPSG:4326-compatible longitude/latitude; CRS not embedded in Parquet,MN,Upper Midwest,Upper Midwest,True,True,True,True,True,True,False,0,True,True,True,Shared
69015,-93.3239249671,45.1036372357,210370.141398819,2460213.98049969,Candidate lake ledger,EPSG:4326-compatible longitude/latitude; CRS not embedded in Parquet,MN,Upper Midwest,Upper Midwest,True,True,True,False,True,False,False,0,True,True,True,Shared
69020,-93.3703834134,44.934207889,207240.519200099,2441266.32539912,Candidate lake ledger,EPSG:4326-compatible longitude/latitude; CRS not embedded in Parquet,MN,Upper Midwest,Upper Midwest,True,True,True,False,True,False,False,0,False,False,False,neither
69070,-93.2982494435,44.8928958425,213054.600996288,2436829.59339616,Candidate lake ledger,EPSG:4326-compatible longitude/latitude; CRS not embedded in Parquet,MN,Upper Midwest,Upper Midwest,True,True,True,True,True,True,False,0,True,False,False,Multi-horizon only
69085,-92.8315026762,45.1644839589,248841.30799954,2468169.27500213,Candidate lake ledger,EPSG:4326-compatible longitude/latitude; CRS not embedded in Parquet,MN,Upper Midwest,Upper Midwest,True,True,True,True,True,True,False,0,False,False,False,neither
692,-95.5653000883,46.8364264073,33297.0228995548,2649661.14850109,Candidate lake ledger,EPSG:4326-compatible longitude/latitude; CRS not embedded in Parquet,MN,Upper Midwest,Upper Midwest,True,True,True,True,True,True,False,0,False,False,False,neither
69333,-95.7305397289,46.8721358908,20628.8775002377,2653567.68080464,Candidate lake ledger,EPSG:4326-compatible longitude/latitude; CRS not embedded in Parquet,MN,Upper Midwest,Upper Midwest,True,True,True,True,True,True,False,0,False,False,False,neither
695,-93.6698289106,44.1911121248,185675.510903919,2357904.23680092,Candidate lake ledger,EPSG:4326-compatible longitude/latitude; CRS not embedded in Parquet,MN,Upper Midwest,Upper Midwest,True,True,True,False,True,False,False,0,True,True,True,Shared
6956,-88.1615720262,42.4426109014,640029.119398474,2186820.56729473,Candidate lake ledger,EPSG:4326-compatible longitude/latitude; CRS not embedded in Parquet,IL,Temporate Plains,Temperate Plains,True,True,True,True,True,True,False,0,True,True,True,Shared
6960,-88.1285062564,42.432434153,642816.998597135,2185909.85569455,Candidate lake ledger,EPSG:4326-compatible longitude/latitude; CRS not embedded in Parquet,IL,Temporate Plains,Temperate Plains,True,True,True,True,True,True,False,0,True,True,True,Shared
6961,-88.1445330122,42.4127961889,641692.457701489,2183613.465001,Candidate lake ledger,EPSG:4326-compatible longitude/latitude; CRS not embedded in Parquet,IL,Temporate Plains,Temperate Plains,True,True,True,True,True,True,False,0,True,False,False,Multi-horizon only
6962,-88.1348595704,42.4671334751,641978.650398721,2189732.9802047,Candidate lake ledger,EPSG:4326-compatible longitude/latitude; CRS not embedded in Parquet,IL,Temporate Plains,Temperate Plains,True,True,True,True,True,True,False,0,True,False,False,Multi-horizon only
6963,-88.1990559536,42.3859105924,637495.139504056,2180250.71379528,Candidate lake ledger,EPSG:4326-compatible longitude/latitude; CRS not embedded in Parquet,IL,Temporate Plains,Temperate Plains,True,True,True,False,True,False,False,0,True,True,True,Shared
6965,-88.9259328561,39.8202590032,599571.305898738,1889163.07639445,Candidate lake ledger,EPSG:4326-compatible longitude/latitude; CRS not embedded in Parquet,IL,Temporate Plains,Temperate Plains,True,True,True,False,True,False,False,0,True,True,True,Shared
69657,-92.5022480586,46.7115449899,268369.158100827,2640695.02180277,Candidate lake ledger,EPSG:4326-compatible longitude/latitude; CRS not embedded in Parquet,MN,Upper Midwest,Upper Midwest,True,True,True,True,True,True,False,0,True,False,False,Multi-horizon only
6966,-89.6099770398,39.7057273947,542548.707598979,1872250.48550324,Candidate lake ledger,EPSG:4326-compatible longitude/latitude; CRS not embedded in Parquet,IL,Temporate Plains,Temperate Plains,True,True,True,False,True,False,False,0,True,True,True,Shared
6967,-89.4512363227,39.6101274752,556743.266696228,1862480.20849435,Candidate lake ledger,EPSG:4326-compatible longitude/latitude; CRS not embedded in Parquet,IL,Temporate Plains,Temperate Plains,True,True,True,False,True,False,False,0,True,False,False,Multi-horizon only
6968,-89.2638345423,39.4763970454,573710.323099562,1848644.58540395,Candidate lake ledger,EPSG:4326-compatible longitude/latitude; CRS not embedded in Parquet,IL,Temporate Plains,Temperate Plains,True,True,True,False,True,False,False,0,True,True,True,Shared
6969,-90.8312398635,41.4304606409,428469.39110161,2058837.12750547,Candidate lake ledger,EPSG:4326-compatible longitude/latitude; CRS not embedded in Parquet,IL,Temporate Plains,Temperate Plains,True,True,True,True,True,True,False,0,False,False,False,neither
6970,-88.7543261899,38.7148957474,623524.318297733,1766735.77879762,Candidate lake ledger,EPSG:4326-compatible longitude/latitude; CRS not embedded in Parquet,IL,Temporate Plains,Temperate Plains,True,True,True,True,True,True,True,1,True,True,True,Shared
6971,-89.4741756697,39.1942473882,557994.189903021,1815847.38219872,Candidate lake ledger,EPSG:4326-compatible longitude/latitude; CRS not embedded in Parquet,IL,Temporate Plains,Temperate Plains,True,True,True,True,True,True,True,1,True,True,True,Shared
6980,-89.4755045996,39.1784022022,558002.566302964,1814067.86110359,Candidate lake ledger,EPSG:4326-compatible longitude/latitude; CRS not embedded in Parquet,IL,Temporate Plains,Temperate Plains,True,True,True,False,True,False,False,0,True,False,False,Multi-horizon only
6981,-89.3732387667,38.951007579,568510.471699931,1789248.3505036,Candidate lake ledger,EPSG:4326-compatible longitude/latitude; CRS not embedded in Parquet,IL,Temporate Plains,Temperate Plains,True,True,True,True,True,True,True,1,True,True,True,Shared
6982,-88.4352145688,39.4181591264,644660.852201955,1847447.90699683,Candidate lake ledger,EPSG:4326-compatible longitude/latitude; CRS not embedded in Parquet,IL,Temporate Plains,Temperate Plains,True,True,True,True,True,True,True,1,True,True,True,Shared
6983,-88.4780795017,39.3426338838,641684.870203973,1838720.11589762,Candidate lake ledger,EPSG:4326-compatible longitude/latitude; CRS not embedded in Parquet,IL,Temporate Plains,Temperate Plains,True,True,True,True,True,True,True,1,True,True,True,Shared
6984,-88.7176513389,39.0364633159,623914.971903318,1802913.85149634,Candidate lake ledger,EPSG:4326-compatible longitude/latitude; CRS not embedded in Parquet,IL,Temporate Plains,Temperate Plains,True,True,True,False,True,False,False,0,True,False,False,Multi-horizon only
6987,-88.8170063617,40.1605785817,605906.64270271,1927878.46799984,Candidate lake ledger,EPSG:4326-compatible longitude/latitude; CRS not embedded in Parquet,IL,Temporate Plains,Temperate Plains,True,True,True,False,True,False,False,0,True,False,False,Multi-horizon only
6989,-89.0344307227,40.6333912016,583720.945401297,1979336.31259978,Candidate lake ledger,EPSG:4326-compatible longitude/latitude; CRS not embedded in Parquet,IL,Temporate Plains,Temperate Plains,True,True,True,False,True,False,False,0,True,False,False,Multi-horizon only
6991,-90.7447452745,40.5093926412,441332.664701222,1956251.2137965,Candidate lake ledger,EPSG:4326-compatible longitude/latitude; CRS not embedded in Parquet,IL,Temporate Plains,Temperate Plains,True,True,True,False,True,False,False,0,True,False,False,Multi-horizon only
6994,-89.8524904038,39.2421403899,525345.719901119,1819046.87619802,Candidate lake ledger,EPSG:4326-compatible longitude/latitude; CRS not embedded in Parquet,IL,Temporate Plains,Temperate Plains,True,True,True,False,True,False,False,0,True,True,True,Shared
6995,-89.8836103002,39.1474264206,523372.738798367,1808281.89100304,Candidate lake ledger,EPSG:4326-compatible longitude/latitude; CRS not embedded in Parquet,IL,Temporate Plains,Temperate Plains,True,True,True,False,True,False,False,0,True,True,True,Shared
6996,-89.9850036038,40.5754682264,504587.275501949,1967420.60349994,Candidate lake ledger,EPSG:4326-compatible longitude/latitude; CRS not embedded in Parquet,IL,Temporate Plains,Temperate Plains,True,True,True,False,True,False,False,0,True,False,False,Multi-horizon only
6999,-88.8637658045,38.7640366826,613711.151097696,1771515.620403,Candidate lake ledger,EPSG:4326-compatible longitude/latitude; CRS not embedded in Parquet,IL,Temporate Plains,Temperate Plains,True,True,True,True,True,True,True,1,True,True,True,Shared
700,-93.1352999645,45.058038169,225346.787499648,2455575.34059853,Candidate lake ledger,EPSG:4326-compatible longitude/latitude; CRS not embedded in Parquet,MN,Upper Midwest,Upper Midwest,True,True,True,True,True,True,True,1,True,True,True,Shared
7001,-89.0856991644,38.5435069882,596456.108100741,1745451.69419565,Candidate lake ledger,EPSG:4326-compatible longitude/latitude; CRS not embedded in Parquet,IL,Temporate Plains,Temperate Plains,True,True,True,True,True,True,True,1,True,True,True,Shared
7002,-89.3619341438,38.3464107626,574208.376496849,1721714.541895,Candidate lake ledger,EPSG:4326-compatible longitude/latitude; CRS not embedded in Parquet,IL,Temporate Plains,Temperate Plains,True,True,True,True,True,True,True,1,True,True,True,Shared
70049,-93.4410602438,45.083943262,201223.233903516,2457770.13119945,Candidate lake ledger,EPSG:4326-compatible longitude/latitude; CRS not embedded in Parquet,MN,Upper Midwest,Upper Midwest,True,True,True,True,True,True,False,0,True,True,True,Shared
70053,-94.5874461572,47.586314698,106962.285802754,2733303.53229846,Candidate lake ledger,EPSG:4326-compatible longitude/latitude; CRS not embedded in Parquet,MN,Upper Midwest,Upper Midwest,True,True,True,True,True,True,False,0,False,False,False,neither
70058,-94.3240165544,46.1697692023,129673.275698301,2576842.46430249,Candidate lake ledger,EPSG:4326-compatible longitude/latitude; CRS not embedded in Parquet,MN,Upper Midwest,Upper Midwest,True,True,True,True,True,True,False,0,True,False,False,Multi-horizon only
7006,-89.8851866761,41.3247787968,507554.159702221,2051687.2588952,Candidate lake ledger,EPSG:4326-compatible longitude/latitude; CRS not embedded in Parquet,IL,Temporate Plains,Temperate Plains,True,True,True,False,True,False,False,0,False,False,False,neither
7010,-90.1839718478,39.6620307171,494176.698102085,1864232.94060558,Candidate lake ledger,EPSG:4326-compatible longitude/latitude; CRS not embedded in Parquet,IL,Temporate Plains,Temperate Plains,True,True,True,True,True,True,True,1,True,False,False,Multi-horizon only
7011,-90.7524298595,39.6379207952,446076.796100226,1858723.51429719,Candidate lake ledger,EPSG:4326-compatible longitude/latitude; CRS not embedded in Parquet,IL,Temporate Plains,Temperate Plains,True,True,True,False,True,False,False,0,True,True,True,Shared
7015,-88.890845978,37.4190053631,622653.507997499,1621009.61200272,Candidate lake ledger,EPSG:4326-compatible longitude/latitude; CRS not embedded in Parquet,IL,Southern Appalachians,Southern Appalachians,True,True,True,False,True,False,False,0,False,False,False,neither
7017,-89.4047375317,38.1056928776,572382.713498744,1694540.71430066,Candidate lake ledger,EPSG:4326-compatible longitude/latitude; CRS not embedded in Parquet,IL,Temporate Plains,Temperate Plains,True,True,True,False,True,False,False,0,True,False,False,Multi-horizon only
7019,-89.3822924342,37.7769693347,576891.083398458,1657921.62109615,Candidate lake ledger,EPSG:4326-compatible longitude/latitude; CRS not embedded in Parquet,IL,Temporate Plains,Temperate Plains,True,True,True,False,True,False,False,0,True,False,False,Multi-horizon only
7020,-89.4310122685,37.789932109,572550.434001424,1659076.33300268,Candidate lake ledger,EPSG:4326-compatible longitude/latitude; CRS not embedded in Parquet,IL,Temporate Plains,Temperate Plains,True,True,True,False,True,False,False,0,False,False,False,neither
7022,-89.2292401511,37.6973529461,590846.118700474,1649960.90870302,Candidate lake ledger,EPSG:4326-compatible longitude/latitude; CRS not embedded in Parquet,IL,Temporate Plains,Temperate Plains,True,True,True,False,True,False,False,0,True,True,True,Shared
7025,-88.9786063683,42.3484861651,574221.379000919,2171109.07519834,Candidate lake ledger,EPSG:4326-compatible longitude/latitude; CRS not embedded in Parquet,IL,Temporate Plains,Temperate Plains,True,True,True,False,True,False,False,0,True,False,False,Multi-horizon only
7029,-89.4394232633,38.8932140092,563288.396798591,1782392.11320295,Candidate lake ledger,EPSG:4326-compatible longitude/latitude; CRS not embedded in Parquet,IL,Temporate Plains,Temperate Plains,True,True,True,False,True,False,False,0,True,True,True,Shared
7031,-88.639353388,39.1364223151,629742.918699816,1814600.53199879,Candidate lake ledger,EPSG:4326-compatible longitude/latitude; CRS not embedded in Parquet,IL,Temporate Plains,Temperate Plains,True,True,True,True,True,True,False,0,True,False,False,Multi-horizon only
7034,-88.060487584,38.7592692614,682684.468198327,1776461.93020231,Candidate lake ledger,EPSG:4326-compatible longitude/latitude; CRS not embedded in Parquet,IL,Temporate Plains,Temperate Plains,True,True,True,True,True,True,False,0,True,False,False,Multi-horizon only
70347,-96.2387422956,47.5923600311,-18077.1629014881,2733198.93240374,Candidate lake ledger,EPSG:4326-compatible longitude/latitude; CRS not embedded in Parquet,MN,Temporate Plains,Temperate Plains,True,True,True,True,True,True,False,0,True,True,True,Shared
7036,-89.281889905,40.7064850292,562440.586597783,1986009.51039945,Candidate lake ledger,EPSG:4326-compatible longitude/latitude; CRS not embedded in Parquet,IL,Temporate Plains,Temperate Plains,True,True,True,False,True,False,False,0,True,True,True,Shared
7037,-88.9297088383,40.6277552322,592527.576901823,1979354.85940285,Candidate lake ledger,EPSG:4326-compatible longitude/latitude; CRS not embedded in Parquet,IL,Temporate Plains,Temperate Plains,True,True,True,False,True,False,False,0,True,False,False,Multi-horizon only
704,-94.4590305593,45.4369643627,120547.51490364,2495297.01620303,Candidate lake ledger,EPSG:4326-compatible longitude/latitude; CRS not embedded in Parquet,MN,Upper Midwest,Upper Midwest,True,True,True,True,True,True,True,1,False,False,False,neither
7042,-89.9115380263,39.4102034102,519100.737302658,1837518.97350252,Candidate lake ledger,EPSG:4326-compatible longitude/latitude; CRS not embedded in Parquet,IL,Temporate Plains,Temperate Plains,True,True,True,True,True,True,False,0,True,False,False,Multi-horizon only
7044,-89.8590474382,39.141046477,525517.809801141,1807703.86869758,Candidate lake ledger,EPSG:4326-compatible longitude/latitude; CRS not embedded in Parquet,IL,Temporate Plains,Temperate Plains,True,True,True,False,True,False,False,0,True,True,True,Shared
7045,-89.144075663,39.0126252441,587639.045999515,1797531.22600388,Candidate lake ledger,EPSG:4326-compatible longitude/latitude; CRS not embedded in Parquet,IL,Temporate Plains,Temperate Plains,True,True,True,True,True,True,True,1,True,True,True,Shared
7049,-88.9465176905,38.6463433226,607585.907797199,1757828.85480096,Candidate lake ledger,EPSG:4326-compatible longitude/latitude; CRS not embedded in Parquet,IL,Temporate Plains,Temperate Plains,True,True,True,True,True,True,True,1,True,True,True,Shared
7050,-88.1457023509,39.4667901151,668827.604096399,1854880.83830103,Candidate lake ledger,EPSG:4326-compatible longitude/latitude; CRS not embedded in Parquet,IL,Temporate Plains,Temperate Plains,True,True,True,True,True,True,True,1,True,True,True,Shared
7051,-87.6839741997,39.6384086693,706367.305399726,1877384.87300267,Candidate lake ledger,EPSG:4326-compatible longitude/latitude; CRS not embedded in Parquet,IL,Temporate Plains,Temperate Plains,True,True,True,False,True,False,False,0,True,True,True,Shared
7067,-88.353358698,42.3864391699,624908.229697554,2179284.75360121,Candidate lake ledger,EPSG:4326-compatible longitude/latitude; CRS not embedded in Parquet,IL,Temporate Plains,Temperate Plains,True,True,True,False,True,False,False,0,True,True,True,Shared
71014,-93.5800828194,47.1858930533,184356.167600838,2690602.63569778,Candidate lake ledger,EPSG:4326-compatible longitude/latitude; CRS not embedded in Parquet,MN,Upper Midwest,Upper Midwest,True,True,True,False,True,False,False,0,False,False,False,neither
71100,-95.2841926204,45.7295166713,55753.5116025272,2527037.30779566,Candidate lake ledger,EPSG:4326-compatible longitude/latitude; CRS not embedded in Parquet,MN,Upper Midwest,Upper Midwest,True,True,True,True,True,True,False,0,True,False,False,Multi-horizon only
71126,-92.9173123037,45.0963158981,242350.497097677,2460368.356498,Candidate lake ledger,EPSG:4326-compatible longitude/latitude; CRS not embedded in Parquet,MN,Upper Midwest,Upper Midwest,True,True,True,False,True,False,False,0,True,False,False,Multi-horizon only
71421,-94.4949381501,41.2882834589,125071.918802066,2032257.58429993,Candidate lake ledger,EPSG:4326-compatible longitude/latitude; CRS not embedded in Parquet,IA,Temporate Plains,Temperate Plains,True,True,True,True,True,True,True,1,True,True,True,Shared
71996,-94.6852883577,47.4677457764,99735.095801859,2720100.97870109,Candidate lake ledger,EPSG:4326-compatible longitude/latitude; CRS not embedded in Parquet,MN,Upper Midwest,Upper Midwest,True,True,True,True,True,True,False,0,False,False,False,neither
72,-93.8328687858,44.7901669449,171164.563097695,2424316.89860027,Candidate lake ledger,EPSG:4326-compatible longitude/latitude; CRS not embedded in Parquet,MN,Upper Midwest,Upper Midwest,True,True,True,False,True,False,False,0,True,True,True,Shared
72123,-92.8287842864,45.3631482217,248317.625598798,2490257.03759842,Candidate lake ledger,EPSG:4326-compatible longitude/latitude; CRS not embedded in Parquet,MN,Upper Midwest,Upper Midwest,True,True,True,True,True,True,True,1,True,True,True,Shared
72329,-95.8428934222,46.7385758079,12051.9553019035,2638759.51559669,Candidate lake ledger,EPSG:4326-compatible longitude/latitude; CRS not embedded in Parquet,MN,Upper Midwest,Upper Midwest,True,True,True,True,True,True,False,0,False,False,False,neither
72460,-94.519413203,38.9952644559,127040.255096269,1775368.98600379,Candidate lake ledger,EPSG:4326-compatible longitude/latitude; CRS not embedded in Parquet,MO,Temporate Plains,Temperate Plains,True,True,True,True,True,True,True,1,True,True,True,Shared
726,-94.260527255,45.2531168739,136448.597599034,2475127.36119721,Candidate lake ledger,EPSG:4326-compatible longitude/latitude; CRS not embedded in Parquet,MN,Upper Midwest,Upper Midwest,True,True,True,True,True,True,False,0,True,True,True,Shared
729,-94.0371375589,43.8502245389,157196.814099871,2319238.24619805,Candidate lake ledger,EPSG:4326-compatible longitude/latitude; CRS not embedded in Parquet,MN,Temporate Plains,Temperate Plains,True,True,True,False,True,False,False,0,True,True,True,Shared
73,-93.1721911182,48.564399805,210897.418501287,2843471.96910293,Candidate lake ledger,EPSG:4326-compatible longitude/latitude; CRS not embedded in Parquet,MN,Upper Midwest,Upper Midwest,True,True,True,False,True,False,False,0,False,False,False,neither
73041,-93.741823299,44.8944616947,178078.350700662,2436091.0012953,Candidate lake ledger,EPSG:4326-compatible longitude/latitude; CRS not embedded in Parquet,MN,Upper Midwest,Upper Midwest,True,True,True,True,True,True,True,1,True,True,True,Shared
73059,-93.5330871597,44.9912205479,194256.102402774,2447265.16299528,Candidate lake ledger,EPSG:4326-compatible longitude/latitude; CRS not embedded in Parquet,MN,Upper Midwest,Upper Midwest,True,True,True,False,True,False,False,0,False,False,False,neither
734,-93.3407577977,44.9909794507,209397.944603299,2447646.80350531,Candidate lake ledger,EPSG:4326-compatible longitude/latitude; CRS not embedded in Parquet,MN,Upper Midwest,Upper Midwest,True,True,True,True,True,True,False,0,False,False,False,neither
73402,-94.8894684115,47.8362109445,83771.1917998238,2760584.35369823,Candidate lake ledger,EPSG:4326-compatible longitude/latitude; CRS not embedded in Parquet,MN,Upper Midwest,Upper Midwest,True,True,True,False,True,False,False,0,False,False,False,neither
73448,-96.1598590485,42.0312370226,-13145.1199009704,2114417.62750265,Candidate lake ledger,EPSG:4326-compatible longitude/latitude; CRS not embedded in Parquet,IA,Temporate Plains,Temperate Plains,True,True,True,False,True,False,False,0,True,True,True,Shared
736,-94.0535463162,45.0527574316,153139.007401365,2453159.4186005,Candidate lake ledger,EPSG:4326-compatible longitude/latitude; CRS not embedded in Parquet,MN,Upper Midwest,Upper Midwest,True,True,True,False,True,False,False,0,True,False,False,Multi-horizon only
738,-95.78856202,46.5821227381,16258.3791020493,2621436.02649706,Candidate lake ledger,EPSG:4326-compatible longitude/latitude; CRS not embedded in Parquet,MN,Upper Midwest,Upper Midwest,True,True,True,False,True,False,False,0,False,False,False,neither
7388,-88.0123270029,42.0200888025,656153.776396722,2140751.10730184,Candidate lake ledger,EPSG:4326-compatible longitude/latitude; CRS not embedded in Parquet,IL,Temporate Plains,Temperate Plains,True,True,True,False,True,False,False,0,True,False,False,Multi-horizon only
7395,-87.890253735,41.714485498,669071.569098497,2107534.08890095,Candidate lake ledger,EPSG:4326-compatible longitude/latitude; CRS not embedded in Parquet,IL,Temporate Plains,Temperate Plains,True,True,True,False,True,False,False,0,True,False,False,Multi-horizon only
7396,-89.0869356622,37.7175706204,603077.859002338,1653114.862601,Candidate lake ledger,EPSG:4326-compatible longitude/latitude; CRS not embedded in Parquet,IL,Temporate Plains,Temperate Plains,True,True,True,False,True,False,False,0,True,False,False,Multi-horizon only
741,-95.58153558,46.2761505627,32326.8143010438,2587570.3057946,Candidate lake ledger,EPSG:4326-compatible longitude/latitude; CRS not embedded in Parquet,MN,Upper Midwest,Upper Midwest,True,True,True,True,True,True,False,0,False,False,False,neither
74155,-94.1464507,47.1056589624,141388.03830179,2680759.75070155,Candidate lake ledger,EPSG:4326-compatible longitude/latitude; CRS not embedded in Parquet,MN,Upper Midwest,Upper Midwest,True,True,True,False,True,False,False,0,False,False,False,neither
74160,-94.2737615993,46.9091126186,132072.961597397,2658831.25759698,Candidate lake ledger,EPSG:4326-compatible longitude/latitude; CRS not embedded in Parquet,MN,Upper Midwest,Upper Midwest,True,True,True,True,True,True,False,0,False,False,False,neither
74173,-94.4895736072,46.9637303392,115466.790400558,2664594.52200401,Candidate lake ledger,EPSG:4326-compatible longitude/latitude; CRS not embedded in Parquet,MN,Upper Midwest,Upper Midwest,True,True,True,True,True,True,False,0,False,False,False,neither
74217,-92.8959537089,45.0029742664,244368.206502655,2450042.89400463,Candidate lake ledger,EPSG:4326-compatible longitude/latitude; CRS not embedded in Parquet,MN,Upper Midwest,Upper Midwest,True,True,True,True,True,True,False,0,False,False,False,neither
7429,-73.2071221461,41.4218897467,1872526.01530106,2271860.01209811,Candidate lake ledger,EPSG:4326-compatible longitude/latitude; CRS not embedded in Parquet,CT,Northern Appalachians,Northern Appalachians,True,True,True,False,True,False,False,0,False,False,False,neither
7441,-89.271345747,38.6961875103,579257.935400036,1761372.68230421,Candidate lake ledger,EPSG:4326-compatible longitude/latitude; CRS not embedded in Parquet,IL,Temporate Plains,Temperate Plains,True,True,True,False,True,False,False,0,True,False,False,Multi-horizon only
7442,-87.768277989,42.109848228,675283.393395665,2152464.11150245,Candidate lake ledger,EPSG:4326-compatible longitude/latitude; CRS not embedded in Parquet,IL,Temporate Plains,Temperate Plains,True,True,True,True,True,True,True,2,True,False,False,Multi-horizon only
7443,-88.6587654207,37.4118934839,643001.925703615,1621760.33590565,Candidate lake ledger,EPSG:4326-compatible longitude/latitude; CRS not embedded in Parquet,IL,Southern Appalachians,Southern Appalachians,True,True,True,False,True,False,False,0,False,False,False,neither
74438,-95.7302582619,46.6516642814,20719.7269978686,2629152.07500287,Candidate lake ledger,EPSG:4326-compatible longitude/latitude; CRS not embedded in Parquet,MN,Upper Midwest,Upper Midwest,True,True,True,False,True,False,False,0,False,False,False,neither
7449,-89.349918629,38.2799437422,575766.952898178,1714355.40220176,Candidate lake ledger,EPSG:4326-compatible longitude/latitude; CRS not embedded in Parquet,IL,Temporate Plains,Temperate Plains,True,True,True,False,True,False,False,0,True,True,True,Shared
74509,-94.8570667173,40.4299270882,96136.4227036149,1935722.04950034,Candidate lake ledger,EPSG:4326-compatible longitude/latitude; CRS not embedded in Parquet,MO,Temporate Plains,Temperate Plains,True,True,True,True,True,True,False,0,True,False,False,Multi-horizon only
7455,-89.7440873009,39.0859729183,535747.592298403,1802186.2431996,Candidate lake ledger,EPSG:4326-compatible longitude/latitude; CRS not embedded in Parquet,IL,Temporate Plains,Temperate Plains,True,True,True,False,True,False,False,0,True,False,False,Multi-horizon only
7456,-89.778438146,39.0450372743,533110.206101671,1797414.84030131,Candidate lake ledger,EPSG:4326-compatible longitude/latitude; CRS not embedded in Parquet,IL,Temporate Plains,Temperate Plains,True,True,True,False,True,False,False,0,True,True,True,Shared
749,-95.3634512617,45.7815854147,49541.4982967088,2532776.38249497,Candidate lake ledger,EPSG:4326-compatible longitude/latitude; CRS not embedded in Parquet,MN,Upper Midwest,Upper Midwest,True,True,True,True,True,True,False,0,False,False,False,neither
75,-93.7417309871,44.7858933332,178372.794903413,2424008.84089995,Candidate lake ledger,EPSG:4326-compatible longitude/latitude; CRS not embedded in Parquet,MN,Upper Midwest,Upper Midwest,True,True,True,True,True,True,True,4,True,True,True,Shared
75192,-93.1002401262,44.8754986197,228723.613702186,2435354.223201,Candidate lake ledger,EPSG:4326-compatible longitude/latitude; CRS not embedded in Parquet,MN,Upper Midwest,Upper Midwest,True,True,True,True,True,True,False,0,False,False,False,neither
75223,-93.2536217939,45.0622470942,216028.316398526,2455768.66240098,Candidate lake ledger,EPSG:4326-compatible longitude/latitude; CRS not embedded in Parquet,MN,Upper Midwest,Upper Midwest,True,True,True,True,True,True,True,1,True,True,True,Shared
75267,-92.7932810627,45.365454339,251087.95680372,2490606.57270437,Candidate lake ledger,EPSG:4326-compatible longitude/latitude; CRS not embedded in Parquet,MN,Upper Midwest,Upper Midwest,True,True,True,True,True,True,False,0,True,False,False,Multi-horizon only
75275,-92.9023580234,45.1376711379,243375.803298434,2465004.79459651,Candidate lake ledger,EPSG:4326-compatible longitude/latitude; CRS not embedded in Parquet,MN,Upper Midwest,Upper Midwest,True,True,True,True,True,True,True,1,True,True,True,Shared
75277,-92.9716872408,45.0167777172,238359.137703149,2451385.73369601,Candidate lake ledger,EPSG:4326-compatible longitude/latitude; CRS not embedded in Parquet,MN,Upper Midwest,Upper Midwest,True,True,True,True,True,True,True,1,True,False,False,Multi-horizon only
75529,-95.4071406686,47.5298756288,44933.1157988337,2726414.98149589,Candidate lake ledger,EPSG:4326-compatible longitude/latitude; CRS not embedded in Parquet,MN,Upper Midwest,Upper Midwest,True,True,True,True,True,True,False,0,False,False,False,neither
758,-96.1356749392,45.3320663852,-10630.7389994564,2482665.30170295,Candidate lake ledger,EPSG:4326-compatible longitude/latitude; CRS not embedded in Parquet,MN,Temporate Plains,Temperate Plains,True,True,True,False,True,False,False,0,True,True,True,Shared
76191,-92.8990789702,44.9382218671,244357.345202354,2442832.67989569,Candidate lake ledger,EPSG:4326-compatible longitude/latitude; CRS not embedded in Parquet,MN,Upper Midwest,Upper Midwest,True,True,True,True,True,True,False,0,False,True,False,Direct 60-day 60-day only
76238,-94.0398499618,46.6760682714,150499.173796484,2633378.22459693,Candidate lake ledger,EPSG:4326-compatible longitude/latitude; CRS not embedded in Parquet,MN,Upper Midwest,Upper Midwest,True,True,True,True,True,True,False,0,False,False,False,neither
76241,-94.2769166693,46.4717988381,132709.836899026,2610394.59859485,Candidate lake ledger,EPSG:4326-compatible longitude/latitude; CRS not embedded in Parquet,MN,Upper Midwest,Upper Midwest,True,True,True,False,True,False,False,0,False,False,False,neither
76267,-93.1204489751,44.9168586525,226990.625896963,2439907.21760184,Candidate lake ledger,EPSG:4326-compatible longitude/latitude; CRS not embedded in Parquet,MN,Upper Midwest,Upper Midwest,True,True,True,False,True,False,False,0,True,False,False,Multi-horizon only
76283,-93.2519105212,44.7265001904,217243.380697545,2418417.80189961,Candidate lake ledger,EPSG:4326-compatible longitude/latitude; CRS not embedded in Parquet,MN,Upper Midwest,Upper Midwest,True,True,True,True,True,True,False,0,True,True,True,Shared
765,-93.2569753336,44.9418325173,216151.308102176,2442367.19110255,Candidate lake ledger,EPSG:4326-compatible longitude/latitude; CRS not embedded in Parquet,MN,Upper Midwest,Upper Midwest,True,True,True,True,True,True,True,3,True,False,False,Multi-horizon only
76530,-95.8543778958,46.6182195585,11191.3886013776,2625426.00130532,Candidate lake ledger,EPSG:4326-compatible longitude/latitude; CRS not embedded in Parquet,MN,Upper Midwest,Upper Midwest,True,True,True,False,True,False,False,0,False,False,False,neither
766,-93.2758774546,44.6579115496,215568.162199221,2410728.61290485,Candidate lake ledger,EPSG:4326-compatible longitude/latitude; CRS not embedded in Parquet,MN,Upper Midwest,Upper Midwest,True,True,True,True,True,True,False,0,True,False,False,Multi-horizon only
768,-93.4087114496,45.5727731241,202284.507398581,2512171.49080514,Candidate lake ledger,EPSG:4326-compatible longitude/latitude; CRS not embedded in Parquet,MN,Upper Midwest,Upper Midwest,True,True,True,False,True,False,False,0,True,False,False,Multi-horizon only
770,-95.7792805984,46.6936636002,16943.3662969207,2633794.78610279,Candidate lake ledger,EPSG:4326-compatible longitude/latitude; CRS not embedded in Parquet,MN,Upper Midwest,Upper Midwest,True,True,True,True,True,True,False,0,False,False,False,neither
77315,-93.6348162951,44.873353605,186573.618996633,2433947.49310198,Candidate lake ledger,EPSG:4326-compatible longitude/latitude; CRS not embedded in Parquet,MN,Upper Midwest,Upper Midwest,True,True,True,False,True,False,False,0,False,False,False,neither
77393,-92.8552986346,45.299637326,246475.85070382,2483130.20599931,Candidate lake ledger,EPSG:4326-compatible longitude/latitude; CRS not embedded in Parquet,MN,Upper Midwest,Upper Midwest,True,True,True,False,True,False,False,0,True,True,True,Shared
77610,-96.1478289144,46.8227324013,-11325.75150051,2648077.60520022,Candidate lake ledger,EPSG:4326-compatible longitude/latitude; CRS not embedded in Parquet,MN,Upper Midwest,Upper Midwest,True,True,True,True,True,True,False,0,False,False,False,neither
778,-92.9066935805,48.0622075605,232491.576298781,2788805.363596,Candidate lake ledger,EPSG:4326-compatible longitude/latitude; CRS not embedded in Parquet,MN,Upper Midwest,Upper Midwest,True,True,True,False,True,False,False,0,False,False,False,neither
780,-93.4926343226,44.8686363302,197800.733102954,2433710.11599841,Candidate lake ledger,EPSG:4326-compatible longitude/latitude; CRS not embedded in Parquet,MN,Upper Midwest,Upper Midwest,True,True,True,True,True,True,False,0,False,False,False,neither
781,-92.9534201894,45.1012481109,239495.207498532,2460825.25119478,Candidate lake ledger,EPSG:4326-compatible longitude/latitude; CRS not embedded in Parquet,MN,Upper Midwest,Upper Midwest,True,True,True,True,True,True,False,0,False,False,False,neither
783,-92.4886654284,44.1981084134,279729.971900263,2361576.07489996,Candidate lake ledger,EPSG:4326-compatible longitude/latitude; CRS not embedded in Parquet,MN,Upper Midwest,Upper Midwest,True,True,True,False,True,False,False,0,False,False,False,neither
78404,-93.6047843594,44.8249781026,189077.849697194,2428623.52410268,Candidate lake ledger,EPSG:4326-compatible longitude/latitude; CRS not embedded in Parquet,MN,Upper Midwest,Upper Midwest,True,True,True,True,True,True,True,3,True,True,True,Shared
78419,-93.2029210727,44.7925909549,220898.461797478,2425886.11810063,Candidate lake ledger,EPSG:4326-compatible longitude/latitude; CRS not embedded in Parquet,MN,Upper Midwest,Upper Midwest,True,True,True,True,True,True,False,0,True,True,True,Shared
78421,-93.3391523047,44.7103104017,210398.998596502,2416419.5107026,Candidate lake ledger,EPSG:4326-compatible longitude/latitude; CRS not embedded in Parquet,MN,Upper Midwest,Upper Midwest,True,True,True,False,True,False,False,0,False,False,False,neither
78434,-93.4144684974,44.6330656122,204679.07949643,2407656.22170081,Candidate lake ledger,EPSG:4326-compatible longitude/latitude; CRS not embedded in Parquet,MN,Upper Midwest,Upper Midwest,True,True,True,True,True,True,True,2,True,True,True,Shared
78447,-92.9087925495,45.0324036643,243251.317198438,2453282.92649871,Candidate lake ledger,EPSG:4326-compatible longitude/latitude; CRS not embedded in Parquet,MN,Upper Midwest,Upper Midwest,True,True,True,True,True,True,True,1,True,True,True,Shared
78634,-91.4521731722,38.0888257293,394948.708500614,1682232.61099933,Candidate lake ledger,EPSG:4326-compatible longitude/latitude; CRS not embedded in Parquet,MO,Southern Appalachians,Southern Appalachians,True,True,True,False,True,False,False,0,False,False,False,neither
78669,-95.8368825752,46.7420450122,12512.3992999079,2639144.50949944,Candidate lake ledger,EPSG:4326-compatible longitude/latitude; CRS not embedded in Parquet,MN,Upper Midwest,Upper Midwest,True,True,True,True,True,True,False,0,False,False,False,neither
78717,-95.8541867317,46.7728114909,11179.8065984085,2642549.58180114,Candidate lake ledger,EPSG:4326-compatible longitude/latitude; CRS not embedded in Parquet,MN,Upper Midwest,Upper Midwest,True,True,True,True,True,True,False,0,False,True,False,Direct 60-day 60-day only
79,-93.8543258954,45.1982339922,168444.951802722,2469676.26939902,Candidate lake ledger,EPSG:4326-compatible longitude/latitude; CRS not embedded in Parquet,MN,Upper Midwest,Upper Midwest,True,True,True,True,True,True,False,0,False,False,False,neither
791,-92.9048989828,46.7912458725,237199.503503631,2648445.33599922,Candidate lake ledger,EPSG:4326-compatible longitude/latitude; CRS not embedded in Parquet,MN,Upper Midwest,Upper Midwest,True,True,True,False,True,False,False,0,False,False,False,neither
79404,-93.3998766944,45.0715551512,204498.621802551,2456480.27900518,Candidate lake ledger,EPSG:4326-compatible longitude/latitude; CRS not embedded in Parquet,MN,Upper Midwest,Upper Midwest,True,True,True,False,True,False,False,0,False,True,False,Direct 60-day 60-day only
79412,-93.5024489729,45.3339377906,195666.378598652,2485437.07689775,Candidate lake ledger,EPSG:4326-compatible longitude/latitude; CRS not embedded in Parquet,MN,Upper Midwest,Upper Midwest,True,True,True,True,True,True,False,0,False,False,False,neither
79430,-93.6741150223,44.8772120258,183463.71760076,2434300.33420176,Candidate lake ledger,EPSG:4326-compatible longitude/latitude; CRS not embedded in Parquet,MN,Upper Midwest,Upper Midwest,True,True,True,False,True,False,False,0,False,False,False,neither
79441,-93.6717964509,46.461784461,179334.558501322,2610278.28429801,Candidate lake ledger,EPSG:4326-compatible longitude/latitude; CRS not embedded in Parquet,MN,Upper Midwest,Upper Midwest,True,True,True,True,True,True,False,0,False,False,False,neither
79451,-94.9474050929,47.0178598679,80402.5788967827,2670112.30700003,Candidate lake ledger,EPSG:4326-compatible longitude/latitude; CRS not embedded in Parquet,MN,Upper Midwest,Upper Midwest,True,True,True,True,True,True,False,0,False,False,False,neither
79457,-94.9038366063,47.0630813363,83672.7058971952,2675153.12250526,Candidate lake ledger,EPSG:4326-compatible longitude/latitude; CRS not embedded in Parquet,MN,Upper Midwest,Upper Midwest,True,True,True,True,True,True,False,0,False,False,False,neither
79488,-93.4465178062,44.7755707671,201716.243402674,2423450.31140441,Candidate lake ledger,EPSG:4326-compatible longitude/latitude; CRS not embedded in Parquet,MN,Upper Midwest,Upper Midwest,True,True,True,True,True,True,False,0,True,False,False,Multi-horizon only
79503,-93.559820941,44.8712248979,192494.307197265,2433860.19069616,Candidate lake ledger,EPSG:4326-compatible longitude/latitude; CRS not embedded in Parquet,MN,Upper Midwest,Upper Midwest,True,True,True,True,True,True,False,0,True,False,False,Multi-horizon only
79761,-95.8337533562,46.8748030305,12726.7196012946,2653844.83090219,Candidate lake ledger,EPSG:4326-compatible longitude/latitude; CRS not embedded in Parquet,MN,Upper Midwest,Upper Midwest,True,True,True,True,True,True,False,0,False,True,False,Direct 60-day 60-day only
80,-95.7381771768,47.5115276813,19849.3750025792,2724275.35040118,Candidate lake ledger,EPSG:4326-compatible longitude/latitude; CRS not embedded in Parquet,MN,Upper Midwest,Upper Midwest,True,True,True,True,True,True,False,0,False,False,False,neither
800,-93.0922821365,45.100057018,228586.648996927,2460350.82599715,Candidate lake ledger,EPSG:4326-compatible longitude/latitude; CRS not embedded in Parquet,MN,Upper Midwest,Upper Midwest,True,True,True,False,True,False,False,0,False,False,False,neither
80490,-94.2033373489,45.0874558679,141282.543303691,2456787.17319583,Candidate lake ledger,EPSG:4326-compatible longitude/latitude; CRS not embedded in Parquet,MN,Upper Midwest,Upper Midwest,True,True,True,True,True,True,False,0,True,False,False,Multi-horizon only
80500,-93.911012743,45.1427206645,164131.232596857,2463403.70680384,Candidate lake ledger,EPSG:4326-compatible longitude/latitude; CRS not embedded in Parquet,MN,Upper Midwest,Upper Midwest,True,True,True,False,True,False,False,0,True,True,True,Shared
80525,-94.1987483225,44.5706215045,142733.808102642,2399269.53259641,Candidate lake ledger,EPSG:4326-compatible longitude/latitude; CRS not embedded in Parquet,MN,Temporate Plains,Temperate Plains,True,True,True,True,True,True,True,1,True,True,True,Shared
80526,-93.5633516851,44.6060157711,192972.899999293,2404333.12969774,Candidate lake ledger,EPSG:4326-compatible longitude/latitude; CRS not embedded in Parquet,MN,Upper Midwest,Upper Midwest,True,True,True,False,True,False,False,0,True,True,True,Shared
80553,-93.5411451093,44.8516286467,194023.661401358,2431717.56040497,Candidate lake ledger,EPSG:4326-compatible longitude/latitude; CRS not embedded in Parquet,MN,Upper Midwest,Upper Midwest,True,True,True,True,True,True,True,3,True,True,True,Shared
80564,-92.8836676892,45.1504641488,244797.084502314,2466475.13270319,Candidate lake ledger,EPSG:4326-compatible longitude/latitude; CRS not embedded in Parquet,MN,Upper Midwest,Upper Midwest,True,True,True,True,True,True,True,1,True,True,True,Shared
80721,-91.693321547,37.9960483052,374492.393203643,1670868.84939723,Candidate lake ledger,EPSG:4326-compatible longitude/latitude; CRS not embedded in Parquet,MO,Southern Appalachians,Southern Appalachians,True,True,True,True,True,True,False,0,False,False,False,neither
80769,-95.8982564053,46.8072781919,7796.80850166682,2646361.80310522,Candidate lake ledger,EPSG:4326-compatible longitude/latitude; CRS not embedded in Parquet,MN,Upper Midwest,Upper Midwest,True,True,True,False,True,False,False,0,False,False,False,neither
81556,-93.3196449397,44.691541524,212000.019901146,2414373.69599701,Candidate lake ledger,EPSG:4326-compatible longitude/latitude; CRS not embedded in Parquet,MN,Upper Midwest,Upper Midwest,True,True,True,False,True,False,False,0,False,False,False,neither
81594,-93.0849860261,45.6039384824,227441.887500622,2516364.93919486,Candidate lake ledger,EPSG:4326-compatible longitude/latitude; CRS not embedded in Parquet,MN,Upper Midwest,Upper Midwest,True,True,True,True,True,True,False,0,True,False,False,Multi-horizon only
81822,-95.6447440467,47.2326351312,27047.9476016339,2693474.7404054,Candidate lake ledger,EPSG:4326-compatible longitude/latitude; CRS not embedded in Parquet,MN,Upper Midwest,Upper Midwest,True,True,True,False,True,False,False,0,False,False,False,neither
81842,-95.5853940372,46.4872927542,31926.6161973356,2610978.4387949,Candidate lake ledger,EPSG:4326-compatible longitude/latitude; CRS not embedded in Parquet,MN,Upper Midwest,Upper Midwest,True,True,True,False,True,False,False,0,False,False,False,neither
82180,-92.7005913319,46.6788719267,253282.958300389,2636533.88530458,Candidate lake ledger,EPSG:4326-compatible longitude/latitude; CRS not embedded in Parquet,MN,Upper Midwest,Upper Midwest,True,True,True,True,True,True,False,0,True,True,True,Shared
82526,-93.2329543244,45.0586980568,217665.044098614,2455421.1138976,Candidate lake ledger,EPSG:4326-compatible longitude/latitude; CRS not embedded in Parquet,MN,Upper Midwest,Upper Midwest,True,True,True,True,True,True,True,1,True,False,False,Multi-horizon only
82539,-93.8979326745,46.836204822,161001.542899306,2651341.15440157,Candidate lake ledger,EPSG:4326-compatible longitude/latitude; CRS not embedded in Parquet,MN,Upper Midwest,Upper Midwest,True,True,True,True,True,True,False,0,False,False,False,neither
82555,-94.8097190287,47.5961600269,90118.54469853,2734160.25629576,Candidate lake ledger,EPSG:4326-compatible longitude/latitude; CRS not embedded in Parquet,MN,Upper Midwest,Upper Midwest,True,True,True,True,True,True,False,0,False,False,False,neither
82562,-94.9133441645,46.8809494359,83177.4770021964,2654989.67509984,Candidate lake ledger,EPSG:4326-compatible longitude/latitude; CRS not embedded in Parquet,MN,Upper Midwest,Upper Midwest,True,True,True,False,True,False,False,0,False,False,False,neither
82575,-93.9958314425,46.7723329515,153653.560002381,2644108.28249918,Candidate lake ledger,EPSG:4326-compatible longitude/latitude; CRS not embedded in Parquet,MN,Upper Midwest,Upper Midwest,True,True,True,False,True,False,False,0,False,False,False,neither
82605,-94.1774523513,44.0990109445,145429.001200815,2346754.47029951,Candidate lake ledger,EPSG:4326-compatible longitude/latitude; CRS not embedded in Parquet,MN,Temporate Plains,Temperate Plains,True,True,True,False,True,False,False,0,True,True,True,Shared
82860,-95.8712203278,46.753610239,9876.68769834134,2640421.29270365,Candidate lake ledger,EPSG:4326-compatible longitude/latitude; CRS not embedded in Parquet,MN,Upper Midwest,Upper Midwest,True,True,True,True,True,True,False,0,False,False,False,neither
82877,-95.5420691524,47.0381696192,34968.8498003215,2671998.54279511,Candidate lake ledger,EPSG:4326-compatible longitude/latitude; CRS not embedded in Parquet,MN,Upper Midwest,Upper Midwest,True,True,True,False,True,False,False,0,False,False,False,neither
82908,-93.0518942236,47.6574832587,222966.96700376,2743826.16739481,Candidate lake ledger,EPSG:4326-compatible longitude/latitude; CRS not embedded in Parquet,MN,Upper Midwest,Upper Midwest,True,True,True,True,True,True,False,0,False,False,False,neither
833,-93.7464419117,46.6518521465,173086.531897298,2631195.81080136,Candidate lake ledger,EPSG:4326-compatible longitude/latitude; CRS not embedded in Parquet,MN,Upper Midwest,Upper Midwest,True,True,True,False,True,False,False,0,False,False,False,neither
83634,-94.8099483317,45.1645543035,93476.7506031165,2464613.70059989,Candidate lake ledger,EPSG:4326-compatible longitude/latitude; CRS not embedded in Parquet,MN,Upper Midwest,Upper Midwest,True,True,True,True,True,True,True,1,True,True,True,Shared
83667,-94.2311613309,45.2276329381,138804.6193026,2472336.20360234,Candidate lake ledger,EPSG:4326-compatible longitude/latitude; CRS not embedded in Parquet,MN,Upper Midwest,Upper Midwest,True,True,True,True,True,True,False,0,False,False,False,neither
83703,-96.6339110767,44.8779183877,-50006.4331997047,2432300.54309644,Candidate lake ledger,EPSG:4326-compatible longitude/latitude; CRS not embedded in Parquet,SD,Temporate Plains,Temperate Plains,True,True,True,False,True,False,False,0,True,True,True,Shared
838,-72.4441869207,44.3090419908,1854802.7791953,2599830.93050313,Candidate lake ledger,EPSG:4326-compatible longitude/latitude; CRS not embedded in Parquet,VT,Northern Appalachians,Northern Appalachians,True,True,True,False,True,False,False,0,False,False,False,neither
83936,-95.9013356559,46.8359860194,7557.53959868257,2649540.15939796,Candidate lake ledger,EPSG:4326-compatible longitude/latitude; CRS not embedded in Parquet,MN,Upper Midwest,Upper Midwest,True,True,True,True,True,True,False,0,True,True,True,Shared
84,-93.1719234859,44.7932369145,223343.628303017,2426030.45270505,Candidate lake ledger,EPSG:4326-compatible longitude/latitude; CRS not embedded in Parquet,MN,Upper Midwest,Upper Midwest,True,True,True,True,True,True,False,0,True,True,True,Shared
84011,-96.3321423323,42.2785012974,-27215.1825964618,2142108.55160186,Candidate lake ledger,EPSG:4326-compatible longitude/latitude; CRS not embedded in Parquet,IA,Temporate Plains,Temperate Plains,True,True,True,False,True,False,False,0,True,False,False,Multi-horizon only
842,-94.0456135652,47.7422408062,147632.267900711,2751242.43460535,Candidate lake ledger,EPSG:4326-compatible longitude/latitude; CRS not embedded in Parquet,MN,Upper Midwest,Upper Midwest,True,True,True,False,True,False,False,0,False,False,False,neither
843,-93.6590827457,44.8668170755,184677.709896455,2433172.72539983,Candidate lake ledger,EPSG:4326-compatible longitude/latitude; CRS not embedded in Parquet,MN,Upper Midwest,Upper Midwest,True,True,True,True,True,True,True,1,True,True,True,Shared
84662,-94.7936981957,45.1699839963,94745.4397968596,2465233.70990368,Candidate lake ledger,EPSG:4326-compatible longitude/latitude; CRS not embedded in Parquet,MN,Upper Midwest,Upper Midwest,True,True,True,True,True,True,True,2,True,True,True,Shared
84678,-94.3062115236,45.1489459837,133071.888003158,2463478.1068051,Candidate lake ledger,EPSG:4326-compatible longitude/latitude; CRS not embedded in Parquet,MN,Upper Midwest,Upper Midwest,True,True,True,False,True,False,False,0,True,True,True,Shared
84688,-93.2144695316,46.7173814397,213721.829502278,2639534.60579992,Candidate lake ledger,EPSG:4326-compatible longitude/latitude; CRS not embedded in Parquet,MN,Upper Midwest,Upper Midwest,True,True,True,True,True,True,False,0,True,True,True,Shared
84729,-93.5305493624,44.7372913206,195190.298700708,2419014.27330046,Candidate lake ledger,EPSG:4326-compatible longitude/latitude; CRS not embedded in Parquet,MN,Upper Midwest,Upper Midwest,True,True,True,True,True,True,False,0,True,True,True,Shared
848,-93.9141041685,46.4968760044,160588.126102378,2613733.41139503,Candidate lake ledger,EPSG:4326-compatible longitude/latitude; CRS not embedded in Parquet,MN,Upper Midwest,Upper Midwest,True,True,True,False,True,False,False,0,False,False,False,neither
853,-94.9481614248,43.9480675191,84120.4984036312,2328993.52830372,Candidate lake ledger,EPSG:4326-compatible longitude/latitude; CRS not embedded in Parquet,MN,Temporate Plains,Temperate Plains,True,True,True,True,True,True,True,1,True,True,True,Shared
85683,-93.6450104855,45.1910483606,184893.730899324,2469266.38489595,Candidate lake ledger,EPSG:4326-compatible longitude/latitude; CRS not embedded in Parquet,MN,Upper Midwest,Upper Midwest,True,True,True,False,True,False,False,0,True,True,True,Shared
857,-93.4130967834,45.0745375949,203450.093296455,2456783.60380199,Candidate lake ledger,EPSG:4326-compatible longitude/latitude; CRS not embedded in Parquet,MN,Upper Midwest,Upper Midwest,True,True,True,True,True,True,False,0,True,True,True,Shared
85738,-92.909996269,44.9069164317,243610.618995973,2439322.26200303,Candidate lake ledger,EPSG:4326-compatible longitude/latitude; CRS not embedded in Parquet,MN,Upper Midwest,Upper Midwest,True,True,True,True,True,True,False,0,True,False,False,Multi-horizon only
85766,-95.6296021848,45.9941565573,28735.5832977,2556267.67859677,Candidate lake ledger,EPSG:4326-compatible longitude/latitude; CRS not embedded in Parquet,MN,Upper Midwest,Upper Midwest,True,True,True,True,True,True,True,1,True,True,True,Shared
85792,-92.843507187,45.0173474017,248442.476699294,2451777.38819687,Candidate lake ledger,EPSG:4326-compatible longitude/latitude; CRS not embedded in Parquet,MN,Upper Midwest,Upper Midwest,True,True,True,True,True,True,True,1,True,True,True,Shared
85795,-92.8933995165,45.1330141918,244096.337498434,2464509.99760094,Candidate lake ledger,EPSG:4326-compatible longitude/latitude; CRS not embedded in Parquet,MN,Upper Midwest,Upper Midwest,True,True,True,True,True,True,False,0,True,True,True,Shared
8589,-95.2944719317,47.7071495345,53326.8626991363,2746048.70170274,Candidate lake ledger,EPSG:4326-compatible longitude/latitude; CRS not embedded in Parquet,MN,Upper Midwest,Upper Midwest,True,True,True,True,True,True,False,0,False,False,False,neither
8601,-95.6993641098,46.5964542964,23112.1484989335,2623042.47069933,Candidate lake ledger,EPSG:4326-compatible longitude/latitude; CRS not embedded in Parquet,MN,Upper Midwest,Upper Midwest,True,True,True,False,True,False,False,0,False,False,False,neither
86016,-96.0199695399,47.6655071788,-1510.36409802732,2741253.55200278,Candidate lake ledger,EPSG:4326-compatible longitude/latitude; CRS not embedded in Parquet,MN,Temporate Plains,Temperate Plains,True,True,True,True,True,True,True,3,True,True,True,Shared
86065,-97.1802586497,43.9952792484,-94324.9701032885,2334378.91100417,Candidate lake ledger,EPSG:4326-compatible longitude/latitude; CRS not embedded in Parquet,SD,Temporate Plains,Temperate Plains,True,True,True,False,True,False,False,0,True,True,True,Shared
86726,-92.8943159176,45.2240478408,243693.508396189,2474627.96990118,Candidate lake ledger,EPSG:4326-compatible longitude/latitude; CRS not embedded in Parquet,MN,Upper Midwest,Upper Midwest,True,True,True,True,True,True,False,0,True,True,True,Shared
86742,-94.2976445596,46.519290678,131019.285898931,2615628.69400153,Candidate lake ledger,EPSG:4326-compatible longitude/latitude; CRS not embedded in Parquet,MN,Upper Midwest,Upper Midwest,True,True,True,False,True,False,False,0,False,False,False,neither
86763,-93.6104761412,45.1904614192,187606.14770162,2469268.80310151,Candidate lake ledger,EPSG:4326-compatible longitude/latitude; CRS not embedded in Parquet,MN,Upper Midwest,Upper Midwest,True,True,True,True,True,True,True,2,True,True,True,Shared
87067,-95.675239778,46.9025301932,24850.923199814,2656945.53290485,Candidate lake ledger,EPSG:4326-compatible longitude/latitude; CRS not embedded in Parquet,MN,Upper Midwest,Upper Midwest,True,True,True,True,True,True,False,0,False,True,False,Direct 60-day 60-day only
876,-95.1171315904,45.9030195243,68586.3941965218,2546413.24390142,Candidate lake ledger,EPSG:4326-compatible longitude/latitude; CRS not embedded in Parquet,MN,Upper Midwest,Upper Midwest,True,True,True,True,True,True,False,0,False,False,False,neither
87796,-92.8878166676,44.9238176034,245297.005999142,2441259.41389469,Candidate lake ledger,EPSG:4326-compatible longitude/latitude; CRS not embedded in Parquet,MN,Upper Midwest,Upper Midwest,True,True,True,True,True,True,False,0,True,False,False,Multi-horizon only
878,-90.423676807,47.8234835322,420491.696097147,2771030.76269481,Candidate lake ledger,EPSG:4326-compatible longitude/latitude; CRS not embedded in Parquet,MN,Upper Midwest,Upper Midwest,True,True,True,False,True,False,False,0,False,False,False,neither
87813,-94.3033403399,46.4184544613,130780.500900681,2604445.65959961,Candidate lake ledger,EPSG:4326-compatible longitude/latitude; CRS not embedded in Parquet,MN,Upper Midwest,Upper Midwest,True,True,True,False,True,False,False,0,True,True,True,Shared
87838,-94.115144915,46.5766302749,144937.332203427,2622246.7078038,Candidate lake ledger,EPSG:4326-compatible longitude/latitude; CRS not embedded in Parquet,MN,Upper Midwest,Upper Midwest,True,True,True,True,True,True,False,0,False,False,False,neither
8803,-92.8458876032,45.1219340226,247869.054403739,2463401.0388986,Candidate lake ledger,EPSG:4326-compatible longitude/latitude; CRS not embedded in Parquet,MN,Upper Midwest,Upper Midwest,True,True,True,False,True,False,False,0,True,False,False,Multi-horizon only
8809,-92.8660131602,44.9820454648,246801.236603394,2447792.56299806,Candidate lake ledger,EPSG:4326-compatible longitude/latitude; CRS not embedded in Parquet,MN,Upper Midwest,Upper Midwest,True,True,True,True,True,True,True,1,True,False,False,Multi-horizon only
88095,-90.6435459628,37.8999442087,466296.491396552,1664754.98990487,Candidate lake ledger,EPSG:4326-compatible longitude/latitude; CRS not embedded in Parquet,MO,Southern Appalachians,Southern Appalachians,True,True,True,True,True,True,False,0,False,False,False,neither
88149,-92.791724791,48.5142222559,239448.757197875,2838854.43939788,Candidate lake ledger,EPSG:4326-compatible longitude/latitude; CRS not embedded in Parquet,MN,Upper Midwest,Upper Midwest,True,True,True,True,True,True,False,0,False,False,False,neither
882,-94.8203473772,47.0275535162,90094.1108997666,2671298.82360306,Candidate lake ledger,EPSG:4326-compatible longitude/latitude; CRS not embedded in Parquet,MN,Upper Midwest,Upper Midwest,True,True,True,True,True,True,False,0,False,False,False,neither
88833,-94.2103365893,46.6089253539,137551.00279963,2625682.89889808,Candidate lake ledger,EPSG:4326-compatible longitude/latitude; CRS not embedded in Parquet,MN,Upper Midwest,Upper Midwest,True,True,True,False,True,False,False,0,True,False,False,Multi-horizon only
88845,-93.0246200145,45.0682021063,234015.046701707,2456973.15849854,Candidate lake ledger,EPSG:4326-compatible longitude/latitude; CRS not embedded in Parquet,MN,Upper Midwest,Upper Midwest,True,True,True,True,True,True,True,3,True,False,False,Multi-horizon only
88848,-94.7699019282,46.9755892158,94021.0211035847,2665597.83960506,Candidate lake ledger,EPSG:4326-compatible longitude/latitude; CRS not embedded in Parquet,MN,Upper Midwest,Upper Midwest,True,True,True,True,True,True,False,0,False,False,False,neither
88857,-93.388780635,44.9698182552,205682.117302424,2445187.94800542,Candidate lake ledger,EPSG:4326-compatible longitude/latitude; CRS not embedded in Parquet,MN,Upper Midwest,Upper Midwest,True,True,True,True,True,True,False,0,False,True,False,Direct 60-day 60-day only
88865,-94.1953881234,46.4869664224,138956.408997692,2612192.00580468,Candidate lake ledger,EPSG:4326-compatible longitude/latitude; CRS not embedded in Parquet,MN,Upper Midwest,Upper Midwest,True,True,True,False,True,False,False,0,False,True,False,Direct 60-day 60-day only
88924,-95.9665965219,46.1257654389,2586.32560101521,2570817.36200018,Candidate lake ledger,EPSG:4326-compatible longitude/latitude; CRS not embedded in Parquet,MN,Upper Midwest,Upper Midwest,True,True,True,False,True,False,False,0,False,False,False,neither
88965,-92.876332055,45.1481031268,245381.744000272,2466231.55610535,Candidate lake ledger,EPSG:4326-compatible longitude/latitude; CRS not embedded in Parquet,MN,Upper Midwest,Upper Midwest,True,True,True,True,True,True,False,0,True,False,False,Multi-horizon only
88977,-93.096218536,45.3671684006,227369.722298634,2490034.45170329,Candidate lake ledger,EPSG:4326-compatible longitude/latitude; CRS not embedded in Parquet,MN,Upper Midwest,Upper Midwest,True,True,True,False,True,False,False,0,False,False,False,neither
8903,-94.7452187695,47.4085562434,95275.3492982286,2713499.80390133,Candidate lake ledger,EPSG:4326-compatible longitude/latitude; CRS not embedded in Parquet,MN,Upper Midwest,Upper Midwest,True,True,True,True,True,True,False,0,False,False,False,neither
89214,-95.2930219259,47.3949133857,53693.0189983992,2711562.83709495,Candidate lake ledger,EPSG:4326-compatible longitude/latitude; CRS not embedded in Parquet,MN,Upper Midwest,Upper Midwest,True,True,True,False,True,False,False,0,False,False,False,neither
89901,-95.1790553349,47.4699862917,62276.6043984451,2719927.62289811,Candidate lake ledger,EPSG:4326-compatible longitude/latitude; CRS not embedded in Parquet,MN,Upper Midwest,Upper Midwest,True,True,True,False,True,False,False,0,True,True,True,Shared
89946,-94.9125533838,47.0244435275,83056.2803997404,2670870.7278055,Candidate lake ledger,EPSG:4326-compatible longitude/latitude; CRS not embedded in Parquet,MN,Upper Midwest,Upper Midwest,True,True,True,False,True,False,False,0,False,False,False,neither
89989,-92.9030969854,45.0779786486,243534.133298373,2458365.6617949,Candidate lake ledger,EPSG:4326-compatible longitude/latitude; CRS not embedded in Parquet,MN,Upper Midwest,Upper Midwest,True,True,True,True,True,True,False,0,False,True,False,Direct 60-day 60-day only
902,-93.8002813404,44.1812391621,175308.02719634,2356556.19329999,Candidate lake ledger,EPSG:4326-compatible longitude/latitude; CRS not embedded in Parquet,MN,Upper Midwest,Upper Midwest,True,True,True,False,True,False,False,0,False,False,False,neither
90332,-94.4292674749,38.077793568,136474.043100602,1672671.98120412,Candidate lake ledger,EPSG:4326-compatible longitude/latitude; CRS not embedded in Parquet,MO,Temporate Plains,Temperate Plains,True,True,True,False,True,False,False,0,True,False,False,Multi-horizon only
90357,-91.5265883467,36.2951480981,397948.493702215,1481160.39359462,Candidate lake ledger,EPSG:4326-compatible longitude/latitude; CRS not embedded in Parquet,AR,Southern Appalachians,Southern Appalachians,True,True,True,False,True,False,False,0,False,False,False,neither
90878,-92.9776392322,45.1222913662,237517.524901974,2463104.3069958,Candidate lake ledger,EPSG:4326-compatible longitude/latitude; CRS not embedded in Parquet,MN,Upper Midwest,Upper Midwest,True,True,True,True,True,True,False,0,True,False,False,Multi-horizon only
90901,-94.8761327681,46.9677687037,85912.0300977305,2664631.84570089,Candidate lake ledger,EPSG:4326-compatible longitude/latitude; CRS not embedded in Parquet,MN,Upper Midwest,Upper Midwest,True,True,True,False,True,False,False,0,True,True,True,Shared
915,-96.6271255733,45.408540871,-49081.6504970959,2491321.94559898,Candidate lake ledger,EPSG:4326-compatible longitude/latitude; CRS not embedded in Parquet,SD,Temporate Plains,Temperate Plains,True,True,True,False,True,False,False,0,True,True,True,Shared
91905,-94.0564163908,45.3584363891,152217.955299587,2487146.27029488,Candidate lake ledger,EPSG:4326-compatible longitude/latitude; CRS not embedded in Parquet,MN,Upper Midwest,Upper Midwest,True,True,True,False,True,False,False,0,False,False,False,neither
91948,-92.9696876707,44.8874766709,238975.244699982,2437008.08829581,Candidate lake ledger,EPSG:4326-compatible longitude/latitude; CRS not embedded in Parquet,MN,Upper Midwest,Upper Midwest,True,True,True,True,True,True,True,1,True,True,True,Shared
91950,-93.6727775268,44.8552674805,183629.009203655,2431860.94480089,Candidate lake ledger,EPSG:4326-compatible longitude/latitude; CRS not embedded in Parquet,MN,Upper Midwest,Upper Midwest,True,True,True,False,True,False,False,0,False,False,False,neither
91980,-93.5997690554,44.7939206594,189560.989503275,2425177.08300005,Candidate lake ledger,EPSG:4326-compatible longitude/latitude; CRS not embedded in Parquet,MN,Upper Midwest,Upper Midwest,True,True,True,True,True,True,False,0,False,False,False,neither
92022,-92.7934540947,45.4137172496,250893.40810212,2495968.57990427,Candidate lake ledger,EPSG:4326-compatible longitude/latitude; CRS not embedded in Parquet,MN,Upper Midwest,Upper Midwest,True,True,True,True,True,True,False,0,True,True,True,Shared
92026,-92.896343349,45.0951847769,244002.530403884,2460296.23929933,Candidate lake ledger,EPSG:4326-compatible longitude/latitude; CRS not embedded in Parquet,MN,Upper Midwest,Upper Midwest,True,True,True,True,True,True,False,0,True,False,False,Multi-horizon only
921,-92.4803650461,48.364013188,263289.149497178,2823152.00909859,Candidate lake ledger,EPSG:4326-compatible longitude/latitude; CRS not embedded in Parquet,MN,Upper Midwest,Upper Midwest,True,True,True,False,True,False,False,0,False,False,False,neither
924,-92.7974433862,45.1183145835,251688.227396924,2463125.94210455,Candidate lake ledger,EPSG:4326-compatible longitude/latitude; CRS not embedded in Parquet,MN,Upper Midwest,Upper Midwest,True,True,True,True,True,True,False,0,True,False,False,Multi-horizon only
92987,-94.2069941675,46.6138086445,137797.658800956,2626228.68950329,Candidate lake ledger,EPSG:4326-compatible longitude/latitude; CRS not embedded in Parquet,MN,Upper Midwest,Upper Midwest,True,True,True,False,True,False,False,0,True,True,True,Shared
93011,-95.1338902526,45.8657874461,67322.1936000193,2542267.61309712,Candidate lake ledger,EPSG:4326-compatible longitude/latitude; CRS not embedded in Parquet,MN,Upper Midwest,Upper Midwest,True,True,True,False,True,False,False,0,True,True,True,Shared
93012,-94.1317960318,46.7083709301,143370.205101107,2636813.42210062,Candidate lake ledger,EPSG:4326-compatible longitude/latitude; CRS not embedded in Parquet,MN,Upper Midwest,Upper Midwest,True,True,True,True,True,True,False,0,False,False,False,neither
93023,-95.0314275045,45.8327870427,75323.6466996413,2538680.34580407,Candidate lake ledger,EPSG:4326-compatible longitude/latitude; CRS not embedded in Parquet,MN,Upper Midwest,Upper Midwest,True,True,True,True,True,True,False,0,True,True,True,Shared
93043,-93.7436441719,45.2186724004,177078.398799843,2472150.08189474,Candidate lake ledger,EPSG:4326-compatible longitude/latitude; CRS not embedded in Parquet,MN,Upper Midwest,Upper Midwest,True,True,True,False,True,False,False,0,True,True,True,Shared
93072,-93.9524417825,44.3381449492,162806.672703217,2373769.69740291,Candidate lake ledger,EPSG:4326-compatible longitude/latitude; CRS not embedded in Parquet,MN,Upper Midwest,Upper Midwest,True,True,True,True,True,True,False,0,False,False,False,neither
931,-94.8574906317,46.8614137882,87478.554003562,2652877.27430515,Candidate lake ledger,EPSG:4326-compatible longitude/latitude; CRS not embedded in Parquet,MN,Upper Midwest,Upper Midwest,True,True,True,True,True,True,False,0,False,False,False,neither
93302,-95.8839248305,46.841109755,8890.48900015661,2650108.94899711,Candidate lake ledger,EPSG:4326-compatible longitude/latitude; CRS not embedded in Parquet,MN,Upper Midwest,Upper Midwest,True,True,True,False,True,False,False,0,False,True,False,Direct 60-day 60-day only
93311,-95.3910458136,47.2926714446,46320.9021968747,2700210.41369649,Candidate lake ledger,EPSG:4326-compatible longitude/latitude; CRS not embedded in Parquet,MN,Upper Midwest,Upper Midwest,True,True,True,True,True,True,False,0,True,False,False,Multi-horizon only
93982,-94.8884504148,46.9351271587,85012.7270034956,2661008.35599572,Candidate lake ledger,EPSG:4326-compatible longitude/latitude; CRS not embedded in Parquet,MN,Upper Midwest,Upper Midwest,True,True,True,False,True,False,False,0,False,False,False,neither
93999,-94.4768116673,45.447279018,119138.271597501,2496421.00009901,Candidate lake ledger,EPSG:4326-compatible longitude/latitude; CRS not embedded in Parquet,MN,Upper Midwest,Upper Midwest,True,True,True,True,True,True,True,1,False,False,False,neither
94,-94.7469194349,43.7291590988,100535.890697639,2304771.43129699,Candidate lake ledger,EPSG:4326-compatible longitude/latitude; CRS not embedded in Parquet,MN,Temporate Plains,Temperate Plains,True,True,True,False,True,False,False,0,True,True,True,Shared
94014,-94.8200979966,47.6345295039,89280.1677965032,2738387.22849933,Candidate lake ledger,EPSG:4326-compatible longitude/latitude; CRS not embedded in Parquet,MN,Upper Midwest,Upper Midwest,True,True,True,False,True,False,False,0,False,False,False,neither
94023,-93.3337286239,45.0520293612,209760.735403521,2454452.81070246,Candidate lake ledger,EPSG:4326-compatible longitude/latitude; CRS not embedded in Parquet,MN,Upper Midwest,Upper Midwest,True,True,True,True,True,True,True,1,True,True,True,Shared
94084,-93.1556407963,44.8019717819,224600.048098988,2427040.84719559,Candidate lake ledger,EPSG:4326-compatible longitude/latitude; CRS not embedded in Parquet,MN,Upper Midwest,Upper Midwest,True,True,True,False,True,False,False,0,True,True,True,Shared
94134,-92.8407461968,44.7405716621,249683.682298798,2420993.94119743,Candidate lake ledger,EPSG:4326-compatible longitude/latitude; CRS not embedded in Parquet,MN,Temporate Plains,Temperate Plains,True,True,True,False,True,False,False,0,True,True,True,Shared
94375,-97.0217786108,43.9584901707,-81704.057397705,2330129.63579954,Candidate lake ledger,EPSG:4326-compatible longitude/latitude; CRS not embedded in Parquet,SD,Temporate Plains,Temperate Plains,True,True,True,False,True,False,False,0,True,True,True,Shared
94401,-94.082960233,40.4080098153,161291.909098251,1934315.62449605,Candidate lake ledger,EPSG:4326-compatible longitude/latitude; CRS not embedded in Parquet,MO,Temporate Plains,Temperate Plains,True,True,True,False,True,False,False,0,True,False,False,Multi-horizon only
94414,-94.3907395983,38.8292930015,138394.947401769,1756948.44530048,Candidate lake ledger,EPSG:4326-compatible longitude/latitude; CRS not embedded in Parquet,MO,Temporate Plains,Temperate Plains,True,True,True,True,True,True,False,0,False,False,False,neither
946,-88.4269609794,43.1257345622,612329.391599609,2261157.59740548,Candidate lake ledger,EPSG:4326-compatible longitude/latitude; CRS not embedded in Parquet,WI,Temporate Plains,Temperate Plains,True,True,True,True,True,True,False,0,False,False,False,neither
94983,-93.3003330076,45.1402659665,212108.503201317,2464339.58520154,Candidate lake ledger,EPSG:4326-compatible longitude/latitude; CRS not embedded in Parquet,MN,Upper Midwest,Upper Midwest,True,True,True,True,True,True,False,0,False,False,False,neither
94984,-94.7549371048,46.9890039468,95145.3247024128,2667097.15969743,Candidate lake ledger,EPSG:4326-compatible longitude/latitude; CRS not embedded in Parquet,MN,Upper Midwest,Upper Midwest,True,True,True,False,True,False,False,0,False,False,False,neither
95,-95.7935906571,45.5221927546,16127.1847975165,2503810.07499797,Candidate lake ledger,EPSG:4326-compatible longitude/latitude; CRS not embedded in Parquet,MN,Temporate Plains,Temperate Plains,True,True,True,False,True,False,False,0,True,True,True,Shared
95004,-93.1029866729,44.8630228487,228549.369103085,2433959.56019516,Candidate lake ledger,EPSG:4326-compatible longitude/latitude; CRS not embedded in Parquet,MN,Upper Midwest,Upper Midwest,True,True,True,True,True,True,False,0,True,False,False,Multi-horizon only
95043,-94.8331522406,46.8875927777,89306.3966025861,2655797.8192996,Candidate lake ledger,EPSG:4326-compatible longitude/latitude; CRS not embedded in Parquet,MN,Upper Midwest,Upper Midwest,True,True,True,True,True,True,False,0,False,False,False,neither
95174,-93.4314476235,43.5906034926,206476.20409823,2291438.02689684,Candidate lake ledger,EPSG:4326-compatible longitude/latitude; CRS not embedded in Parquet,MN,Temporate Plains,Temperate Plains,True,True,True,False,True,False,False,0,True,True,True,Shared
953,-96.0445961315,44.3829076735,-3543.88770157478,2377004.7370001,Candidate lake ledger,EPSG:4326-compatible longitude/latitude; CRS not embedded in Parquet,MN,Temporate Plains,Temperate Plains,True,True,True,False,True,False,False,0,True,True,True,Shared
955,-92.808596944,45.135138937,250749.16100047,2464967.01699556,Candidate lake ledger,EPSG:4326-compatible longitude/latitude; CRS not embedded in Parquet,MN,Upper Midwest,Upper Midwest,True,True,True,True,True,True,False,0,False,False,False,neither
960,-95.2486173156,45.8521897943,58416.6648994746,2540681.93780514,Candidate lake ledger,EPSG:4326-compatible longitude/latitude; CRS not embedded in Parquet,MN,Upper Midwest,Upper Midwest,True,True,True,True,True,True,True,2,True,False,False,Multi-horizon only
96013,-93.6854152939,47.1442922102,176445.312799333,2685803.07739734,Candidate lake ledger,EPSG:4326-compatible longitude/latitude; CRS not embedded in Parquet,MN,Upper Midwest,Upper Midwest,True,True,True,True,True,True,False,0,False,False,False,neither
96015,-93.5014339996,45.1098694055,196401.001902618,2460527.15559574,Candidate lake ledger,EPSG:4326-compatible longitude/latitude; CRS not embedded in Parquet,MN,Upper Midwest,Upper Midwest,True,True,True,True,True,True,True,1,True,True,True,Shared
96055,-93.7249575336,45.0704173721,178939.41199781,2455697.91640204,Candidate lake ledger,EPSG:4326-compatible longitude/latitude; CRS not embedded in Parquet,MN,Upper Midwest,Upper Midwest,True,True,True,False,True,False,False,0,False,False,False,neither
96068,-93.6756133664,44.9445237019,183162.330201444,2441787.06999558,Candidate lake ledger,EPSG:4326-compatible longitude/latitude; CRS not embedded in Parquet,MN,Upper Midwest,Upper Midwest,True,True,True,False,True,False,False,0,True,False,False,Multi-horizon only
96122,-92.8398037725,45.1911642828,248090.945499283,2471113.60199908,Candidate lake ledger,EPSG:4326-compatible longitude/latitude; CRS not embedded in Parquet,MN,Upper Midwest,Upper Midwest,True,True,True,True,True,True,False,0,True,False,False,Multi-horizon only
96130,-92.8181672861,45.0430189499,250340.57659618,2454698.7756967,Candidate lake ledger,EPSG:4326-compatible longitude/latitude; CRS not embedded in Parquet,MN,Upper Midwest,Upper Midwest,True,True,True,False,True,False,False,0,False,False,False,neither
96156,-93.6656213021,44.2288161748,185907.49089998,2362114.07549659,Candidate lake ledger,EPSG:4326-compatible longitude/latitude; CRS not embedded in Parquet,MN,Upper Midwest,Upper Midwest,True,True,True,False,True,False,False,0,False,False,False,neither
9629,-95.4280548067,47.5856067696,43310.9955991775,2732560.73240407,Candidate lake ledger,EPSG:4326-compatible longitude/latitude; CRS not embedded in Parquet,MN,Upper Midwest,Upper Midwest,True,True,True,True,True,True,False,0,False,False,False,neither
9632,-96.0324473098,46.3049892174,-2505.50470377201,2590697.80470423,Candidate lake ledger,EPSG:4326-compatible longitude/latitude; CRS not embedded in Parquet,MN,Upper Midwest,Upper Midwest,True,True,True,False,True,False,False,0,True,True,True,Shared
9643,-96.186503285,46.5988846857,-14337.4004993634,2623289.26830466,Candidate lake ledger,EPSG:4326-compatible longitude/latitude; CRS not embedded in Parquet,MN,Upper Midwest,Upper Midwest,True,True,True,False,True,False,False,0,False,False,False,neither
97068,-94.7324516159,45.6231834195,98883.6172017926,2515674.17659992,Candidate lake ledger,EPSG:4326-compatible longitude/latitude; CRS not embedded in Parquet,MN,Upper Midwest,Upper Midwest,True,True,True,False,True,False,False,0,True,False,False,Multi-horizon only
97084,-93.1017734178,45.052346912,228002.592302402,2455022.37009502,Candidate lake ledger,EPSG:4326-compatible longitude/latitude; CRS not embedded in Parquet,MN,Upper Midwest,Upper Midwest,True,True,True,True,True,True,True,3,True,False,False,Multi-horizon only
971,-93.8384776768,44.8875231571,170475.157400885,2435141.65740451,Candidate lake ledger,EPSG:4326-compatible longitude/latitude; CRS not embedded in Parquet,MN,Upper Midwest,Upper Midwest,True,True,True,True,True,True,True,3,True,True,True,Shared
97105,-93.1604877381,44.8089378448,224194.263097278,2427804.57369685,Candidate lake ledger,EPSG:4326-compatible longitude/latitude; CRS not embedded in Parquet,MN,Upper Midwest,Upper Midwest,True,True,True,True,True,True,False,0,True,False,False,Multi-horizon only
972,-95.6677845596,46.237487871,25679.0115037512,2583255.8532,Candidate lake ledger,EPSG:4326-compatible longitude/latitude; CRS not embedded in Parquet,MN,Upper Midwest,Upper Midwest,True,True,True,False,True,False,False,0,False,False,False,neither
97244,-95.206831043,43.785950211,63584.9521020101,2310709.99930059,Candidate lake ledger,EPSG:4326-compatible longitude/latitude; CRS not embedded in Parquet,MN,Temporate Plains,Temperate Plains,True,True,True,False,True,False,False,0,True,True,True,Shared
973,-93.0865417988,45.4141152657,227967.20470333,2495274.38579627,Candidate lake ledger,EPSG:4326-compatible longitude/latitude; CRS not embedded in Parquet,MN,Upper Midwest,Upper Midwest,True,True,True,True,True,True,True,4,True,True,True,Shared
97379,-95.6346651672,46.4510989993,28147.9490978925,2606951.08260195,Candidate lake ledger,EPSG:4326-compatible longitude/latitude; CRS not embedded in Parquet,MN,Upper Midwest,Upper Midwest,True,True,True,False,True,False,False,0,True,True,True,Shared
975,-95.8086064243,45.8702225602,14876.112501239,2542468.25799741,Candidate lake ledger,EPSG:4326-compatible longitude/latitude; CRS not embedded in Parquet,MN,Temporate Plains,Temperate Plains,True,True,True,False,True,False,False,0,True,True,True,Shared
97859,-86.1287434064,44.7080156785,779267.144797702,2453726.61600498,Candidate lake ledger,EPSG:4326-compatible longitude/latitude; CRS not embedded in Parquet,MI,Upper Midwest,Upper Midwest,True,True,True,True,True,True,False,0,True,False,False,Multi-horizon only
98189,-92.8914571125,45.1027972919,244358.841000342,2461155.24909635,Candidate lake ledger,EPSG:4326-compatible longitude/latitude; CRS not embedded in Parquet,MN,Upper Midwest,Upper Midwest,True,True,True,True,True,True,False,0,True,False,False,Multi-horizon only
98344,-89.8985733535,39.4377447085,520006.551499504,1840670.10289702,Candidate lake ledger,EPSG:4326-compatible longitude/latitude; CRS not embedded in Parquet,IL,Temporate Plains,Temperate Plains,True,True,True,False,True,False,False,0,True,True,True,Shared
98382,-95.6332548721,47.62257706,27756.4036031459,2736566.70890003,Candidate lake ledger,EPSG:4326-compatible longitude/latitude; CRS not embedded in Parquet,MN,Upper Midwest,Upper Midwest,True,True,True,True,True,True,False,0,True,False,False,Multi-horizon only
98420,-95.7713244929,46.3592253607,17643.2948035376,2596732.73269983,Candidate lake ledger,EPSG:4326-compatible longitude/latitude; CRS not embedded in Parquet,MN,Upper Midwest,Upper Midwest,True,True,True,True,True,True,False,0,True,False,False,Multi-horizon only
98425,-93.7113399257,47.6242805502,173192.017998598,2738786.83039607,Candidate lake ledger,EPSG:4326-compatible longitude/latitude; CRS not embedded in Parquet,MN,Upper Midwest,Upper Midwest,True,True,True,False,True,False,False,0,False,False,False,neither
98436,-92.6351579867,47.6489011189,254506.16110226,2743925.99980204,Candidate lake ledger,EPSG:4326-compatible longitude/latitude; CRS not embedded in Parquet,MN,Upper Midwest,Upper Midwest,True,True,True,False,True,False,False,0,False,False,False,neither
9883,-93.1616889383,44.8442405086,223982.092697807,2431729.9752987,Candidate lake ledger,EPSG:4326-compatible longitude/latitude; CRS not embedded in Parquet,MN,Upper Midwest,Upper Midwest,True,True,True,True,True,True,False,0,True,False,False,Multi-horizon only
990,-95.8811439534,46.8031771235,9108.73610224107,2645909.22080328,Candidate lake ledger,EPSG:4326-compatible longitude/latitude; CRS not embedded in Parquet,MN,Upper Midwest,Upper Midwest,True,True,True,True,True,True,True,1,True,True,True,Shared
99111,-94.9655046244,47.0013783772,79039.9518006983,2668273.45770289,Candidate lake ledger,EPSG:4326-compatible longitude/latitude; CRS not embedded in Parquet,MN,Upper Midwest,Upper Midwest,True,True,True,True,True,True,False,0,False,False,False,neither
9914,-94.8745465981,46.8377797845,86203.6775989402,2650245.28689943,Candidate lake ledger,EPSG:4326-compatible longitude/latitude; CRS not embedded in Parquet,MN,Upper Midwest,Upper Midwest,True,True,True,True,True,True,False,0,True,False,False,Multi-horizon only
99169,-93.4008852098,44.8539817017,205081.460903442,2432273.92100179,Candidate lake ledger,EPSG:4326-compatible longitude/latitude; CRS not embedded in Parquet,MN,Upper Midwest,Upper Midwest,True,True,True,False,True,False,False,0,False,False,False,neither
99205,-92.8670120173,45.1776385098,246005.330696612,2469539.2367033,Candidate lake ledger,EPSG:4326-compatible longitude/latitude; CRS not embedded in Parquet,MN,Upper Midwest,Upper Midwest,True,True,True,False,True,False,False,0,True,True,True,Shared
99307,-90.9199179639,39.0217803563,435542.576598765,1788995.22759539,Candidate lake ledger,EPSG:4326-compatible longitude/latitude; CRS not embedded in Parquet,MO,Temporate Plains,Temperate Plains,True,True,True,True,True,True,False,0,False,False,False,neither
99424,-95.7038161564,46.6110050808,22764.8626030197,2624653.58110107,Candidate lake ledger,EPSG:4326-compatible longitude/latitude; CRS not embedded in Parquet,MN,Upper Midwest,Upper Midwest,True,True,True,True,True,True,False,0,False,False,False,neither
99428,-95.6558412317,46.6276729724,26445.5405985122,2626512.66719765,Candidate lake ledger,EPSG:4326-compatible longitude/latitude; CRS not embedded in Parquet,MN,Upper Midwest,Upper Midwest,True,True,True,False,True,False,False,0,False,False,False,neither
99430,-95.8962932564,46.7915358129,7949.15059625454,2644618.80660515,Candidate lake ledger,EPSG:4326-compatible longitude/latitude; CRS not embedded in Parquet,MN,Upper Midwest,Upper Midwest,True,True,True,True,True,True,False,0,False,False,False,neither
99482,-96.0507688132,41.3402794525,-4215.99820341066,2037088.88619945,Candidate lake ledger,EPSG:4326-compatible longitude/latitude; CRS not embedded in Parquet,NE,Temporate Plains,Temperate Plains,True,True,True,False,True,False,False,0,True,True,True,Shared
9954,-94.0824050611,47.0956389223,146295.128303209,2679748.46009639,Candidate lake ledger,EPSG:4326-compatible longitude/latitude; CRS not embedded in Parquet,MN,Upper Midwest,Upper Midwest,True,True,True,True,True,True,False,0,False,False,False,neither
996,-94.4128019921,47.1598849778,120972.739096438,2686389.12519479,Candidate lake ledger,EPSG:4326-compatible longitude/latitude; CRS not embedded in Parquet,MN,Upper Midwest,Upper Midwest,True,True,True,False,True,False,False,0,False,False,False,neither
9972,-93.1816343104,45.0291802283,221798.263203254,2452256.8450968,Candidate lake ledger,EPSG:4326-compatible longitude/latitude; CRS not embedded in Parquet,MN,Upper Midwest,Upper Midwest,True,True,True,False,True,False,False,0,False,False,False,neither
